{
                    "app": "Crmeb",
                    "timestamp":"2026-07-24 09:02:47.068",
                    "level": "DEBUG",
                    "thread": "main",
                    "class": "o.s.b.c.l.ClasspathLoggingApplicationListener",
                    "message": "Application started with classpath: [file:/D:/sofewore/java/jdk/jre/lib/charsets.jar, file:/D:/sofewore/java/jdk/jre/lib/deploy.jar, file:/D:/sofewore/java/jdk/jre/lib/ext/access-bridge-64.jar, file:/D:/sofewore/java/jdk/jre/lib/ext/cldrdata.jar, file:/D:/sofewore/java/jdk/jre/lib/ext/dnsns.jar, file:/D:/sofewore/java/jdk/jre/lib/ext/jaccess.jar, file:/D:/sofewore/java/jdk/jre/lib/ext/jfxrt.jar, file:/D:/sofewore/java/jdk/jre/lib/ext/localedata.jar, file:/D:/sofewore/java/jdk/jre/lib/ext/nashorn.jar, file:/D:/sofewore/java/jdk/jre/lib/ext/sunec.jar, file:/D:/sofewore/java/jdk/jre/lib/ext/sunjce_provider.jar, file:/D:/sofewore/java/jdk/jre/lib/ext/sunmscapi.jar, file:/D:/sofewore/java/jdk/jre/lib/ext/sunpkcs11.jar, file:/D:/sofewore/java/jdk/jre/lib/ext/zipfs.jar, file:/D:/sofewore/java/jdk/jre/lib/javaws.jar, file:/D:/sofewore/java/jdk/jre/lib/jce.jar, file:/D:/sofewore/java/jdk/jre/lib/jfr.jar, file:/D:/sofewore/java/jdk/jre/lib/jfxswt.jar, file:/D:/sofewore/java/jdk/jre/lib/jsse.jar, file:/D:/sofewore/java/jdk/jre/lib/management-agent.jar, file:/D:/sofewore/java/jdk/jre/lib/plugin.jar, file:/D:/sofewore/java/jdk/jre/lib/resources.jar, file:/D:/sofewore/java/jdk/jre/lib/rt.jar, file:/F:/newWorkSpace/cream-jzk/crmeb/crmeb-front/target/classes/, file:/F:/newWorkSpace/cream-jzk/crmeb/crmeb-service/target/classes/, file:/F:/newWorkSpace/cream-jzk/crmeb/crmeb-common/target/classes/, file:/D:/sofewore/Maven/maven-3.1.1/lib/javax/servlet/javax.servlet-api/4.0.1/javax.servlet-api-4.0.1.jar, file:/D:/sofewore/Maven/maven-3.1.1/lib/javax/servlet/jstl/1.2/jstl-1.2.jar, file:/D:/sofewore/Maven/maven-3.1.1/lib/org/apache/tomcat/embed/tomcat-embed-jasper/9.0.33/tomcat-embed-jasper-9.0.33.jar, file:/D:/sofewore/Maven/maven-3.1.1/lib/org/apache/tomcat/embed/tomcat-embed-core/9.0.33/tomcat-embed-core-9.0.33.jar, file:/D:/sofewore/Maven/maven-3.1.1/lib/org/apache/tomcat/tomcat-annotations-api/9.0.33/tomcat-annotations-api-9.0.33.jar, file:/D:/sofewore/Maven/maven-3.1.1/lib/org/apache/tomcat/embed/tomcat-embed-el/9.0.33/tomcat-embed-el-9.0.33.jar, file:/D:/sofewore/Maven/maven-3.1.1/lib/org/eclipse/jdt/ecj/3.18.0/ecj-3.18.0.jar, file:/D:/sofewore/Maven/maven-3.1.1/lib/org/apache/tomcat/tomcat-jsp-api/9.0.33/tomcat-jsp-api-9.0.33.jar, file:/D:/sofewore/Maven/maven-3.1.1/lib/org/apache/tomcat/tomcat-el-api/9.0.33/tomcat-el-api-9.0.33.jar, file:/D:/sofewore/Maven/maven-3.1.1/lib/org/apache/tomcat/tomcat-servlet-api/9.0.33/tomcat-servlet-api-9.0.33.jar, file:/D:/sofewore/Maven/maven-3.1.1/lib/com/alibaba/fastjson/1.2.83/fastjson-1.2.83.jar, file:/D:/sofewore/Maven/maven-3.1.1/lib/com/alibaba/druid/1.1.20/druid-1.1.20.jar, file:/D:/sofewore/Maven/maven-3.1.1/lib/mysql/mysql-connector-java/5.1.24/mysql-connector-java-5.1.24.jar, file:/D:/sofewore/Maven/maven-3.1.1/lib/org/projectlombok/lombok/1.18.12/lombok-1.18.12.jar, file:/D:/sofewore/Maven/maven-3.1.1/lib/com/baomidou/mybatis-plus-boot-starter/3.3.1/mybatis-plus-boot-starter-3.3.1.jar, file:/D:/sofewore/Maven/maven-3.1.1/lib/org/springframework/boot/spring-boot-starter-jdbc/2.2.6.RELEASE/spring-boot-starter-jdbc-2.2.6.RELEASE.jar, file:/D:/sofewore/Maven/maven-3.1.1/lib/com/zaxxer/HikariCP/3.4.2/HikariCP-3.4.2.jar, file:/D:/sofewore/Maven/maven-3.1.1/lib/org/springframework/spring-jdbc/5.2.5.RELEASE/spring-jdbc-5.2.5.RELEASE.jar, file:/D:/sofewore/Maven/maven-3.1.1/lib/org/springframework/boot/spring-boot-test/2.2.6.RELEASE/spring-boot-test-2.2.6.RELEASE.jar, file:/D:/sofewore/Maven/maven-3.1.1/lib/org/springframework/boot/spring-boot/2.2.6.RELEASE/spring-boot-2.2.6.RELEASE.jar, file:/D:/sofewore/Maven/maven-3.1.1/lib/org/springframework/spring-context/5.2.5.RELEASE/spring-context-5.2.5.RELEASE.jar, file:/D:/sofewore/Maven/maven-3.1.1/lib/org/springframework/spring-test/5.2.5.RELEASE/spring-test-5.2.5.RELEASE.jar, file:/D:/sofewore/Maven/maven-3.1.1/lib/org/springframework/spring-core/5.2.5.RELEASE/spring-core-5.2.5.RELEASE.jar, file:/D:/sofewore/Maven/maven-3.1.1/lib/org/springframework/spring-jcl/5.2.5.RELEASE/spring-jcl-5.2.5.RELEASE.jar, file:/D:/sofewore/Maven/maven-3.1.1/lib/com/baomidou/mybatis-plus/3.3.1/mybatis-plus-3.3.1.jar, file:/D:/sofewore/Maven/maven-3.1.1/lib/com/baomidou/mybatis-plus-extension/3.3.1/mybatis-plus-extension-3.3.1.jar, file:/D:/sofewore/Maven/maven-3.1.1/lib/com/baomidou/mybatis-plus-core/3.3.1/mybatis-plus-core-3.3.1.jar, file:/D:/sofewore/Maven/maven-3.1.1/lib/com/baomidou/mybatis-plus-annotation/3.3.1/mybatis-plus-annotation-3.3.1.jar, file:/D:/sofewore/Maven/maven-3.1.1/lib/org/mybatis/mybatis/3.5.3/mybatis-3.5.3.jar, file:/D:/sofewore/Maven/maven-3.1.1/lib/org/mybatis/mybatis-spring/2.0.3/mybatis-spring-2.0.3.jar, file:/D:/sofewore/Maven/maven-3.1.1/lib/com/baomidou/mybatis-plus-generator/3.3.1/mybatis-plus-generator-3.3.1.jar, file:/D:/sofewore/Maven/maven-3.1.1/lib/io/swagger/swagger-annotations/1.5.21/swagger-annotations-1.5.21.jar, file:/D:/sofewore/Maven/maven-3.1.1/lib/io/springfox/springfox-swagger2/2.9.2/springfox-swagger2-2.9.2.jar, file:/D:/sofewore/Maven/maven-3.1.1/lib/io/springfox/springfox-spi/2.9.2/springfox-spi-2.9.2.jar, file:/D:/sofewore/Maven/maven-3.1.1/lib/io/springfox/springfox-core/2.9.2/springfox-core-2.9.2.jar, file:/D:/sofewore/Maven/maven-3.1.1/lib/net/bytebuddy/byte-buddy/1.10.8/byte-buddy-1.10.8.jar, file:/D:/sofewore/Maven/maven-3.1.1/lib/io/springfox/springfox-schema/2.9.2/springfox-schema-2.9.2.jar, file:/D:/sofewore/Maven/maven-3.1.1/lib/io/springfox/springfox-swagger-common/2.9.2/springfox-swagger-common-2.9.2.jar, file:/D:/sofewore/Maven/maven-3.1.1/lib/io/springfox/springfox-spring-web/2.9.2/springfox-spring-web-2.9.2.jar, file:/D:/sofewore/Maven/maven-3.1.1/lib/com/google/guava/guava/20.0/guava-20.0.jar, file:/D:/sofewore/Maven/maven-3.1.1/lib/com/fasterxml/classmate/1.5.1/classmate-1.5.1.jar, file:/D:/sofewore/Maven/maven-3.1.1/lib/org/springframework/plugin/spring-plugin-core/1.2.0.RELEASE/spring-plugin-core-1.2.0.RELEASE.jar, file:/D:/sofewore/Maven/maven-3.1.1/lib/org/springframework/plugin/spring-plugin-metadata/1.2.0.RELEASE/spring-plugin-metadata-1.2.0.RELEASE.jar, file:/D:/sofewore/Maven/maven-3.1.1/lib/org/mapstruct/mapstruct/1.2.0.Final/mapstruct-1.2.0.Final.jar, file:/D:/sofewore/Maven/maven-3.1.1/lib/io/swagger/swagger-models/1.5.21/swagger-models-1.5.21.jar, file:/D:/sofewore/Maven/maven-3.1.1/lib/com/fasterxml/jackson/core/jackson-annotations/2.10.3/jackson-annotations-2.10.3.jar, file:/D:/sofewore/Maven/maven-3.1.1/lib/com/github/xiaoymin/swagger-bootstrap-ui/1.9.3/swagger-bootstrap-ui-1.9.3.jar, file:/D:/sofewore/Maven/maven-3.1.1/lib/org/springframework/boot/spring-boot-autoconfigure/2.2.6.RELEASE/spring-boot-autoconfigure-2.2.6.RELEASE.jar, file:/D:/sofewore/Maven/maven-3.1.1/lib/ch/qos/logback/logback-classic/1.2.3/logback-classic-1.2.3.jar, file:/D:/sofewore/Maven/maven-3.1.1/lib/ch/qos/logback/logback-core/1.2.3/logback-core-1.2.3.jar, file:/D:/sofewore/Maven/maven-3.1.1/lib/net/logstash/logback/logstash-logback-encoder/5.3/logstash-logback-encoder-5.3.jar, file:/D:/sofewore/Maven/maven-3.1.1/lib/com/fasterxml/jackson/core/jackson-databind/2.10.3/jackson-databind-2.10.3.jar, file:/D:/sofewore/Maven/maven-3.1.1/lib/com/fasterxml/jackson/core/jackson-core/2.10.3/jackson-core-2.10.3.jar, file:/D:/sofewore/Maven/maven-3.1.1/lib/org/springframework/boot/spring-boot-starter-web/2.2.6.RELEASE/spring-boot-starter-web-2.2.6.RELEASE.jar, file:/D:/sofewore/Maven/maven-3.1.1/lib/org/springframework/boot/spring-boot-starter/2.2.6.RELEASE/spring-boot-starter-2.2.6.RELEASE.jar, file:/D:/sofewore/Maven/maven-3.1.1/lib/org/springframework/boot/spring-boot-starter-logging/2.2.6.RELEASE/spring-boot-starter-logging-2.2.6.RELEASE.jar, file:/D:/sofewore/Maven/maven-3.1.1/lib/org/apache/logging/log4j/log4j-to-slf4j/2.12.1/log4j-to-slf4j-2.12.1.jar, file:/D:/sofewore/Maven/maven-3.1.1/lib/org/apache/logging/log4j/log4j-api/2.12.1/log4j-api-2.12.1.jar, file:/D:/sofewore/Maven/maven-3.1.1/lib/org/slf4j/jul-to-slf4j/1.7.30/jul-to-slf4j-1.7.30.jar, file:/D:/sofewore/Maven/maven-3.1.1/lib/jakarta/annotation/jakarta.annotation-api/1.3.5/jakarta.annotation-api-1.3.5.jar, file:/D:/sofewore/Maven/maven-3.1.1/lib/org/yaml/snakeyaml/1.25/snakeyaml-1.25.jar, file:/D:/sofewore/Maven/maven-3.1.1/lib/org/springframework/boot/spring-boot-starter-json/2.2.6.RELEASE/spring-boot-starter-json-2.2.6.RELEASE.jar, file:/D:/sofewore/Maven/maven-3.1.1/lib/com/fasterxml/jackson/datatype/jackson-datatype-jdk8/2.10.3/jackson-datatype-jdk8-2.10.3.jar, file:/D:/sofewore/Maven/maven-3.1.1/lib/com/fasterxml/jackson/datatype/jackson-datatype-jsr310/2.10.3/jackson-datatype-jsr310-2.10.3.jar, file:/D:/sofewore/Maven/maven-3.1.1/lib/com/fasterxml/jackson/module/jackson-module-parameter-names/2.10.3/jackson-module-parameter-names-2.10.3.jar, file:/D:/sofewore/Maven/maven-3.1.1/lib/org/springframework/boot/spring-boot-starter-tomcat/2.2.6.RELEASE/spring-boot-starter-tomcat-2.2.6.RELEASE.jar, file:/D:/sofewore/Maven/maven-3.1.1/lib/org/apache/tomcat/embed/tomcat-embed-websocket/9.0.33/tomcat-embed-websocket-9.0.33.jar, file:/D:/sofewore/Maven/maven-3.1.1/lib/org/springframework/boot/spring-boot-starter-validation/2.2.6.RELEASE/spring-boot-starter-validation-2.2.6.RELEASE.jar, file:/D:/sofewore/Maven/maven-3.1.1/lib/jakarta/validation/jakarta.validation-api/2.0.2/jakarta.validation-api-2.0.2.jar, file:/D:/sofewore/Maven/maven-3.1.1/lib/org/hibernate/validator/hibernate-validator/6.0.18.Final/hibernate-validator-6.0.18.Final.jar, file:/D:/sofewore/Maven/maven-3.1.1/lib/org/jboss/logging/jboss-logging/3.4.1.Final/jboss-logging-3.4.1.Final.jar, file:/D:/sofewore/Maven/maven-3.1.1/lib/org/springframework/spring-web/5.2.5.RELEASE/spring-web-5.2.5.RELEASE.jar, file:/D:/sofewore/Maven/maven-3.1.1/lib/org/springframework/spring-webmvc/5.2.5.RELEASE/spring-webmvc-5.2.5.RELEASE.jar, file:/D:/sofewore/Maven/maven-3.1.1/lib/org/springframework/spring-expression/5.2.5.RELEASE/spring-expression-5.2.5.RELEASE.jar, file:/D:/sofewore/Maven/maven-3.1.1/lib/org/springframework/boot/spring-boot-starter-data-redis/2.2.0.RELEASE/spring-boot-starter-data-redis-2.2.0.RELEASE.jar, file:/D:/sofewore/Maven/maven-3.1.1/lib/org/springframework/data/spring-data-redis/2.2.6.RELEASE/spring-data-redis-2.2.6.RELEASE.jar, file:/D:/sofewore/Maven/maven-3.1.1/lib/org/springframework/data/spring-data-keyvalue/2.2.6.RELEASE/spring-data-keyvalue-2.2.6.RELEASE.jar, file:/D:/sofewore/Maven/maven-3.1.1/lib/org/springframework/spring-tx/5.2.5.RELEASE/spring-tx-5.2.5.RELEASE.jar, file:/D:/sofewore/Maven/maven-3.1.1/lib/org/springframework/spring-oxm/5.2.5.RELEASE/spring-oxm-5.2.5.RELEASE.jar, file:/D:/sofewore/Maven/maven-3.1.1/lib/org/springframework/spring-context-support/5.2.5.RELEASE/spring-context-support-5.2.5.RELEASE.jar, file:/D:/sofewore/Maven/maven-3.1.1/lib/io/lettuce/lettuce-core/5.2.2.RELEASE/lettuce-core-5.2.2.RELEASE.jar, file:/D:/sofewore/Maven/maven-3.1.1/lib/io/netty/netty-common/4.1.48.Final/netty-common-4.1.48.Final.jar, file:/D:/sofewore/Maven/maven-3.1.1/lib/io/netty/netty-handler/4.1.48.Final/netty-handler-4.1.48.Final.jar, file:/D:/sofewore/Maven/maven-3.1.1/lib/io/netty/netty-resolver/4.1.48.Final/netty-resolver-4.1.48.Final.jar, file:/D:/sofewore/Maven/maven-3.1.1/lib/io/netty/netty-buffer/4.1.48.Final/netty-buffer-4.1.48.Final.jar, file:/D:/sofewore/Maven/maven-3.1.1/lib/io/netty/netty-codec/4.1.48.Final/netty-codec-4.1.48.Final.jar, file:/D:/sofewore/Maven/maven-3.1.1/lib/io/netty/netty-transport/4.1.48.Final/netty-transport-4.1.48.Final.jar, file:/D:/sofewore/Maven/maven-3.1.1/lib/io/projectreactor/reactor-core/3.3.4.RELEASE/reactor-core-3.3.4.RELEASE.jar, file:/D:/sofewore/Maven/maven-3.1.1/lib/org/reactivestreams/reactive-streams/1.0.3/reactive-streams-1.0.3.jar, file:/D:/sofewore/Maven/maven-3.1.1/lib/redis/clients/jedis/3.1.0/jedis-3.1.0.jar, file:/D:/sofewore/Maven/maven-3.1.1/lib/org/apache/commons/commons-pool2/2.7.0/commons-pool2-2.7.0.jar, file:/D:/sofewore/Maven/maven-3.1.1/lib/com/github/pagehelper/pagehelper-spring-boot-starter/1.2.5/pagehelper-spring-boot-starter-1.2.5.jar, file:/D:/sofewore/Maven/maven-3.1.1/lib/org/mybatis/spring/boot/mybatis-spring-boot-starter/1.3.2/mybatis-spring-boot-starter-1.3.2.jar, file:/D:/sofewore/Maven/maven-3.1.1/lib/org/mybatis/spring/boot/mybatis-spring-boot-autoconfigure/1.3.2/mybatis-spring-boot-autoconfigure-1.3.2.jar, file:/D:/sofewore/Maven/maven-3.1.1/lib/com/github/pagehelper/pagehelper-spring-boot-autoconfigure/1.2.5/pagehelper-spring-boot-autoconfigure-1.2.5.jar, file:/D:/sofewore/Maven/maven-3.1.1/lib/com/github/pagehelper/pagehelper/5.1.4/pagehelper-5.1.4.jar, file:/D:/sofewore/Maven/maven-3.1.1/lib/com/github/jsqlparser/jsqlparser/1.0/jsqlparser-1.0.jar, file:/D:/sofewore/Maven/maven-3.1.1/lib/javax/validation/validation-api/1.1.0.Final/validation-api-1.1.0.Final.jar, file:/D:/sofewore/Maven/maven-3.1.1/lib/org/springframework/data/spring-data-commons/2.2.6.RELEASE/spring-data-commons-2.2.6.RELEASE.jar, file:/D:/sofewore/Maven/maven-3.1.1/lib/org/springframework/spring-beans/5.2.5.RELEASE/spring-beans-5.2.5.RELEASE.jar, file:/D:/sofewore/Maven/maven-3.1.1/lib/cn/hutool/hutool-all/4.5.7/hutool-all-4.5.7.jar, file:/D:/sofewore/Maven/maven-3.1.1/lib/org/springframework/boot/spring-boot-starter-actuator/2.2.6.RELEASE/spring-boot-starter-actuator-2.2.6.RELEASE.jar, file:/D:/sofewore/Maven/maven-3.1.1/lib/org/springframework/boot/spring-boot-actuator-autoconfigure/2.2.6.RELEASE/spring-boot-actuator-autoconfigure-2.2.6.RELEASE.jar, file:/D:/sofewore/Maven/maven-3.1.1/lib/org/springframework/boot/spring-boot-actuator/2.2.6.RELEASE/spring-boot-actuator-2.2.6.RELEASE.jar, file:/D:/sofewore/Maven/maven-3.1.1/lib/io/micrometer/micrometer-core/1.3.6/micrometer-core-1.3.6.jar, file:/D:/sofewore/Maven/maven-3.1.1/lib/org/hdrhistogram/HdrHistogram/2.1.11/HdrHistogram-2.1.11.jar, file:/D:/sofewore/Maven/maven-3.1.1/lib/org/latencyutils/LatencyUtils/2.0.3/LatencyUtils-2.0.3.jar, file:/D:/sofewore/Maven/maven-3.1.1/lib/org/apache/httpcomponents/httpclient/4.5.6/httpclient-4.5.6.jar, file:/D:/sofewore/Maven/maven-3.1.1/lib/org/apache/httpcomponents/httpcore/4.4.13/httpcore-4.4.13.jar, file:/D:/sofewore/Maven/maven-3.1.1/lib/commons-logging/commons-logging/1.2/commons-logging-1.2.jar, file:/D:/sofewore/Maven/maven-3.1.1/lib/commons-codec/commons-codec/1.13/commons-codec-1.13.jar, file:/D:/sofewore/Maven/maven-3.1.1/lib/org/springframework/boot/spring-boot-starter-aop/2.2.6.RELEASE/spring-boot-starter-aop-2.2.6.RELEASE.jar, file:/D:/sofewore/Maven/maven-3.1.1/lib/org/springframework/spring-aop/5.2.5.RELEASE/spring-aop-5.2.5.RELEASE.jar, file:/D:/sofewore/Maven/maven-3.1.1/lib/org/aspectj/aspectjweaver/1.9.5/aspectjweaver-1.9.5.jar, file:/D:/sofewore/Maven/maven-3.1.1/lib/org/apache/commons/commons-lang3/3.5/commons-lang3-3.5.jar, file:/D:/sofewore/Maven/maven-3.1.1/lib/org/apache/poi/poi/3.17/poi-3.17.jar, file:/D:/sofewore/Maven/maven-3.1.1/lib/org/apache/commons/commons-collections4/4.1/commons-collections4-4.1.jar, file:/D:/sofewore/Maven/maven-3.1.1/lib/org/apache/poi/poi-ooxml/3.17/poi-ooxml-3.17.jar, file:/D:/sofewore/Maven/maven-3.1.1/lib/org/apache/poi/poi-ooxml-schemas/3.17/poi-ooxml-schemas-3.17.jar, file:/D:/sofewore/Maven/maven-3.1.1/lib/org/apache/xmlbeans/xmlbeans/2.6.0/xmlbeans-2.6.0.jar, file:/D:/sofewore/Maven/maven-3.1.1/lib/com/github/virtuald/curvesapi/1.04/curvesapi-1.04.jar, file:/D:/sofewore/Maven/maven-3.1.1/lib/commons-fileupload/commons-fileupload/1.3.3/commons-fileupload-1.3.3.jar, file:/D:/sofewore/Maven/maven-3.1.1/lib/commons-io/commons-io/2.4/commons-io-2.4.jar, file:/D:/sofewore/Maven/maven-3.1.1/lib/net/coobird/thumbnailator/0.4.8/thumbnailator-0.4.8.jar, file:/D:/sofewore/Maven/maven-3.1.1/lib/com/aliyun/oss/aliyun-sdk-oss/3.5.0/aliyun-sdk-oss-3.5.0.jar, file:/D:/sofewore/Maven/maven-3.1.1/lib/org/jdom/jdom/1.1/jdom-1.1.jar, file:/D:/sofewore/Maven/maven-3.1.1/lib/org/codehaus/jettison/jettison/1.1/jettison-1.1.jar, file:/D:/sofewore/Maven/maven-3.1.1/lib/stax/stax-api/1.0.1/stax-api-1.0.1.jar, file:/D:/sofewore/Maven/maven-3.1.1/lib/com/aliyun/aliyun-java-sdk-core/3.4.0/aliyun-java-sdk-core-3.4.0.jar, file:/D:/sofewore/Maven/maven-3.1.1/lib/com/aliyun/aliyun-java-sdk-ram/3.0.0/aliyun-java-sdk-ram-3.0.0.jar, file:/D:/sofewore/Maven/maven-3.1.1/lib/com/aliyun/aliyun-java-sdk-sts/3.0.0/aliyun-java-sdk-sts-3.0.0.jar, file:/D:/sofewore/Maven/maven-3.1.1/lib/com/aliyun/aliyun-java-sdk-ecs/4.2.0/aliyun-java-sdk-ecs-4.2.0.jar, file:/D:/sofewore/Maven/maven-3.1.1/lib/com/qcloud/cos_api/5.6.22/cos_api-5.6.22.jar, file:/D:/sofewore/Maven/maven-3.1.1/lib/joda-time/joda-time/2.10.5/joda-time-2.10.5.jar, file:/D:/sofewore/Maven/maven-3.1.1/lib/org/bouncycastle/bcprov-jdk15on/1.64/bcprov-jdk15on-1.64.jar, file:/D:/sofewore/Maven/maven-3.1.1/lib/com/qiniu/qiniu-java-sdk/7.2.28/qiniu-java-sdk-7.2.28.jar, file:/D:/sofewore/Maven/maven-3.1.1/lib/com/squareup/okhttp3/okhttp/3.14.7/okhttp-3.14.7.jar, file:/D:/sofewore/Maven/maven-3.1.1/lib/com/squareup/okio/okio/1.17.2/okio-1.17.2.jar, file:/D:/sofewore/Maven/maven-3.1.1/lib/com/amazonaws/aws-java-sdk-s3/1.12.99/aws-java-sdk-s3-1.12.99.jar, file:/D:/sofewore/Maven/maven-3.1.1/lib/com/amazonaws/aws-java-sdk-kms/1.12.99/aws-java-sdk-kms-1.12.99.jar, file:/D:/sofewore/Maven/maven-3.1.1/lib/com/amazonaws/aws-java-sdk-core/1.12.99/aws-java-sdk-core-1.12.99.jar, file:/D:/sofewore/Maven/maven-3.1.1/lib/software/amazon/ion/ion-java/1.0.2/ion-java-1.0.2.jar, file:/D:/sofewore/Maven/maven-3.1.1/lib/com/fasterxml/jackson/dataformat/jackson-dataformat-cbor/2.10.3/jackson-dataformat-cbor-2.10.3.jar, file:/D:/sofewore/Maven/maven-3.1.1/lib/com/amazonaws/jmespath-java/1.12.99/jmespath-java-1.12.99.jar, file:/D:/sofewore/Maven/maven-3.1.1/lib/dom4j/dom4j/1.6.1/dom4j-1.6.1.jar, file:/D:/sofewore/Maven/maven-3.1.1/lib/xml-apis/xml-apis/1.0.b2/xml-apis-1.0.b2.jar, file:/D:/sofewore/Maven/maven-3.1.1/lib/com/thoughtworks/xstream/xstream/1.4.18/xstream-1.4.18.jar, file:/D:/sofewore/Maven/maven-3.1.1/lib/io/github/x-stream/mxparser/1.2.2/mxparser-1.2.2.jar, file:/D:/sofewore/Maven/maven-3.1.1/lib/xmlpull/xmlpull/1.1.3.1/xmlpull-1.1.3.1.jar, file:/D:/sofewore/Maven/maven-3.1.1/lib/com/vaadin/external/google/android-json/0.0.20131108.vaadin1/android-json-0.0.20131108.vaadin1.jar, file:/D:/sofewore/Maven/maven-3.1.1/lib/org/apache/httpcomponents/httpmime/4.5.2/httpmime-4.5.2.jar, file:/D:/sofewore/Maven/maven-3.1.1/lib/com/google/zxing/core/3.3.3/core-3.3.3.jar, file:/D:/sofewore/Maven/maven-3.1.1/lib/com/google/zxing/javase/3.3.3/javase-3.3.3.jar, file:/D:/sofewore/Maven/maven-3.1.1/lib/com/beust/jcommander/1.72/jcommander-1.72.jar, file:/D:/sofewore/Maven/maven-3.1.1/lib/com/github/jai-imageio/jai-imageio-core/1.4.0/jai-imageio-core-1.4.0.jar, file:/D:/sofewore/Maven/maven-3.1.1/lib/io/jsonwebtoken/jjwt/0.9.1/jjwt-0.9.1.jar, file:/D:/sofewore/Maven/maven-3.1.1/lib/com/auth0/jwks-rsa/0.9.0/jwks-rsa-0.9.0.jar, file:/D:/sofewore/Maven/maven-3.1.1/lib/com/alipay/sdk/alipay-sdk-java/4.15.20.ALL/alipay-sdk-java-4.15.20.ALL.jar, file:/D:/sofewore/Maven/maven-3.1.1/lib/org/springframework/boot/spring-boot-starter-security/2.2.6.RELEASE/spring-boot-starter-security-2.2.6.RELEASE.jar, file:/D:/sofewore/Maven/maven-3.1.1/lib/org/springframework/security/spring-security-config/5.2.2.RELEASE/spring-security-config-5.2.2.RELEASE.jar, file:/D:/sofewore/Maven/maven-3.1.1/lib/org/springframework/security/spring-security-core/5.2.2.RELEASE/spring-security-core-5.2.2.RELEASE.jar, file:/D:/sofewore/Maven/maven-3.1.1/lib/org/springframework/security/spring-security-web/5.2.2.RELEASE/spring-security-web-5.2.2.RELEASE.jar, file:/D:/sofewore/Maven/maven-3.1.1/lib/com/anji-plus/spring-boot-starter-captcha/1.3.0/spring-boot-starter-captcha-1.3.0.jar, file:/D:/sofewore/Maven/maven-3.1.1/lib/com/anji-plus/captcha/1.3.0/captcha-1.3.0.jar, file:/D:/sofewore/Maven/maven-3.1.1/lib/com/jayway/jsonpath/json-path/2.4.0/json-path-2.4.0.jar, file:/D:/sofewore/Maven/maven-3.1.1/lib/net/minidev/json-smart/2.3/json-smart-2.3.jar, file:/D:/sofewore/Maven/maven-3.1.1/lib/net/minidev/accessors-smart/1.2/accessors-smart-1.2.jar, file:/D:/sofewore/Maven/maven-3.1.1/lib/org/ow2/asm/asm/5.0.4/asm-5.0.4.jar, file:/D:/sofewore/Maven/maven-3.1.1/lib/org/slf4j/slf4j-api/1.7.30/slf4j-api-1.7.30.jar, file:/D:/sofewore/Maven/maven-3.1.1/lib/com/google/code/gson/gson/2.8.6/gson-2.8.6.jar, file:/D:/sofewore/idea/IntelliJ%20IDEA%202024.1.2/lib/idea_rt.jar, file:/C:/Users/ccc/AppData/Local/JetBrains/IntelliJIdea2024.1/captureAgent/debugger-agent.jar]" }
                    
{
                    "app": "Crmeb",
                    "timestamp":"2026-07-24 09:02:47.269",
                    "level": "DEBUG",
                    "thread": "main",
                    "class": "o.springframework.boot.SpringApplication",
                    "message": "Loading source class com.zbkj.front.CrmebFrontApplication" }
                    
{
                    "app": "Crmeb",
                    "timestamp":"2026-07-24 09:02:47.361",
                    "level": "DEBUG",
                    "thread": "main",
                    "class": "o.s.b.c.c.ConfigFileApplicationListener",
                    "message": "Activated activeProfiles dev" }
                    
{
                    "app": "Crmeb",
                    "timestamp":"2026-07-24 09:02:47.361",
                    "level": "DEBUG",
                    "thread": "main",
                    "class": "o.s.b.c.c.ConfigFileApplicationListener",
                    "message": "Loaded config file 'file:/F:/newWorkSpace/cream-jzk/crmeb/crmeb-front/target/classes/application.yml' (classpath:/application.yml)" }
                    
{
                    "app": "Crmeb",
                    "timestamp":"2026-07-24 09:02:47.361",
                    "level": "DEBUG",
                    "thread": "main",
                    "class": "o.s.b.c.c.ConfigFileApplicationListener",
                    "message": "Profiles already activated, '[dev]' will not be applied" }
                    
{
                    "app": "Crmeb",
                    "timestamp":"2026-07-24 09:02:47.361",
                    "level": "DEBUG",
                    "thread": "main",
                    "class": "o.s.b.c.c.ConfigFileApplicationListener",
                    "message": "Loaded config file 'file:/F:/newWorkSpace/cream-jzk/crmeb/crmeb-front/target/classes/application-dev.yml' (classpath:/application-dev.yml) for profile dev" }
                    
{
                    "app": "Crmeb",
                    "timestamp":"2026-07-24 09:02:47.362",
                    "level": "DEBUG",
                    "thread": "main",
                    "class": "o.s.b.w.s.c.AnnotationConfigServletWebServerApplicationContext",
                    "message": "Refreshing org.springframework.boot.web.servlet.context.AnnotationConfigServletWebServerApplicationContext@1c98290c" }
                    
{
                    "app": "Crmeb",
                    "timestamp":"2026-07-24 09:02:52.395",
                    "level": "DEBUG",
                    "thread": "main",
                    "class": "o.s.b.w.e.t.TomcatServletWebServerFactory",
                    "message": "Code archive: D:\sofewore\Maven\maven-3.1.1\lib\org\springframework\boot\spring-boot\2.2.6.RELEASE\spring-boot-2.2.6.RELEASE.jar" }
                    
{
                    "app": "Crmeb",
                    "timestamp":"2026-07-24 09:02:52.396",
                    "level": "DEBUG",
                    "thread": "main",
                    "class": "o.s.b.w.e.t.TomcatServletWebServerFactory",
                    "message": "Code archive: D:\sofewore\Maven\maven-3.1.1\lib\org\springframework\boot\spring-boot\2.2.6.RELEASE\spring-boot-2.2.6.RELEASE.jar" }
                    
{
                    "app": "Crmeb",
                    "timestamp":"2026-07-24 09:02:52.396",
                    "level": "DEBUG",
                    "thread": "main",
                    "class": "o.s.b.w.e.t.TomcatServletWebServerFactory",
                    "message": "None of the document roots [src/main/webapp, public, static] point to a directory and will be ignored." }
                    
{
                    "app": "Crmeb",
                    "timestamp":"2026-07-24 09:02:52.961",
                    "level": "DEBUG",
                    "thread": "main",
                    "class": "o.s.web.context.ContextLoader",
                    "message": "Published root WebApplicationContext as ServletContext attribute with name [org.springframework.web.context.WebApplicationContext.ROOT]" }
                    
{
                    "app": "Crmeb",
                    "timestamp":"2026-07-24 09:02:53.826",
                    "level": "DEBUG",
                    "thread": "main",
                    "class": "o.s.b.w.s.ServletContextInitializerBeans",
                    "message": "Mapping filters: filterRegistrationBean urls=[/*] order=-2147483647, springSecurityFilterChain urls=[/*] order=-100, filterRegistrationBean urls=[/*] order=2147483647, filterRegistrationBean urls=[/*] order=2147483647, characterEncodingFilter urls=[/*] order=-2147483648, formContentFilter urls=[/*] order=-9900, requestContextFilter urls=[/*] order=-105, corsFilter urls=[/*] order=2147483647" }
                    
{
                    "app": "Crmeb",
                    "timestamp":"2026-07-24 09:02:53.826",
                    "level": "DEBUG",
                    "thread": "main",
                    "class": "o.s.b.w.s.ServletContextInitializerBeans",
                    "message": "Mapping servlets: statViewServlet urls=[/druid/*], dispatcherServlet urls=[/]" }
                    
{
                    "app": "Crmeb",
                    "timestamp":"2026-07-24 09:02:53.868",
                    "level": "DEBUG",
                    "thread": "main",
                    "class": "o.s.b.a.m.w.servlet.WebMvcMetricsFilter",
                    "message": "Filter 'webMvcMetricsFilter' configured for use" }
                    
{
                    "app": "Crmeb",
                    "timestamp":"2026-07-24 09:02:53.869",
                    "level": "DEBUG",
                    "thread": "main",
                    "class": "o.s.b.w.s.f.OrderedRequestContextFilter",
                    "message": "Filter 'requestContextFilter' configured for use" }
                    
{
                    "app": "Crmeb",
                    "timestamp":"2026-07-24 09:02:53.869",
                    "level": "DEBUG",
                    "thread": "main",
                    "class": "o.springframework.web.filter.CorsFilter",
                    "message": "Filter 'corsFilter' configured for use" }
                    
{
                    "app": "Crmeb",
                    "timestamp":"2026-07-24 09:02:53.869",
                    "level": "DEBUG",
                    "thread": "main",
                    "class": "o.s.b.w.s.f.OrderedCharacterEncodingFilter",
                    "message": "Filter 'characterEncodingFilter' configured for use" }
                    
{
                    "app": "Crmeb",
                    "timestamp":"2026-07-24 09:02:53.869",
                    "level": "DEBUG",
                    "thread": "main",
                    "class": "o.s.b.w.s.DelegatingFilterProxyRegistrationBean$1",
                    "message": "Filter 'springSecurityFilterChain' configured for use" }
                    
{
                    "app": "Crmeb",
                    "timestamp":"2026-07-24 09:02:53.870",
                    "level": "DEBUG",
                    "thread": "main",
                    "class": "o.s.b.w.s.f.OrderedFormContentFilter",
                    "message": "Filter 'formContentFilter' configured for use" }
                    
{
                    "app": "Crmeb",
                    "timestamp":"2026-07-24 09:03:04.779",
                    "level": "DEBUG",
                    "thread": "main",
                    "class": "o.s.w.s.m.m.a.RequestMappingHandlerMapping",
                    "message": "244 mappings in 'requestMappingHandlerMapping'" }
                    
{
                    "app": "Crmeb",
                    "timestamp":"2026-07-24 09:03:05.477",
                    "level": "DEBUG",
                    "thread": "main",
                    "class": "o.s.b.a.SpringApplicationAdminMXBeanRegistrar$SpringApplicationAdmin",
                    "message": "Application Admin MBean registered with name 'org.springframework.boot:type=Admin,name=SpringApplication'" }
                    
{
                    "app": "Crmeb",
                    "timestamp":"2026-07-24 09:03:05.490",
                    "level": "DEBUG",
                    "thread": "main",
                    "class": "o.s.w.s.m.m.a.RequestMappingHandlerAdapter",
                    "message": "ControllerAdvice beans: 0 @ModelAttribute, 0 @InitBinder, 1 RequestBodyAdvice, 2 ResponseBodyAdvice" }
                    
{
                    "app": "Crmeb",
                    "timestamp":"2026-07-24 09:03:05.554",
                    "level": "DEBUG",
                    "thread": "main",
                    "class": "o.s.w.s.handler.SimpleUrlHandlerMapping",
                    "message": "Patterns [/webjars/**, /**, /doc.html] in 'resourceHandlerMapping'" }
                    
{
                    "app": "Crmeb",
                    "timestamp":"2026-07-24 09:03:05.568",
                    "level": "DEBUG",
                    "thread": "main",
                    "class": "o.s.w.s.m.m.a.ExceptionHandlerExceptionResolver",
                    "message": "ControllerAdvice beans: 1 @ExceptionHandler, 2 ResponseBodyAdvice" }
                    
{
                    "app": "Crmeb",
                    "timestamp":"2026-07-24 09:03:07.572",
                    "level": "DEBUG",
                    "thread": "RMI TCP Connection(5)-192.168.110.144",
                    "class": "o.s.web.servlet.DispatcherServlet",
                    "message": "Detected StandardServletMultipartResolver" }
                    
{
                    "app": "Crmeb",
                    "timestamp":"2026-07-24 09:03:07.590",
                    "level": "DEBUG",
                    "thread": "RMI TCP Connection(5)-192.168.110.144",
                    "class": "o.s.web.servlet.DispatcherServlet",
                    "message": "enableLoggingRequestDetails='false': request parameters and headers will be masked to prevent unsafe logging of potentially sensitive data" }
                    
{
                    "app": "Crmeb",
                    "timestamp":"2026-07-24 09:03:08.670",
                    "level": "DEBUG",
                    "thread": "RMI TCP Connection(7)-192.168.110.144",
                    "class": "o.springframework.jdbc.core.JdbcTemplate",
                    "message": "Executing SQL query [/* ping */ SELECT 1]" }
                    
{
                    "app": "Crmeb",
                    "timestamp":"2026-07-24 09:03:08.679",
                    "level": "DEBUG",
                    "thread": "RMI TCP Connection(7)-192.168.110.144",
                    "class": "o.springframework.jdbc.core.JdbcTemplate",
                    "message": "SQLWarning ignored: SQL state 'HY000', error code '1287', message ['@@tx_isolation' is deprecated and will be removed in a future release. Please use '@@transaction_isolation' instead]" }
                    
{
                    "app": "Crmeb",
                    "timestamp":"2026-07-24 09:03:43.435",
                    "level": "DEBUG",
                    "thread": "http-nio-8198-exec-2",
                    "class": "o.s.web.servlet.DispatcherServlet",
                    "message": "GET "/api/front/login/config", parameters={}" }
                    
{
                    "app": "Crmeb",
                    "timestamp":"2026-07-24 09:03:43.435",
                    "level": "DEBUG",
                    "thread": "http-nio-8198-exec-1",
                    "class": "o.s.web.servlet.DispatcherServlet",
                    "message": "POST "/api/front/token/is/exist", parameters={}" }
                    
{
                    "app": "Crmeb",
                    "timestamp":"2026-07-24 09:03:43.435",
                    "level": "DEBUG",
                    "thread": "http-nio-8198-exec-3",
                    "class": "o.s.web.servlet.DispatcherServlet",
                    "message": "GET "/api/front/index/color/config", parameters={}" }
                    
{
                    "app": "Crmeb",
                    "timestamp":"2026-07-24 09:03:43.440",
                    "level": "DEBUG",
                    "thread": "http-nio-8198-exec-1",
                    "class": "o.s.w.s.m.m.a.RequestMappingHandlerMapping",
                    "message": "Mapped to com.zbkj.front.controller.LoginController#tokenIsExist()" }
                    
{
                    "app": "Crmeb",
                    "timestamp":"2026-07-24 09:03:43.440",
                    "level": "DEBUG",
                    "thread": "http-nio-8198-exec-2",
                    "class": "o.s.w.s.m.m.a.RequestMappingHandlerMapping",
                    "message": "Mapped to com.zbkj.front.controller.LoginController#getLoginConfig()" }
                    
{
                    "app": "Crmeb",
                    "timestamp":"2026-07-24 09:03:43.440",
                    "level": "DEBUG",
                    "thread": "http-nio-8198-exec-3",
                    "class": "o.s.w.s.m.m.a.RequestMappingHandlerMapping",
                    "message": "Mapped to com.zbkj.front.controller.IndexController#getColorConfig()" }
                    
{
                    "app": "Crmeb",
                    "timestamp":"2026-07-24 09:03:43.507",
                    "level": "DEBUG",
                    "thread": "http-nio-8198-exec-1",
                    "class": "o.s.w.s.m.m.a.RequestResponseBodyMethodProcessor",
                    "message": "Using 'application/json', given [*/*] and supported [application/json, application/*+json, application/json, application/*+json, application/cbor]" }
                    
{
                    "app": "Crmeb",
                    "timestamp":"2026-07-24 09:03:43.508",
                    "level": "DEBUG",
                    "thread": "http-nio-8198-exec-1",
                    "class": "o.s.w.s.m.m.a.RequestResponseBodyMethodProcessor",
                    "message": "Writing [com.zbkj.common.result.CommonResult@1db3c8cf]" }
                    
{
                    "app": "Crmeb",
                    "timestamp":"2026-07-24 09:03:43.524",
                    "level": "DEBUG",
                    "thread": "http-nio-8198-exec-1",
                    "class": "o.s.web.servlet.DispatcherServlet",
                    "message": "Completed 200 OK" }
                    
{
                    "app": "Crmeb",
                    "timestamp":"2026-07-24 09:03:43.600",
                    "level": "DEBUG",
                    "thread": "http-nio-8198-exec-3",
                    "class": "o.s.w.s.m.m.a.RequestResponseBodyMethodProcessor",
                    "message": "Using 'application/json', given [*/*] and supported [application/json, application/*+json, application/json, application/*+json, application/cbor]" }
                    
{
                    "app": "Crmeb",
                    "timestamp":"2026-07-24 09:03:43.601",
                    "level": "DEBUG",
                    "thread": "http-nio-8198-exec-3",
                    "class": "o.s.w.s.m.m.a.RequestResponseBodyMethodProcessor",
                    "message": "Writing [com.zbkj.common.result.CommonResult@1a7e40f3]" }
                    
{
                    "app": "Crmeb",
                    "timestamp":"2026-07-24 09:03:43.603",
                    "level": "DEBUG",
                    "thread": "http-nio-8198-exec-3",
                    "class": "o.s.web.servlet.DispatcherServlet",
                    "message": "Completed 200 OK" }
                    
{
                    "app": "Crmeb",
                    "timestamp":"2026-07-24 09:03:43.612",
                    "level": "DEBUG",
                    "thread": "http-nio-8198-exec-2",
                    "class": "o.s.w.s.m.m.a.RequestResponseBodyMethodProcessor",
                    "message": "Using 'application/json', given [*/*] and supported [application/json, application/*+json, application/json, application/*+json, application/cbor]" }
                    
{
                    "app": "Crmeb",
                    "timestamp":"2026-07-24 09:03:43.613",
                    "level": "DEBUG",
                    "thread": "http-nio-8198-exec-2",
                    "class": "o.s.w.s.m.m.a.RequestResponseBodyMethodProcessor",
                    "message": "Writing [com.zbkj.common.result.CommonResult@7f078492]" }
                    
{
                    "app": "Crmeb",
                    "timestamp":"2026-07-24 09:03:43.615",
                    "level": "DEBUG",
                    "thread": "http-nio-8198-exec-2",
                    "class": "o.s.web.servlet.DispatcherServlet",
                    "message": "Completed 200 OK" }
                    
{
                    "app": "Crmeb",
                    "timestamp":"2026-07-24 09:03:47.964",
                    "level": "DEBUG",
                    "thread": "http-nio-8198-exec-4",
                    "class": "o.s.web.servlet.DispatcherServlet",
                    "message": "GET "/api/front/pagediy/info/0", parameters={}" }
                    
{
                    "app": "Crmeb",
                    "timestamp":"2026-07-24 09:03:47.964",
                    "level": "DEBUG",
                    "thread": "http-nio-8198-exec-9",
                    "class": "o.s.web.servlet.DispatcherServlet",
                    "message": "GET "/api/front/index", parameters={}" }
                    
{
                    "app": "Crmeb",
                    "timestamp":"2026-07-24 09:03:47.964",
                    "level": "DEBUG",
                    "thread": "http-nio-8198-exec-5",
                    "class": "o.s.web.servlet.DispatcherServlet",
                    "message": "POST "/api/front/token/is/exist", parameters={}" }
                    
{
                    "app": "Crmeb",
                    "timestamp":"2026-07-24 09:03:47.965",
                    "level": "DEBUG",
                    "thread": "http-nio-8198-exec-9",
                    "class": "o.s.w.s.m.m.a.RequestMappingHandlerMapping",
                    "message": "Mapped to com.zbkj.front.controller.IndexController#getIndexInfo()" }
                    
{
                    "app": "Crmeb",
                    "timestamp":"2026-07-24 09:03:47.965",
                    "level": "DEBUG",
                    "thread": "http-nio-8198-exec-5",
                    "class": "o.s.w.s.m.m.a.RequestMappingHandlerMapping",
                    "message": "Mapped to com.zbkj.front.controller.LoginController#tokenIsExist()" }
                    
{
                    "app": "Crmeb",
                    "timestamp":"2026-07-24 09:03:47.966",
                    "level": "DEBUG",
                    "thread": "http-nio-8198-exec-4",
                    "class": "o.s.w.s.m.m.a.RequestMappingHandlerMapping",
                    "message": "Mapped to com.zbkj.front.controller.PageDiyController#info(Integer)" }
                    
{
                    "app": "Crmeb",
                    "timestamp":"2026-07-24 09:03:47.967",
                    "level": "DEBUG",
                    "thread": "http-nio-8198-exec-5",
                    "class": "o.s.w.s.m.m.a.RequestResponseBodyMethodProcessor",
                    "message": "Using 'application/json', given [*/*] and supported [application/json, application/*+json, application/json, application/*+json, application/cbor]" }
                    
{
                    "app": "Crmeb",
                    "timestamp":"2026-07-24 09:03:47.967",
                    "level": "DEBUG",
                    "thread": "http-nio-8198-exec-5",
                    "class": "o.s.w.s.m.m.a.RequestResponseBodyMethodProcessor",
                    "message": "Writing [com.zbkj.common.result.CommonResult@513c61a]" }
                    
{
                    "app": "Crmeb",
                    "timestamp":"2026-07-24 09:03:47.967",
                    "level": "DEBUG",
                    "thread": "http-nio-8198-exec-5",
                    "class": "o.s.web.servlet.DispatcherServlet",
                    "message": "Completed 200 OK" }
                    
{
                    "app": "Crmeb",
                    "timestamp":"2026-07-24 09:03:48.065",
                    "level": "DEBUG",
                    "thread": "http-nio-8198-exec-4",
                    "class": "o.s.w.s.m.m.a.RequestResponseBodyMethodProcessor",
                    "message": "Using 'application/json', given [*/*] and supported [application/json, application/*+json, application/json, application/*+json, application/cbor]" }
                    
{
                    "app": "Crmeb",
                    "timestamp":"2026-07-24 09:03:48.066",
                    "level": "DEBUG",
                    "thread": "http-nio-8198-exec-4",
                    "class": "o.s.w.s.m.m.a.RequestResponseBodyMethodProcessor",
                    "message": "Writing [com.zbkj.common.result.CommonResult@2c1404cf]" }
                    
{
                    "app": "Crmeb",
                    "timestamp":"2026-07-24 09:03:48.074",
                    "level": "DEBUG",
                    "thread": "http-nio-8198-exec-4",
                    "class": "o.s.web.servlet.DispatcherServlet",
                    "message": "Completed 200 OK" }
                    
{
                    "app": "Crmeb",
                    "timestamp":"2026-07-24 09:03:48.154",
                    "level": "DEBUG",
                    "thread": "http-nio-8198-exec-9",
                    "class": "o.s.w.s.m.m.a.RequestResponseBodyMethodProcessor",
                    "message": "Using 'application/json', given [*/*] and supported [application/json, application/*+json, application/json, application/*+json, application/cbor]" }
                    
{
                    "app": "Crmeb",
                    "timestamp":"2026-07-24 09:03:48.154",
                    "level": "DEBUG",
                    "thread": "http-nio-8198-exec-9",
                    "class": "o.s.w.s.m.m.a.RequestResponseBodyMethodProcessor",
                    "message": "Writing [com.zbkj.common.result.CommonResult@618ecdf5]" }
                    
{
                    "app": "Crmeb",
                    "timestamp":"2026-07-24 09:03:48.156",
                    "level": "DEBUG",
                    "thread": "http-nio-8198-exec-9",
                    "class": "o.s.web.servlet.DispatcherServlet",
                    "message": "Completed 200 OK" }
                    
{
                    "app": "Crmeb",
                    "timestamp":"2026-07-24 09:03:48.917",
                    "level": "DEBUG",
                    "thread": "http-nio-8198-exec-7",
                    "class": "o.s.web.servlet.DispatcherServlet",
                    "message": "GET "/api/front/get/bottom/navigation", parameters={}" }
                    
{
                    "app": "Crmeb",
                    "timestamp":"2026-07-24 09:03:48.917",
                    "level": "DEBUG",
                    "thread": "http-nio-8198-exec-7",
                    "class": "o.s.w.s.m.m.a.RequestMappingHandlerMapping",
                    "message": "Mapped to com.zbkj.front.controller.IndexController#getBottomNavigation()" }
                    
{
                    "app": "Crmeb",
                    "timestamp":"2026-07-24 09:03:48.925",
                    "level": "DEBUG",
                    "thread": "http-nio-8198-exec-7",
                    "class": "o.s.w.s.m.m.a.RequestResponseBodyMethodProcessor",
                    "message": "Using 'application/json', given [*/*] and supported [application/json, application/*+json, application/json, application/*+json, application/cbor]" }
                    
{
                    "app": "Crmeb",
                    "timestamp":"2026-07-24 09:03:48.926",
                    "level": "DEBUG",
                    "thread": "http-nio-8198-exec-7",
                    "class": "o.s.w.s.m.m.a.RequestResponseBodyMethodProcessor",
                    "message": "Writing [com.zbkj.common.result.CommonResult@6ea8c06d]" }
                    
{
                    "app": "Crmeb",
                    "timestamp":"2026-07-24 09:03:48.927",
                    "level": "DEBUG",
                    "thread": "http-nio-8198-exec-7",
                    "class": "o.s.web.servlet.DispatcherServlet",
                    "message": "Completed 200 OK" }
                    
{
                    "app": "Crmeb",
                    "timestamp":"2026-07-24 09:03:49.005",
                    "level": "DEBUG",
                    "thread": "http-nio-8198-exec-8",
                    "class": "o.s.web.servlet.DispatcherServlet",
                    "message": "GET "/api/front/products?page=1&limit=3&cid=744%2C745%2C746%2C796%2C797%2C798%2C800%2C801%2C802&priceOrder=&salesOrder=", parameters={masked}" }
                    
{
                    "app": "Crmeb",
                    "timestamp":"2026-07-24 09:03:49.006",
                    "level": "DEBUG",
                    "thread": "http-nio-8198-exec-8",
                    "class": "o.s.w.s.m.m.a.RequestMappingHandlerMapping",
                    "message": "Mapped to com.zbkj.front.controller.ProductController#getList(ProductRequest, PageParamRequest)" }
                    
{
                    "app": "Crmeb",
                    "timestamp":"2026-07-24 09:03:49.244",
                    "level": "DEBUG",
                    "thread": "http-nio-8198-exec-8",
                    "class": "o.s.w.s.m.m.a.RequestResponseBodyMethodProcessor",
                    "message": "Using 'application/json', given [*/*] and supported [application/json, application/*+json, application/json, application/*+json, application/cbor]" }
                    
{
                    "app": "Crmeb",
                    "timestamp":"2026-07-24 09:03:49.244",
                    "level": "DEBUG",
                    "thread": "http-nio-8198-exec-8",
                    "class": "o.s.w.s.m.m.a.RequestResponseBodyMethodProcessor",
                    "message": "Writing [com.zbkj.common.result.CommonResult@6a0a6a48]" }
                    
{
                    "app": "Crmeb",
                    "timestamp":"2026-07-24 09:03:49.246",
                    "level": "DEBUG",
                    "thread": "http-nio-8198-exec-8",
                    "class": "o.s.web.servlet.DispatcherServlet",
                    "message": "Completed 200 OK" }
                    
{
                    "app": "Crmeb",
                    "timestamp":"2026-07-24 09:05:02.588",
                    "level": "DEBUG",
                    "thread": "http-nio-8198-exec-12",
                    "class": "o.s.web.servlet.DispatcherServlet",
                    "message": "GET "/api/front/menu/user", parameters={}" }
                    
{
                    "app": "Crmeb",
                    "timestamp":"2026-07-24 09:05:02.588",
                    "level": "DEBUG",
                    "thread": "http-nio-8198-exec-12",
                    "class": "o.s.w.s.m.m.a.RequestMappingHandlerMapping",
                    "message": "Mapped to com.zbkj.front.controller.UserController#getMenuUser()" }
                    
{
                    "app": "Crmeb",
                    "timestamp":"2026-07-24 09:05:02.591",
                    "level": "DEBUG",
                    "thread": "http-nio-8198-exec-13",
                    "class": "o.s.web.servlet.DispatcherServlet",
                    "message": "POST "/api/front/token/is/exist", parameters={}" }
                    
{
                    "app": "Crmeb",
                    "timestamp":"2026-07-24 09:05:02.591",
                    "level": "DEBUG",
                    "thread": "http-nio-8198-exec-14",
                    "class": "o.s.web.servlet.DispatcherServlet",
                    "message": "GET "/api/front/copyright/info", parameters={}" }
                    
{
                    "app": "Crmeb",
                    "timestamp":"2026-07-24 09:05:02.591",
                    "level": "DEBUG",
                    "thread": "http-nio-8198-exec-13",
                    "class": "o.s.w.s.m.m.a.RequestMappingHandlerMapping",
                    "message": "Mapped to com.zbkj.front.controller.LoginController#tokenIsExist()" }
                    
{
                    "app": "Crmeb",
                    "timestamp":"2026-07-24 09:05:02.591",
                    "level": "DEBUG",
                    "thread": "http-nio-8198-exec-14",
                    "class": "o.s.w.s.m.m.a.RequestMappingHandlerMapping",
                    "message": "Mapped to com.zbkj.front.controller.IndexController#getCopyrightInfo()" }
                    
{
                    "app": "Crmeb",
                    "timestamp":"2026-07-24 09:05:02.592",
                    "level": "DEBUG",
                    "thread": "http-nio-8198-exec-13",
                    "class": "o.s.w.s.m.m.a.RequestResponseBodyMethodProcessor",
                    "message": "Using 'application/json', given [*/*] and supported [application/json, application/*+json, application/json, application/*+json, application/cbor]" }
                    
{
                    "app": "Crmeb",
                    "timestamp":"2026-07-24 09:05:02.593",
                    "level": "DEBUG",
                    "thread": "http-nio-8198-exec-13",
                    "class": "o.s.w.s.m.m.a.RequestResponseBodyMethodProcessor",
                    "message": "Writing [com.zbkj.common.result.CommonResult@3531196]" }
                    
{
                    "app": "Crmeb",
                    "timestamp":"2026-07-24 09:05:02.593",
                    "level": "DEBUG",
                    "thread": "http-nio-8198-exec-15",
                    "class": "o.s.web.servlet.DispatcherServlet",
                    "message": "GET "/api/front/jk/permission/context", parameters={}" }
                    
{
                    "app": "Crmeb",
                    "timestamp":"2026-07-24 09:05:02.594",
                    "level": "DEBUG",
                    "thread": "http-nio-8198-exec-13",
                    "class": "o.s.web.servlet.DispatcherServlet",
                    "message": "Completed 200 OK" }
                    
{
                    "app": "Crmeb",
                    "timestamp":"2026-07-24 09:05:02.594",
                    "level": "DEBUG",
                    "thread": "http-nio-8198-exec-15",
                    "class": "o.s.w.s.m.m.a.RequestMappingHandlerMapping",
                    "message": "Mapped to com.zbkj.front.controller.jiuzhoukang.JkPermissionController#context(HttpServletRequest)" }
                    
{
                    "app": "Crmeb",
                    "timestamp":"2026-07-24 09:05:02.595",
                    "level": "DEBUG",
                    "thread": "http-nio-8198-exec-16",
                    "class": "o.s.web.servlet.DispatcherServlet",
                    "message": "GET "/api/front/city/list", parameters={}" }
                    
{
                    "app": "Crmeb",
                    "timestamp":"2026-07-24 09:05:02.596",
                    "level": "DEBUG",
                    "thread": "http-nio-8198-exec-16",
                    "class": "o.s.w.s.m.m.a.RequestMappingHandlerMapping",
                    "message": "Mapped to com.zbkj.front.controller.CityController#register()" }
                    
{
                    "app": "Crmeb",
                    "timestamp":"2026-07-24 09:05:02.600",
                    "level": "DEBUG",
                    "thread": "http-nio-8198-exec-14",
                    "class": "o.s.w.s.m.m.a.RequestResponseBodyMethodProcessor",
                    "message": "Using 'application/json', given [*/*] and supported [application/json, application/*+json, application/json, application/*+json, application/cbor]" }
                    
{
                    "app": "Crmeb",
                    "timestamp":"2026-07-24 09:05:02.600",
                    "level": "DEBUG",
                    "thread": "http-nio-8198-exec-14",
                    "class": "o.s.w.s.m.m.a.RequestResponseBodyMethodProcessor",
                    "message": "Writing [com.zbkj.common.result.CommonResult@4de2c27f]" }
                    
{
                    "app": "Crmeb",
                    "timestamp":"2026-07-24 09:05:02.601",
                    "level": "DEBUG",
                    "thread": "http-nio-8198-exec-14",
                    "class": "o.s.web.servlet.DispatcherServlet",
                    "message": "Completed 200 OK" }
                    
{
                    "app": "Crmeb",
                    "timestamp":"2026-07-24 09:05:02.607",
                    "level": "DEBUG",
                    "thread": "http-nio-8198-exec-12",
                    "class": "o.s.w.s.m.m.a.RequestResponseBodyMethodProcessor",
                    "message": "Using 'application/json', given [*/*] and supported [application/json, application/*+json, application/json, application/*+json, application/cbor]" }
                    
{
                    "app": "Crmeb",
                    "timestamp":"2026-07-24 09:05:02.607",
                    "level": "DEBUG",
                    "thread": "http-nio-8198-exec-12",
                    "class": "o.s.w.s.m.m.a.RequestResponseBodyMethodProcessor",
                    "message": "Writing [com.zbkj.common.result.CommonResult@bc8869]" }
                    
{
                    "app": "Crmeb",
                    "timestamp":"2026-07-24 09:05:02.608",
                    "level": "DEBUG",
                    "thread": "http-nio-8198-exec-12",
                    "class": "o.s.web.servlet.DispatcherServlet",
                    "message": "Completed 200 OK" }
                    
{
                    "app": "Crmeb",
                    "timestamp":"2026-07-24 09:05:02.642",
                    "level": "DEBUG",
                    "thread": "http-nio-8198-exec-17",
                    "class": "o.s.web.servlet.DispatcherServlet",
                    "message": "GET "/api/front/order/data", parameters={}" }
                    
{
                    "app": "Crmeb",
                    "timestamp":"2026-07-24 09:05:02.643",
                    "level": "DEBUG",
                    "thread": "http-nio-8198-exec-17",
                    "class": "o.s.w.s.m.m.a.RequestMappingHandlerMapping",
                    "message": "Mapped to com.zbkj.front.controller.StoreOrderController#orderData()" }
                    
{
                    "app": "Crmeb",
                    "timestamp":"2026-07-24 09:05:02.645",
                    "level": "DEBUG",
                    "thread": "http-nio-8198-exec-16",
                    "class": "o.s.w.s.m.m.a.RequestResponseBodyMethodProcessor",
                    "message": "Using 'application/json', given [*/*] and supported [application/json, application/*+json, application/json, application/*+json, application/cbor]" }
                    
{
                    "app": "Crmeb",
                    "timestamp":"2026-07-24 09:05:02.645",
                    "level": "DEBUG",
                    "thread": "http-nio-8198-exec-16",
                    "class": "o.s.w.s.m.m.a.RequestResponseBodyMethodProcessor",
                    "message": "Writing [com.zbkj.common.result.CommonResult@afc6e60]" }
                    
{
                    "app": "Crmeb",
                    "timestamp":"2026-07-24 09:05:02.648",
                    "level": "DEBUG",
                    "thread": "http-nio-8198-exec-18",
                    "class": "o.s.web.servlet.DispatcherServlet",
                    "message": "GET "/api/front/user", parameters={}" }
                    
{
                    "app": "Crmeb",
                    "timestamp":"2026-07-24 09:05:02.648",
                    "level": "DEBUG",
                    "thread": "http-nio-8198-exec-18",
                    "class": "o.s.w.s.m.m.a.RequestMappingHandlerMapping",
                    "message": "Mapped to com.zbkj.front.controller.UserController#getUserCenter()" }
                    
{
                    "app": "Crmeb",
                    "timestamp":"2026-07-24 09:05:02.654",
                    "level": "DEBUG",
                    "thread": "http-nio-8198-exec-16",
                    "class": "o.s.web.servlet.DispatcherServlet",
                    "message": "Completed 200 OK" }
                    
{
                    "app": "Crmeb",
                    "timestamp":"2026-07-24 09:05:02.689",
                    "level": "DEBUG",
                    "thread": "http-nio-8198-exec-15",
                    "class": "o.s.w.s.m.m.a.RequestResponseBodyMethodProcessor",
                    "message": "Using 'application/json', given [*/*] and supported [application/json, application/*+json, application/json, application/*+json, application/cbor]" }
                    
{
                    "app": "Crmeb",
                    "timestamp":"2026-07-24 09:05:02.689",
                    "level": "DEBUG",
                    "thread": "http-nio-8198-exec-15",
                    "class": "o.s.w.s.m.m.a.RequestResponseBodyMethodProcessor",
                    "message": "Writing [com.zbkj.common.result.CommonResult@61a378e5]" }
                    
{
                    "app": "Crmeb",
                    "timestamp":"2026-07-24 09:05:02.690",
                    "level": "DEBUG",
                    "thread": "http-nio-8198-exec-15",
                    "class": "o.s.web.servlet.DispatcherServlet",
                    "message": "Completed 200 OK" }
                    
{
                    "app": "Crmeb",
                    "timestamp":"2026-07-24 09:05:02.691",
                    "level": "DEBUG",
                    "thread": "http-nio-8198-exec-18",
                    "class": "o.s.w.s.m.m.a.RequestResponseBodyMethodProcessor",
                    "message": "Using 'application/json', given [*/*] and supported [application/json, application/*+json, application/json, application/*+json, application/cbor]" }
                    
{
                    "app": "Crmeb",
                    "timestamp":"2026-07-24 09:05:02.691",
                    "level": "DEBUG",
                    "thread": "http-nio-8198-exec-18",
                    "class": "o.s.w.s.m.m.a.RequestResponseBodyMethodProcessor",
                    "message": "Writing [com.zbkj.common.result.CommonResult@300e2cca]" }
                    
{
                    "app": "Crmeb",
                    "timestamp":"2026-07-24 09:05:02.692",
                    "level": "DEBUG",
                    "thread": "http-nio-8198-exec-18",
                    "class": "o.s.web.servlet.DispatcherServlet",
                    "message": "Completed 200 OK" }
                    
{
                    "app": "Crmeb",
                    "timestamp":"2026-07-24 09:05:02.693",
                    "level": "DEBUG",
                    "thread": "http-nio-8198-exec-17",
                    "class": "o.s.w.s.m.m.a.RequestResponseBodyMethodProcessor",
                    "message": "Using 'application/json', given [*/*] and supported [application/json, application/*+json, application/json, application/*+json, application/cbor]" }
                    
{
                    "app": "Crmeb",
                    "timestamp":"2026-07-24 09:05:02.693",
                    "level": "DEBUG",
                    "thread": "http-nio-8198-exec-17",
                    "class": "o.s.w.s.m.m.a.RequestResponseBodyMethodProcessor",
                    "message": "Writing [com.zbkj.common.result.CommonResult@32b8032c]" }
                    
{
                    "app": "Crmeb",
                    "timestamp":"2026-07-24 09:05:02.694",
                    "level": "DEBUG",
                    "thread": "http-nio-8198-exec-17",
                    "class": "o.s.web.servlet.DispatcherServlet",
                    "message": "Completed 200 OK" }
                    
{
                    "app": "Crmeb",
                    "timestamp":"2026-07-24 09:05:02.843",
                    "level": "DEBUG",
                    "thread": "http-nio-8198-exec-19",
                    "class": "o.s.web.servlet.DispatcherServlet",
                    "message": "GET "/api/front/get/bottom/navigation", parameters={}" }
                    
{
                    "app": "Crmeb",
                    "timestamp":"2026-07-24 09:05:02.844",
                    "level": "DEBUG",
                    "thread": "http-nio-8198-exec-19",
                    "class": "o.s.w.s.m.m.a.RequestMappingHandlerMapping",
                    "message": "Mapped to com.zbkj.front.controller.IndexController#getBottomNavigation()" }
                    
{
                    "app": "Crmeb",
                    "timestamp":"2026-07-24 09:05:02.850",
                    "level": "DEBUG",
                    "thread": "http-nio-8198-exec-19",
                    "class": "o.s.w.s.m.m.a.RequestResponseBodyMethodProcessor",
                    "message": "Using 'application/json', given [*/*] and supported [application/json, application/*+json, application/json, application/*+json, application/cbor]" }
                    
{
                    "app": "Crmeb",
                    "timestamp":"2026-07-24 09:05:02.851",
                    "level": "DEBUG",
                    "thread": "http-nio-8198-exec-19",
                    "class": "o.s.w.s.m.m.a.RequestResponseBodyMethodProcessor",
                    "message": "Writing [com.zbkj.common.result.CommonResult@1302adbb]" }
                    
{
                    "app": "Crmeb",
                    "timestamp":"2026-07-24 09:05:02.851",
                    "level": "DEBUG",
                    "thread": "http-nio-8198-exec-19",
                    "class": "o.s.web.servlet.DispatcherServlet",
                    "message": "Completed 200 OK" }
                    
{
                    "app": "Crmeb",
                    "timestamp":"2026-07-24 09:05:06.638",
                    "level": "DEBUG",
                    "thread": "http-nio-8198-exec-20",
                    "class": "o.s.web.servlet.DispatcherServlet",
                    "message": "GET "/api/front/jk/permission/context", parameters={}" }
                    
{
                    "app": "Crmeb",
                    "timestamp":"2026-07-24 09:05:06.638",
                    "level": "DEBUG",
                    "thread": "http-nio-8198-exec-20",
                    "class": "o.s.w.s.m.m.a.RequestMappingHandlerMapping",
                    "message": "Mapped to com.zbkj.front.controller.jiuzhoukang.JkPermissionController#context(HttpServletRequest)" }
                    
{
                    "app": "Crmeb",
                    "timestamp":"2026-07-24 09:05:06.641",
                    "level": "DEBUG",
                    "thread": "http-nio-8198-exec-24",
                    "class": "o.s.web.servlet.DispatcherServlet",
                    "message": "GET "/api/front/jk/stock/my", parameters={}" }
                    
{
                    "app": "Crmeb",
                    "timestamp":"2026-07-24 09:05:06.642",
                    "level": "DEBUG",
                    "thread": "http-nio-8198-exec-24",
                    "class": "o.s.w.s.m.m.a.RequestMappingHandlerMapping",
                    "message": "Mapped to com.zbkj.front.controller.jiuzhoukang.JkStockController#my()" }
                    
{
                    "app": "Crmeb",
                    "timestamp":"2026-07-24 09:05:06.645",
                    "level": "DEBUG",
                    "thread": "http-nio-8198-exec-23",
                    "class": "o.s.web.servlet.DispatcherServlet",
                    "message": "GET "/api/front/jk/commission/summary", parameters={}" }
                    
{
                    "app": "Crmeb",
                    "timestamp":"2026-07-24 09:05:06.645",
                    "level": "DEBUG",
                    "thread": "http-nio-8198-exec-23",
                    "class": "o.s.w.s.m.m.a.RequestMappingHandlerMapping",
                    "message": "Mapped to com.zbkj.front.controller.jiuzhoukang.JkCommissionController#summary()" }
                    
{
                    "app": "Crmeb",
                    "timestamp":"2026-07-24 09:05:06.649",
                    "level": "DEBUG",
                    "thread": "http-nio-8198-exec-25",
                    "class": "o.s.web.servlet.DispatcherServlet",
                    "message": "GET "/api/front/jk/platform-order/list?page=1&limit=100", parameters={masked}" }
                    
{
                    "app": "Crmeb",
                    "timestamp":"2026-07-24 09:05:06.650",
                    "level": "DEBUG",
                    "thread": "http-nio-8198-exec-25",
                    "class": "o.s.w.s.m.m.a.RequestMappingHandlerMapping",
                    "message": "Mapped to com.zbkj.front.controller.jiuzhoukang.JkPlatformOrderController#list(JkTradeDocumentSearchRequest, PageParamRequest)" }
                    
{
                    "app": "Crmeb",
                    "timestamp":"2026-07-24 09:05:06.654",
                    "level": "DEBUG",
                    "thread": "http-nio-8198-exec-21",
                    "class": "o.s.web.servlet.DispatcherServlet",
                    "message": "GET "/api/front/jk/stock-transfer/list?page=1&limit=100", parameters={masked}" }
                    
{
                    "app": "Crmeb",
                    "timestamp":"2026-07-24 09:05:06.654",
                    "level": "DEBUG",
                    "thread": "http-nio-8198-exec-21",
                    "class": "o.s.w.s.m.m.a.RequestMappingHandlerMapping",
                    "message": "Mapped to com.zbkj.front.controller.jiuzhoukang.JkStockTransferController#list(JkTradeDocumentSearchRequest, PageParamRequest)" }
                    
{
                    "app": "Crmeb",
                    "timestamp":"2026-07-24 09:05:06.657",
                    "level": "DEBUG",
                    "thread": "http-nio-8198-exec-20",
                    "class": "o.s.w.s.m.m.a.RequestResponseBodyMethodProcessor",
                    "message": "Using 'application/json', given [*/*] and supported [application/json, application/*+json, application/json, application/*+json, application/cbor]" }
                    
{
                    "app": "Crmeb",
                    "timestamp":"2026-07-24 09:05:06.657",
                    "level": "DEBUG",
                    "thread": "http-nio-8198-exec-20",
                    "class": "o.s.w.s.m.m.a.RequestResponseBodyMethodProcessor",
                    "message": "Writing [com.zbkj.common.result.CommonResult@69bae331]" }
                    
{
                    "app": "Crmeb",
                    "timestamp":"2026-07-24 09:05:06.657",
                    "level": "DEBUG",
                    "thread": "http-nio-8198-exec-20",
                    "class": "o.s.web.servlet.DispatcherServlet",
                    "message": "Completed 200 OK" }
                    
{
                    "app": "Crmeb",
                    "timestamp":"2026-07-24 09:05:06.659",
                    "level": "DEBUG",
                    "thread": "http-nio-8198-exec-22",
                    "class": "o.s.web.servlet.DispatcherServlet",
                    "message": "GET "/api/front/jk/stock-transfer/handle/list?page=1&limit=100", parameters={masked}" }
                    
{
                    "app": "Crmeb",
                    "timestamp":"2026-07-24 09:05:06.661",
                    "level": "DEBUG",
                    "thread": "http-nio-8198-exec-22",
                    "class": "o.s.w.s.m.m.a.RequestMappingHandlerMapping",
                    "message": "Mapped to com.zbkj.front.controller.jiuzhoukang.JkStockTransferController#handleList(JkTradeDocumentSearchRequest, PageParamRequest)" }
                    
{
                    "app": "Crmeb",
                    "timestamp":"2026-07-24 09:05:06.683",
                    "level": "DEBUG",
                    "thread": "http-nio-8198-exec-23",
                    "class": "o.s.w.s.m.m.a.RequestResponseBodyMethodProcessor",
                    "message": "Using 'application/json', given [*/*] and supported [application/json, application/*+json, application/json, application/*+json, application/cbor]" }
                    
{
                    "app": "Crmeb",
                    "timestamp":"2026-07-24 09:05:06.683",
                    "level": "DEBUG",
                    "thread": "http-nio-8198-exec-23",
                    "class": "o.s.w.s.m.m.a.RequestResponseBodyMethodProcessor",
                    "message": "Writing [com.zbkj.common.result.CommonResult@155d8933]" }
                    
{
                    "app": "Crmeb",
                    "timestamp":"2026-07-24 09:05:06.684",
                    "level": "DEBUG",
                    "thread": "http-nio-8198-exec-23",
                    "class": "o.s.web.servlet.DispatcherServlet",
                    "message": "Completed 200 OK" }
                    
{
                    "app": "Crmeb",
                    "timestamp":"2026-07-24 09:05:06.700",
                    "level": "DEBUG",
                    "thread": "http-nio-8198-exec-21",
                    "class": "o.s.w.s.m.m.a.RequestResponseBodyMethodProcessor",
                    "message": "Using 'application/json', given [*/*] and supported [application/json, application/*+json, application/json, application/*+json, application/cbor]" }
                    
{
                    "app": "Crmeb",
                    "timestamp":"2026-07-24 09:05:06.701",
                    "level": "DEBUG",
                    "thread": "http-nio-8198-exec-21",
                    "class": "o.s.w.s.m.m.a.RequestResponseBodyMethodProcessor",
                    "message": "Writing [com.zbkj.common.result.CommonResult@31b5cd76]" }
                    
{
                    "app": "Crmeb",
                    "timestamp":"2026-07-24 09:05:06.701",
                    "level": "DEBUG",
                    "thread": "http-nio-8198-exec-21",
                    "class": "o.s.web.servlet.DispatcherServlet",
                    "message": "Completed 200 OK" }
                    
{
                    "app": "Crmeb",
                    "timestamp":"2026-07-24 09:05:06.704",
                    "level": "DEBUG",
                    "thread": "http-nio-8198-exec-24",
                    "class": "o.s.w.s.m.m.a.RequestResponseBodyMethodProcessor",
                    "message": "Using 'application/json', given [*/*] and supported [application/json, application/*+json, application/json, application/*+json, application/cbor]" }
                    
{
                    "app": "Crmeb",
                    "timestamp":"2026-07-24 09:05:06.705",
                    "level": "DEBUG",
                    "thread": "http-nio-8198-exec-24",
                    "class": "o.s.w.s.m.m.a.RequestResponseBodyMethodProcessor",
                    "message": "Writing [com.zbkj.common.result.CommonResult@e8a6208]" }
                    
{
                    "app": "Crmeb",
                    "timestamp":"2026-07-24 09:05:06.706",
                    "level": "DEBUG",
                    "thread": "http-nio-8198-exec-24",
                    "class": "o.s.web.servlet.DispatcherServlet",
                    "message": "Completed 200 OK" }
                    
{
                    "app": "Crmeb",
                    "timestamp":"2026-07-24 09:05:06.707",
                    "level": "DEBUG",
                    "thread": "http-nio-8198-exec-25",
                    "class": "o.s.w.s.m.m.a.RequestResponseBodyMethodProcessor",
                    "message": "Using 'application/json', given [*/*] and supported [application/json, application/*+json, application/json, application/*+json, application/cbor]" }
                    
{
                    "app": "Crmeb",
                    "timestamp":"2026-07-24 09:05:06.707",
                    "level": "DEBUG",
                    "thread": "http-nio-8198-exec-25",
                    "class": "o.s.w.s.m.m.a.RequestResponseBodyMethodProcessor",
                    "message": "Writing [com.zbkj.common.result.CommonResult@23678745]" }
                    
{
                    "app": "Crmeb",
                    "timestamp":"2026-07-24 09:05:06.707",
                    "level": "DEBUG",
                    "thread": "http-nio-8198-exec-22",
                    "class": "o.s.w.s.m.m.a.RequestResponseBodyMethodProcessor",
                    "message": "Using 'application/json', given [*/*] and supported [application/json, application/*+json, application/json, application/*+json, application/cbor]" }
                    
{
                    "app": "Crmeb",
                    "timestamp":"2026-07-24 09:05:06.707",
                    "level": "DEBUG",
                    "thread": "http-nio-8198-exec-22",
                    "class": "o.s.w.s.m.m.a.RequestResponseBodyMethodProcessor",
                    "message": "Writing [com.zbkj.common.result.CommonResult@3074215]" }
                    
{
                    "app": "Crmeb",
                    "timestamp":"2026-07-24 09:05:06.708",
                    "level": "DEBUG",
                    "thread": "http-nio-8198-exec-25",
                    "class": "o.s.web.servlet.DispatcherServlet",
                    "message": "Completed 200 OK" }
                    
{
                    "app": "Crmeb",
                    "timestamp":"2026-07-24 09:05:06.709",
                    "level": "DEBUG",
                    "thread": "http-nio-8198-exec-22",
                    "class": "o.s.web.servlet.DispatcherServlet",
                    "message": "Completed 200 OK" }
                    
{
                    "app": "Crmeb",
                    "timestamp":"2026-07-24 09:05:17.723",
                    "level": "DEBUG",
                    "thread": "http-nio-8198-exec-26",
                    "class": "o.s.web.servlet.DispatcherServlet",
                    "message": "GET "/api/front/jk/stock-transfer/handle/list?page=1&limit=100&status=", parameters={masked}" }
                    
{
                    "app": "Crmeb",
                    "timestamp":"2026-07-24 09:05:17.723",
                    "level": "DEBUG",
                    "thread": "http-nio-8198-exec-26",
                    "class": "o.s.w.s.m.m.a.RequestMappingHandlerMapping",
                    "message": "Mapped to com.zbkj.front.controller.jiuzhoukang.JkStockTransferController#handleList(JkTradeDocumentSearchRequest, PageParamRequest)" }
                    
{
                    "app": "Crmeb",
                    "timestamp":"2026-07-24 09:05:17.760",
                    "level": "DEBUG",
                    "thread": "http-nio-8198-exec-26",
                    "class": "o.s.w.s.m.m.a.RequestResponseBodyMethodProcessor",
                    "message": "Using 'application/json', given [*/*] and supported [application/json, application/*+json, application/json, application/*+json, application/cbor]" }
                    
{
                    "app": "Crmeb",
                    "timestamp":"2026-07-24 09:05:17.760",
                    "level": "DEBUG",
                    "thread": "http-nio-8198-exec-26",
                    "class": "o.s.w.s.m.m.a.RequestResponseBodyMethodProcessor",
                    "message": "Writing [com.zbkj.common.result.CommonResult@1fe258c4]" }
                    
{
                    "app": "Crmeb",
                    "timestamp":"2026-07-24 09:05:17.764",
                    "level": "DEBUG",
                    "thread": "http-nio-8198-exec-26",
                    "class": "o.s.web.servlet.DispatcherServlet",
                    "message": "Completed 200 OK" }
                    
{
                    "app": "Crmeb",
                    "timestamp":"2026-07-24 09:05:17.765",
                    "level": "DEBUG",
                    "thread": "http-nio-8198-exec-27",
                    "class": "o.s.web.servlet.DispatcherServlet",
                    "message": "GET "/api/front/jk/stock-transfer/handle/list?page=1&limit=100&status=", parameters={masked}" }
                    
{
                    "app": "Crmeb",
                    "timestamp":"2026-07-24 09:05:17.766",
                    "level": "DEBUG",
                    "thread": "http-nio-8198-exec-27",
                    "class": "o.s.w.s.m.m.a.RequestMappingHandlerMapping",
                    "message": "Mapped to com.zbkj.front.controller.jiuzhoukang.JkStockTransferController#handleList(JkTradeDocumentSearchRequest, PageParamRequest)" }
                    
{
                    "app": "Crmeb",
                    "timestamp":"2026-07-24 09:05:17.788",
                    "level": "DEBUG",
                    "thread": "http-nio-8198-exec-27",
                    "class": "o.s.w.s.m.m.a.RequestResponseBodyMethodProcessor",
                    "message": "Using 'application/json', given [*/*] and supported [application/json, application/*+json, application/json, application/*+json, application/cbor]" }
                    
{
                    "app": "Crmeb",
                    "timestamp":"2026-07-24 09:05:17.788",
                    "level": "DEBUG",
                    "thread": "http-nio-8198-exec-27",
                    "class": "o.s.w.s.m.m.a.RequestResponseBodyMethodProcessor",
                    "message": "Writing [com.zbkj.common.result.CommonResult@6c9d9104]" }
                    
{
                    "app": "Crmeb",
                    "timestamp":"2026-07-24 09:05:17.789",
                    "level": "DEBUG",
                    "thread": "http-nio-8198-exec-27",
                    "class": "o.s.web.servlet.DispatcherServlet",
                    "message": "Completed 200 OK" }
                    
{
                    "app": "Crmeb",
                    "timestamp":"2026-07-24 09:05:20.546",
                    "level": "DEBUG",
                    "thread": "http-nio-8198-exec-29",
                    "class": "o.s.web.servlet.DispatcherServlet",
                    "message": "GET "/api/front/jk/stock-transfer/handle/detail/15", parameters={}" }
                    
{
                    "app": "Crmeb",
                    "timestamp":"2026-07-24 09:05:20.546",
                    "level": "DEBUG",
                    "thread": "http-nio-8198-exec-29",
                    "class": "o.s.w.s.m.m.a.RequestMappingHandlerMapping",
                    "message": "Mapped to com.zbkj.front.controller.jiuzhoukang.JkStockTransferController#handleDetail(Long)" }
                    
{
                    "app": "Crmeb",
                    "timestamp":"2026-07-24 09:05:20.580",
                    "level": "DEBUG",
                    "thread": "http-nio-8198-exec-29",
                    "class": "o.s.w.s.m.m.a.RequestResponseBodyMethodProcessor",
                    "message": "Using 'application/json', given [*/*] and supported [application/json, application/*+json, application/json, application/*+json, application/cbor]" }
                    
{
                    "app": "Crmeb",
                    "timestamp":"2026-07-24 09:05:20.580",
                    "level": "DEBUG",
                    "thread": "http-nio-8198-exec-29",
                    "class": "o.s.w.s.m.m.a.RequestResponseBodyMethodProcessor",
                    "message": "Writing [com.zbkj.common.result.CommonResult@4c951833]" }
                    
{
                    "app": "Crmeb",
                    "timestamp":"2026-07-24 09:05:20.581",
                    "level": "DEBUG",
                    "thread": "http-nio-8198-exec-29",
                    "class": "o.s.web.servlet.DispatcherServlet",
                    "message": "Completed 200 OK" }
                    
{
                    "app": "Crmeb",
                    "timestamp":"2026-07-24 09:05:20.583",
                    "level": "DEBUG",
                    "thread": "http-nio-8198-exec-28",
                    "class": "o.s.web.servlet.DispatcherServlet",
                    "message": "GET "/api/front/jk/stock-transfer/handle/detail/15", parameters={}" }
                    
{
                    "app": "Crmeb",
                    "timestamp":"2026-07-24 09:05:20.584",
                    "level": "DEBUG",
                    "thread": "http-nio-8198-exec-28",
                    "class": "o.s.w.s.m.m.a.RequestMappingHandlerMapping",
                    "message": "Mapped to com.zbkj.front.controller.jiuzhoukang.JkStockTransferController#handleDetail(Long)" }
                    
{
                    "app": "Crmeb",
                    "timestamp":"2026-07-24 09:05:20.602",
                    "level": "DEBUG",
                    "thread": "http-nio-8198-exec-28",
                    "class": "o.s.w.s.m.m.a.RequestResponseBodyMethodProcessor",
                    "message": "Using 'application/json', given [*/*] and supported [application/json, application/*+json, application/json, application/*+json, application/cbor]" }
                    
{
                    "app": "Crmeb",
                    "timestamp":"2026-07-24 09:05:20.602",
                    "level": "DEBUG",
                    "thread": "http-nio-8198-exec-28",
                    "class": "o.s.w.s.m.m.a.RequestResponseBodyMethodProcessor",
                    "message": "Writing [com.zbkj.common.result.CommonResult@2f33c983]" }
                    
{
                    "app": "Crmeb",
                    "timestamp":"2026-07-24 09:05:20.602",
                    "level": "DEBUG",
                    "thread": "http-nio-8198-exec-28",
                    "class": "o.s.web.servlet.DispatcherServlet",
                    "message": "Completed 200 OK" }
                    
{
                    "app": "Crmeb",
                    "timestamp":"2026-07-24 09:05:27.931",
                    "level": "DEBUG",
                    "thread": "http-nio-8198-exec-30",
                    "class": "o.s.web.servlet.DispatcherServlet",
                    "message": "GET "/api/front/jk/stock-transfer/handle/list?page=1&limit=100&status=", parameters={masked}" }
                    
{
                    "app": "Crmeb",
                    "timestamp":"2026-07-24 09:05:27.933",
                    "level": "DEBUG",
                    "thread": "http-nio-8198-exec-30",
                    "class": "o.s.w.s.m.m.a.RequestMappingHandlerMapping",
                    "message": "Mapped to com.zbkj.front.controller.jiuzhoukang.JkStockTransferController#handleList(JkTradeDocumentSearchRequest, PageParamRequest)" }
                    
{
                    "app": "Crmeb",
                    "timestamp":"2026-07-24 09:05:27.958",
                    "level": "DEBUG",
                    "thread": "http-nio-8198-exec-30",
                    "class": "o.s.w.s.m.m.a.RequestResponseBodyMethodProcessor",
                    "message": "Using 'application/json', given [*/*] and supported [application/json, application/*+json, application/json, application/*+json, application/cbor]" }
                    
{
                    "app": "Crmeb",
                    "timestamp":"2026-07-24 09:05:27.958",
                    "level": "DEBUG",
                    "thread": "http-nio-8198-exec-30",
                    "class": "o.s.w.s.m.m.a.RequestResponseBodyMethodProcessor",
                    "message": "Writing [com.zbkj.common.result.CommonResult@1a4645b6]" }
                    
{
                    "app": "Crmeb",
                    "timestamp":"2026-07-24 09:05:27.958",
                    "level": "DEBUG",
                    "thread": "http-nio-8198-exec-30",
                    "class": "o.s.web.servlet.DispatcherServlet",
                    "message": "Completed 200 OK" }
                    
{
                    "app": "Crmeb",
                    "timestamp":"2026-07-24 09:05:29.026",
                    "level": "DEBUG",
                    "thread": "http-nio-8198-exec-1",
                    "class": "o.s.web.servlet.DispatcherServlet",
                    "message": "GET "/api/front/jk/permission/context", parameters={}" }
                    
{
                    "app": "Crmeb",
                    "timestamp":"2026-07-24 09:05:29.026",
                    "level": "DEBUG",
                    "thread": "http-nio-8198-exec-1",
                    "class": "o.s.w.s.m.m.a.RequestMappingHandlerMapping",
                    "message": "Mapped to com.zbkj.front.controller.jiuzhoukang.JkPermissionController#context(HttpServletRequest)" }
                    
{
                    "app": "Crmeb",
                    "timestamp":"2026-07-24 09:05:29.030",
                    "level": "DEBUG",
                    "thread": "http-nio-8198-exec-3",
                    "class": "o.s.web.servlet.DispatcherServlet",
                    "message": "GET "/api/front/jk/stock/my", parameters={}" }
                    
{
                    "app": "Crmeb",
                    "timestamp":"2026-07-24 09:05:29.030",
                    "level": "DEBUG",
                    "thread": "http-nio-8198-exec-3",
                    "class": "o.s.w.s.m.m.a.RequestMappingHandlerMapping",
                    "message": "Mapped to com.zbkj.front.controller.jiuzhoukang.JkStockController#my()" }
                    
{
                    "app": "Crmeb",
                    "timestamp":"2026-07-24 09:05:29.031",
                    "level": "DEBUG",
                    "thread": "http-nio-8198-exec-2",
                    "class": "o.s.web.servlet.DispatcherServlet",
                    "message": "GET "/api/front/jk/commission/summary", parameters={}" }
                    
{
                    "app": "Crmeb",
                    "timestamp":"2026-07-24 09:05:29.031",
                    "level": "DEBUG",
                    "thread": "http-nio-8198-exec-2",
                    "class": "o.s.w.s.m.m.a.RequestMappingHandlerMapping",
                    "message": "Mapped to com.zbkj.front.controller.jiuzhoukang.JkCommissionController#summary()" }
                    
{
                    "app": "Crmeb",
                    "timestamp":"2026-07-24 09:05:29.032",
                    "level": "DEBUG",
                    "thread": "http-nio-8198-exec-5",
                    "class": "o.s.web.servlet.DispatcherServlet",
                    "message": "GET "/api/front/jk/platform-order/list?page=1&limit=100", parameters={masked}" }
                    
{
                    "app": "Crmeb",
                    "timestamp":"2026-07-24 09:05:29.032",
                    "level": "DEBUG",
                    "thread": "http-nio-8198-exec-5",
                    "class": "o.s.w.s.m.m.a.RequestMappingHandlerMapping",
                    "message": "Mapped to com.zbkj.front.controller.jiuzhoukang.JkPlatformOrderController#list(JkTradeDocumentSearchRequest, PageParamRequest)" }
                    
{
                    "app": "Crmeb",
                    "timestamp":"2026-07-24 09:05:29.037",
                    "level": "DEBUG",
                    "thread": "http-nio-8198-exec-4",
                    "class": "o.s.web.servlet.DispatcherServlet",
                    "message": "GET "/api/front/jk/stock-transfer/list?page=1&limit=100", parameters={masked}" }
                    
{
                    "app": "Crmeb",
                    "timestamp":"2026-07-24 09:05:29.037",
                    "level": "DEBUG",
                    "thread": "http-nio-8198-exec-4",
                    "class": "o.s.w.s.m.m.a.RequestMappingHandlerMapping",
                    "message": "Mapped to com.zbkj.front.controller.jiuzhoukang.JkStockTransferController#list(JkTradeDocumentSearchRequest, PageParamRequest)" }
                    
{
                    "app": "Crmeb",
                    "timestamp":"2026-07-24 09:05:29.041",
                    "level": "DEBUG",
                    "thread": "http-nio-8198-exec-9",
                    "class": "o.s.web.servlet.DispatcherServlet",
                    "message": "GET "/api/front/jk/stock-transfer/handle/list?page=1&limit=100", parameters={masked}" }
                    
{
                    "app": "Crmeb",
                    "timestamp":"2026-07-24 09:05:29.041",
                    "level": "DEBUG",
                    "thread": "http-nio-8198-exec-9",
                    "class": "o.s.w.s.m.m.a.RequestMappingHandlerMapping",
                    "message": "Mapped to com.zbkj.front.controller.jiuzhoukang.JkStockTransferController#handleList(JkTradeDocumentSearchRequest, PageParamRequest)" }
                    
{
                    "app": "Crmeb",
                    "timestamp":"2026-07-24 09:05:29.041",
                    "level": "DEBUG",
                    "thread": "http-nio-8198-exec-1",
                    "class": "o.s.w.s.m.m.a.RequestResponseBodyMethodProcessor",
                    "message": "Using 'application/json', given [*/*] and supported [application/json, application/*+json, application/json, application/*+json, application/cbor]" }
                    
{
                    "app": "Crmeb",
                    "timestamp":"2026-07-24 09:05:29.041",
                    "level": "DEBUG",
                    "thread": "http-nio-8198-exec-1",
                    "class": "o.s.w.s.m.m.a.RequestResponseBodyMethodProcessor",
                    "message": "Writing [com.zbkj.common.result.CommonResult@9a2ca71]" }
                    
{
                    "app": "Crmeb",
                    "timestamp":"2026-07-24 09:05:29.041",
                    "level": "DEBUG",
                    "thread": "http-nio-8198-exec-1",
                    "class": "o.s.web.servlet.DispatcherServlet",
                    "message": "Completed 200 OK" }
                    
{
                    "app": "Crmeb",
                    "timestamp":"2026-07-24 09:05:29.045",
                    "level": "DEBUG",
                    "thread": "http-nio-8198-exec-4",
                    "class": "o.s.w.s.m.m.a.RequestResponseBodyMethodProcessor",
                    "message": "Using 'application/json', given [*/*] and supported [application/json, application/*+json, application/json, application/*+json, application/cbor]" }
                    
{
                    "app": "Crmeb",
                    "timestamp":"2026-07-24 09:05:29.046",
                    "level": "DEBUG",
                    "thread": "http-nio-8198-exec-4",
                    "class": "o.s.w.s.m.m.a.RequestResponseBodyMethodProcessor",
                    "message": "Writing [com.zbkj.common.result.CommonResult@35b55090]" }
                    
{
                    "app": "Crmeb",
                    "timestamp":"2026-07-24 09:05:29.046",
                    "level": "DEBUG",
                    "thread": "http-nio-8198-exec-4",
                    "class": "o.s.web.servlet.DispatcherServlet",
                    "message": "Completed 200 OK" }
                    
{
                    "app": "Crmeb",
                    "timestamp":"2026-07-24 09:05:29.046",
                    "level": "DEBUG",
                    "thread": "http-nio-8198-exec-2",
                    "class": "o.s.w.s.m.m.a.RequestResponseBodyMethodProcessor",
                    "message": "Using 'application/json', given [*/*] and supported [application/json, application/*+json, application/json, application/*+json, application/cbor]" }
                    
{
                    "app": "Crmeb",
                    "timestamp":"2026-07-24 09:05:29.046",
                    "level": "DEBUG",
                    "thread": "http-nio-8198-exec-2",
                    "class": "o.s.w.s.m.m.a.RequestResponseBodyMethodProcessor",
                    "message": "Writing [com.zbkj.common.result.CommonResult@5d46feb1]" }
                    
{
                    "app": "Crmeb",
                    "timestamp":"2026-07-24 09:05:29.046",
                    "level": "DEBUG",
                    "thread": "http-nio-8198-exec-2",
                    "class": "o.s.web.servlet.DispatcherServlet",
                    "message": "Completed 200 OK" }
                    
{
                    "app": "Crmeb",
                    "timestamp":"2026-07-24 09:05:29.051",
                    "level": "DEBUG",
                    "thread": "http-nio-8198-exec-5",
                    "class": "o.s.w.s.m.m.a.RequestResponseBodyMethodProcessor",
                    "message": "Using 'application/json', given [*/*] and supported [application/json, application/*+json, application/json, application/*+json, application/cbor]" }
                    
{
                    "app": "Crmeb",
                    "timestamp":"2026-07-24 09:05:29.051",
                    "level": "DEBUG",
                    "thread": "http-nio-8198-exec-5",
                    "class": "o.s.w.s.m.m.a.RequestResponseBodyMethodProcessor",
                    "message": "Writing [com.zbkj.common.result.CommonResult@59b610a2]" }
                    
{
                    "app": "Crmeb",
                    "timestamp":"2026-07-24 09:05:29.051",
                    "level": "DEBUG",
                    "thread": "http-nio-8198-exec-5",
                    "class": "o.s.web.servlet.DispatcherServlet",
                    "message": "Completed 200 OK" }
                    
{
                    "app": "Crmeb",
                    "timestamp":"2026-07-24 09:05:29.063",
                    "level": "DEBUG",
                    "thread": "http-nio-8198-exec-3",
                    "class": "o.s.w.s.m.m.a.RequestResponseBodyMethodProcessor",
                    "message": "Using 'application/json', given [*/*] and supported [application/json, application/*+json, application/json, application/*+json, application/cbor]" }
                    
{
                    "app": "Crmeb",
                    "timestamp":"2026-07-24 09:05:29.063",
                    "level": "DEBUG",
                    "thread": "http-nio-8198-exec-3",
                    "class": "o.s.w.s.m.m.a.RequestResponseBodyMethodProcessor",
                    "message": "Writing [com.zbkj.common.result.CommonResult@4351f6a2]" }
                    
{
                    "app": "Crmeb",
                    "timestamp":"2026-07-24 09:05:29.063",
                    "level": "DEBUG",
                    "thread": "http-nio-8198-exec-3",
                    "class": "o.s.web.servlet.DispatcherServlet",
                    "message": "Completed 200 OK" }
                    
{
                    "app": "Crmeb",
                    "timestamp":"2026-07-24 09:05:29.069",
                    "level": "DEBUG",
                    "thread": "http-nio-8198-exec-9",
                    "class": "o.s.w.s.m.m.a.RequestResponseBodyMethodProcessor",
                    "message": "Using 'application/json', given [*/*] and supported [application/json, application/*+json, application/json, application/*+json, application/cbor]" }
                    
{
                    "app": "Crmeb",
                    "timestamp":"2026-07-24 09:05:29.070",
                    "level": "DEBUG",
                    "thread": "http-nio-8198-exec-9",
                    "class": "o.s.w.s.m.m.a.RequestResponseBodyMethodProcessor",
                    "message": "Writing [com.zbkj.common.result.CommonResult@205bf6cc]" }
                    
{
                    "app": "Crmeb",
                    "timestamp":"2026-07-24 09:05:29.070",
                    "level": "DEBUG",
                    "thread": "http-nio-8198-exec-9",
                    "class": "o.s.web.servlet.DispatcherServlet",
                    "message": "Completed 200 OK" }
                    
{
                    "app": "Crmeb",
                    "timestamp":"2026-07-24 09:05:33.258",
                    "level": "DEBUG",
                    "thread": "http-nio-8198-exec-7",
                    "class": "o.s.web.servlet.DispatcherServlet",
                    "message": "GET "/api/front/jk/stock/my", parameters={}" }
                    
{
                    "app": "Crmeb",
                    "timestamp":"2026-07-24 09:05:33.258",
                    "level": "DEBUG",
                    "thread": "http-nio-8198-exec-7",
                    "class": "o.s.w.s.m.m.a.RequestMappingHandlerMapping",
                    "message": "Mapped to com.zbkj.front.controller.jiuzhoukang.JkStockController#my()" }
                    
{
                    "app": "Crmeb",
                    "timestamp":"2026-07-24 09:05:33.261",
                    "level": "DEBUG",
                    "thread": "http-nio-8198-exec-8",
                    "class": "o.s.web.servlet.DispatcherServlet",
                    "message": "GET "/api/front/jk/permission/context", parameters={}" }
                    
{
                    "app": "Crmeb",
                    "timestamp":"2026-07-24 09:05:33.261",
                    "level": "DEBUG",
                    "thread": "http-nio-8198-exec-8",
                    "class": "o.s.w.s.m.m.a.RequestMappingHandlerMapping",
                    "message": "Mapped to com.zbkj.front.controller.jiuzhoukang.JkPermissionController#context(HttpServletRequest)" }
                    
{
                    "app": "Crmeb",
                    "timestamp":"2026-07-24 09:05:33.270",
                    "level": "DEBUG",
                    "thread": "http-nio-8198-exec-8",
                    "class": "o.s.w.s.m.m.a.RequestResponseBodyMethodProcessor",
                    "message": "Using 'application/json', given [*/*] and supported [application/json, application/*+json, application/json, application/*+json, application/cbor]" }
                    
{
                    "app": "Crmeb",
                    "timestamp":"2026-07-24 09:05:33.270",
                    "level": "DEBUG",
                    "thread": "http-nio-8198-exec-8",
                    "class": "o.s.w.s.m.m.a.RequestResponseBodyMethodProcessor",
                    "message": "Writing [com.zbkj.common.result.CommonResult@2e1e894]" }
                    
{
                    "app": "Crmeb",
                    "timestamp":"2026-07-24 09:05:33.270",
                    "level": "DEBUG",
                    "thread": "http-nio-8198-exec-8",
                    "class": "o.s.web.servlet.DispatcherServlet",
                    "message": "Completed 200 OK" }
                    
{
                    "app": "Crmeb",
                    "timestamp":"2026-07-24 09:05:33.275",
                    "level": "DEBUG",
                    "thread": "http-nio-8198-exec-7",
                    "class": "o.s.w.s.m.m.a.RequestResponseBodyMethodProcessor",
                    "message": "Using 'application/json', given [*/*] and supported [application/json, application/*+json, application/json, application/*+json, application/cbor]" }
                    
{
                    "app": "Crmeb",
                    "timestamp":"2026-07-24 09:05:33.275",
                    "level": "DEBUG",
                    "thread": "http-nio-8198-exec-7",
                    "class": "o.s.w.s.m.m.a.RequestResponseBodyMethodProcessor",
                    "message": "Writing [com.zbkj.common.result.CommonResult@13bd5e69]" }
                    
{
                    "app": "Crmeb",
                    "timestamp":"2026-07-24 09:05:33.276",
                    "level": "DEBUG",
                    "thread": "http-nio-8198-exec-7",
                    "class": "o.s.web.servlet.DispatcherServlet",
                    "message": "Completed 200 OK" }
                    
{
                    "app": "Crmeb",
                    "timestamp":"2026-07-24 09:05:42.085",
                    "level": "DEBUG",
                    "thread": "http-nio-8198-exec-6",
                    "class": "o.s.web.servlet.DispatcherServlet",
                    "message": "GET "/api/front/jk/permission/context", parameters={}" }
                    
{
                    "app": "Crmeb",
                    "timestamp":"2026-07-24 09:05:42.085",
                    "level": "DEBUG",
                    "thread": "http-nio-8198-exec-6",
                    "class": "o.s.w.s.m.m.a.RequestMappingHandlerMapping",
                    "message": "Mapped to com.zbkj.front.controller.jiuzhoukang.JkPermissionController#context(HttpServletRequest)" }
                    
{
                    "app": "Crmeb",
                    "timestamp":"2026-07-24 09:05:42.089",
                    "level": "DEBUG",
                    "thread": "http-nio-8198-exec-10",
                    "class": "o.s.web.servlet.DispatcherServlet",
                    "message": "GET "/api/front/jk/stock/my", parameters={}" }
                    
{
                    "app": "Crmeb",
                    "timestamp":"2026-07-24 09:05:42.089",
                    "level": "DEBUG",
                    "thread": "http-nio-8198-exec-10",
                    "class": "o.s.w.s.m.m.a.RequestMappingHandlerMapping",
                    "message": "Mapped to com.zbkj.front.controller.jiuzhoukang.JkStockController#my()" }
                    
{
                    "app": "Crmeb",
                    "timestamp":"2026-07-24 09:05:42.091",
                    "level": "DEBUG",
                    "thread": "http-nio-8198-exec-11",
                    "class": "o.s.web.servlet.DispatcherServlet",
                    "message": "GET "/api/front/jk/commission/summary", parameters={}" }
                    
{
                    "app": "Crmeb",
                    "timestamp":"2026-07-24 09:05:42.091",
                    "level": "DEBUG",
                    "thread": "http-nio-8198-exec-11",
                    "class": "o.s.w.s.m.m.a.RequestMappingHandlerMapping",
                    "message": "Mapped to com.zbkj.front.controller.jiuzhoukang.JkCommissionController#summary()" }
                    
{
                    "app": "Crmeb",
                    "timestamp":"2026-07-24 09:05:42.096",
                    "level": "DEBUG",
                    "thread": "http-nio-8198-exec-6",
                    "class": "o.s.w.s.m.m.a.RequestResponseBodyMethodProcessor",
                    "message": "Using 'application/json', given [*/*] and supported [application/json, application/*+json, application/json, application/*+json, application/cbor]" }
                    
{
                    "app": "Crmeb",
                    "timestamp":"2026-07-24 09:05:42.096",
                    "level": "DEBUG",
                    "thread": "http-nio-8198-exec-6",
                    "class": "o.s.w.s.m.m.a.RequestResponseBodyMethodProcessor",
                    "message": "Writing [com.zbkj.common.result.CommonResult@5b9f3067]" }
                    
{
                    "app": "Crmeb",
                    "timestamp":"2026-07-24 09:05:42.096",
                    "level": "DEBUG",
                    "thread": "http-nio-8198-exec-6",
                    "class": "o.s.web.servlet.DispatcherServlet",
                    "message": "Completed 200 OK" }
                    
{
                    "app": "Crmeb",
                    "timestamp":"2026-07-24 09:05:42.096",
                    "level": "DEBUG",
                    "thread": "http-nio-8198-exec-13",
                    "class": "o.s.web.servlet.DispatcherServlet",
                    "message": "GET "/api/front/jk/platform-order/list?page=1&limit=100", parameters={masked}" }
                    
{
                    "app": "Crmeb",
                    "timestamp":"2026-07-24 09:05:42.096",
                    "level": "DEBUG",
                    "thread": "http-nio-8198-exec-13",
                    "class": "o.s.w.s.m.m.a.RequestMappingHandlerMapping",
                    "message": "Mapped to com.zbkj.front.controller.jiuzhoukang.JkPlatformOrderController#list(JkTradeDocumentSearchRequest, PageParamRequest)" }
                    
{
                    "app": "Crmeb",
                    "timestamp":"2026-07-24 09:05:42.103",
                    "level": "DEBUG",
                    "thread": "http-nio-8198-exec-14",
                    "class": "o.s.web.servlet.DispatcherServlet",
                    "message": "GET "/api/front/jk/stock-transfer/list?page=1&limit=100", parameters={masked}" }
                    
{
                    "app": "Crmeb",
                    "timestamp":"2026-07-24 09:05:42.103",
                    "level": "DEBUG",
                    "thread": "http-nio-8198-exec-14",
                    "class": "o.s.w.s.m.m.a.RequestMappingHandlerMapping",
                    "message": "Mapped to com.zbkj.front.controller.jiuzhoukang.JkStockTransferController#list(JkTradeDocumentSearchRequest, PageParamRequest)" }
                    
{
                    "app": "Crmeb",
                    "timestamp":"2026-07-24 09:05:42.106",
                    "level": "DEBUG",
                    "thread": "http-nio-8198-exec-11",
                    "class": "o.s.w.s.m.m.a.RequestResponseBodyMethodProcessor",
                    "message": "Using 'application/json', given [*/*] and supported [application/json, application/*+json, application/json, application/*+json, application/cbor]" }
                    
{
                    "app": "Crmeb",
                    "timestamp":"2026-07-24 09:05:42.106",
                    "level": "DEBUG",
                    "thread": "http-nio-8198-exec-11",
                    "class": "o.s.w.s.m.m.a.RequestResponseBodyMethodProcessor",
                    "message": "Writing [com.zbkj.common.result.CommonResult@772635aa]" }
                    
{
                    "app": "Crmeb",
                    "timestamp":"2026-07-24 09:05:42.106",
                    "level": "DEBUG",
                    "thread": "http-nio-8198-exec-11",
                    "class": "o.s.web.servlet.DispatcherServlet",
                    "message": "Completed 200 OK" }
                    
{
                    "app": "Crmeb",
                    "timestamp":"2026-07-24 09:05:42.108",
                    "level": "DEBUG",
                    "thread": "http-nio-8198-exec-12",
                    "class": "o.s.web.servlet.DispatcherServlet",
                    "message": "GET "/api/front/jk/stock-transfer/handle/list?page=1&limit=100", parameters={masked}" }
                    
{
                    "app": "Crmeb",
                    "timestamp":"2026-07-24 09:05:42.108",
                    "level": "DEBUG",
                    "thread": "http-nio-8198-exec-12",
                    "class": "o.s.w.s.m.m.a.RequestMappingHandlerMapping",
                    "message": "Mapped to com.zbkj.front.controller.jiuzhoukang.JkStockTransferController#handleList(JkTradeDocumentSearchRequest, PageParamRequest)" }
                    
{
                    "app": "Crmeb",
                    "timestamp":"2026-07-24 09:05:42.112",
                    "level": "DEBUG",
                    "thread": "http-nio-8198-exec-14",
                    "class": "o.s.w.s.m.m.a.RequestResponseBodyMethodProcessor",
                    "message": "Using 'application/json', given [*/*] and supported [application/json, application/*+json, application/json, application/*+json, application/cbor]" }
                    
{
                    "app": "Crmeb",
                    "timestamp":"2026-07-24 09:05:42.112",
                    "level": "DEBUG",
                    "thread": "http-nio-8198-exec-14",
                    "class": "o.s.w.s.m.m.a.RequestResponseBodyMethodProcessor",
                    "message": "Writing [com.zbkj.common.result.CommonResult@7d87f87a]" }
                    
{
                    "app": "Crmeb",
                    "timestamp":"2026-07-24 09:05:42.112",
                    "level": "DEBUG",
                    "thread": "http-nio-8198-exec-10",
                    "class": "o.s.w.s.m.m.a.RequestResponseBodyMethodProcessor",
                    "message": "Using 'application/json', given [*/*] and supported [application/json, application/*+json, application/json, application/*+json, application/cbor]" }
                    
{
                    "app": "Crmeb",
                    "timestamp":"2026-07-24 09:05:42.112",
                    "level": "DEBUG",
                    "thread": "http-nio-8198-exec-10",
                    "class": "o.s.w.s.m.m.a.RequestResponseBodyMethodProcessor",
                    "message": "Writing [com.zbkj.common.result.CommonResult@18d0084f]" }
                    
{
                    "app": "Crmeb",
                    "timestamp":"2026-07-24 09:05:42.112",
                    "level": "DEBUG",
                    "thread": "http-nio-8198-exec-14",
                    "class": "o.s.web.servlet.DispatcherServlet",
                    "message": "Completed 200 OK" }
                    
{
                    "app": "Crmeb",
                    "timestamp":"2026-07-24 09:05:42.113",
                    "level": "DEBUG",
                    "thread": "http-nio-8198-exec-10",
                    "class": "o.s.web.servlet.DispatcherServlet",
                    "message": "Completed 200 OK" }
                    
{
                    "app": "Crmeb",
                    "timestamp":"2026-07-24 09:05:42.115",
                    "level": "DEBUG",
                    "thread": "http-nio-8198-exec-13",
                    "class": "o.s.w.s.m.m.a.RequestResponseBodyMethodProcessor",
                    "message": "Using 'application/json', given [*/*] and supported [application/json, application/*+json, application/json, application/*+json, application/cbor]" }
                    
{
                    "app": "Crmeb",
                    "timestamp":"2026-07-24 09:05:42.115",
                    "level": "DEBUG",
                    "thread": "http-nio-8198-exec-13",
                    "class": "o.s.w.s.m.m.a.RequestResponseBodyMethodProcessor",
                    "message": "Writing [com.zbkj.common.result.CommonResult@7cef2055]" }
                    
{
                    "app": "Crmeb",
                    "timestamp":"2026-07-24 09:05:42.116",
                    "level": "DEBUG",
                    "thread": "http-nio-8198-exec-13",
                    "class": "o.s.web.servlet.DispatcherServlet",
                    "message": "Completed 200 OK" }
                    
{
                    "app": "Crmeb",
                    "timestamp":"2026-07-24 09:05:42.134",
                    "level": "DEBUG",
                    "thread": "http-nio-8198-exec-12",
                    "class": "o.s.w.s.m.m.a.RequestResponseBodyMethodProcessor",
                    "message": "Using 'application/json', given [*/*] and supported [application/json, application/*+json, application/json, application/*+json, application/cbor]" }
                    
{
                    "app": "Crmeb",
                    "timestamp":"2026-07-24 09:05:42.134",
                    "level": "DEBUG",
                    "thread": "http-nio-8198-exec-12",
                    "class": "o.s.w.s.m.m.a.RequestResponseBodyMethodProcessor",
                    "message": "Writing [com.zbkj.common.result.CommonResult@6a8a96ac]" }
                    
{
                    "app": "Crmeb",
                    "timestamp":"2026-07-24 09:05:42.134",
                    "level": "DEBUG",
                    "thread": "http-nio-8198-exec-12",
                    "class": "o.s.web.servlet.DispatcherServlet",
                    "message": "Completed 200 OK" }
                    
{
                    "app": "Crmeb",
                    "timestamp":"2026-07-24 09:05:44.833",
                    "level": "DEBUG",
                    "thread": "http-nio-8198-exec-16",
                    "class": "o.s.web.servlet.DispatcherServlet",
                    "message": "GET "/api/front/jk/platform-order/list?page=1&limit=100&status=", parameters={masked}" }
                    
{
                    "app": "Crmeb",
                    "timestamp":"2026-07-24 09:05:44.833",
                    "level": "DEBUG",
                    "thread": "http-nio-8198-exec-16",
                    "class": "o.s.w.s.m.m.a.RequestMappingHandlerMapping",
                    "message": "Mapped to com.zbkj.front.controller.jiuzhoukang.JkPlatformOrderController#list(JkTradeDocumentSearchRequest, PageParamRequest)" }
                    
{
                    "app": "Crmeb",
                    "timestamp":"2026-07-24 09:05:44.851",
                    "level": "DEBUG",
                    "thread": "http-nio-8198-exec-16",
                    "class": "o.s.w.s.m.m.a.RequestResponseBodyMethodProcessor",
                    "message": "Using 'application/json', given [*/*] and supported [application/json, application/*+json, application/json, application/*+json, application/cbor]" }
                    
{
                    "app": "Crmeb",
                    "timestamp":"2026-07-24 09:05:44.851",
                    "level": "DEBUG",
                    "thread": "http-nio-8198-exec-16",
                    "class": "o.s.w.s.m.m.a.RequestResponseBodyMethodProcessor",
                    "message": "Writing [com.zbkj.common.result.CommonResult@4e0b5805]" }
                    
{
                    "app": "Crmeb",
                    "timestamp":"2026-07-24 09:05:44.852",
                    "level": "DEBUG",
                    "thread": "http-nio-8198-exec-16",
                    "class": "o.s.web.servlet.DispatcherServlet",
                    "message": "Completed 200 OK" }
                    
{
                    "app": "Crmeb",
                    "timestamp":"2026-07-24 09:05:44.853",
                    "level": "DEBUG",
                    "thread": "http-nio-8198-exec-15",
                    "class": "o.s.web.servlet.DispatcherServlet",
                    "message": "GET "/api/front/jk/platform-order/list?page=1&limit=100&status=", parameters={masked}" }
                    
{
                    "app": "Crmeb",
                    "timestamp":"2026-07-24 09:05:44.854",
                    "level": "DEBUG",
                    "thread": "http-nio-8198-exec-15",
                    "class": "o.s.w.s.m.m.a.RequestMappingHandlerMapping",
                    "message": "Mapped to com.zbkj.front.controller.jiuzhoukang.JkPlatformOrderController#list(JkTradeDocumentSearchRequest, PageParamRequest)" }
                    
{
                    "app": "Crmeb",
                    "timestamp":"2026-07-24 09:05:44.866",
                    "level": "DEBUG",
                    "thread": "http-nio-8198-exec-15",
                    "class": "o.s.w.s.m.m.a.RequestResponseBodyMethodProcessor",
                    "message": "Using 'application/json', given [*/*] and supported [application/json, application/*+json, application/json, application/*+json, application/cbor]" }
                    
{
                    "app": "Crmeb",
                    "timestamp":"2026-07-24 09:05:44.867",
                    "level": "DEBUG",
                    "thread": "http-nio-8198-exec-15",
                    "class": "o.s.w.s.m.m.a.RequestResponseBodyMethodProcessor",
                    "message": "Writing [com.zbkj.common.result.CommonResult@3bd4312a]" }
                    
{
                    "app": "Crmeb",
                    "timestamp":"2026-07-24 09:05:44.867",
                    "level": "DEBUG",
                    "thread": "http-nio-8198-exec-15",
                    "class": "o.s.web.servlet.DispatcherServlet",
                    "message": "Completed 200 OK" }
                    
{
                    "app": "Crmeb",
                    "timestamp":"2026-07-24 09:05:49.179",
                    "level": "DEBUG",
                    "thread": "http-nio-8198-exec-17",
                    "class": "o.s.web.servlet.DispatcherServlet",
                    "message": "GET "/api/front/jk/product/catalog?keyword=", parameters={masked}" }
                    
{
                    "app": "Crmeb",
                    "timestamp":"2026-07-24 09:05:49.179",
                    "level": "DEBUG",
                    "thread": "http-nio-8198-exec-17",
                    "class": "o.s.w.s.m.m.a.RequestMappingHandlerMapping",
                    "message": "Mapped to com.zbkj.front.controller.jiuzhoukang.JkProductTradeViewController#catalog(String)" }
                    
{
                    "app": "Crmeb",
                    "timestamp":"2026-07-24 09:05:49.301",
                    "level": "DEBUG",
                    "thread": "http-nio-8198-exec-17",
                    "class": "o.s.w.s.m.m.a.RequestResponseBodyMethodProcessor",
                    "message": "Using 'application/json', given [*/*] and supported [application/json, application/*+json, application/json, application/*+json, application/cbor]" }
                    
{
                    "app": "Crmeb",
                    "timestamp":"2026-07-24 09:05:49.301",
                    "level": "DEBUG",
                    "thread": "http-nio-8198-exec-17",
                    "class": "o.s.w.s.m.m.a.RequestResponseBodyMethodProcessor",
                    "message": "Writing [com.zbkj.common.result.CommonResult@100840e1]" }
                    
{
                    "app": "Crmeb",
                    "timestamp":"2026-07-24 09:05:49.303",
                    "level": "DEBUG",
                    "thread": "http-nio-8198-exec-17",
                    "class": "o.s.web.servlet.DispatcherServlet",
                    "message": "Completed 200 OK" }
                    
{
                    "app": "Crmeb",
                    "timestamp":"2026-07-24 09:06:01.904",
                    "level": "DEBUG",
                    "thread": "http-nio-8198-exec-18",
                    "class": "o.s.web.servlet.DispatcherServlet",
                    "message": "GET "/api/front/jk/platform-order/list?page=1&limit=100&status=", parameters={masked}" }
                    
{
                    "app": "Crmeb",
                    "timestamp":"2026-07-24 09:06:01.904",
                    "level": "DEBUG",
                    "thread": "http-nio-8198-exec-18",
                    "class": "o.s.w.s.m.m.a.RequestMappingHandlerMapping",
                    "message": "Mapped to com.zbkj.front.controller.jiuzhoukang.JkPlatformOrderController#list(JkTradeDocumentSearchRequest, PageParamRequest)" }
                    
{
                    "app": "Crmeb",
                    "timestamp":"2026-07-24 09:06:01.920",
                    "level": "DEBUG",
                    "thread": "http-nio-8198-exec-18",
                    "class": "o.s.w.s.m.m.a.RequestResponseBodyMethodProcessor",
                    "message": "Using 'application/json', given [*/*] and supported [application/json, application/*+json, application/json, application/*+json, application/cbor]" }
                    
{
                    "app": "Crmeb",
                    "timestamp":"2026-07-24 09:06:01.920",
                    "level": "DEBUG",
                    "thread": "http-nio-8198-exec-18",
                    "class": "o.s.w.s.m.m.a.RequestResponseBodyMethodProcessor",
                    "message": "Writing [com.zbkj.common.result.CommonResult@27b92361]" }
                    
{
                    "app": "Crmeb",
                    "timestamp":"2026-07-24 09:06:01.922",
                    "level": "DEBUG",
                    "thread": "http-nio-8198-exec-18",
                    "class": "o.s.web.servlet.DispatcherServlet",
                    "message": "Completed 200 OK" }
                    
{
                    "app": "Crmeb",
                    "timestamp":"2026-07-24 09:06:03.778",
                    "level": "DEBUG",
                    "thread": "http-nio-8198-exec-19",
                    "class": "o.s.web.servlet.DispatcherServlet",
                    "message": "GET "/api/front/jk/permission/context", parameters={}" }
                    
{
                    "app": "Crmeb",
                    "timestamp":"2026-07-24 09:06:03.778",
                    "level": "DEBUG",
                    "thread": "http-nio-8198-exec-20",
                    "class": "o.s.web.servlet.DispatcherServlet",
                    "message": "GET "/api/front/jk/stock/my", parameters={}" }
                    
{
                    "app": "Crmeb",
                    "timestamp":"2026-07-24 09:06:03.778",
                    "level": "DEBUG",
                    "thread": "http-nio-8198-exec-19",
                    "class": "o.s.w.s.m.m.a.RequestMappingHandlerMapping",
                    "message": "Mapped to com.zbkj.front.controller.jiuzhoukang.JkPermissionController#context(HttpServletRequest)" }
                    
{
                    "app": "Crmeb",
                    "timestamp":"2026-07-24 09:06:03.778",
                    "level": "DEBUG",
                    "thread": "http-nio-8198-exec-20",
                    "class": "o.s.w.s.m.m.a.RequestMappingHandlerMapping",
                    "message": "Mapped to com.zbkj.front.controller.jiuzhoukang.JkStockController#my()" }
                    
{
                    "app": "Crmeb",
                    "timestamp":"2026-07-24 09:06:03.780",
                    "level": "DEBUG",
                    "thread": "http-nio-8198-exec-23",
                    "class": "o.s.web.servlet.DispatcherServlet",
                    "message": "GET "/api/front/jk/commission/summary", parameters={}" }
                    
{
                    "app": "Crmeb",
                    "timestamp":"2026-07-24 09:06:03.780",
                    "level": "DEBUG",
                    "thread": "http-nio-8198-exec-23",
                    "class": "o.s.w.s.m.m.a.RequestMappingHandlerMapping",
                    "message": "Mapped to com.zbkj.front.controller.jiuzhoukang.JkCommissionController#summary()" }
                    
{
                    "app": "Crmeb",
                    "timestamp":"2026-07-24 09:06:03.781",
                    "level": "DEBUG",
                    "thread": "http-nio-8198-exec-21",
                    "class": "o.s.web.servlet.DispatcherServlet",
                    "message": "GET "/api/front/jk/platform-order/list?page=1&limit=100", parameters={masked}" }
                    
{
                    "app": "Crmeb",
                    "timestamp":"2026-07-24 09:06:03.781",
                    "level": "DEBUG",
                    "thread": "http-nio-8198-exec-21",
                    "class": "o.s.w.s.m.m.a.RequestMappingHandlerMapping",
                    "message": "Mapped to com.zbkj.front.controller.jiuzhoukang.JkPlatformOrderController#list(JkTradeDocumentSearchRequest, PageParamRequest)" }
                    
{
                    "app": "Crmeb",
                    "timestamp":"2026-07-24 09:06:03.783",
                    "level": "DEBUG",
                    "thread": "http-nio-8198-exec-24",
                    "class": "o.s.web.servlet.DispatcherServlet",
                    "message": "GET "/api/front/jk/stock-transfer/list?page=1&limit=100", parameters={masked}" }
                    
{
                    "app": "Crmeb",
                    "timestamp":"2026-07-24 09:06:03.784",
                    "level": "DEBUG",
                    "thread": "http-nio-8198-exec-24",
                    "class": "o.s.w.s.m.m.a.RequestMappingHandlerMapping",
                    "message": "Mapped to com.zbkj.front.controller.jiuzhoukang.JkStockTransferController#list(JkTradeDocumentSearchRequest, PageParamRequest)" }
                    
{
                    "app": "Crmeb",
                    "timestamp":"2026-07-24 09:06:03.789",
                    "level": "DEBUG",
                    "thread": "http-nio-8198-exec-19",
                    "class": "o.s.w.s.m.m.a.RequestResponseBodyMethodProcessor",
                    "message": "Using 'application/json', given [*/*] and supported [application/json, application/*+json, application/json, application/*+json, application/cbor]" }
                    
{
                    "app": "Crmeb",
                    "timestamp":"2026-07-24 09:06:03.789",
                    "level": "DEBUG",
                    "thread": "http-nio-8198-exec-25",
                    "class": "o.s.web.servlet.DispatcherServlet",
                    "message": "GET "/api/front/jk/stock-transfer/handle/list?page=1&limit=100", parameters={masked}" }
                    
{
                    "app": "Crmeb",
                    "timestamp":"2026-07-24 09:06:03.789",
                    "level": "DEBUG",
                    "thread": "http-nio-8198-exec-19",
                    "class": "o.s.w.s.m.m.a.RequestResponseBodyMethodProcessor",
                    "message": "Writing [com.zbkj.common.result.CommonResult@65ce7788]" }
                    
{
                    "app": "Crmeb",
                    "timestamp":"2026-07-24 09:06:03.789",
                    "level": "DEBUG",
                    "thread": "http-nio-8198-exec-25",
                    "class": "o.s.w.s.m.m.a.RequestMappingHandlerMapping",
                    "message": "Mapped to com.zbkj.front.controller.jiuzhoukang.JkStockTransferController#handleList(JkTradeDocumentSearchRequest, PageParamRequest)" }
                    
{
                    "app": "Crmeb",
                    "timestamp":"2026-07-24 09:06:03.789",
                    "level": "DEBUG",
                    "thread": "http-nio-8198-exec-19",
                    "class": "o.s.web.servlet.DispatcherServlet",
                    "message": "Completed 200 OK" }
                    
{
                    "app": "Crmeb",
                    "timestamp":"2026-07-24 09:06:03.792",
                    "level": "DEBUG",
                    "thread": "http-nio-8198-exec-24",
                    "class": "o.s.w.s.m.m.a.RequestResponseBodyMethodProcessor",
                    "message": "Using 'application/json', given [*/*] and supported [application/json, application/*+json, application/json, application/*+json, application/cbor]" }
                    
{
                    "app": "Crmeb",
                    "timestamp":"2026-07-24 09:06:03.793",
                    "level": "DEBUG",
                    "thread": "http-nio-8198-exec-24",
                    "class": "o.s.w.s.m.m.a.RequestResponseBodyMethodProcessor",
                    "message": "Writing [com.zbkj.common.result.CommonResult@459cdde1]" }
                    
{
                    "app": "Crmeb",
                    "timestamp":"2026-07-24 09:06:03.793",
                    "level": "DEBUG",
                    "thread": "http-nio-8198-exec-24",
                    "class": "o.s.web.servlet.DispatcherServlet",
                    "message": "Completed 200 OK" }
                    
{
                    "app": "Crmeb",
                    "timestamp":"2026-07-24 09:06:03.796",
                    "level": "DEBUG",
                    "thread": "http-nio-8198-exec-23",
                    "class": "o.s.w.s.m.m.a.RequestResponseBodyMethodProcessor",
                    "message": "Using 'application/json', given [*/*] and supported [application/json, application/*+json, application/json, application/*+json, application/cbor]" }
                    
{
                    "app": "Crmeb",
                    "timestamp":"2026-07-24 09:06:03.796",
                    "level": "DEBUG",
                    "thread": "http-nio-8198-exec-23",
                    "class": "o.s.w.s.m.m.a.RequestResponseBodyMethodProcessor",
                    "message": "Writing [com.zbkj.common.result.CommonResult@721c9225]" }
                    
{
                    "app": "Crmeb",
                    "timestamp":"2026-07-24 09:06:03.796",
                    "level": "DEBUG",
                    "thread": "http-nio-8198-exec-23",
                    "class": "o.s.web.servlet.DispatcherServlet",
                    "message": "Completed 200 OK" }
                    
{
                    "app": "Crmeb",
                    "timestamp":"2026-07-24 09:06:03.796",
                    "level": "DEBUG",
                    "thread": "http-nio-8198-exec-21",
                    "class": "o.s.w.s.m.m.a.RequestResponseBodyMethodProcessor",
                    "message": "Using 'application/json', given [*/*] and supported [application/json, application/*+json, application/json, application/*+json, application/cbor]" }
                    
{
                    "app": "Crmeb",
                    "timestamp":"2026-07-24 09:06:03.796",
                    "level": "DEBUG",
                    "thread": "http-nio-8198-exec-21",
                    "class": "o.s.w.s.m.m.a.RequestResponseBodyMethodProcessor",
                    "message": "Writing [com.zbkj.common.result.CommonResult@21d17328]" }
                    
{
                    "app": "Crmeb",
                    "timestamp":"2026-07-24 09:06:03.796",
                    "level": "DEBUG",
                    "thread": "http-nio-8198-exec-21",
                    "class": "o.s.web.servlet.DispatcherServlet",
                    "message": "Completed 200 OK" }
                    
{
                    "app": "Crmeb",
                    "timestamp":"2026-07-24 09:06:03.798",
                    "level": "DEBUG",
                    "thread": "http-nio-8198-exec-20",
                    "class": "o.s.w.s.m.m.a.RequestResponseBodyMethodProcessor",
                    "message": "Using 'application/json', given [*/*] and supported [application/json, application/*+json, application/json, application/*+json, application/cbor]" }
                    
{
                    "app": "Crmeb",
                    "timestamp":"2026-07-24 09:06:03.798",
                    "level": "DEBUG",
                    "thread": "http-nio-8198-exec-20",
                    "class": "o.s.w.s.m.m.a.RequestResponseBodyMethodProcessor",
                    "message": "Writing [com.zbkj.common.result.CommonResult@33787cfa]" }
                    
{
                    "app": "Crmeb",
                    "timestamp":"2026-07-24 09:06:03.798",
                    "level": "DEBUG",
                    "thread": "http-nio-8198-exec-20",
                    "class": "o.s.web.servlet.DispatcherServlet",
                    "message": "Completed 200 OK" }
                    
{
                    "app": "Crmeb",
                    "timestamp":"2026-07-24 09:06:03.809",
                    "level": "DEBUG",
                    "thread": "http-nio-8198-exec-25",
                    "class": "o.s.w.s.m.m.a.RequestResponseBodyMethodProcessor",
                    "message": "Using 'application/json', given [*/*] and supported [application/json, application/*+json, application/json, application/*+json, application/cbor]" }
                    
{
                    "app": "Crmeb",
                    "timestamp":"2026-07-24 09:06:03.809",
                    "level": "DEBUG",
                    "thread": "http-nio-8198-exec-25",
                    "class": "o.s.w.s.m.m.a.RequestResponseBodyMethodProcessor",
                    "message": "Writing [com.zbkj.common.result.CommonResult@7eaf8921]" }
                    
{
                    "app": "Crmeb",
                    "timestamp":"2026-07-24 09:06:03.810",
                    "level": "DEBUG",
                    "thread": "http-nio-8198-exec-25",
                    "class": "o.s.web.servlet.DispatcherServlet",
                    "message": "Completed 200 OK" }
                    
{
                    "app": "Crmeb",
                    "timestamp":"2026-07-24 09:06:06.661",
                    "level": "DEBUG",
                    "thread": "http-nio-8198-exec-22",
                    "class": "o.s.web.servlet.DispatcherServlet",
                    "message": "GET "/api/front/jk/team/summary", parameters={}" }
                    
{
                    "app": "Crmeb",
                    "timestamp":"2026-07-24 09:06:06.663",
                    "level": "DEBUG",
                    "thread": "http-nio-8198-exec-22",
                    "class": "o.s.w.s.m.m.a.RequestMappingHandlerMapping",
                    "message": "Mapped to com.zbkj.front.controller.jiuzhoukang.JkAgentTeamController#summary()" }
                    
{
                    "app": "Crmeb",
                    "timestamp":"2026-07-24 09:06:06.682",
                    "level": "DEBUG",
                    "thread": "http-nio-8198-exec-22",
                    "class": "o.s.w.s.m.m.a.RequestResponseBodyMethodProcessor",
                    "message": "Using 'application/json', given [*/*] and supported [application/json, application/*+json, application/json, application/*+json, application/cbor]" }
                    
{
                    "app": "Crmeb",
                    "timestamp":"2026-07-24 09:06:06.682",
                    "level": "DEBUG",
                    "thread": "http-nio-8198-exec-22",
                    "class": "o.s.w.s.m.m.a.RequestResponseBodyMethodProcessor",
                    "message": "Writing [com.zbkj.common.result.CommonResult@68492cae]" }
                    
{
                    "app": "Crmeb",
                    "timestamp":"2026-07-24 09:06:06.684",
                    "level": "DEBUG",
                    "thread": "http-nio-8198-exec-22",
                    "class": "o.s.web.servlet.DispatcherServlet",
                    "message": "Completed 200 OK" }
                    
{
                    "app": "Crmeb",
                    "timestamp":"2026-07-24 09:06:09.895",
                    "level": "DEBUG",
                    "thread": "http-nio-8198-exec-26",
                    "class": "o.s.web.servlet.DispatcherServlet",
                    "message": "GET "/api/front/jk/permission/context", parameters={}" }
                    
{
                    "app": "Crmeb",
                    "timestamp":"2026-07-24 09:06:09.896",
                    "level": "DEBUG",
                    "thread": "http-nio-8198-exec-26",
                    "class": "o.s.w.s.m.m.a.RequestMappingHandlerMapping",
                    "message": "Mapped to com.zbkj.front.controller.jiuzhoukang.JkPermissionController#context(HttpServletRequest)" }
                    
{
                    "app": "Crmeb",
                    "timestamp":"2026-07-24 09:06:09.904",
                    "level": "DEBUG",
                    "thread": "http-nio-8198-exec-27",
                    "class": "o.s.web.servlet.DispatcherServlet",
                    "message": "GET "/api/front/jk/stock/my", parameters={}" }
                    
{
                    "app": "Crmeb",
                    "timestamp":"2026-07-24 09:06:09.904",
                    "level": "DEBUG",
                    "thread": "http-nio-8198-exec-26",
                    "class": "o.s.w.s.m.m.a.RequestResponseBodyMethodProcessor",
                    "message": "Using 'application/json', given [*/*] and supported [application/json, application/*+json, application/json, application/*+json, application/cbor]" }
                    
{
                    "app": "Crmeb",
                    "timestamp":"2026-07-24 09:06:09.905",
                    "level": "DEBUG",
                    "thread": "http-nio-8198-exec-27",
                    "class": "o.s.w.s.m.m.a.RequestMappingHandlerMapping",
                    "message": "Mapped to com.zbkj.front.controller.jiuzhoukang.JkStockController#my()" }
                    
{
                    "app": "Crmeb",
                    "timestamp":"2026-07-24 09:06:09.905",
                    "level": "DEBUG",
                    "thread": "http-nio-8198-exec-26",
                    "class": "o.s.w.s.m.m.a.RequestResponseBodyMethodProcessor",
                    "message": "Writing [com.zbkj.common.result.CommonResult@119d4f90]" }
                    
{
                    "app": "Crmeb",
                    "timestamp":"2026-07-24 09:06:09.905",
                    "level": "DEBUG",
                    "thread": "http-nio-8198-exec-26",
                    "class": "o.s.web.servlet.DispatcherServlet",
                    "message": "Completed 200 OK" }
                    
{
                    "app": "Crmeb",
                    "timestamp":"2026-07-24 09:06:09.907",
                    "level": "DEBUG",
                    "thread": "http-nio-8198-exec-29",
                    "class": "o.s.web.servlet.DispatcherServlet",
                    "message": "GET "/api/front/jk/commission/summary", parameters={}" }
                    
{
                    "app": "Crmeb",
                    "timestamp":"2026-07-24 09:06:09.907",
                    "level": "DEBUG",
                    "thread": "http-nio-8198-exec-29",
                    "class": "o.s.w.s.m.m.a.RequestMappingHandlerMapping",
                    "message": "Mapped to com.zbkj.front.controller.jiuzhoukang.JkCommissionController#summary()" }
                    
{
                    "app": "Crmeb",
                    "timestamp":"2026-07-24 09:06:09.913",
                    "level": "DEBUG",
                    "thread": "http-nio-8198-exec-28",
                    "class": "o.s.web.servlet.DispatcherServlet",
                    "message": "GET "/api/front/jk/platform-order/list?page=1&limit=100", parameters={masked}" }
                    
{
                    "app": "Crmeb",
                    "timestamp":"2026-07-24 09:06:09.913",
                    "level": "DEBUG",
                    "thread": "http-nio-8198-exec-28",
                    "class": "o.s.w.s.m.m.a.RequestMappingHandlerMapping",
                    "message": "Mapped to com.zbkj.front.controller.jiuzhoukang.JkPlatformOrderController#list(JkTradeDocumentSearchRequest, PageParamRequest)" }
                    
{
                    "app": "Crmeb",
                    "timestamp":"2026-07-24 09:06:09.920",
                    "level": "DEBUG",
                    "thread": "http-nio-8198-exec-29",
                    "class": "o.s.w.s.m.m.a.RequestResponseBodyMethodProcessor",
                    "message": "Using 'application/json', given [*/*] and supported [application/json, application/*+json, application/json, application/*+json, application/cbor]" }
                    
{
                    "app": "Crmeb",
                    "timestamp":"2026-07-24 09:06:09.920",
                    "level": "DEBUG",
                    "thread": "http-nio-8198-exec-29",
                    "class": "o.s.w.s.m.m.a.RequestResponseBodyMethodProcessor",
                    "message": "Writing [com.zbkj.common.result.CommonResult@3c238a65]" }
                    
{
                    "app": "Crmeb",
                    "timestamp":"2026-07-24 09:06:09.920",
                    "level": "DEBUG",
                    "thread": "http-nio-8198-exec-29",
                    "class": "o.s.web.servlet.DispatcherServlet",
                    "message": "Completed 200 OK" }
                    
{
                    "app": "Crmeb",
                    "timestamp":"2026-07-24 09:06:09.921",
                    "level": "DEBUG",
                    "thread": "http-nio-8198-exec-27",
                    "class": "o.s.w.s.m.m.a.RequestResponseBodyMethodProcessor",
                    "message": "Using 'application/json', given [*/*] and supported [application/json, application/*+json, application/json, application/*+json, application/cbor]" }
                    
{
                    "app": "Crmeb",
                    "timestamp":"2026-07-24 09:06:09.921",
                    "level": "DEBUG",
                    "thread": "http-nio-8198-exec-27",
                    "class": "o.s.w.s.m.m.a.RequestResponseBodyMethodProcessor",
                    "message": "Writing [com.zbkj.common.result.CommonResult@21d4cc0a]" }
                    
{
                    "app": "Crmeb",
                    "timestamp":"2026-07-24 09:06:09.921",
                    "level": "DEBUG",
                    "thread": "http-nio-8198-exec-27",
                    "class": "o.s.web.servlet.DispatcherServlet",
                    "message": "Completed 200 OK" }
                    
{
                    "app": "Crmeb",
                    "timestamp":"2026-07-24 09:06:09.925",
                    "level": "DEBUG",
                    "thread": "http-nio-8198-exec-30",
                    "class": "o.s.web.servlet.DispatcherServlet",
                    "message": "GET "/api/front/jk/stock-transfer/list?page=1&limit=100", parameters={masked}" }
                    
{
                    "app": "Crmeb",
                    "timestamp":"2026-07-24 09:06:09.926",
                    "level": "DEBUG",
                    "thread": "http-nio-8198-exec-30",
                    "class": "o.s.w.s.m.m.a.RequestMappingHandlerMapping",
                    "message": "Mapped to com.zbkj.front.controller.jiuzhoukang.JkStockTransferController#list(JkTradeDocumentSearchRequest, PageParamRequest)" }
                    
{
                    "app": "Crmeb",
                    "timestamp":"2026-07-24 09:06:09.930",
                    "level": "DEBUG",
                    "thread": "http-nio-8198-exec-28",
                    "class": "o.s.w.s.m.m.a.RequestResponseBodyMethodProcessor",
                    "message": "Using 'application/json', given [*/*] and supported [application/json, application/*+json, application/json, application/*+json, application/cbor]" }
                    
{
                    "app": "Crmeb",
                    "timestamp":"2026-07-24 09:06:09.930",
                    "level": "DEBUG",
                    "thread": "http-nio-8198-exec-28",
                    "class": "o.s.w.s.m.m.a.RequestResponseBodyMethodProcessor",
                    "message": "Writing [com.zbkj.common.result.CommonResult@1f33dc56]" }
                    
{
                    "app": "Crmeb",
                    "timestamp":"2026-07-24 09:06:09.930",
                    "level": "DEBUG",
                    "thread": "http-nio-8198-exec-30",
                    "class": "o.s.w.s.m.m.a.RequestResponseBodyMethodProcessor",
                    "message": "Using 'application/json', given [*/*] and supported [application/json, application/*+json, application/json, application/*+json, application/cbor]" }
                    
{
                    "app": "Crmeb",
                    "timestamp":"2026-07-24 09:06:09.930",
                    "level": "DEBUG",
                    "thread": "http-nio-8198-exec-30",
                    "class": "o.s.w.s.m.m.a.RequestResponseBodyMethodProcessor",
                    "message": "Writing [com.zbkj.common.result.CommonResult@27b2237d]" }
                    
{
                    "app": "Crmeb",
                    "timestamp":"2026-07-24 09:06:09.931",
                    "level": "DEBUG",
                    "thread": "http-nio-8198-exec-30",
                    "class": "o.s.web.servlet.DispatcherServlet",
                    "message": "Completed 200 OK" }
                    
{
                    "app": "Crmeb",
                    "timestamp":"2026-07-24 09:06:09.933",
                    "level": "DEBUG",
                    "thread": "http-nio-8198-exec-28",
                    "class": "o.s.web.servlet.DispatcherServlet",
                    "message": "Completed 200 OK" }
                    
{
                    "app": "Crmeb",
                    "timestamp":"2026-07-24 09:06:09.934",
                    "level": "DEBUG",
                    "thread": "http-nio-8198-exec-1",
                    "class": "o.s.web.servlet.DispatcherServlet",
                    "message": "GET "/api/front/jk/stock-transfer/handle/list?page=1&limit=100", parameters={masked}" }
                    
{
                    "app": "Crmeb",
                    "timestamp":"2026-07-24 09:06:09.934",
                    "level": "DEBUG",
                    "thread": "http-nio-8198-exec-1",
                    "class": "o.s.w.s.m.m.a.RequestMappingHandlerMapping",
                    "message": "Mapped to com.zbkj.front.controller.jiuzhoukang.JkStockTransferController#handleList(JkTradeDocumentSearchRequest, PageParamRequest)" }
                    
{
                    "app": "Crmeb",
                    "timestamp":"2026-07-24 09:06:09.954",
                    "level": "DEBUG",
                    "thread": "http-nio-8198-exec-1",
                    "class": "o.s.w.s.m.m.a.RequestResponseBodyMethodProcessor",
                    "message": "Using 'application/json', given [*/*] and supported [application/json, application/*+json, application/json, application/*+json, application/cbor]" }
                    
{
                    "app": "Crmeb",
                    "timestamp":"2026-07-24 09:06:09.954",
                    "level": "DEBUG",
                    "thread": "http-nio-8198-exec-1",
                    "class": "o.s.w.s.m.m.a.RequestResponseBodyMethodProcessor",
                    "message": "Writing [com.zbkj.common.result.CommonResult@58ec954d]" }
                    
{
                    "app": "Crmeb",
                    "timestamp":"2026-07-24 09:06:09.955",
                    "level": "DEBUG",
                    "thread": "http-nio-8198-exec-1",
                    "class": "o.s.web.servlet.DispatcherServlet",
                    "message": "Completed 200 OK" }
                    
{
                    "app": "Crmeb",
                    "timestamp":"2026-07-24 09:06:11.333",
                    "level": "DEBUG",
                    "thread": "http-nio-8198-exec-4",
                    "class": "o.s.web.servlet.DispatcherServlet",
                    "message": "GET "/api/front/menu/user", parameters={}" }
                    
{
                    "app": "Crmeb",
                    "timestamp":"2026-07-24 09:06:11.334",
                    "level": "DEBUG",
                    "thread": "http-nio-8198-exec-4",
                    "class": "o.s.w.s.m.m.a.RequestMappingHandlerMapping",
                    "message": "Mapped to com.zbkj.front.controller.UserController#getMenuUser()" }
                    
{
                    "app": "Crmeb",
                    "timestamp":"2026-07-24 09:06:11.340",
                    "level": "DEBUG",
                    "thread": "http-nio-8198-exec-4",
                    "class": "o.s.w.s.m.m.a.RequestResponseBodyMethodProcessor",
                    "message": "Using 'application/json', given [*/*] and supported [application/json, application/*+json, application/json, application/*+json, application/cbor]" }
                    
{
                    "app": "Crmeb",
                    "timestamp":"2026-07-24 09:06:11.340",
                    "level": "DEBUG",
                    "thread": "http-nio-8198-exec-4",
                    "class": "o.s.w.s.m.m.a.RequestResponseBodyMethodProcessor",
                    "message": "Writing [com.zbkj.common.result.CommonResult@2f4a7a05]" }
                    
{
                    "app": "Crmeb",
                    "timestamp":"2026-07-24 09:06:11.341",
                    "level": "DEBUG",
                    "thread": "http-nio-8198-exec-4",
                    "class": "o.s.web.servlet.DispatcherServlet",
                    "message": "Completed 200 OK" }
                    
{
                    "app": "Crmeb",
                    "timestamp":"2026-07-24 09:06:11.350",
                    "level": "DEBUG",
                    "thread": "http-nio-8198-exec-2",
                    "class": "o.s.web.servlet.DispatcherServlet",
                    "message": "POST "/api/front/token/is/exist", parameters={}" }
                    
{
                    "app": "Crmeb",
                    "timestamp":"2026-07-24 09:06:11.350",
                    "level": "DEBUG",
                    "thread": "http-nio-8198-exec-2",
                    "class": "o.s.w.s.m.m.a.RequestMappingHandlerMapping",
                    "message": "Mapped to com.zbkj.front.controller.LoginController#tokenIsExist()" }
                    
{
                    "app": "Crmeb",
                    "timestamp":"2026-07-24 09:06:11.350",
                    "level": "DEBUG",
                    "thread": "http-nio-8198-exec-2",
                    "class": "o.s.w.s.m.m.a.RequestResponseBodyMethodProcessor",
                    "message": "Using 'application/json', given [*/*] and supported [application/json, application/*+json, application/json, application/*+json, application/cbor]" }
                    
{
                    "app": "Crmeb",
                    "timestamp":"2026-07-24 09:06:11.350",
                    "level": "DEBUG",
                    "thread": "http-nio-8198-exec-2",
                    "class": "o.s.w.s.m.m.a.RequestResponseBodyMethodProcessor",
                    "message": "Writing [com.zbkj.common.result.CommonResult@6144cad0]" }
                    
{
                    "app": "Crmeb",
                    "timestamp":"2026-07-24 09:06:11.351",
                    "level": "DEBUG",
                    "thread": "http-nio-8198-exec-2",
                    "class": "o.s.web.servlet.DispatcherServlet",
                    "message": "Completed 200 OK" }
                    
{
                    "app": "Crmeb",
                    "timestamp":"2026-07-24 09:06:11.354",
                    "level": "DEBUG",
                    "thread": "http-nio-8198-exec-5",
                    "class": "o.s.web.servlet.DispatcherServlet",
                    "message": "GET "/api/front/copyright/info", parameters={}" }
                    
{
                    "app": "Crmeb",
                    "timestamp":"2026-07-24 09:06:11.355",
                    "level": "DEBUG",
                    "thread": "http-nio-8198-exec-5",
                    "class": "o.s.w.s.m.m.a.RequestMappingHandlerMapping",
                    "message": "Mapped to com.zbkj.front.controller.IndexController#getCopyrightInfo()" }
                    
{
                    "app": "Crmeb",
                    "timestamp":"2026-07-24 09:06:11.357",
                    "level": "DEBUG",
                    "thread": "http-nio-8198-exec-5",
                    "class": "o.s.w.s.m.m.a.RequestResponseBodyMethodProcessor",
                    "message": "Using 'application/json', given [*/*] and supported [application/json, application/*+json, application/json, application/*+json, application/cbor]" }
                    
{
                    "app": "Crmeb",
                    "timestamp":"2026-07-24 09:06:11.357",
                    "level": "DEBUG",
                    "thread": "http-nio-8198-exec-5",
                    "class": "o.s.w.s.m.m.a.RequestResponseBodyMethodProcessor",
                    "message": "Writing [com.zbkj.common.result.CommonResult@5691fe30]" }
                    
{
                    "app": "Crmeb",
                    "timestamp":"2026-07-24 09:06:11.357",
                    "level": "DEBUG",
                    "thread": "http-nio-8198-exec-5",
                    "class": "o.s.web.servlet.DispatcherServlet",
                    "message": "Completed 200 OK" }
                    
{
                    "app": "Crmeb",
                    "timestamp":"2026-07-24 09:06:11.363",
                    "level": "DEBUG",
                    "thread": "http-nio-8198-exec-3",
                    "class": "o.s.web.servlet.DispatcherServlet",
                    "message": "GET "/api/front/jk/permission/context", parameters={}" }
                    
{
                    "app": "Crmeb",
                    "timestamp":"2026-07-24 09:06:11.363",
                    "level": "DEBUG",
                    "thread": "http-nio-8198-exec-3",
                    "class": "o.s.w.s.m.m.a.RequestMappingHandlerMapping",
                    "message": "Mapped to com.zbkj.front.controller.jiuzhoukang.JkPermissionController#context(HttpServletRequest)" }
                    
{
                    "app": "Crmeb",
                    "timestamp":"2026-07-24 09:06:11.370",
                    "level": "DEBUG",
                    "thread": "http-nio-8198-exec-3",
                    "class": "o.s.w.s.m.m.a.RequestResponseBodyMethodProcessor",
                    "message": "Using 'application/json', given [*/*] and supported [application/json, application/*+json, application/json, application/*+json, application/cbor]" }
                    
{
                    "app": "Crmeb",
                    "timestamp":"2026-07-24 09:06:11.370",
                    "level": "DEBUG",
                    "thread": "http-nio-8198-exec-3",
                    "class": "o.s.w.s.m.m.a.RequestResponseBodyMethodProcessor",
                    "message": "Writing [com.zbkj.common.result.CommonResult@2a727548]" }
                    
{
                    "app": "Crmeb",
                    "timestamp":"2026-07-24 09:06:11.370",
                    "level": "DEBUG",
                    "thread": "http-nio-8198-exec-3",
                    "class": "o.s.web.servlet.DispatcherServlet",
                    "message": "Completed 200 OK" }
                    
{
                    "app": "Crmeb",
                    "timestamp":"2026-07-24 09:06:11.374",
                    "level": "DEBUG",
                    "thread": "http-nio-8198-exec-9",
                    "class": "o.s.web.servlet.DispatcherServlet",
                    "message": "GET "/api/front/city/list", parameters={}" }
                    
{
                    "app": "Crmeb",
                    "timestamp":"2026-07-24 09:06:11.375",
                    "level": "DEBUG",
                    "thread": "http-nio-8198-exec-9",
                    "class": "o.s.w.s.m.m.a.RequestMappingHandlerMapping",
                    "message": "Mapped to com.zbkj.front.controller.CityController#register()" }
                    
{
                    "app": "Crmeb",
                    "timestamp":"2026-07-24 09:06:11.388",
                    "level": "DEBUG",
                    "thread": "http-nio-8198-exec-9",
                    "class": "o.s.w.s.m.m.a.RequestResponseBodyMethodProcessor",
                    "message": "Using 'application/json', given [*/*] and supported [application/json, application/*+json, application/json, application/*+json, application/cbor]" }
                    
{
                    "app": "Crmeb",
                    "timestamp":"2026-07-24 09:06:11.388",
                    "level": "DEBUG",
                    "thread": "http-nio-8198-exec-9",
                    "class": "o.s.w.s.m.m.a.RequestResponseBodyMethodProcessor",
                    "message": "Writing [com.zbkj.common.result.CommonResult@16f9de78]" }
                    
{
                    "app": "Crmeb",
                    "timestamp":"2026-07-24 09:06:11.393",
                    "level": "DEBUG",
                    "thread": "http-nio-8198-exec-9",
                    "class": "o.s.web.servlet.DispatcherServlet",
                    "message": "Completed 200 OK" }
                    
{
                    "app": "Crmeb",
                    "timestamp":"2026-07-24 09:06:11.435",
                    "level": "DEBUG",
                    "thread": "http-nio-8198-exec-8",
                    "class": "o.s.web.servlet.DispatcherServlet",
                    "message": "GET "/api/front/order/data", parameters={}" }
                    
{
                    "app": "Crmeb",
                    "timestamp":"2026-07-24 09:06:11.436",
                    "level": "DEBUG",
                    "thread": "http-nio-8198-exec-7",
                    "class": "o.s.web.servlet.DispatcherServlet",
                    "message": "GET "/api/front/user", parameters={}" }
                    
{
                    "app": "Crmeb",
                    "timestamp":"2026-07-24 09:06:11.436",
                    "level": "DEBUG",
                    "thread": "http-nio-8198-exec-8",
                    "class": "o.s.w.s.m.m.a.RequestMappingHandlerMapping",
                    "message": "Mapped to com.zbkj.front.controller.StoreOrderController#orderData()" }
                    
{
                    "app": "Crmeb",
                    "timestamp":"2026-07-24 09:06:11.436",
                    "level": "DEBUG",
                    "thread": "http-nio-8198-exec-7",
                    "class": "o.s.w.s.m.m.a.RequestMappingHandlerMapping",
                    "message": "Mapped to com.zbkj.front.controller.UserController#getUserCenter()" }
                    
{
                    "app": "Crmeb",
                    "timestamp":"2026-07-24 09:06:11.446",
                    "level": "DEBUG",
                    "thread": "http-nio-8198-exec-8",
                    "class": "o.s.w.s.m.m.a.RequestResponseBodyMethodProcessor",
                    "message": "Using 'application/json', given [*/*] and supported [application/json, application/*+json, application/json, application/*+json, application/cbor]" }
                    
{
                    "app": "Crmeb",
                    "timestamp":"2026-07-24 09:06:11.446",
                    "level": "DEBUG",
                    "thread": "http-nio-8198-exec-8",
                    "class": "o.s.w.s.m.m.a.RequestResponseBodyMethodProcessor",
                    "message": "Writing [com.zbkj.common.result.CommonResult@4c8ad5f5]" }
                    
{
                    "app": "Crmeb",
                    "timestamp":"2026-07-24 09:06:11.446",
                    "level": "DEBUG",
                    "thread": "http-nio-8198-exec-8",
                    "class": "o.s.web.servlet.DispatcherServlet",
                    "message": "Completed 200 OK" }
                    
{
                    "app": "Crmeb",
                    "timestamp":"2026-07-24 09:06:11.455",
                    "level": "DEBUG",
                    "thread": "http-nio-8198-exec-7",
                    "class": "o.s.w.s.m.m.a.RequestResponseBodyMethodProcessor",
                    "message": "Using 'application/json', given [*/*] and supported [application/json, application/*+json, application/json, application/*+json, application/cbor]" }
                    
{
                    "app": "Crmeb",
                    "timestamp":"2026-07-24 09:06:11.455",
                    "level": "DEBUG",
                    "thread": "http-nio-8198-exec-7",
                    "class": "o.s.w.s.m.m.a.RequestResponseBodyMethodProcessor",
                    "message": "Writing [com.zbkj.common.result.CommonResult@58c48aa5]" }
                    
{
                    "app": "Crmeb",
                    "timestamp":"2026-07-24 09:06:11.455",
                    "level": "DEBUG",
                    "thread": "http-nio-8198-exec-7",
                    "class": "o.s.web.servlet.DispatcherServlet",
                    "message": "Completed 200 OK" }
                    
{
                    "app": "Crmeb",
                    "timestamp":"2026-07-24 09:06:14.198",
                    "level": "DEBUG",
                    "thread": "http-nio-8198-exec-6",
                    "class": "o.s.web.servlet.DispatcherServlet",
                    "message": "GET "/api/front/jk/permission/context", parameters={}" }
                    
{
                    "app": "Crmeb",
                    "timestamp":"2026-07-24 09:06:14.198",
                    "level": "DEBUG",
                    "thread": "http-nio-8198-exec-6",
                    "class": "o.s.w.s.m.m.a.RequestMappingHandlerMapping",
                    "message": "Mapped to com.zbkj.front.controller.jiuzhoukang.JkPermissionController#context(HttpServletRequest)" }
                    
{
                    "app": "Crmeb",
                    "timestamp":"2026-07-24 09:06:14.205",
                    "level": "DEBUG",
                    "thread": "http-nio-8198-exec-11",
                    "class": "o.s.web.servlet.DispatcherServlet",
                    "message": "GET "/api/front/jk/stock/my", parameters={}" }
                    
{
                    "app": "Crmeb",
                    "timestamp":"2026-07-24 09:06:14.205",
                    "level": "DEBUG",
                    "thread": "http-nio-8198-exec-6",
                    "class": "o.s.w.s.m.m.a.RequestResponseBodyMethodProcessor",
                    "message": "Using 'application/json', given [*/*] and supported [application/json, application/*+json, application/json, application/*+json, application/cbor]" }
                    
{
                    "app": "Crmeb",
                    "timestamp":"2026-07-24 09:06:14.205",
                    "level": "DEBUG",
                    "thread": "http-nio-8198-exec-6",
                    "class": "o.s.w.s.m.m.a.RequestResponseBodyMethodProcessor",
                    "message": "Writing [com.zbkj.common.result.CommonResult@216b16f8]" }
                    
{
                    "app": "Crmeb",
                    "timestamp":"2026-07-24 09:06:14.205",
                    "level": "DEBUG",
                    "thread": "http-nio-8198-exec-11",
                    "class": "o.s.w.s.m.m.a.RequestMappingHandlerMapping",
                    "message": "Mapped to com.zbkj.front.controller.jiuzhoukang.JkStockController#my()" }
                    
{
                    "app": "Crmeb",
                    "timestamp":"2026-07-24 09:06:14.205",
                    "level": "DEBUG",
                    "thread": "http-nio-8198-exec-6",
                    "class": "o.s.web.servlet.DispatcherServlet",
                    "message": "Completed 200 OK" }
                    
{
                    "app": "Crmeb",
                    "timestamp":"2026-07-24 09:06:14.211",
                    "level": "DEBUG",
                    "thread": "http-nio-8198-exec-14",
                    "class": "o.s.web.servlet.DispatcherServlet",
                    "message": "GET "/api/front/jk/commission/summary", parameters={}" }
                    
{
                    "app": "Crmeb",
                    "timestamp":"2026-07-24 09:06:14.211",
                    "level": "DEBUG",
                    "thread": "http-nio-8198-exec-14",
                    "class": "o.s.w.s.m.m.a.RequestMappingHandlerMapping",
                    "message": "Mapped to com.zbkj.front.controller.jiuzhoukang.JkCommissionController#summary()" }
                    
{
                    "app": "Crmeb",
                    "timestamp":"2026-07-24 09:06:14.214",
                    "level": "DEBUG",
                    "thread": "http-nio-8198-exec-10",
                    "class": "o.s.web.servlet.DispatcherServlet",
                    "message": "GET "/api/front/jk/platform-order/list?page=1&limit=100", parameters={masked}" }
                    
{
                    "app": "Crmeb",
                    "timestamp":"2026-07-24 09:06:14.216",
                    "level": "DEBUG",
                    "thread": "http-nio-8198-exec-10",
                    "class": "o.s.w.s.m.m.a.RequestMappingHandlerMapping",
                    "message": "Mapped to com.zbkj.front.controller.jiuzhoukang.JkPlatformOrderController#list(JkTradeDocumentSearchRequest, PageParamRequest)" }
                    
{
                    "app": "Crmeb",
                    "timestamp":"2026-07-24 09:06:14.219",
                    "level": "DEBUG",
                    "thread": "http-nio-8198-exec-13",
                    "class": "o.s.web.servlet.DispatcherServlet",
                    "message": "GET "/api/front/jk/stock-transfer/list?page=1&limit=100", parameters={masked}" }
                    
{
                    "app": "Crmeb",
                    "timestamp":"2026-07-24 09:06:14.219",
                    "level": "DEBUG",
                    "thread": "http-nio-8198-exec-13",
                    "class": "o.s.w.s.m.m.a.RequestMappingHandlerMapping",
                    "message": "Mapped to com.zbkj.front.controller.jiuzhoukang.JkStockTransferController#list(JkTradeDocumentSearchRequest, PageParamRequest)" }
                    
{
                    "app": "Crmeb",
                    "timestamp":"2026-07-24 09:06:14.221",
                    "level": "DEBUG",
                    "thread": "http-nio-8198-exec-14",
                    "class": "o.s.w.s.m.m.a.RequestResponseBodyMethodProcessor",
                    "message": "Using 'application/json', given [*/*] and supported [application/json, application/*+json, application/json, application/*+json, application/cbor]" }
                    
{
                    "app": "Crmeb",
                    "timestamp":"2026-07-24 09:06:14.221",
                    "level": "DEBUG",
                    "thread": "http-nio-8198-exec-14",
                    "class": "o.s.w.s.m.m.a.RequestResponseBodyMethodProcessor",
                    "message": "Writing [com.zbkj.common.result.CommonResult@50f276fc]" }
                    
{
                    "app": "Crmeb",
                    "timestamp":"2026-07-24 09:06:14.222",
                    "level": "DEBUG",
                    "thread": "http-nio-8198-exec-14",
                    "class": "o.s.web.servlet.DispatcherServlet",
                    "message": "Completed 200 OK" }
                    
{
                    "app": "Crmeb",
                    "timestamp":"2026-07-24 09:06:14.222",
                    "level": "DEBUG",
                    "thread": "http-nio-8198-exec-12",
                    "class": "o.s.web.servlet.DispatcherServlet",
                    "message": "GET "/api/front/jk/stock-transfer/handle/list?page=1&limit=100", parameters={masked}" }
                    
{
                    "app": "Crmeb",
                    "timestamp":"2026-07-24 09:06:14.222",
                    "level": "DEBUG",
                    "thread": "http-nio-8198-exec-11",
                    "class": "o.s.w.s.m.m.a.RequestResponseBodyMethodProcessor",
                    "message": "Using 'application/json', given [*/*] and supported [application/json, application/*+json, application/json, application/*+json, application/cbor]" }
                    
{
                    "app": "Crmeb",
                    "timestamp":"2026-07-24 09:06:14.222",
                    "level": "DEBUG",
                    "thread": "http-nio-8198-exec-11",
                    "class": "o.s.w.s.m.m.a.RequestResponseBodyMethodProcessor",
                    "message": "Writing [com.zbkj.common.result.CommonResult@b715955]" }
                    
{
                    "app": "Crmeb",
                    "timestamp":"2026-07-24 09:06:14.222",
                    "level": "DEBUG",
                    "thread": "http-nio-8198-exec-12",
                    "class": "o.s.w.s.m.m.a.RequestMappingHandlerMapping",
                    "message": "Mapped to com.zbkj.front.controller.jiuzhoukang.JkStockTransferController#handleList(JkTradeDocumentSearchRequest, PageParamRequest)" }
                    
{
                    "app": "Crmeb",
                    "timestamp":"2026-07-24 09:06:14.222",
                    "level": "DEBUG",
                    "thread": "http-nio-8198-exec-11",
                    "class": "o.s.web.servlet.DispatcherServlet",
                    "message": "Completed 200 OK" }
                    
{
                    "app": "Crmeb",
                    "timestamp":"2026-07-24 09:06:14.223",
                    "level": "DEBUG",
                    "thread": "http-nio-8198-exec-13",
                    "class": "o.s.w.s.m.m.a.RequestResponseBodyMethodProcessor",
                    "message": "Using 'application/json', given [*/*] and supported [application/json, application/*+json, application/json, application/*+json, application/cbor]" }
                    
{
                    "app": "Crmeb",
                    "timestamp":"2026-07-24 09:06:14.223",
                    "level": "DEBUG",
                    "thread": "http-nio-8198-exec-13",
                    "class": "o.s.w.s.m.m.a.RequestResponseBodyMethodProcessor",
                    "message": "Writing [com.zbkj.common.result.CommonResult@256dd7ce]" }
                    
{
                    "app": "Crmeb",
                    "timestamp":"2026-07-24 09:06:14.224",
                    "level": "DEBUG",
                    "thread": "http-nio-8198-exec-13",
                    "class": "o.s.web.servlet.DispatcherServlet",
                    "message": "Completed 200 OK" }
                    
{
                    "app": "Crmeb",
                    "timestamp":"2026-07-24 09:06:14.227",
                    "level": "DEBUG",
                    "thread": "http-nio-8198-exec-10",
                    "class": "o.s.w.s.m.m.a.RequestResponseBodyMethodProcessor",
                    "message": "Using 'application/json', given [*/*] and supported [application/json, application/*+json, application/json, application/*+json, application/cbor]" }
                    
{
                    "app": "Crmeb",
                    "timestamp":"2026-07-24 09:06:14.227",
                    "level": "DEBUG",
                    "thread": "http-nio-8198-exec-10",
                    "class": "o.s.w.s.m.m.a.RequestResponseBodyMethodProcessor",
                    "message": "Writing [com.zbkj.common.result.CommonResult@7e80ae5]" }
                    
{
                    "app": "Crmeb",
                    "timestamp":"2026-07-24 09:06:14.227",
                    "level": "DEBUG",
                    "thread": "http-nio-8198-exec-10",
                    "class": "o.s.web.servlet.DispatcherServlet",
                    "message": "Completed 200 OK" }
                    
{
                    "app": "Crmeb",
                    "timestamp":"2026-07-24 09:06:14.240",
                    "level": "DEBUG",
                    "thread": "http-nio-8198-exec-12",
                    "class": "o.s.w.s.m.m.a.RequestResponseBodyMethodProcessor",
                    "message": "Using 'application/json', given [*/*] and supported [application/json, application/*+json, application/json, application/*+json, application/cbor]" }
                    
{
                    "app": "Crmeb",
                    "timestamp":"2026-07-24 09:06:14.240",
                    "level": "DEBUG",
                    "thread": "http-nio-8198-exec-12",
                    "class": "o.s.w.s.m.m.a.RequestResponseBodyMethodProcessor",
                    "message": "Writing [com.zbkj.common.result.CommonResult@9a34093]" }
                    
{
                    "app": "Crmeb",
                    "timestamp":"2026-07-24 09:06:14.240",
                    "level": "DEBUG",
                    "thread": "http-nio-8198-exec-12",
                    "class": "o.s.web.servlet.DispatcherServlet",
                    "message": "Completed 200 OK" }
                    
{
                    "app": "Crmeb",
                    "timestamp":"2026-07-24 09:06:23.080",
                    "level": "DEBUG",
                    "thread": "http-nio-8198-exec-16",
                    "class": "o.s.web.servlet.DispatcherServlet",
                    "message": "GET "/api/front/jk/permission/context", parameters={}" }
                    
{
                    "app": "Crmeb",
                    "timestamp":"2026-07-24 09:06:23.081",
                    "level": "DEBUG",
                    "thread": "http-nio-8198-exec-16",
                    "class": "o.s.w.s.m.m.a.RequestMappingHandlerMapping",
                    "message": "Mapped to com.zbkj.front.controller.jiuzhoukang.JkPermissionController#context(HttpServletRequest)" }
                    
{
                    "app": "Crmeb",
                    "timestamp":"2026-07-24 09:06:23.089",
                    "level": "DEBUG",
                    "thread": "http-nio-8198-exec-16",
                    "class": "o.s.w.s.m.m.a.RequestResponseBodyMethodProcessor",
                    "message": "Using 'application/json', given [*/*] and supported [application/json, application/*+json, application/json, application/*+json, application/cbor]" }
                    
{
                    "app": "Crmeb",
                    "timestamp":"2026-07-24 09:06:23.089",
                    "level": "DEBUG",
                    "thread": "http-nio-8198-exec-16",
                    "class": "o.s.w.s.m.m.a.RequestResponseBodyMethodProcessor",
                    "message": "Writing [com.zbkj.common.result.CommonResult@25fc5c33]" }
                    
{
                    "app": "Crmeb",
                    "timestamp":"2026-07-24 09:06:23.089",
                    "level": "DEBUG",
                    "thread": "http-nio-8198-exec-16",
                    "class": "o.s.web.servlet.DispatcherServlet",
                    "message": "Completed 200 OK" }
                    
{
                    "app": "Crmeb",
                    "timestamp":"2026-07-24 09:06:31.696",
                    "level": "DEBUG",
                    "thread": "http-nio-8198-exec-17",
                    "class": "o.s.web.servlet.DispatcherServlet",
                    "message": "GET "/api/front/jk/commission/summary", parameters={}" }
                    
{
                    "app": "Crmeb",
                    "timestamp":"2026-07-24 09:06:31.696",
                    "level": "DEBUG",
                    "thread": "http-nio-8198-exec-18",
                    "class": "o.s.web.servlet.DispatcherServlet",
                    "message": "GET "/api/front/jk/stock/my", parameters={}" }
                    
{
                    "app": "Crmeb",
                    "timestamp":"2026-07-24 09:06:31.696",
                    "level": "DEBUG",
                    "thread": "http-nio-8198-exec-15",
                    "class": "o.s.web.servlet.DispatcherServlet",
                    "message": "GET "/api/front/jk/permission/context", parameters={}" }
                    
{
                    "app": "Crmeb",
                    "timestamp":"2026-07-24 09:06:31.696",
                    "level": "DEBUG",
                    "thread": "http-nio-8198-exec-19",
                    "class": "o.s.web.servlet.DispatcherServlet",
                    "message": "GET "/api/front/jk/platform-order/list?page=1&limit=100", parameters={masked}" }
                    
{
                    "app": "Crmeb",
                    "timestamp":"2026-07-24 09:06:31.696",
                    "level": "DEBUG",
                    "thread": "http-nio-8198-exec-15",
                    "class": "o.s.w.s.m.m.a.RequestMappingHandlerMapping",
                    "message": "Mapped to com.zbkj.front.controller.jiuzhoukang.JkPermissionController#context(HttpServletRequest)" }
                    
{
                    "app": "Crmeb",
                    "timestamp":"2026-07-24 09:06:31.696",
                    "level": "DEBUG",
                    "thread": "http-nio-8198-exec-18",
                    "class": "o.s.w.s.m.m.a.RequestMappingHandlerMapping",
                    "message": "Mapped to com.zbkj.front.controller.jiuzhoukang.JkStockController#my()" }
                    
{
                    "app": "Crmeb",
                    "timestamp":"2026-07-24 09:06:31.696",
                    "level": "DEBUG",
                    "thread": "http-nio-8198-exec-19",
                    "class": "o.s.w.s.m.m.a.RequestMappingHandlerMapping",
                    "message": "Mapped to com.zbkj.front.controller.jiuzhoukang.JkPlatformOrderController#list(JkTradeDocumentSearchRequest, PageParamRequest)" }
                    
{
                    "app": "Crmeb",
                    "timestamp":"2026-07-24 09:06:31.696",
                    "level": "DEBUG",
                    "thread": "http-nio-8198-exec-17",
                    "class": "o.s.w.s.m.m.a.RequestMappingHandlerMapping",
                    "message": "Mapped to com.zbkj.front.controller.jiuzhoukang.JkCommissionController#summary()" }
                    
{
                    "app": "Crmeb",
                    "timestamp":"2026-07-24 09:06:31.697",
                    "level": "DEBUG",
                    "thread": "http-nio-8198-exec-24",
                    "class": "o.s.web.servlet.DispatcherServlet",
                    "message": "GET "/api/front/jk/stock-transfer/list?page=1&limit=100", parameters={masked}" }
                    
{
                    "app": "Crmeb",
                    "timestamp":"2026-07-24 09:06:31.697",
                    "level": "DEBUG",
                    "thread": "http-nio-8198-exec-24",
                    "class": "o.s.w.s.m.m.a.RequestMappingHandlerMapping",
                    "message": "Mapped to com.zbkj.front.controller.jiuzhoukang.JkStockTransferController#list(JkTradeDocumentSearchRequest, PageParamRequest)" }
                    
{
                    "app": "Crmeb",
                    "timestamp":"2026-07-24 09:06:31.701",
                    "level": "DEBUG",
                    "thread": "http-nio-8198-exec-23",
                    "class": "o.s.web.servlet.DispatcherServlet",
                    "message": "GET "/api/front/jk/stock-transfer/handle/list?page=1&limit=100", parameters={masked}" }
                    
{
                    "app": "Crmeb",
                    "timestamp":"2026-07-24 09:06:31.701",
                    "level": "DEBUG",
                    "thread": "http-nio-8198-exec-23",
                    "class": "o.s.w.s.m.m.a.RequestMappingHandlerMapping",
                    "message": "Mapped to com.zbkj.front.controller.jiuzhoukang.JkStockTransferController#handleList(JkTradeDocumentSearchRequest, PageParamRequest)" }
                    
{
                    "app": "Crmeb",
                    "timestamp":"2026-07-24 09:06:31.702",
                    "level": "DEBUG",
                    "thread": "http-nio-8198-exec-24",
                    "class": "o.s.w.s.m.m.a.RequestResponseBodyMethodProcessor",
                    "message": "Using 'application/json', given [*/*] and supported [application/json, application/*+json, application/json, application/*+json, application/cbor]" }
                    
{
                    "app": "Crmeb",
                    "timestamp":"2026-07-24 09:06:31.702",
                    "level": "DEBUG",
                    "thread": "http-nio-8198-exec-24",
                    "class": "o.s.w.s.m.m.a.RequestResponseBodyMethodProcessor",
                    "message": "Writing [com.zbkj.common.result.CommonResult@5828472]" }
                    
{
                    "app": "Crmeb",
                    "timestamp":"2026-07-24 09:06:31.702",
                    "level": "DEBUG",
                    "thread": "http-nio-8198-exec-24",
                    "class": "o.s.web.servlet.DispatcherServlet",
                    "message": "Completed 200 OK" }
                    
{
                    "app": "Crmeb",
                    "timestamp":"2026-07-24 09:06:31.704",
                    "level": "DEBUG",
                    "thread": "http-nio-8198-exec-15",
                    "class": "o.s.w.s.m.m.a.RequestResponseBodyMethodProcessor",
                    "message": "Using 'application/json', given [*/*] and supported [application/json, application/*+json, application/json, application/*+json, application/cbor]" }
                    
{
                    "app": "Crmeb",
                    "timestamp":"2026-07-24 09:06:31.704",
                    "level": "DEBUG",
                    "thread": "http-nio-8198-exec-15",
                    "class": "o.s.w.s.m.m.a.RequestResponseBodyMethodProcessor",
                    "message": "Writing [com.zbkj.common.result.CommonResult@52f3f846]" }
                    
{
                    "app": "Crmeb",
                    "timestamp":"2026-07-24 09:06:31.705",
                    "level": "DEBUG",
                    "thread": "http-nio-8198-exec-15",
                    "class": "o.s.web.servlet.DispatcherServlet",
                    "message": "Completed 200 OK" }
                    
{
                    "app": "Crmeb",
                    "timestamp":"2026-07-24 09:06:31.706",
                    "level": "DEBUG",
                    "thread": "http-nio-8198-exec-17",
                    "class": "o.s.w.s.m.m.a.RequestResponseBodyMethodProcessor",
                    "message": "Using 'application/json', given [*/*] and supported [application/json, application/*+json, application/json, application/*+json, application/cbor]" }
                    
{
                    "app": "Crmeb",
                    "timestamp":"2026-07-24 09:06:31.706",
                    "level": "DEBUG",
                    "thread": "http-nio-8198-exec-17",
                    "class": "o.s.w.s.m.m.a.RequestResponseBodyMethodProcessor",
                    "message": "Writing [com.zbkj.common.result.CommonResult@87120de]" }
                    
{
                    "app": "Crmeb",
                    "timestamp":"2026-07-24 09:06:31.706",
                    "level": "DEBUG",
                    "thread": "http-nio-8198-exec-17",
                    "class": "o.s.web.servlet.DispatcherServlet",
                    "message": "Completed 200 OK" }
                    
{
                    "app": "Crmeb",
                    "timestamp":"2026-07-24 09:06:31.707",
                    "level": "DEBUG",
                    "thread": "http-nio-8198-exec-19",
                    "class": "o.s.w.s.m.m.a.RequestResponseBodyMethodProcessor",
                    "message": "Using 'application/json', given [*/*] and supported [application/json, application/*+json, application/json, application/*+json, application/cbor]" }
                    
{
                    "app": "Crmeb",
                    "timestamp":"2026-07-24 09:06:31.707",
                    "level": "DEBUG",
                    "thread": "http-nio-8198-exec-19",
                    "class": "o.s.w.s.m.m.a.RequestResponseBodyMethodProcessor",
                    "message": "Writing [com.zbkj.common.result.CommonResult@3f0b892a]" }
                    
{
                    "app": "Crmeb",
                    "timestamp":"2026-07-24 09:06:31.709",
                    "level": "DEBUG",
                    "thread": "http-nio-8198-exec-19",
                    "class": "o.s.web.servlet.DispatcherServlet",
                    "message": "Completed 200 OK" }
                    
{
                    "app": "Crmeb",
                    "timestamp":"2026-07-24 09:06:31.712",
                    "level": "DEBUG",
                    "thread": "http-nio-8198-exec-18",
                    "class": "o.s.w.s.m.m.a.RequestResponseBodyMethodProcessor",
                    "message": "Using 'application/json', given [*/*] and supported [application/json, application/*+json, application/json, application/*+json, application/cbor]" }
                    
{
                    "app": "Crmeb",
                    "timestamp":"2026-07-24 09:06:31.713",
                    "level": "DEBUG",
                    "thread": "http-nio-8198-exec-18",
                    "class": "o.s.w.s.m.m.a.RequestResponseBodyMethodProcessor",
                    "message": "Writing [com.zbkj.common.result.CommonResult@43984494]" }
                    
{
                    "app": "Crmeb",
                    "timestamp":"2026-07-24 09:06:31.713",
                    "level": "DEBUG",
                    "thread": "http-nio-8198-exec-18",
                    "class": "o.s.web.servlet.DispatcherServlet",
                    "message": "Completed 200 OK" }
                    
{
                    "app": "Crmeb",
                    "timestamp":"2026-07-24 09:06:31.724",
                    "level": "DEBUG",
                    "thread": "http-nio-8198-exec-23",
                    "class": "o.s.w.s.m.m.a.RequestResponseBodyMethodProcessor",
                    "message": "Using 'application/json', given [*/*] and supported [application/json, application/*+json, application/json, application/*+json, application/cbor]" }
                    
{
                    "app": "Crmeb",
                    "timestamp":"2026-07-24 09:06:31.724",
                    "level": "DEBUG",
                    "thread": "http-nio-8198-exec-23",
                    "class": "o.s.w.s.m.m.a.RequestResponseBodyMethodProcessor",
                    "message": "Writing [com.zbkj.common.result.CommonResult@49607c6b]" }
                    
{
                    "app": "Crmeb",
                    "timestamp":"2026-07-24 09:06:31.724",
                    "level": "DEBUG",
                    "thread": "http-nio-8198-exec-23",
                    "class": "o.s.web.servlet.DispatcherServlet",
                    "message": "Completed 200 OK" }
                    
{
                    "app": "Crmeb",
                    "timestamp":"2026-07-24 09:06:37.170",
                    "level": "DEBUG",
                    "thread": "http-nio-8198-exec-21",
                    "class": "o.s.web.servlet.DispatcherServlet",
                    "message": "GET "/api/front/jk/platform-order/list?page=1&limit=100&status=", parameters={masked}" }
                    
{
                    "app": "Crmeb",
                    "timestamp":"2026-07-24 09:06:37.171",
                    "level": "DEBUG",
                    "thread": "http-nio-8198-exec-21",
                    "class": "o.s.w.s.m.m.a.RequestMappingHandlerMapping",
                    "message": "Mapped to com.zbkj.front.controller.jiuzhoukang.JkPlatformOrderController#list(JkTradeDocumentSearchRequest, PageParamRequest)" }
                    
{
                    "app": "Crmeb",
                    "timestamp":"2026-07-24 09:06:37.193",
                    "level": "DEBUG",
                    "thread": "http-nio-8198-exec-21",
                    "class": "o.s.w.s.m.m.a.RequestResponseBodyMethodProcessor",
                    "message": "Using 'application/json', given [*/*] and supported [application/json, application/*+json, application/json, application/*+json, application/cbor]" }
                    
{
                    "app": "Crmeb",
                    "timestamp":"2026-07-24 09:06:37.193",
                    "level": "DEBUG",
                    "thread": "http-nio-8198-exec-21",
                    "class": "o.s.w.s.m.m.a.RequestResponseBodyMethodProcessor",
                    "message": "Writing [com.zbkj.common.result.CommonResult@7a368c0f]" }
                    
{
                    "app": "Crmeb",
                    "timestamp":"2026-07-24 09:06:37.195",
                    "level": "DEBUG",
                    "thread": "http-nio-8198-exec-21",
                    "class": "o.s.web.servlet.DispatcherServlet",
                    "message": "Completed 200 OK" }
                    
{
                    "app": "Crmeb",
                    "timestamp":"2026-07-24 09:06:37.196",
                    "level": "DEBUG",
                    "thread": "http-nio-8198-exec-20",
                    "class": "o.s.web.servlet.DispatcherServlet",
                    "message": "GET "/api/front/jk/platform-order/list?page=1&limit=100&status=", parameters={masked}" }
                    
{
                    "app": "Crmeb",
                    "timestamp":"2026-07-24 09:06:37.198",
                    "level": "DEBUG",
                    "thread": "http-nio-8198-exec-20",
                    "class": "o.s.w.s.m.m.a.RequestMappingHandlerMapping",
                    "message": "Mapped to com.zbkj.front.controller.jiuzhoukang.JkPlatformOrderController#list(JkTradeDocumentSearchRequest, PageParamRequest)" }
                    
{
                    "app": "Crmeb",
                    "timestamp":"2026-07-24 09:06:37.217",
                    "level": "DEBUG",
                    "thread": "http-nio-8198-exec-20",
                    "class": "o.s.w.s.m.m.a.RequestResponseBodyMethodProcessor",
                    "message": "Using 'application/json', given [*/*] and supported [application/json, application/*+json, application/json, application/*+json, application/cbor]" }
                    
{
                    "app": "Crmeb",
                    "timestamp":"2026-07-24 09:06:37.217",
                    "level": "DEBUG",
                    "thread": "http-nio-8198-exec-20",
                    "class": "o.s.w.s.m.m.a.RequestResponseBodyMethodProcessor",
                    "message": "Writing [com.zbkj.common.result.CommonResult@34b382a3]" }
                    
{
                    "app": "Crmeb",
                    "timestamp":"2026-07-24 09:06:37.217",
                    "level": "DEBUG",
                    "thread": "http-nio-8198-exec-20",
                    "class": "o.s.web.servlet.DispatcherServlet",
                    "message": "Completed 200 OK" }
                    
{
                    "app": "Crmeb",
                    "timestamp":"2026-07-24 09:06:39.314",
                    "level": "DEBUG",
                    "thread": "http-nio-8198-exec-25",
                    "class": "o.s.web.servlet.DispatcherServlet",
                    "message": "GET "/api/front/jk/permission/context", parameters={}" }
                    
{
                    "app": "Crmeb",
                    "timestamp":"2026-07-24 09:06:39.315",
                    "level": "DEBUG",
                    "thread": "http-nio-8198-exec-25",
                    "class": "o.s.w.s.m.m.a.RequestMappingHandlerMapping",
                    "message": "Mapped to com.zbkj.front.controller.jiuzhoukang.JkPermissionController#context(HttpServletRequest)" }
                    
{
                    "app": "Crmeb",
                    "timestamp":"2026-07-24 09:06:39.321",
                    "level": "DEBUG",
                    "thread": "http-nio-8198-exec-22",
                    "class": "o.s.web.servlet.DispatcherServlet",
                    "message": "GET "/api/front/jk/stock/my", parameters={}" }
                    
{
                    "app": "Crmeb",
                    "timestamp":"2026-07-24 09:06:39.321",
                    "level": "DEBUG",
                    "thread": "http-nio-8198-exec-22",
                    "class": "o.s.w.s.m.m.a.RequestMappingHandlerMapping",
                    "message": "Mapped to com.zbkj.front.controller.jiuzhoukang.JkStockController#my()" }
                    
{
                    "app": "Crmeb",
                    "timestamp":"2026-07-24 09:06:39.322",
                    "level": "DEBUG",
                    "thread": "http-nio-8198-exec-25",
                    "class": "o.s.w.s.m.m.a.RequestResponseBodyMethodProcessor",
                    "message": "Using 'application/json', given [*/*] and supported [application/json, application/*+json, application/json, application/*+json, application/cbor]" }
                    
{
                    "app": "Crmeb",
                    "timestamp":"2026-07-24 09:06:39.322",
                    "level": "DEBUG",
                    "thread": "http-nio-8198-exec-25",
                    "class": "o.s.w.s.m.m.a.RequestResponseBodyMethodProcessor",
                    "message": "Writing [com.zbkj.common.result.CommonResult@45936730]" }
                    
{
                    "app": "Crmeb",
                    "timestamp":"2026-07-24 09:06:39.323",
                    "level": "DEBUG",
                    "thread": "http-nio-8198-exec-25",
                    "class": "o.s.web.servlet.DispatcherServlet",
                    "message": "Completed 200 OK" }
                    
{
                    "app": "Crmeb",
                    "timestamp":"2026-07-24 09:06:39.328",
                    "level": "DEBUG",
                    "thread": "http-nio-8198-exec-26",
                    "class": "o.s.web.servlet.DispatcherServlet",
                    "message": "GET "/api/front/jk/commission/summary", parameters={}" }
                    
{
                    "app": "Crmeb",
                    "timestamp":"2026-07-24 09:06:39.328",
                    "level": "DEBUG",
                    "thread": "http-nio-8198-exec-26",
                    "class": "o.s.w.s.m.m.a.RequestMappingHandlerMapping",
                    "message": "Mapped to com.zbkj.front.controller.jiuzhoukang.JkCommissionController#summary()" }
                    
{
                    "app": "Crmeb",
                    "timestamp":"2026-07-24 09:06:39.334",
                    "level": "DEBUG",
                    "thread": "http-nio-8198-exec-29",
                    "class": "o.s.web.servlet.DispatcherServlet",
                    "message": "GET "/api/front/jk/platform-order/list?page=1&limit=100", parameters={masked}" }
                    
{
                    "app": "Crmeb",
                    "timestamp":"2026-07-24 09:06:39.334",
                    "level": "DEBUG",
                    "thread": "http-nio-8198-exec-29",
                    "class": "o.s.w.s.m.m.a.RequestMappingHandlerMapping",
                    "message": "Mapped to com.zbkj.front.controller.jiuzhoukang.JkPlatformOrderController#list(JkTradeDocumentSearchRequest, PageParamRequest)" }
                    
{
                    "app": "Crmeb",
                    "timestamp":"2026-07-24 09:06:39.338",
                    "level": "DEBUG",
                    "thread": "http-nio-8198-exec-22",
                    "class": "o.s.w.s.m.m.a.RequestResponseBodyMethodProcessor",
                    "message": "Using 'application/json', given [*/*] and supported [application/json, application/*+json, application/json, application/*+json, application/cbor]" }
                    
{
                    "app": "Crmeb",
                    "timestamp":"2026-07-24 09:06:39.339",
                    "level": "DEBUG",
                    "thread": "http-nio-8198-exec-22",
                    "class": "o.s.w.s.m.m.a.RequestResponseBodyMethodProcessor",
                    "message": "Writing [com.zbkj.common.result.CommonResult@ce4916b]" }
                    
{
                    "app": "Crmeb",
                    "timestamp":"2026-07-24 09:06:39.340",
                    "level": "DEBUG",
                    "thread": "http-nio-8198-exec-22",
                    "class": "o.s.web.servlet.DispatcherServlet",
                    "message": "Completed 200 OK" }
                    
{
                    "app": "Crmeb",
                    "timestamp":"2026-07-24 09:06:39.340",
                    "level": "DEBUG",
                    "thread": "http-nio-8198-exec-26",
                    "class": "o.s.w.s.m.m.a.RequestResponseBodyMethodProcessor",
                    "message": "Using 'application/json', given [*/*] and supported [application/json, application/*+json, application/json, application/*+json, application/cbor]" }
                    
{
                    "app": "Crmeb",
                    "timestamp":"2026-07-24 09:06:39.340",
                    "level": "DEBUG",
                    "thread": "http-nio-8198-exec-26",
                    "class": "o.s.w.s.m.m.a.RequestResponseBodyMethodProcessor",
                    "message": "Writing [com.zbkj.common.result.CommonResult@1053b4d7]" }
                    
{
                    "app": "Crmeb",
                    "timestamp":"2026-07-24 09:06:39.340",
                    "level": "DEBUG",
                    "thread": "http-nio-8198-exec-27",
                    "class": "o.s.web.servlet.DispatcherServlet",
                    "message": "GET "/api/front/jk/stock-transfer/list?page=1&limit=100", parameters={masked}" }
                    
{
                    "app": "Crmeb",
                    "timestamp":"2026-07-24 09:06:39.340",
                    "level": "DEBUG",
                    "thread": "http-nio-8198-exec-26",
                    "class": "o.s.web.servlet.DispatcherServlet",
                    "message": "Completed 200 OK" }
                    
{
                    "app": "Crmeb",
                    "timestamp":"2026-07-24 09:06:39.340",
                    "level": "DEBUG",
                    "thread": "http-nio-8198-exec-27",
                    "class": "o.s.w.s.m.m.a.RequestMappingHandlerMapping",
                    "message": "Mapped to com.zbkj.front.controller.jiuzhoukang.JkStockTransferController#list(JkTradeDocumentSearchRequest, PageParamRequest)" }
                    
{
                    "app": "Crmeb",
                    "timestamp":"2026-07-24 09:06:39.345",
                    "level": "DEBUG",
                    "thread": "http-nio-8198-exec-27",
                    "class": "o.s.w.s.m.m.a.RequestResponseBodyMethodProcessor",
                    "message": "Using 'application/json', given [*/*] and supported [application/json, application/*+json, application/json, application/*+json, application/cbor]" }
                    
{
                    "app": "Crmeb",
                    "timestamp":"2026-07-24 09:06:39.345",
                    "level": "DEBUG",
                    "thread": "http-nio-8198-exec-27",
                    "class": "o.s.w.s.m.m.a.RequestResponseBodyMethodProcessor",
                    "message": "Writing [com.zbkj.common.result.CommonResult@4751a8aa]" }
                    
{
                    "app": "Crmeb",
                    "timestamp":"2026-07-24 09:06:39.345",
                    "level": "DEBUG",
                    "thread": "http-nio-8198-exec-27",
                    "class": "o.s.web.servlet.DispatcherServlet",
                    "message": "Completed 200 OK" }
                    
{
                    "app": "Crmeb",
                    "timestamp":"2026-07-24 09:06:39.346",
                    "level": "DEBUG",
                    "thread": "http-nio-8198-exec-29",
                    "class": "o.s.w.s.m.m.a.RequestResponseBodyMethodProcessor",
                    "message": "Using 'application/json', given [*/*] and supported [application/json, application/*+json, application/json, application/*+json, application/cbor]" }
                    
{
                    "app": "Crmeb",
                    "timestamp":"2026-07-24 09:06:39.346",
                    "level": "DEBUG",
                    "thread": "http-nio-8198-exec-29",
                    "class": "o.s.w.s.m.m.a.RequestResponseBodyMethodProcessor",
                    "message": "Writing [com.zbkj.common.result.CommonResult@73a4b8e]" }
                    
{
                    "app": "Crmeb",
                    "timestamp":"2026-07-24 09:06:39.346",
                    "level": "DEBUG",
                    "thread": "http-nio-8198-exec-29",
                    "class": "o.s.web.servlet.DispatcherServlet",
                    "message": "Completed 200 OK" }
                    
{
                    "app": "Crmeb",
                    "timestamp":"2026-07-24 09:06:39.350",
                    "level": "DEBUG",
                    "thread": "http-nio-8198-exec-30",
                    "class": "o.s.web.servlet.DispatcherServlet",
                    "message": "GET "/api/front/jk/stock-transfer/handle/list?page=1&limit=100", parameters={masked}" }
                    
{
                    "app": "Crmeb",
                    "timestamp":"2026-07-24 09:06:39.350",
                    "level": "DEBUG",
                    "thread": "http-nio-8198-exec-30",
                    "class": "o.s.w.s.m.m.a.RequestMappingHandlerMapping",
                    "message": "Mapped to com.zbkj.front.controller.jiuzhoukang.JkStockTransferController#handleList(JkTradeDocumentSearchRequest, PageParamRequest)" }
                    
{
                    "app": "Crmeb",
                    "timestamp":"2026-07-24 09:06:39.367",
                    "level": "DEBUG",
                    "thread": "http-nio-8198-exec-30",
                    "class": "o.s.w.s.m.m.a.RequestResponseBodyMethodProcessor",
                    "message": "Using 'application/json', given [*/*] and supported [application/json, application/*+json, application/json, application/*+json, application/cbor]" }
                    
{
                    "app": "Crmeb",
                    "timestamp":"2026-07-24 09:06:39.367",
                    "level": "DEBUG",
                    "thread": "http-nio-8198-exec-30",
                    "class": "o.s.w.s.m.m.a.RequestResponseBodyMethodProcessor",
                    "message": "Writing [com.zbkj.common.result.CommonResult@1cec49fa]" }
                    
{
                    "app": "Crmeb",
                    "timestamp":"2026-07-24 09:06:39.367",
                    "level": "DEBUG",
                    "thread": "http-nio-8198-exec-30",
                    "class": "o.s.web.servlet.DispatcherServlet",
                    "message": "Completed 200 OK" }
                    
{
                    "app": "Crmeb",
                    "timestamp":"2026-07-24 09:06:48.348",
                    "level": "DEBUG",
                    "thread": "http-nio-8198-exec-28",
                    "class": "o.s.web.servlet.DispatcherServlet",
                    "message": "GET "/api/front/jk/commission/summary", parameters={}" }
                    
{
                    "app": "Crmeb",
                    "timestamp":"2026-07-24 09:06:48.348",
                    "level": "DEBUG",
                    "thread": "http-nio-8198-exec-28",
                    "class": "o.s.w.s.m.m.a.RequestMappingHandlerMapping",
                    "message": "Mapped to com.zbkj.front.controller.jiuzhoukang.JkCommissionController#summary()" }
                    
{
                    "app": "Crmeb",
                    "timestamp":"2026-07-24 09:06:48.349",
                    "level": "DEBUG",
                    "thread": "http-nio-8198-exec-1",
                    "class": "o.s.web.servlet.DispatcherServlet",
                    "message": "GET "/api/front/jk/commission/list?page=1&limit=20", parameters={masked}" }
                    
{
                    "app": "Crmeb",
                    "timestamp":"2026-07-24 09:06:48.349",
                    "level": "DEBUG",
                    "thread": "http-nio-8198-exec-1",
                    "class": "o.s.w.s.m.m.a.RequestMappingHandlerMapping",
                    "message": "Mapped to com.zbkj.front.controller.jiuzhoukang.JkCommissionController#commissionList(String)" }
                    
{
                    "app": "Crmeb",
                    "timestamp":"2026-07-24 09:06:48.357",
                    "level": "DEBUG",
                    "thread": "http-nio-8198-exec-28",
                    "class": "o.s.w.s.m.m.a.RequestResponseBodyMethodProcessor",
                    "message": "Using 'application/json', given [*/*] and supported [application/json, application/*+json, application/json, application/*+json, application/cbor]" }
                    
{
                    "app": "Crmeb",
                    "timestamp":"2026-07-24 09:06:48.358",
                    "level": "DEBUG",
                    "thread": "http-nio-8198-exec-28",
                    "class": "o.s.w.s.m.m.a.RequestResponseBodyMethodProcessor",
                    "message": "Writing [com.zbkj.common.result.CommonResult@69074a22]" }
                    
{
                    "app": "Crmeb",
                    "timestamp":"2026-07-24 09:06:48.358",
                    "level": "DEBUG",
                    "thread": "http-nio-8198-exec-28",
                    "class": "o.s.web.servlet.DispatcherServlet",
                    "message": "Completed 200 OK" }
                    
{
                    "app": "Crmeb",
                    "timestamp":"2026-07-24 09:06:48.359",
                    "level": "DEBUG",
                    "thread": "http-nio-8198-exec-1",
                    "class": "o.s.w.s.m.m.a.RequestResponseBodyMethodProcessor",
                    "message": "Using 'application/json', given [*/*] and supported [application/json, application/*+json, application/json, application/*+json, application/cbor]" }
                    
{
                    "app": "Crmeb",
                    "timestamp":"2026-07-24 09:06:48.359",
                    "level": "DEBUG",
                    "thread": "http-nio-8198-exec-1",
                    "class": "o.s.w.s.m.m.a.RequestResponseBodyMethodProcessor",
                    "message": "Writing [com.zbkj.common.result.CommonResult@286af498]" }
                    
{
                    "app": "Crmeb",
                    "timestamp":"2026-07-24 09:06:48.360",
                    "level": "DEBUG",
                    "thread": "http-nio-8198-exec-1",
                    "class": "o.s.web.servlet.DispatcherServlet",
                    "message": "Completed 200 OK" }
                    
{
                    "app": "Crmeb",
                    "timestamp":"2026-07-24 09:06:56.219",
                    "level": "DEBUG",
                    "thread": "http-nio-8198-exec-2",
                    "class": "o.s.web.servlet.DispatcherServlet",
                    "message": "GET "/api/front/jk/withdraw/config", parameters={}" }
                    
{
                    "app": "Crmeb",
                    "timestamp":"2026-07-24 09:06:56.219",
                    "level": "DEBUG",
                    "thread": "http-nio-8198-exec-4",
                    "class": "o.s.web.servlet.DispatcherServlet",
                    "message": "GET "/api/front/jk/fund/account", parameters={}" }
                    
{
                    "app": "Crmeb",
                    "timestamp":"2026-07-24 09:06:56.219",
                    "level": "DEBUG",
                    "thread": "http-nio-8198-exec-4",
                    "class": "o.s.w.s.m.m.a.RequestMappingHandlerMapping",
                    "message": "Mapped to com.zbkj.front.controller.jiuzhoukang.JkCommissionController#fundAccount()" }
                    
{
                    "app": "Crmeb",
                    "timestamp":"2026-07-24 09:06:56.219",
                    "level": "DEBUG",
                    "thread": "http-nio-8198-exec-2",
                    "class": "o.s.w.s.m.m.a.RequestMappingHandlerMapping",
                    "message": "Mapped to com.zbkj.front.controller.jiuzhoukang.JkWithdrawController#config()" }
                    
{
                    "app": "Crmeb",
                    "timestamp":"2026-07-24 09:06:56.228",
                    "level": "DEBUG",
                    "thread": "http-nio-8198-exec-2",
                    "class": "o.s.w.s.m.m.a.RequestResponseBodyMethodProcessor",
                    "message": "Using 'application/json', given [*/*] and supported [application/json, application/*+json, application/json, application/*+json, application/cbor]" }
                    
{
                    "app": "Crmeb",
                    "timestamp":"2026-07-24 09:06:56.228",
                    "level": "DEBUG",
                    "thread": "http-nio-8198-exec-2",
                    "class": "o.s.w.s.m.m.a.RequestResponseBodyMethodProcessor",
                    "message": "Writing [com.zbkj.common.result.CommonResult@6cdc9094]" }
                    
{
                    "app": "Crmeb",
                    "timestamp":"2026-07-24 09:06:56.228",
                    "level": "DEBUG",
                    "thread": "http-nio-8198-exec-2",
                    "class": "o.s.web.servlet.DispatcherServlet",
                    "message": "Completed 200 OK" }
                    
{
                    "app": "Crmeb",
                    "timestamp":"2026-07-24 09:06:56.232",
                    "level": "DEBUG",
                    "thread": "http-nio-8198-exec-4",
                    "class": "o.s.w.s.m.m.a.RequestResponseBodyMethodProcessor",
                    "message": "Using 'application/json', given [*/*] and supported [application/json, application/*+json, application/json, application/*+json, application/cbor]" }
                    
{
                    "app": "Crmeb",
                    "timestamp":"2026-07-24 09:06:56.232",
                    "level": "DEBUG",
                    "thread": "http-nio-8198-exec-4",
                    "class": "o.s.w.s.m.m.a.RequestResponseBodyMethodProcessor",
                    "message": "Writing [com.zbkj.common.result.CommonResult@32a5dee2]" }
                    
{
                    "app": "Crmeb",
                    "timestamp":"2026-07-24 09:06:56.232",
                    "level": "DEBUG",
                    "thread": "http-nio-8198-exec-4",
                    "class": "o.s.web.servlet.DispatcherServlet",
                    "message": "Completed 200 OK" }
                    
{
                    "app": "Crmeb",
                    "timestamp":"2026-07-24 09:07:05.348",
                    "level": "DEBUG",
                    "thread": "http-nio-8198-exec-5",
                    "class": "o.s.web.servlet.DispatcherServlet",
                    "message": "GET "/api/front/jk/commission/summary", parameters={}" }
                    
{
                    "app": "Crmeb",
                    "timestamp":"2026-07-24 09:07:05.349",
                    "level": "DEBUG",
                    "thread": "http-nio-8198-exec-5",
                    "class": "o.s.w.s.m.m.a.RequestMappingHandlerMapping",
                    "message": "Mapped to com.zbkj.front.controller.jiuzhoukang.JkCommissionController#summary()" }
                    
{
                    "app": "Crmeb",
                    "timestamp":"2026-07-24 09:07:05.352",
                    "level": "DEBUG",
                    "thread": "http-nio-8198-exec-3",
                    "class": "o.s.web.servlet.DispatcherServlet",
                    "message": "GET "/api/front/jk/commission/list?page=1&limit=20", parameters={masked}" }
                    
{
                    "app": "Crmeb",
                    "timestamp":"2026-07-24 09:07:05.353",
                    "level": "DEBUG",
                    "thread": "http-nio-8198-exec-3",
                    "class": "o.s.w.s.m.m.a.RequestMappingHandlerMapping",
                    "message": "Mapped to com.zbkj.front.controller.jiuzhoukang.JkCommissionController#commissionList(String)" }
                    
{
                    "app": "Crmeb",
                    "timestamp":"2026-07-24 09:07:05.358",
                    "level": "DEBUG",
                    "thread": "http-nio-8198-exec-3",
                    "class": "o.s.w.s.m.m.a.RequestResponseBodyMethodProcessor",
                    "message": "Using 'application/json', given [*/*] and supported [application/json, application/*+json, application/json, application/*+json, application/cbor]" }
                    
{
                    "app": "Crmeb",
                    "timestamp":"2026-07-24 09:07:05.358",
                    "level": "DEBUG",
                    "thread": "http-nio-8198-exec-5",
                    "class": "o.s.w.s.m.m.a.RequestResponseBodyMethodProcessor",
                    "message": "Using 'application/json', given [*/*] and supported [application/json, application/*+json, application/json, application/*+json, application/cbor]" }
                    
{
                    "app": "Crmeb",
                    "timestamp":"2026-07-24 09:07:05.358",
                    "level": "DEBUG",
                    "thread": "http-nio-8198-exec-3",
                    "class": "o.s.w.s.m.m.a.RequestResponseBodyMethodProcessor",
                    "message": "Writing [com.zbkj.common.result.CommonResult@2326ce7e]" }
                    
{
                    "app": "Crmeb",
                    "timestamp":"2026-07-24 09:07:05.358",
                    "level": "DEBUG",
                    "thread": "http-nio-8198-exec-5",
                    "class": "o.s.w.s.m.m.a.RequestResponseBodyMethodProcessor",
                    "message": "Writing [com.zbkj.common.result.CommonResult@32e769e2]" }
                    
{
                    "app": "Crmeb",
                    "timestamp":"2026-07-24 09:07:05.358",
                    "level": "DEBUG",
                    "thread": "http-nio-8198-exec-3",
                    "class": "o.s.web.servlet.DispatcherServlet",
                    "message": "Completed 200 OK" }
                    
{
                    "app": "Crmeb",
                    "timestamp":"2026-07-24 09:07:05.358",
                    "level": "DEBUG",
                    "thread": "http-nio-8198-exec-5",
                    "class": "o.s.web.servlet.DispatcherServlet",
                    "message": "Completed 200 OK" }
                    
{
                    "app": "Crmeb",
                    "timestamp":"2026-07-24 09:07:10.714",
                    "level": "DEBUG",
                    "thread": "http-nio-8198-exec-9",
                    "class": "o.s.web.servlet.DispatcherServlet",
                    "message": "GET "/api/front/jk/commission/list?page=1&limit=100", parameters={masked}" }
                    
{
                    "app": "Crmeb",
                    "timestamp":"2026-07-24 09:07:10.714",
                    "level": "DEBUG",
                    "thread": "http-nio-8198-exec-9",
                    "class": "o.s.w.s.m.m.a.RequestMappingHandlerMapping",
                    "message": "Mapped to com.zbkj.front.controller.jiuzhoukang.JkCommissionController#commissionList(String)" }
                    
{
                    "app": "Crmeb",
                    "timestamp":"2026-07-24 09:07:10.717",
                    "level": "DEBUG",
                    "thread": "http-nio-8198-exec-8",
                    "class": "o.s.web.servlet.DispatcherServlet",
                    "message": "GET "/api/front/jk/commission/summary", parameters={}" }
                    
{
                    "app": "Crmeb",
                    "timestamp":"2026-07-24 09:07:10.717",
                    "level": "DEBUG",
                    "thread": "http-nio-8198-exec-8",
                    "class": "o.s.w.s.m.m.a.RequestMappingHandlerMapping",
                    "message": "Mapped to com.zbkj.front.controller.jiuzhoukang.JkCommissionController#summary()" }
                    
{
                    "app": "Crmeb",
                    "timestamp":"2026-07-24 09:07:10.722",
                    "level": "DEBUG",
                    "thread": "http-nio-8198-exec-9",
                    "class": "o.s.w.s.m.m.a.RequestResponseBodyMethodProcessor",
                    "message": "Using 'application/json', given [*/*] and supported [application/json, application/*+json, application/json, application/*+json, application/cbor]" }
                    
{
                    "app": "Crmeb",
                    "timestamp":"2026-07-24 09:07:10.722",
                    "level": "DEBUG",
                    "thread": "http-nio-8198-exec-9",
                    "class": "o.s.w.s.m.m.a.RequestResponseBodyMethodProcessor",
                    "message": "Writing [com.zbkj.common.result.CommonResult@7c936b0d]" }
                    
{
                    "app": "Crmeb",
                    "timestamp":"2026-07-24 09:07:10.722",
                    "level": "DEBUG",
                    "thread": "http-nio-8198-exec-9",
                    "class": "o.s.web.servlet.DispatcherServlet",
                    "message": "Completed 200 OK" }
                    
{
                    "app": "Crmeb",
                    "timestamp":"2026-07-24 09:07:10.728",
                    "level": "DEBUG",
                    "thread": "http-nio-8198-exec-8",
                    "class": "o.s.w.s.m.m.a.RequestResponseBodyMethodProcessor",
                    "message": "Using 'application/json', given [*/*] and supported [application/json, application/*+json, application/json, application/*+json, application/cbor]" }
                    
{
                    "app": "Crmeb",
                    "timestamp":"2026-07-24 09:07:10.728",
                    "level": "DEBUG",
                    "thread": "http-nio-8198-exec-8",
                    "class": "o.s.w.s.m.m.a.RequestResponseBodyMethodProcessor",
                    "message": "Writing [com.zbkj.common.result.CommonResult@6ba396bc]" }
                    
{
                    "app": "Crmeb",
                    "timestamp":"2026-07-24 09:07:10.728",
                    "level": "DEBUG",
                    "thread": "http-nio-8198-exec-8",
                    "class": "o.s.web.servlet.DispatcherServlet",
                    "message": "Completed 200 OK" }
                    
{
                    "app": "Crmeb",
                    "timestamp":"2026-07-24 09:07:14.772",
                    "level": "DEBUG",
                    "thread": "http-nio-8198-exec-7",
                    "class": "o.s.web.servlet.DispatcherServlet",
                    "message": "GET "/api/front/jk/commission/summary", parameters={}" }
                    
{
                    "app": "Crmeb",
                    "timestamp":"2026-07-24 09:07:14.772",
                    "level": "DEBUG",
                    "thread": "http-nio-8198-exec-7",
                    "class": "o.s.w.s.m.m.a.RequestMappingHandlerMapping",
                    "message": "Mapped to com.zbkj.front.controller.jiuzhoukang.JkCommissionController#summary()" }
                    
{
                    "app": "Crmeb",
                    "timestamp":"2026-07-24 09:07:14.773",
                    "level": "DEBUG",
                    "thread": "http-nio-8198-exec-6",
                    "class": "o.s.web.servlet.DispatcherServlet",
                    "message": "GET "/api/front/jk/commission/list?page=1&limit=20", parameters={masked}" }
                    
{
                    "app": "Crmeb",
                    "timestamp":"2026-07-24 09:07:14.773",
                    "level": "DEBUG",
                    "thread": "http-nio-8198-exec-6",
                    "class": "o.s.w.s.m.m.a.RequestMappingHandlerMapping",
                    "message": "Mapped to com.zbkj.front.controller.jiuzhoukang.JkCommissionController#commissionList(String)" }
                    
{
                    "app": "Crmeb",
                    "timestamp":"2026-07-24 09:07:14.779",
                    "level": "DEBUG",
                    "thread": "http-nio-8198-exec-6",
                    "class": "o.s.w.s.m.m.a.RequestResponseBodyMethodProcessor",
                    "message": "Using 'application/json', given [*/*] and supported [application/json, application/*+json, application/json, application/*+json, application/cbor]" }
                    
{
                    "app": "Crmeb",
                    "timestamp":"2026-07-24 09:07:14.779",
                    "level": "DEBUG",
                    "thread": "http-nio-8198-exec-6",
                    "class": "o.s.w.s.m.m.a.RequestResponseBodyMethodProcessor",
                    "message": "Writing [com.zbkj.common.result.CommonResult@6b3503a]" }
                    
{
                    "app": "Crmeb",
                    "timestamp":"2026-07-24 09:07:14.780",
                    "level": "DEBUG",
                    "thread": "http-nio-8198-exec-6",
                    "class": "o.s.web.servlet.DispatcherServlet",
                    "message": "Completed 200 OK" }
                    
{
                    "app": "Crmeb",
                    "timestamp":"2026-07-24 09:07:14.780",
                    "level": "DEBUG",
                    "thread": "http-nio-8198-exec-7",
                    "class": "o.s.w.s.m.m.a.RequestResponseBodyMethodProcessor",
                    "message": "Using 'application/json', given [*/*] and supported [application/json, application/*+json, application/json, application/*+json, application/cbor]" }
                    
{
                    "app": "Crmeb",
                    "timestamp":"2026-07-24 09:07:14.780",
                    "level": "DEBUG",
                    "thread": "http-nio-8198-exec-7",
                    "class": "o.s.w.s.m.m.a.RequestResponseBodyMethodProcessor",
                    "message": "Writing [com.zbkj.common.result.CommonResult@3b36e6fa]" }
                    
{
                    "app": "Crmeb",
                    "timestamp":"2026-07-24 09:07:14.781",
                    "level": "DEBUG",
                    "thread": "http-nio-8198-exec-7",
                    "class": "o.s.web.servlet.DispatcherServlet",
                    "message": "Completed 200 OK" }
                    
{
                    "app": "Crmeb",
                    "timestamp":"2026-07-24 09:07:15.366",
                    "level": "DEBUG",
                    "thread": "http-nio-8198-exec-14",
                    "class": "o.s.web.servlet.DispatcherServlet",
                    "message": "GET "/api/front/jk/permission/context", parameters={}" }
                    
{
                    "app": "Crmeb",
                    "timestamp":"2026-07-24 09:07:15.367",
                    "level": "DEBUG",
                    "thread": "http-nio-8198-exec-14",
                    "class": "o.s.w.s.m.m.a.RequestMappingHandlerMapping",
                    "message": "Mapped to com.zbkj.front.controller.jiuzhoukang.JkPermissionController#context(HttpServletRequest)" }
                    
{
                    "app": "Crmeb",
                    "timestamp":"2026-07-24 09:07:15.370",
                    "level": "DEBUG",
                    "thread": "http-nio-8198-exec-11",
                    "class": "o.s.web.servlet.DispatcherServlet",
                    "message": "GET "/api/front/jk/stock/my", parameters={}" }
                    
{
                    "app": "Crmeb",
                    "timestamp":"2026-07-24 09:07:15.370",
                    "level": "DEBUG",
                    "thread": "http-nio-8198-exec-11",
                    "class": "o.s.w.s.m.m.a.RequestMappingHandlerMapping",
                    "message": "Mapped to com.zbkj.front.controller.jiuzhoukang.JkStockController#my()" }
                    
{
                    "app": "Crmeb",
                    "timestamp":"2026-07-24 09:07:15.371",
                    "level": "DEBUG",
                    "thread": "http-nio-8198-exec-13",
                    "class": "o.s.web.servlet.DispatcherServlet",
                    "message": "GET "/api/front/jk/commission/summary", parameters={}" }
                    
{
                    "app": "Crmeb",
                    "timestamp":"2026-07-24 09:07:15.372",
                    "level": "DEBUG",
                    "thread": "http-nio-8198-exec-13",
                    "class": "o.s.w.s.m.m.a.RequestMappingHandlerMapping",
                    "message": "Mapped to com.zbkj.front.controller.jiuzhoukang.JkCommissionController#summary()" }
                    
{
                    "app": "Crmeb",
                    "timestamp":"2026-07-24 09:07:15.374",
                    "level": "DEBUG",
                    "thread": "http-nio-8198-exec-14",
                    "class": "o.s.w.s.m.m.a.RequestResponseBodyMethodProcessor",
                    "message": "Using 'application/json', given [*/*] and supported [application/json, application/*+json, application/json, application/*+json, application/cbor]" }
                    
{
                    "app": "Crmeb",
                    "timestamp":"2026-07-24 09:07:15.374",
                    "level": "DEBUG",
                    "thread": "http-nio-8198-exec-14",
                    "class": "o.s.w.s.m.m.a.RequestResponseBodyMethodProcessor",
                    "message": "Writing [com.zbkj.common.result.CommonResult@4ce1c6ff]" }
                    
{
                    "app": "Crmeb",
                    "timestamp":"2026-07-24 09:07:15.374",
                    "level": "DEBUG",
                    "thread": "http-nio-8198-exec-14",
                    "class": "o.s.web.servlet.DispatcherServlet",
                    "message": "Completed 200 OK" }
                    
{
                    "app": "Crmeb",
                    "timestamp":"2026-07-24 09:07:15.375",
                    "level": "DEBUG",
                    "thread": "http-nio-8198-exec-10",
                    "class": "o.s.web.servlet.DispatcherServlet",
                    "message": "GET "/api/front/jk/platform-order/list?page=1&limit=100", parameters={masked}" }
                    
{
                    "app": "Crmeb",
                    "timestamp":"2026-07-24 09:07:15.375",
                    "level": "DEBUG",
                    "thread": "http-nio-8198-exec-10",
                    "class": "o.s.w.s.m.m.a.RequestMappingHandlerMapping",
                    "message": "Mapped to com.zbkj.front.controller.jiuzhoukang.JkPlatformOrderController#list(JkTradeDocumentSearchRequest, PageParamRequest)" }
                    
{
                    "app": "Crmeb",
                    "timestamp":"2026-07-24 09:07:15.380",
                    "level": "DEBUG",
                    "thread": "http-nio-8198-exec-12",
                    "class": "o.s.web.servlet.DispatcherServlet",
                    "message": "GET "/api/front/jk/stock-transfer/list?page=1&limit=100", parameters={masked}" }
                    
{
                    "app": "Crmeb",
                    "timestamp":"2026-07-24 09:07:15.381",
                    "level": "DEBUG",
                    "thread": "http-nio-8198-exec-12",
                    "class": "o.s.w.s.m.m.a.RequestMappingHandlerMapping",
                    "message": "Mapped to com.zbkj.front.controller.jiuzhoukang.JkStockTransferController#list(JkTradeDocumentSearchRequest, PageParamRequest)" }
                    
{
                    "app": "Crmeb",
                    "timestamp":"2026-07-24 09:07:15.382",
                    "level": "DEBUG",
                    "thread": "http-nio-8198-exec-13",
                    "class": "o.s.w.s.m.m.a.RequestResponseBodyMethodProcessor",
                    "message": "Using 'application/json', given [*/*] and supported [application/json, application/*+json, application/json, application/*+json, application/cbor]" }
                    
{
                    "app": "Crmeb",
                    "timestamp":"2026-07-24 09:07:15.382",
                    "level": "DEBUG",
                    "thread": "http-nio-8198-exec-13",
                    "class": "o.s.w.s.m.m.a.RequestResponseBodyMethodProcessor",
                    "message": "Writing [com.zbkj.common.result.CommonResult@14fcf64e]" }
                    
{
                    "app": "Crmeb",
                    "timestamp":"2026-07-24 09:07:15.382",
                    "level": "DEBUG",
                    "thread": "http-nio-8198-exec-13",
                    "class": "o.s.web.servlet.DispatcherServlet",
                    "message": "Completed 200 OK" }
                    
{
                    "app": "Crmeb",
                    "timestamp":"2026-07-24 09:07:15.385",
                    "level": "DEBUG",
                    "thread": "http-nio-8198-exec-16",
                    "class": "o.s.web.servlet.DispatcherServlet",
                    "message": "GET "/api/front/jk/stock-transfer/handle/list?page=1&limit=100", parameters={masked}" }
                    
{
                    "app": "Crmeb",
                    "timestamp":"2026-07-24 09:07:15.385",
                    "level": "DEBUG",
                    "thread": "http-nio-8198-exec-16",
                    "class": "o.s.w.s.m.m.a.RequestMappingHandlerMapping",
                    "message": "Mapped to com.zbkj.front.controller.jiuzhoukang.JkStockTransferController#handleList(JkTradeDocumentSearchRequest, PageParamRequest)" }
                    
{
                    "app": "Crmeb",
                    "timestamp":"2026-07-24 09:07:15.385",
                    "level": "DEBUG",
                    "thread": "http-nio-8198-exec-12",
                    "class": "o.s.w.s.m.m.a.RequestResponseBodyMethodProcessor",
                    "message": "Using 'application/json', given [*/*] and supported [application/json, application/*+json, application/json, application/*+json, application/cbor]" }
                    
{
                    "app": "Crmeb",
                    "timestamp":"2026-07-24 09:07:15.385",
                    "level": "DEBUG",
                    "thread": "http-nio-8198-exec-12",
                    "class": "o.s.w.s.m.m.a.RequestResponseBodyMethodProcessor",
                    "message": "Writing [com.zbkj.common.result.CommonResult@fe6fb14]" }
                    
{
                    "app": "Crmeb",
                    "timestamp":"2026-07-24 09:07:15.385",
                    "level": "DEBUG",
                    "thread": "http-nio-8198-exec-12",
                    "class": "o.s.web.servlet.DispatcherServlet",
                    "message": "Completed 200 OK" }
                    
{
                    "app": "Crmeb",
                    "timestamp":"2026-07-24 09:07:15.387",
                    "level": "DEBUG",
                    "thread": "http-nio-8198-exec-11",
                    "class": "o.s.w.s.m.m.a.RequestResponseBodyMethodProcessor",
                    "message": "Using 'application/json', given [*/*] and supported [application/json, application/*+json, application/json, application/*+json, application/cbor]" }
                    
{
                    "app": "Crmeb",
                    "timestamp":"2026-07-24 09:07:15.387",
                    "level": "DEBUG",
                    "thread": "http-nio-8198-exec-11",
                    "class": "o.s.w.s.m.m.a.RequestResponseBodyMethodProcessor",
                    "message": "Writing [com.zbkj.common.result.CommonResult@5207e586]" }
                    
{
                    "app": "Crmeb",
                    "timestamp":"2026-07-24 09:07:15.387",
                    "level": "DEBUG",
                    "thread": "http-nio-8198-exec-10",
                    "class": "o.s.w.s.m.m.a.RequestResponseBodyMethodProcessor",
                    "message": "Using 'application/json', given [*/*] and supported [application/json, application/*+json, application/json, application/*+json, application/cbor]" }
                    
{
                    "app": "Crmeb",
                    "timestamp":"2026-07-24 09:07:15.387",
                    "level": "DEBUG",
                    "thread": "http-nio-8198-exec-10",
                    "class": "o.s.w.s.m.m.a.RequestResponseBodyMethodProcessor",
                    "message": "Writing [com.zbkj.common.result.CommonResult@5ce8b00b]" }
                    
{
                    "app": "Crmeb",
                    "timestamp":"2026-07-24 09:07:15.387",
                    "level": "DEBUG",
                    "thread": "http-nio-8198-exec-11",
                    "class": "o.s.web.servlet.DispatcherServlet",
                    "message": "Completed 200 OK" }
                    
{
                    "app": "Crmeb",
                    "timestamp":"2026-07-24 09:07:15.387",
                    "level": "DEBUG",
                    "thread": "http-nio-8198-exec-10",
                    "class": "o.s.web.servlet.DispatcherServlet",
                    "message": "Completed 200 OK" }
                    
{
                    "app": "Crmeb",
                    "timestamp":"2026-07-24 09:07:15.402",
                    "level": "DEBUG",
                    "thread": "http-nio-8198-exec-16",
                    "class": "o.s.w.s.m.m.a.RequestResponseBodyMethodProcessor",
                    "message": "Using 'application/json', given [*/*] and supported [application/json, application/*+json, application/json, application/*+json, application/cbor]" }
                    
{
                    "app": "Crmeb",
                    "timestamp":"2026-07-24 09:07:15.402",
                    "level": "DEBUG",
                    "thread": "http-nio-8198-exec-16",
                    "class": "o.s.w.s.m.m.a.RequestResponseBodyMethodProcessor",
                    "message": "Writing [com.zbkj.common.result.CommonResult@362bbfe5]" }
                    
{
                    "app": "Crmeb",
                    "timestamp":"2026-07-24 09:07:15.403",
                    "level": "DEBUG",
                    "thread": "http-nio-8198-exec-16",
                    "class": "o.s.web.servlet.DispatcherServlet",
                    "message": "Completed 200 OK" }
                    
{
                    "app": "Crmeb",
                    "timestamp":"2026-07-24 09:07:16.332",
                    "level": "DEBUG",
                    "thread": "http-nio-8198-exec-24",
                    "class": "o.s.web.servlet.DispatcherServlet",
                    "message": "GET "/api/front/menu/user", parameters={}" }
                    
{
                    "app": "Crmeb",
                    "timestamp":"2026-07-24 09:07:16.332",
                    "level": "DEBUG",
                    "thread": "http-nio-8198-exec-24",
                    "class": "o.s.w.s.m.m.a.RequestMappingHandlerMapping",
                    "message": "Mapped to com.zbkj.front.controller.UserController#getMenuUser()" }
                    
{
                    "app": "Crmeb",
                    "timestamp":"2026-07-24 09:07:16.335",
                    "level": "DEBUG",
                    "thread": "http-nio-8198-exec-15",
                    "class": "o.s.web.servlet.DispatcherServlet",
                    "message": "POST "/api/front/token/is/exist", parameters={}" }
                    
{
                    "app": "Crmeb",
                    "timestamp":"2026-07-24 09:07:16.336",
                    "level": "DEBUG",
                    "thread": "http-nio-8198-exec-15",
                    "class": "o.s.w.s.m.m.a.RequestMappingHandlerMapping",
                    "message": "Mapped to com.zbkj.front.controller.LoginController#tokenIsExist()" }
                    
{
                    "app": "Crmeb",
                    "timestamp":"2026-07-24 09:07:16.336",
                    "level": "DEBUG",
                    "thread": "http-nio-8198-exec-15",
                    "class": "o.s.w.s.m.m.a.RequestResponseBodyMethodProcessor",
                    "message": "Using 'application/json', given [*/*] and supported [application/json, application/*+json, application/json, application/*+json, application/cbor]" }
                    
{
                    "app": "Crmeb",
                    "timestamp":"2026-07-24 09:07:16.336",
                    "level": "DEBUG",
                    "thread": "http-nio-8198-exec-15",
                    "class": "o.s.w.s.m.m.a.RequestResponseBodyMethodProcessor",
                    "message": "Writing [com.zbkj.common.result.CommonResult@5f9dc15]" }
                    
{
                    "app": "Crmeb",
                    "timestamp":"2026-07-24 09:07:16.337",
                    "level": "DEBUG",
                    "thread": "http-nio-8198-exec-15",
                    "class": "o.s.web.servlet.DispatcherServlet",
                    "message": "Completed 200 OK" }
                    
{
                    "app": "Crmeb",
                    "timestamp":"2026-07-24 09:07:16.339",
                    "level": "DEBUG",
                    "thread": "http-nio-8198-exec-17",
                    "class": "o.s.web.servlet.DispatcherServlet",
                    "message": "GET "/api/front/copyright/info", parameters={}" }
                    
{
                    "app": "Crmeb",
                    "timestamp":"2026-07-24 09:07:16.340",
                    "level": "DEBUG",
                    "thread": "http-nio-8198-exec-24",
                    "class": "o.s.w.s.m.m.a.RequestResponseBodyMethodProcessor",
                    "message": "Using 'application/json', given [*/*] and supported [application/json, application/*+json, application/json, application/*+json, application/cbor]" }
                    
{
                    "app": "Crmeb",
                    "timestamp":"2026-07-24 09:07:16.340",
                    "level": "DEBUG",
                    "thread": "http-nio-8198-exec-24",
                    "class": "o.s.w.s.m.m.a.RequestResponseBodyMethodProcessor",
                    "message": "Writing [com.zbkj.common.result.CommonResult@42d33696]" }
                    
{
                    "app": "Crmeb",
                    "timestamp":"2026-07-24 09:07:16.340",
                    "level": "DEBUG",
                    "thread": "http-nio-8198-exec-17",
                    "class": "o.s.w.s.m.m.a.RequestMappingHandlerMapping",
                    "message": "Mapped to com.zbkj.front.controller.IndexController#getCopyrightInfo()" }
                    
{
                    "app": "Crmeb",
                    "timestamp":"2026-07-24 09:07:16.340",
                    "level": "DEBUG",
                    "thread": "http-nio-8198-exec-24",
                    "class": "o.s.web.servlet.DispatcherServlet",
                    "message": "Completed 200 OK" }
                    
{
                    "app": "Crmeb",
                    "timestamp":"2026-07-24 09:07:16.341",
                    "level": "DEBUG",
                    "thread": "http-nio-8198-exec-17",
                    "class": "o.s.w.s.m.m.a.RequestResponseBodyMethodProcessor",
                    "message": "Using 'application/json', given [*/*] and supported [application/json, application/*+json, application/json, application/*+json, application/cbor]" }
                    
{
                    "app": "Crmeb",
                    "timestamp":"2026-07-24 09:07:16.343",
                    "level": "DEBUG",
                    "thread": "http-nio-8198-exec-17",
                    "class": "o.s.w.s.m.m.a.RequestResponseBodyMethodProcessor",
                    "message": "Writing [com.zbkj.common.result.CommonResult@2615e459]" }
                    
{
                    "app": "Crmeb",
                    "timestamp":"2026-07-24 09:07:16.343",
                    "level": "DEBUG",
                    "thread": "http-nio-8198-exec-17",
                    "class": "o.s.web.servlet.DispatcherServlet",
                    "message": "Completed 200 OK" }
                    
{
                    "app": "Crmeb",
                    "timestamp":"2026-07-24 09:07:16.343",
                    "level": "DEBUG",
                    "thread": "http-nio-8198-exec-19",
                    "class": "o.s.web.servlet.DispatcherServlet",
                    "message": "GET "/api/front/jk/permission/context", parameters={}" }
                    
{
                    "app": "Crmeb",
                    "timestamp":"2026-07-24 09:07:16.343",
                    "level": "DEBUG",
                    "thread": "http-nio-8198-exec-19",
                    "class": "o.s.w.s.m.m.a.RequestMappingHandlerMapping",
                    "message": "Mapped to com.zbkj.front.controller.jiuzhoukang.JkPermissionController#context(HttpServletRequest)" }
                    
{
                    "app": "Crmeb",
                    "timestamp":"2026-07-24 09:07:16.350",
                    "level": "DEBUG",
                    "thread": "http-nio-8198-exec-18",
                    "class": "o.s.web.servlet.DispatcherServlet",
                    "message": "GET "/api/front/city/list", parameters={}" }
                    
{
                    "app": "Crmeb",
                    "timestamp":"2026-07-24 09:07:16.350",
                    "level": "DEBUG",
                    "thread": "http-nio-8198-exec-18",
                    "class": "o.s.w.s.m.m.a.RequestMappingHandlerMapping",
                    "message": "Mapped to com.zbkj.front.controller.CityController#register()" }
                    
{
                    "app": "Crmeb",
                    "timestamp":"2026-07-24 09:07:16.351",
                    "level": "DEBUG",
                    "thread": "http-nio-8198-exec-19",
                    "class": "o.s.w.s.m.m.a.RequestResponseBodyMethodProcessor",
                    "message": "Using 'application/json', given [*/*] and supported [application/json, application/*+json, application/json, application/*+json, application/cbor]" }
                    
{
                    "app": "Crmeb",
                    "timestamp":"2026-07-24 09:07:16.351",
                    "level": "DEBUG",
                    "thread": "http-nio-8198-exec-19",
                    "class": "o.s.w.s.m.m.a.RequestResponseBodyMethodProcessor",
                    "message": "Writing [com.zbkj.common.result.CommonResult@29addede]" }
                    
{
                    "app": "Crmeb",
                    "timestamp":"2026-07-24 09:07:16.351",
                    "level": "DEBUG",
                    "thread": "http-nio-8198-exec-19",
                    "class": "o.s.web.servlet.DispatcherServlet",
                    "message": "Completed 200 OK" }
                    
{
                    "app": "Crmeb",
                    "timestamp":"2026-07-24 09:07:16.364",
                    "level": "DEBUG",
                    "thread": "http-nio-8198-exec-18",
                    "class": "o.s.w.s.m.m.a.RequestResponseBodyMethodProcessor",
                    "message": "Using 'application/json', given [*/*] and supported [application/json, application/*+json, application/json, application/*+json, application/cbor]" }
                    
{
                    "app": "Crmeb",
                    "timestamp":"2026-07-24 09:07:16.364",
                    "level": "DEBUG",
                    "thread": "http-nio-8198-exec-18",
                    "class": "o.s.w.s.m.m.a.RequestResponseBodyMethodProcessor",
                    "message": "Writing [com.zbkj.common.result.CommonResult@2044a49e]" }
                    
{
                    "app": "Crmeb",
                    "timestamp":"2026-07-24 09:07:16.367",
                    "level": "DEBUG",
                    "thread": "http-nio-8198-exec-23",
                    "class": "o.s.web.servlet.DispatcherServlet",
                    "message": "GET "/api/front/order/data", parameters={}" }
                    
{
                    "app": "Crmeb",
                    "timestamp":"2026-07-24 09:07:16.368",
                    "level": "DEBUG",
                    "thread": "http-nio-8198-exec-23",
                    "class": "o.s.w.s.m.m.a.RequestMappingHandlerMapping",
                    "message": "Mapped to com.zbkj.front.controller.StoreOrderController#orderData()" }
                    
{
                    "app": "Crmeb",
                    "timestamp":"2026-07-24 09:07:16.368",
                    "level": "DEBUG",
                    "thread": "http-nio-8198-exec-18",
                    "class": "o.s.web.servlet.DispatcherServlet",
                    "message": "Completed 200 OK" }
                    
{
                    "app": "Crmeb",
                    "timestamp":"2026-07-24 09:07:16.370",
                    "level": "DEBUG",
                    "thread": "http-nio-8198-exec-21",
                    "class": "o.s.web.servlet.DispatcherServlet",
                    "message": "GET "/api/front/user", parameters={}" }
                    
{
                    "app": "Crmeb",
                    "timestamp":"2026-07-24 09:07:16.370",
                    "level": "DEBUG",
                    "thread": "http-nio-8198-exec-21",
                    "class": "o.s.w.s.m.m.a.RequestMappingHandlerMapping",
                    "message": "Mapped to com.zbkj.front.controller.UserController#getUserCenter()" }
                    
{
                    "app": "Crmeb",
                    "timestamp":"2026-07-24 09:07:16.379",
                    "level": "DEBUG",
                    "thread": "http-nio-8198-exec-23",
                    "class": "o.s.w.s.m.m.a.RequestResponseBodyMethodProcessor",
                    "message": "Using 'application/json', given [*/*] and supported [application/json, application/*+json, application/json, application/*+json, application/cbor]" }
                    
{
                    "app": "Crmeb",
                    "timestamp":"2026-07-24 09:07:16.379",
                    "level": "DEBUG",
                    "thread": "http-nio-8198-exec-23",
                    "class": "o.s.w.s.m.m.a.RequestResponseBodyMethodProcessor",
                    "message": "Writing [com.zbkj.common.result.CommonResult@715c2f76]" }
                    
{
                    "app": "Crmeb",
                    "timestamp":"2026-07-24 09:07:16.380",
                    "level": "DEBUG",
                    "thread": "http-nio-8198-exec-23",
                    "class": "o.s.web.servlet.DispatcherServlet",
                    "message": "Completed 200 OK" }
                    
{
                    "app": "Crmeb",
                    "timestamp":"2026-07-24 09:07:16.382",
                    "level": "DEBUG",
                    "thread": "http-nio-8198-exec-21",
                    "class": "o.s.w.s.m.m.a.RequestResponseBodyMethodProcessor",
                    "message": "Using 'application/json', given [*/*] and supported [application/json, application/*+json, application/json, application/*+json, application/cbor]" }
                    
{
                    "app": "Crmeb",
                    "timestamp":"2026-07-24 09:07:16.382",
                    "level": "DEBUG",
                    "thread": "http-nio-8198-exec-21",
                    "class": "o.s.w.s.m.m.a.RequestResponseBodyMethodProcessor",
                    "message": "Writing [com.zbkj.common.result.CommonResult@5ed6a87b]" }
                    
{
                    "app": "Crmeb",
                    "timestamp":"2026-07-24 09:07:16.382",
                    "level": "DEBUG",
                    "thread": "http-nio-8198-exec-21",
                    "class": "o.s.web.servlet.DispatcherServlet",
                    "message": "Completed 200 OK" }
                    
{
                    "app": "Crmeb",
                    "timestamp":"2026-07-24 09:07:37.980",
                    "level": "DEBUG",
                    "thread": "http-nio-8198-exec-25",
                    "class": "o.s.web.servlet.DispatcherServlet",
                    "message": "GET "/api/front/jk/team/qrcode", parameters={}" }
                    
{
                    "app": "Crmeb",
                    "timestamp":"2026-07-24 09:07:37.980",
                    "level": "DEBUG",
                    "thread": "http-nio-8198-exec-25",
                    "class": "o.s.w.s.m.m.a.RequestMappingHandlerMapping",
                    "message": "Mapped to com.zbkj.front.controller.jiuzhoukang.JkAgentTeamController#qrcode()" }
                    
{
                    "app": "Crmeb",
                    "timestamp":"2026-07-24 09:07:38.105",
                    "level": "DEBUG",
                    "thread": "http-nio-8198-exec-25",
                    "class": "o.s.w.s.m.m.a.RequestResponseBodyMethodProcessor",
                    "message": "Using 'application/json', given [*/*] and supported [application/json, application/*+json, application/json, application/*+json, application/cbor]" }
                    
{
                    "app": "Crmeb",
                    "timestamp":"2026-07-24 09:07:38.105",
                    "level": "DEBUG",
                    "thread": "http-nio-8198-exec-25",
                    "class": "o.s.w.s.m.m.a.RequestResponseBodyMethodProcessor",
                    "message": "Writing [com.zbkj.common.result.CommonResult@3d558ae0]" }
                    
{
                    "app": "Crmeb",
                    "timestamp":"2026-07-24 09:07:38.105",
                    "level": "DEBUG",
                    "thread": "http-nio-8198-exec-25",
                    "class": "o.s.web.servlet.DispatcherServlet",
                    "message": "Completed 200 OK" }
                    
{
                    "app": "Crmeb",
                    "timestamp":"2026-07-24 09:07:45.697",
                    "level": "DEBUG",
                    "thread": "http-nio-8198-exec-22",
                    "class": "o.s.web.servlet.DispatcherServlet",
                    "message": "GET "/api/front/menu/user", parameters={}" }
                    
{
                    "app": "Crmeb",
                    "timestamp":"2026-07-24 09:07:45.698",
                    "level": "DEBUG",
                    "thread": "http-nio-8198-exec-22",
                    "class": "o.s.w.s.m.m.a.RequestMappingHandlerMapping",
                    "message": "Mapped to com.zbkj.front.controller.UserController#getMenuUser()" }
                    
{
                    "app": "Crmeb",
                    "timestamp":"2026-07-24 09:07:45.699",
                    "level": "DEBUG",
                    "thread": "http-nio-8198-exec-26",
                    "class": "o.s.web.servlet.DispatcherServlet",
                    "message": "POST "/api/front/token/is/exist", parameters={}" }
                    
{
                    "app": "Crmeb",
                    "timestamp":"2026-07-24 09:07:45.699",
                    "level": "DEBUG",
                    "thread": "http-nio-8198-exec-26",
                    "class": "o.s.w.s.m.m.a.RequestMappingHandlerMapping",
                    "message": "Mapped to com.zbkj.front.controller.LoginController#tokenIsExist()" }
                    
{
                    "app": "Crmeb",
                    "timestamp":"2026-07-24 09:07:45.701",
                    "level": "DEBUG",
                    "thread": "http-nio-8198-exec-26",
                    "class": "o.s.w.s.m.m.a.RequestResponseBodyMethodProcessor",
                    "message": "Using 'application/json', given [*/*] and supported [application/json, application/*+json, application/json, application/*+json, application/cbor]" }
                    
{
                    "app": "Crmeb",
                    "timestamp":"2026-07-24 09:07:45.701",
                    "level": "DEBUG",
                    "thread": "http-nio-8198-exec-26",
                    "class": "o.s.w.s.m.m.a.RequestResponseBodyMethodProcessor",
                    "message": "Writing [com.zbkj.common.result.CommonResult@4d0e3518]" }
                    
{
                    "app": "Crmeb",
                    "timestamp":"2026-07-24 09:07:45.701",
                    "level": "DEBUG",
                    "thread": "http-nio-8198-exec-26",
                    "class": "o.s.web.servlet.DispatcherServlet",
                    "message": "Completed 200 OK" }
                    
{
                    "app": "Crmeb",
                    "timestamp":"2026-07-24 09:07:45.703",
                    "level": "DEBUG",
                    "thread": "http-nio-8198-exec-27",
                    "class": "o.s.web.servlet.DispatcherServlet",
                    "message": "GET "/api/front/copyright/info", parameters={}" }
                    
{
                    "app": "Crmeb",
                    "timestamp":"2026-07-24 09:07:45.703",
                    "level": "DEBUG",
                    "thread": "http-nio-8198-exec-22",
                    "class": "o.s.w.s.m.m.a.RequestResponseBodyMethodProcessor",
                    "message": "Using 'application/json', given [*/*] and supported [application/json, application/*+json, application/json, application/*+json, application/cbor]" }
                    
{
                    "app": "Crmeb",
                    "timestamp":"2026-07-24 09:07:45.704",
                    "level": "DEBUG",
                    "thread": "http-nio-8198-exec-22",
                    "class": "o.s.w.s.m.m.a.RequestResponseBodyMethodProcessor",
                    "message": "Writing [com.zbkj.common.result.CommonResult@3f202fef]" }
                    
{
                    "app": "Crmeb",
                    "timestamp":"2026-07-24 09:07:45.704",
                    "level": "DEBUG",
                    "thread": "http-nio-8198-exec-27",
                    "class": "o.s.w.s.m.m.a.RequestMappingHandlerMapping",
                    "message": "Mapped to com.zbkj.front.controller.IndexController#getCopyrightInfo()" }
                    
{
                    "app": "Crmeb",
                    "timestamp":"2026-07-24 09:07:45.704",
                    "level": "DEBUG",
                    "thread": "http-nio-8198-exec-22",
                    "class": "o.s.web.servlet.DispatcherServlet",
                    "message": "Completed 200 OK" }
                    
{
                    "app": "Crmeb",
                    "timestamp":"2026-07-24 09:07:45.705",
                    "level": "DEBUG",
                    "thread": "http-nio-8198-exec-27",
                    "class": "o.s.w.s.m.m.a.RequestResponseBodyMethodProcessor",
                    "message": "Using 'application/json', given [*/*] and supported [application/json, application/*+json, application/json, application/*+json, application/cbor]" }
                    
{
                    "app": "Crmeb",
                    "timestamp":"2026-07-24 09:07:45.706",
                    "level": "DEBUG",
                    "thread": "http-nio-8198-exec-27",
                    "class": "o.s.w.s.m.m.a.RequestResponseBodyMethodProcessor",
                    "message": "Writing [com.zbkj.common.result.CommonResult@1329b742]" }
                    
{
                    "app": "Crmeb",
                    "timestamp":"2026-07-24 09:07:45.706",
                    "level": "DEBUG",
                    "thread": "http-nio-8198-exec-27",
                    "class": "o.s.web.servlet.DispatcherServlet",
                    "message": "Completed 200 OK" }
                    
{
                    "app": "Crmeb",
                    "timestamp":"2026-07-24 09:07:45.707",
                    "level": "DEBUG",
                    "thread": "http-nio-8198-exec-29",
                    "class": "o.s.web.servlet.DispatcherServlet",
                    "message": "GET "/api/front/jk/permission/context", parameters={}" }
                    
{
                    "app": "Crmeb",
                    "timestamp":"2026-07-24 09:07:45.707",
                    "level": "DEBUG",
                    "thread": "http-nio-8198-exec-29",
                    "class": "o.s.w.s.m.m.a.RequestMappingHandlerMapping",
                    "message": "Mapped to com.zbkj.front.controller.jiuzhoukang.JkPermissionController#context(HttpServletRequest)" }
                    
{
                    "app": "Crmeb",
                    "timestamp":"2026-07-24 09:07:45.714",
                    "level": "DEBUG",
                    "thread": "http-nio-8198-exec-29",
                    "class": "o.s.w.s.m.m.a.RequestResponseBodyMethodProcessor",
                    "message": "Using 'application/json', given [*/*] and supported [application/json, application/*+json, application/json, application/*+json, application/cbor]" }
                    
{
                    "app": "Crmeb",
                    "timestamp":"2026-07-24 09:07:45.714",
                    "level": "DEBUG",
                    "thread": "http-nio-8198-exec-29",
                    "class": "o.s.w.s.m.m.a.RequestResponseBodyMethodProcessor",
                    "message": "Writing [com.zbkj.common.result.CommonResult@66499564]" }
                    
{
                    "app": "Crmeb",
                    "timestamp":"2026-07-24 09:07:45.714",
                    "level": "DEBUG",
                    "thread": "http-nio-8198-exec-29",
                    "class": "o.s.web.servlet.DispatcherServlet",
                    "message": "Completed 200 OK" }
                    
{
                    "app": "Crmeb",
                    "timestamp":"2026-07-24 09:07:45.717",
                    "level": "DEBUG",
                    "thread": "http-nio-8198-exec-30",
                    "class": "o.s.web.servlet.DispatcherServlet",
                    "message": "GET "/api/front/city/list", parameters={}" }
                    
{
                    "app": "Crmeb",
                    "timestamp":"2026-07-24 09:07:45.717",
                    "level": "DEBUG",
                    "thread": "http-nio-8198-exec-30",
                    "class": "o.s.w.s.m.m.a.RequestMappingHandlerMapping",
                    "message": "Mapped to com.zbkj.front.controller.CityController#register()" }
                    
{
                    "app": "Crmeb",
                    "timestamp":"2026-07-24 09:07:45.728",
                    "level": "DEBUG",
                    "thread": "http-nio-8198-exec-30",
                    "class": "o.s.w.s.m.m.a.RequestResponseBodyMethodProcessor",
                    "message": "Using 'application/json', given [*/*] and supported [application/json, application/*+json, application/json, application/*+json, application/cbor]" }
                    
{
                    "app": "Crmeb",
                    "timestamp":"2026-07-24 09:07:45.728",
                    "level": "DEBUG",
                    "thread": "http-nio-8198-exec-30",
                    "class": "o.s.w.s.m.m.a.RequestResponseBodyMethodProcessor",
                    "message": "Writing [com.zbkj.common.result.CommonResult@677c5f24]" }
                    
{
                    "app": "Crmeb",
                    "timestamp":"2026-07-24 09:07:45.733",
                    "level": "DEBUG",
                    "thread": "http-nio-8198-exec-30",
                    "class": "o.s.web.servlet.DispatcherServlet",
                    "message": "Completed 200 OK" }
                    
{
                    "app": "Crmeb",
                    "timestamp":"2026-07-24 09:07:45.736",
                    "level": "DEBUG",
                    "thread": "http-nio-8198-exec-28",
                    "class": "o.s.web.servlet.DispatcherServlet",
                    "message": "GET "/api/front/order/data", parameters={}" }
                    
{
                    "app": "Crmeb",
                    "timestamp":"2026-07-24 09:07:45.736",
                    "level": "DEBUG",
                    "thread": "http-nio-8198-exec-28",
                    "class": "o.s.w.s.m.m.a.RequestMappingHandlerMapping",
                    "message": "Mapped to com.zbkj.front.controller.StoreOrderController#orderData()" }
                    
{
                    "app": "Crmeb",
                    "timestamp":"2026-07-24 09:07:45.737",
                    "level": "DEBUG",
                    "thread": "http-nio-8198-exec-1",
                    "class": "o.s.web.servlet.DispatcherServlet",
                    "message": "GET "/api/front/user", parameters={}" }
                    
{
                    "app": "Crmeb",
                    "timestamp":"2026-07-24 09:07:45.737",
                    "level": "DEBUG",
                    "thread": "http-nio-8198-exec-1",
                    "class": "o.s.w.s.m.m.a.RequestMappingHandlerMapping",
                    "message": "Mapped to com.zbkj.front.controller.UserController#getUserCenter()" }
                    
{
                    "app": "Crmeb",
                    "timestamp":"2026-07-24 09:07:45.746",
                    "level": "DEBUG",
                    "thread": "http-nio-8198-exec-28",
                    "class": "o.s.w.s.m.m.a.RequestResponseBodyMethodProcessor",
                    "message": "Using 'application/json', given [*/*] and supported [application/json, application/*+json, application/json, application/*+json, application/cbor]" }
                    
{
                    "app": "Crmeb",
                    "timestamp":"2026-07-24 09:07:45.747",
                    "level": "DEBUG",
                    "thread": "http-nio-8198-exec-28",
                    "class": "o.s.w.s.m.m.a.RequestResponseBodyMethodProcessor",
                    "message": "Writing [com.zbkj.common.result.CommonResult@3469bd]" }
                    
{
                    "app": "Crmeb",
                    "timestamp":"2026-07-24 09:07:45.747",
                    "level": "DEBUG",
                    "thread": "http-nio-8198-exec-28",
                    "class": "o.s.web.servlet.DispatcherServlet",
                    "message": "Completed 200 OK" }
                    
{
                    "app": "Crmeb",
                    "timestamp":"2026-07-24 09:07:45.749",
                    "level": "DEBUG",
                    "thread": "http-nio-8198-exec-1",
                    "class": "o.s.w.s.m.m.a.RequestResponseBodyMethodProcessor",
                    "message": "Using 'application/json', given [*/*] and supported [application/json, application/*+json, application/json, application/*+json, application/cbor]" }
                    
{
                    "app": "Crmeb",
                    "timestamp":"2026-07-24 09:07:45.749",
                    "level": "DEBUG",
                    "thread": "http-nio-8198-exec-1",
                    "class": "o.s.w.s.m.m.a.RequestResponseBodyMethodProcessor",
                    "message": "Writing [com.zbkj.common.result.CommonResult@69363d41]" }
                    
{
                    "app": "Crmeb",
                    "timestamp":"2026-07-24 09:07:45.749",
                    "level": "DEBUG",
                    "thread": "http-nio-8198-exec-1",
                    "class": "o.s.web.servlet.DispatcherServlet",
                    "message": "Completed 200 OK" }
                    
{
                    "app": "Crmeb",
                    "timestamp":"2026-07-24 09:07:47.271",
                    "level": "DEBUG",
                    "thread": "http-nio-8198-exec-2",
                    "class": "o.s.web.servlet.DispatcherServlet",
                    "message": "GET "/api/front/jk/permission/context", parameters={}" }
                    
{
                    "app": "Crmeb",
                    "timestamp":"2026-07-24 09:07:47.272",
                    "level": "DEBUG",
                    "thread": "http-nio-8198-exec-2",
                    "class": "o.s.w.s.m.m.a.RequestMappingHandlerMapping",
                    "message": "Mapped to com.zbkj.front.controller.jiuzhoukang.JkPermissionController#context(HttpServletRequest)" }
                    
{
                    "app": "Crmeb",
                    "timestamp":"2026-07-24 09:07:47.272",
                    "level": "DEBUG",
                    "thread": "http-nio-8198-exec-4",
                    "class": "o.s.web.servlet.DispatcherServlet",
                    "message": "GET "/api/front/jk/stock/my", parameters={}" }
                    
{
                    "app": "Crmeb",
                    "timestamp":"2026-07-24 09:07:47.272",
                    "level": "DEBUG",
                    "thread": "http-nio-8198-exec-4",
                    "class": "o.s.w.s.m.m.a.RequestMappingHandlerMapping",
                    "message": "Mapped to com.zbkj.front.controller.jiuzhoukang.JkStockController#my()" }
                    
{
                    "app": "Crmeb",
                    "timestamp":"2026-07-24 09:07:47.276",
                    "level": "DEBUG",
                    "thread": "http-nio-8198-exec-3",
                    "class": "o.s.web.servlet.DispatcherServlet",
                    "message": "GET "/api/front/jk/commission/summary", parameters={}" }
                    
{
                    "app": "Crmeb",
                    "timestamp":"2026-07-24 09:07:47.276",
                    "level": "DEBUG",
                    "thread": "http-nio-8198-exec-3",
                    "class": "o.s.w.s.m.m.a.RequestMappingHandlerMapping",
                    "message": "Mapped to com.zbkj.front.controller.jiuzhoukang.JkCommissionController#summary()" }
                    
{
                    "app": "Crmeb",
                    "timestamp":"2026-07-24 09:07:47.280",
                    "level": "DEBUG",
                    "thread": "http-nio-8198-exec-2",
                    "class": "o.s.w.s.m.m.a.RequestResponseBodyMethodProcessor",
                    "message": "Using 'application/json', given [*/*] and supported [application/json, application/*+json, application/json, application/*+json, application/cbor]" }
                    
{
                    "app": "Crmeb",
                    "timestamp":"2026-07-24 09:07:47.280",
                    "level": "DEBUG",
                    "thread": "http-nio-8198-exec-2",
                    "class": "o.s.w.s.m.m.a.RequestResponseBodyMethodProcessor",
                    "message": "Writing [com.zbkj.common.result.CommonResult@5504a56d]" }
                    
{
                    "app": "Crmeb",
                    "timestamp":"2026-07-24 09:07:47.281",
                    "level": "DEBUG",
                    "thread": "http-nio-8198-exec-2",
                    "class": "o.s.web.servlet.DispatcherServlet",
                    "message": "Completed 200 OK" }
                    
{
                    "app": "Crmeb",
                    "timestamp":"2026-07-24 09:07:47.281",
                    "level": "DEBUG",
                    "thread": "http-nio-8198-exec-5",
                    "class": "o.s.web.servlet.DispatcherServlet",
                    "message": "GET "/api/front/jk/platform-order/list?page=1&limit=100", parameters={masked}" }
                    
{
                    "app": "Crmeb",
                    "timestamp":"2026-07-24 09:07:47.281",
                    "level": "DEBUG",
                    "thread": "http-nio-8198-exec-5",
                    "class": "o.s.w.s.m.m.a.RequestMappingHandlerMapping",
                    "message": "Mapped to com.zbkj.front.controller.jiuzhoukang.JkPlatformOrderController#list(JkTradeDocumentSearchRequest, PageParamRequest)" }
                    
{
                    "app": "Crmeb",
                    "timestamp":"2026-07-24 09:07:47.284",
                    "level": "DEBUG",
                    "thread": "http-nio-8198-exec-9",
                    "class": "o.s.web.servlet.DispatcherServlet",
                    "message": "GET "/api/front/jk/stock-transfer/list?page=1&limit=100", parameters={masked}" }
                    
{
                    "app": "Crmeb",
                    "timestamp":"2026-07-24 09:07:47.285",
                    "level": "DEBUG",
                    "thread": "http-nio-8198-exec-9",
                    "class": "o.s.w.s.m.m.a.RequestMappingHandlerMapping",
                    "message": "Mapped to com.zbkj.front.controller.jiuzhoukang.JkStockTransferController#list(JkTradeDocumentSearchRequest, PageParamRequest)" }
                    
{
                    "app": "Crmeb",
                    "timestamp":"2026-07-24 09:07:47.285",
                    "level": "DEBUG",
                    "thread": "http-nio-8198-exec-3",
                    "class": "o.s.w.s.m.m.a.RequestResponseBodyMethodProcessor",
                    "message": "Using 'application/json', given [*/*] and supported [application/json, application/*+json, application/json, application/*+json, application/cbor]" }
                    
{
                    "app": "Crmeb",
                    "timestamp":"2026-07-24 09:07:47.285",
                    "level": "DEBUG",
                    "thread": "http-nio-8198-exec-3",
                    "class": "o.s.w.s.m.m.a.RequestResponseBodyMethodProcessor",
                    "message": "Writing [com.zbkj.common.result.CommonResult@5777473c]" }
                    
{
                    "app": "Crmeb",
                    "timestamp":"2026-07-24 09:07:47.285",
                    "level": "DEBUG",
                    "thread": "http-nio-8198-exec-3",
                    "class": "o.s.web.servlet.DispatcherServlet",
                    "message": "Completed 200 OK" }
                    
{
                    "app": "Crmeb",
                    "timestamp":"2026-07-24 09:07:47.287",
                    "level": "DEBUG",
                    "thread": "http-nio-8198-exec-4",
                    "class": "o.s.w.s.m.m.a.RequestResponseBodyMethodProcessor",
                    "message": "Using 'application/json', given [*/*] and supported [application/json, application/*+json, application/json, application/*+json, application/cbor]" }
                    
{
                    "app": "Crmeb",
                    "timestamp":"2026-07-24 09:07:47.287",
                    "level": "DEBUG",
                    "thread": "http-nio-8198-exec-4",
                    "class": "o.s.w.s.m.m.a.RequestResponseBodyMethodProcessor",
                    "message": "Writing [com.zbkj.common.result.CommonResult@4270e0f5]" }
                    
{
                    "app": "Crmeb",
                    "timestamp":"2026-07-24 09:07:47.288",
                    "level": "DEBUG",
                    "thread": "http-nio-8198-exec-4",
                    "class": "o.s.web.servlet.DispatcherServlet",
                    "message": "Completed 200 OK" }
                    
{
                    "app": "Crmeb",
                    "timestamp":"2026-07-24 09:07:47.289",
                    "level": "DEBUG",
                    "thread": "http-nio-8198-exec-8",
                    "class": "o.s.web.servlet.DispatcherServlet",
                    "message": "GET "/api/front/jk/stock-transfer/handle/list?page=1&limit=100", parameters={masked}" }
                    
{
                    "app": "Crmeb",
                    "timestamp":"2026-07-24 09:07:47.289",
                    "level": "DEBUG",
                    "thread": "http-nio-8198-exec-8",
                    "class": "o.s.w.s.m.m.a.RequestMappingHandlerMapping",
                    "message": "Mapped to com.zbkj.front.controller.jiuzhoukang.JkStockTransferController#handleList(JkTradeDocumentSearchRequest, PageParamRequest)" }
                    
{
                    "app": "Crmeb",
                    "timestamp":"2026-07-24 09:07:47.289",
                    "level": "DEBUG",
                    "thread": "http-nio-8198-exec-9",
                    "class": "o.s.w.s.m.m.a.RequestResponseBodyMethodProcessor",
                    "message": "Using 'application/json', given [*/*] and supported [application/json, application/*+json, application/json, application/*+json, application/cbor]" }
                    
{
                    "app": "Crmeb",
                    "timestamp":"2026-07-24 09:07:47.290",
                    "level": "DEBUG",
                    "thread": "http-nio-8198-exec-9",
                    "class": "o.s.w.s.m.m.a.RequestResponseBodyMethodProcessor",
                    "message": "Writing [com.zbkj.common.result.CommonResult@67eddaac]" }
                    
{
                    "app": "Crmeb",
                    "timestamp":"2026-07-24 09:07:47.290",
                    "level": "DEBUG",
                    "thread": "http-nio-8198-exec-9",
                    "class": "o.s.web.servlet.DispatcherServlet",
                    "message": "Completed 200 OK" }
                    
{
                    "app": "Crmeb",
                    "timestamp":"2026-07-24 09:07:47.292",
                    "level": "DEBUG",
                    "thread": "http-nio-8198-exec-5",
                    "class": "o.s.w.s.m.m.a.RequestResponseBodyMethodProcessor",
                    "message": "Using 'application/json', given [*/*] and supported [application/json, application/*+json, application/json, application/*+json, application/cbor]" }
                    
{
                    "app": "Crmeb",
                    "timestamp":"2026-07-24 09:07:47.292",
                    "level": "DEBUG",
                    "thread": "http-nio-8198-exec-5",
                    "class": "o.s.w.s.m.m.a.RequestResponseBodyMethodProcessor",
                    "message": "Writing [com.zbkj.common.result.CommonResult@213a4b56]" }
                    
{
                    "app": "Crmeb",
                    "timestamp":"2026-07-24 09:07:47.293",
                    "level": "DEBUG",
                    "thread": "http-nio-8198-exec-5",
                    "class": "o.s.web.servlet.DispatcherServlet",
                    "message": "Completed 200 OK" }
                    
{
                    "app": "Crmeb",
                    "timestamp":"2026-07-24 09:07:47.306",
                    "level": "DEBUG",
                    "thread": "http-nio-8198-exec-8",
                    "class": "o.s.w.s.m.m.a.RequestResponseBodyMethodProcessor",
                    "message": "Using 'application/json', given [*/*] and supported [application/json, application/*+json, application/json, application/*+json, application/cbor]" }
                    
{
                    "app": "Crmeb",
                    "timestamp":"2026-07-24 09:07:47.306",
                    "level": "DEBUG",
                    "thread": "http-nio-8198-exec-8",
                    "class": "o.s.w.s.m.m.a.RequestResponseBodyMethodProcessor",
                    "message": "Writing [com.zbkj.common.result.CommonResult@61723b94]" }
                    
{
                    "app": "Crmeb",
                    "timestamp":"2026-07-24 09:07:47.306",
                    "level": "DEBUG",
                    "thread": "http-nio-8198-exec-8",
                    "class": "o.s.web.servlet.DispatcherServlet",
                    "message": "Completed 200 OK" }
                    
{
                    "app": "Crmeb",
                    "timestamp":"2026-07-24 09:07:49.425",
                    "level": "DEBUG",
                    "thread": "http-nio-8198-exec-6",
                    "class": "o.s.web.servlet.DispatcherServlet",
                    "message": "GET "/api/front/menu/user", parameters={}" }
                    
{
                    "app": "Crmeb",
                    "timestamp":"2026-07-24 09:07:49.425",
                    "level": "DEBUG",
                    "thread": "http-nio-8198-exec-6",
                    "class": "o.s.w.s.m.m.a.RequestMappingHandlerMapping",
                    "message": "Mapped to com.zbkj.front.controller.UserController#getMenuUser()" }
                    
{
                    "app": "Crmeb",
                    "timestamp":"2026-07-24 09:07:49.433",
                    "level": "DEBUG",
                    "thread": "http-nio-8198-exec-6",
                    "class": "o.s.w.s.m.m.a.RequestResponseBodyMethodProcessor",
                    "message": "Using 'application/json', given [*/*] and supported [application/json, application/*+json, application/json, application/*+json, application/cbor]" }
                    
{
                    "app": "Crmeb",
                    "timestamp":"2026-07-24 09:07:49.433",
                    "level": "DEBUG",
                    "thread": "http-nio-8198-exec-6",
                    "class": "o.s.w.s.m.m.a.RequestResponseBodyMethodProcessor",
                    "message": "Writing [com.zbkj.common.result.CommonResult@19e1abf9]" }
                    
{
                    "app": "Crmeb",
                    "timestamp":"2026-07-24 09:07:49.433",
                    "level": "DEBUG",
                    "thread": "http-nio-8198-exec-6",
                    "class": "o.s.web.servlet.DispatcherServlet",
                    "message": "Completed 200 OK" }
                    
{
                    "app": "Crmeb",
                    "timestamp":"2026-07-24 09:07:49.440",
                    "level": "DEBUG",
                    "thread": "http-nio-8198-exec-7",
                    "class": "o.s.web.servlet.DispatcherServlet",
                    "message": "POST "/api/front/token/is/exist", parameters={}" }
                    
{
                    "app": "Crmeb",
                    "timestamp":"2026-07-24 09:07:49.440",
                    "level": "DEBUG",
                    "thread": "http-nio-8198-exec-7",
                    "class": "o.s.w.s.m.m.a.RequestMappingHandlerMapping",
                    "message": "Mapped to com.zbkj.front.controller.LoginController#tokenIsExist()" }
                    
{
                    "app": "Crmeb",
                    "timestamp":"2026-07-24 09:07:49.442",
                    "level": "DEBUG",
                    "thread": "http-nio-8198-exec-7",
                    "class": "o.s.w.s.m.m.a.RequestResponseBodyMethodProcessor",
                    "message": "Using 'application/json', given [*/*] and supported [application/json, application/*+json, application/json, application/*+json, application/cbor]" }
                    
{
                    "app": "Crmeb",
                    "timestamp":"2026-07-24 09:07:49.442",
                    "level": "DEBUG",
                    "thread": "http-nio-8198-exec-7",
                    "class": "o.s.w.s.m.m.a.RequestResponseBodyMethodProcessor",
                    "message": "Writing [com.zbkj.common.result.CommonResult@5ff2ed37]" }
                    
{
                    "app": "Crmeb",
                    "timestamp":"2026-07-24 09:07:49.442",
                    "level": "DEBUG",
                    "thread": "http-nio-8198-exec-7",
                    "class": "o.s.web.servlet.DispatcherServlet",
                    "message": "Completed 200 OK" }
                    
{
                    "app": "Crmeb",
                    "timestamp":"2026-07-24 09:07:49.456",
                    "level": "DEBUG",
                    "thread": "http-nio-8198-exec-14",
                    "class": "o.s.web.servlet.DispatcherServlet",
                    "message": "GET "/api/front/copyright/info", parameters={}" }
                    
{
                    "app": "Crmeb",
                    "timestamp":"2026-07-24 09:07:49.457",
                    "level": "DEBUG",
                    "thread": "http-nio-8198-exec-14",
                    "class": "o.s.w.s.m.m.a.RequestMappingHandlerMapping",
                    "message": "Mapped to com.zbkj.front.controller.IndexController#getCopyrightInfo()" }
                    
{
                    "app": "Crmeb",
                    "timestamp":"2026-07-24 09:07:49.459",
                    "level": "DEBUG",
                    "thread": "http-nio-8198-exec-14",
                    "class": "o.s.w.s.m.m.a.RequestResponseBodyMethodProcessor",
                    "message": "Using 'application/json', given [*/*] and supported [application/json, application/*+json, application/json, application/*+json, application/cbor]" }
                    
{
                    "app": "Crmeb",
                    "timestamp":"2026-07-24 09:07:49.459",
                    "level": "DEBUG",
                    "thread": "http-nio-8198-exec-14",
                    "class": "o.s.w.s.m.m.a.RequestResponseBodyMethodProcessor",
                    "message": "Writing [com.zbkj.common.result.CommonResult@24551957]" }
                    
{
                    "app": "Crmeb",
                    "timestamp":"2026-07-24 09:07:49.459",
                    "level": "DEBUG",
                    "thread": "http-nio-8198-exec-14",
                    "class": "o.s.web.servlet.DispatcherServlet",
                    "message": "Completed 200 OK" }
                    
{
                    "app": "Crmeb",
                    "timestamp":"2026-07-24 09:07:49.464",
                    "level": "DEBUG",
                    "thread": "http-nio-8198-exec-13",
                    "class": "o.s.web.servlet.DispatcherServlet",
                    "message": "GET "/api/front/jk/permission/context", parameters={}" }
                    
{
                    "app": "Crmeb",
                    "timestamp":"2026-07-24 09:07:49.464",
                    "level": "DEBUG",
                    "thread": "http-nio-8198-exec-13",
                    "class": "o.s.w.s.m.m.a.RequestMappingHandlerMapping",
                    "message": "Mapped to com.zbkj.front.controller.jiuzhoukang.JkPermissionController#context(HttpServletRequest)" }
                    
{
                    "app": "Crmeb",
                    "timestamp":"2026-07-24 09:07:49.472",
                    "level": "DEBUG",
                    "thread": "http-nio-8198-exec-13",
                    "class": "o.s.w.s.m.m.a.RequestResponseBodyMethodProcessor",
                    "message": "Using 'application/json', given [*/*] and supported [application/json, application/*+json, application/json, application/*+json, application/cbor]" }
                    
{
                    "app": "Crmeb",
                    "timestamp":"2026-07-24 09:07:49.472",
                    "level": "DEBUG",
                    "thread": "http-nio-8198-exec-13",
                    "class": "o.s.w.s.m.m.a.RequestResponseBodyMethodProcessor",
                    "message": "Writing [com.zbkj.common.result.CommonResult@7c82a02a]" }
                    
{
                    "app": "Crmeb",
                    "timestamp":"2026-07-24 09:07:49.472",
                    "level": "DEBUG",
                    "thread": "http-nio-8198-exec-13",
                    "class": "o.s.web.servlet.DispatcherServlet",
                    "message": "Completed 200 OK" }
                    
{
                    "app": "Crmeb",
                    "timestamp":"2026-07-24 09:07:49.483",
                    "level": "DEBUG",
                    "thread": "http-nio-8198-exec-12",
                    "class": "o.s.web.servlet.DispatcherServlet",
                    "message": "GET "/api/front/city/list", parameters={}" }
                    
{
                    "app": "Crmeb",
                    "timestamp":"2026-07-24 09:07:49.483",
                    "level": "DEBUG",
                    "thread": "http-nio-8198-exec-12",
                    "class": "o.s.w.s.m.m.a.RequestMappingHandlerMapping",
                    "message": "Mapped to com.zbkj.front.controller.CityController#register()" }
                    
{
                    "app": "Crmeb",
                    "timestamp":"2026-07-24 09:07:49.495",
                    "level": "DEBUG",
                    "thread": "http-nio-8198-exec-12",
                    "class": "o.s.w.s.m.m.a.RequestResponseBodyMethodProcessor",
                    "message": "Using 'application/json', given [*/*] and supported [application/json, application/*+json, application/json, application/*+json, application/cbor]" }
                    
{
                    "app": "Crmeb",
                    "timestamp":"2026-07-24 09:07:49.495",
                    "level": "DEBUG",
                    "thread": "http-nio-8198-exec-12",
                    "class": "o.s.w.s.m.m.a.RequestResponseBodyMethodProcessor",
                    "message": "Writing [com.zbkj.common.result.CommonResult@f2e09b6]" }
                    
{
                    "app": "Crmeb",
                    "timestamp":"2026-07-24 09:07:49.500",
                    "level": "DEBUG",
                    "thread": "http-nio-8198-exec-12",
                    "class": "o.s.web.servlet.DispatcherServlet",
                    "message": "Completed 200 OK" }
                    
{
                    "app": "Crmeb",
                    "timestamp":"2026-07-24 09:07:49.534",
                    "level": "DEBUG",
                    "thread": "http-nio-8198-exec-11",
                    "class": "o.s.web.servlet.DispatcherServlet",
                    "message": "GET "/api/front/order/data", parameters={}" }
                    
{
                    "app": "Crmeb",
                    "timestamp":"2026-07-24 09:07:49.535",
                    "level": "DEBUG",
                    "thread": "http-nio-8198-exec-11",
                    "class": "o.s.w.s.m.m.a.RequestMappingHandlerMapping",
                    "message": "Mapped to com.zbkj.front.controller.StoreOrderController#orderData()" }
                    
{
                    "app": "Crmeb",
                    "timestamp":"2026-07-24 09:07:49.543",
                    "level": "DEBUG",
                    "thread": "http-nio-8198-exec-10",
                    "class": "o.s.web.servlet.DispatcherServlet",
                    "message": "GET "/api/front/user", parameters={}" }
                    
{
                    "app": "Crmeb",
                    "timestamp":"2026-07-24 09:07:49.544",
                    "level": "DEBUG",
                    "thread": "http-nio-8198-exec-10",
                    "class": "o.s.w.s.m.m.a.RequestMappingHandlerMapping",
                    "message": "Mapped to com.zbkj.front.controller.UserController#getUserCenter()" }
                    
{
                    "app": "Crmeb",
                    "timestamp":"2026-07-24 09:07:49.544",
                    "level": "DEBUG",
                    "thread": "http-nio-8198-exec-11",
                    "class": "o.s.w.s.m.m.a.RequestResponseBodyMethodProcessor",
                    "message": "Using 'application/json', given [*/*] and supported [application/json, application/*+json, application/json, application/*+json, application/cbor]" }
                    
{
                    "app": "Crmeb",
                    "timestamp":"2026-07-24 09:07:49.545",
                    "level": "DEBUG",
                    "thread": "http-nio-8198-exec-11",
                    "class": "o.s.w.s.m.m.a.RequestResponseBodyMethodProcessor",
                    "message": "Writing [com.zbkj.common.result.CommonResult@62a3ec4a]" }
                    
{
                    "app": "Crmeb",
                    "timestamp":"2026-07-24 09:07:49.545",
                    "level": "DEBUG",
                    "thread": "http-nio-8198-exec-11",
                    "class": "o.s.web.servlet.DispatcherServlet",
                    "message": "Completed 200 OK" }
                    
{
                    "app": "Crmeb",
                    "timestamp":"2026-07-24 09:07:49.561",
                    "level": "DEBUG",
                    "thread": "http-nio-8198-exec-10",
                    "class": "o.s.w.s.m.m.a.RequestResponseBodyMethodProcessor",
                    "message": "Using 'application/json', given [*/*] and supported [application/json, application/*+json, application/json, application/*+json, application/cbor]" }
                    
{
                    "app": "Crmeb",
                    "timestamp":"2026-07-24 09:07:49.561",
                    "level": "DEBUG",
                    "thread": "http-nio-8198-exec-10",
                    "class": "o.s.w.s.m.m.a.RequestResponseBodyMethodProcessor",
                    "message": "Writing [com.zbkj.common.result.CommonResult@4f630294]" }
                    
{
                    "app": "Crmeb",
                    "timestamp":"2026-07-24 09:07:49.562",
                    "level": "DEBUG",
                    "thread": "http-nio-8198-exec-10",
                    "class": "o.s.web.servlet.DispatcherServlet",
                    "message": "Completed 200 OK" }
                    
{
                    "app": "Crmeb",
                    "timestamp":"2026-07-24 09:07:56.261",
                    "level": "DEBUG",
                    "thread": "http-nio-8198-exec-16",
                    "class": "o.s.web.servlet.DispatcherServlet",
                    "message": "GET "/api/front/menu/user", parameters={}" }
                    
{
                    "app": "Crmeb",
                    "timestamp":"2026-07-24 09:07:56.262",
                    "level": "DEBUG",
                    "thread": "http-nio-8198-exec-16",
                    "class": "o.s.w.s.m.m.a.RequestMappingHandlerMapping",
                    "message": "Mapped to com.zbkj.front.controller.UserController#getMenuUser()" }
                    
{
                    "app": "Crmeb",
                    "timestamp":"2026-07-24 09:07:56.263",
                    "level": "DEBUG",
                    "thread": "http-nio-8198-exec-15",
                    "class": "o.s.web.servlet.DispatcherServlet",
                    "message": "POST "/api/front/token/is/exist", parameters={}" }
                    
{
                    "app": "Crmeb",
                    "timestamp":"2026-07-24 09:07:56.263",
                    "level": "DEBUG",
                    "thread": "http-nio-8198-exec-15",
                    "class": "o.s.w.s.m.m.a.RequestMappingHandlerMapping",
                    "message": "Mapped to com.zbkj.front.controller.LoginController#tokenIsExist()" }
                    
{
                    "app": "Crmeb",
                    "timestamp":"2026-07-24 09:07:56.264",
                    "level": "DEBUG",
                    "thread": "http-nio-8198-exec-15",
                    "class": "o.s.w.s.m.m.a.RequestResponseBodyMethodProcessor",
                    "message": "Using 'application/json', given [*/*] and supported [application/json, application/*+json, application/json, application/*+json, application/cbor]" }
                    
{
                    "app": "Crmeb",
                    "timestamp":"2026-07-24 09:07:56.264",
                    "level": "DEBUG",
                    "thread": "http-nio-8198-exec-15",
                    "class": "o.s.w.s.m.m.a.RequestResponseBodyMethodProcessor",
                    "message": "Writing [com.zbkj.common.result.CommonResult@53eff08]" }
                    
{
                    "app": "Crmeb",
                    "timestamp":"2026-07-24 09:07:56.264",
                    "level": "DEBUG",
                    "thread": "http-nio-8198-exec-15",
                    "class": "o.s.web.servlet.DispatcherServlet",
                    "message": "Completed 200 OK" }
                    
{
                    "app": "Crmeb",
                    "timestamp":"2026-07-24 09:07:56.267",
                    "level": "DEBUG",
                    "thread": "http-nio-8198-exec-24",
                    "class": "o.s.web.servlet.DispatcherServlet",
                    "message": "GET "/api/front/copyright/info", parameters={}" }
                    
{
                    "app": "Crmeb",
                    "timestamp":"2026-07-24 09:07:56.267",
                    "level": "DEBUG",
                    "thread": "http-nio-8198-exec-24",
                    "class": "o.s.w.s.m.m.a.RequestMappingHandlerMapping",
                    "message": "Mapped to com.zbkj.front.controller.IndexController#getCopyrightInfo()" }
                    
{
                    "app": "Crmeb",
                    "timestamp":"2026-07-24 09:07:56.269",
                    "level": "DEBUG",
                    "thread": "http-nio-8198-exec-16",
                    "class": "o.s.w.s.m.m.a.RequestResponseBodyMethodProcessor",
                    "message": "Using 'application/json', given [*/*] and supported [application/json, application/*+json, application/json, application/*+json, application/cbor]" }
                    
{
                    "app": "Crmeb",
                    "timestamp":"2026-07-24 09:07:56.269",
                    "level": "DEBUG",
                    "thread": "http-nio-8198-exec-24",
                    "class": "o.s.w.s.m.m.a.RequestResponseBodyMethodProcessor",
                    "message": "Using 'application/json', given [*/*] and supported [application/json, application/*+json, application/json, application/*+json, application/cbor]" }
                    
{
                    "app": "Crmeb",
                    "timestamp":"2026-07-24 09:07:56.269",
                    "level": "DEBUG",
                    "thread": "http-nio-8198-exec-16",
                    "class": "o.s.w.s.m.m.a.RequestResponseBodyMethodProcessor",
                    "message": "Writing [com.zbkj.common.result.CommonResult@6a19bd57]" }
                    
{
                    "app": "Crmeb",
                    "timestamp":"2026-07-24 09:07:56.269",
                    "level": "DEBUG",
                    "thread": "http-nio-8198-exec-24",
                    "class": "o.s.w.s.m.m.a.RequestResponseBodyMethodProcessor",
                    "message": "Writing [com.zbkj.common.result.CommonResult@286e5bd3]" }
                    
{
                    "app": "Crmeb",
                    "timestamp":"2026-07-24 09:07:56.269",
                    "level": "DEBUG",
                    "thread": "http-nio-8198-exec-24",
                    "class": "o.s.web.servlet.DispatcherServlet",
                    "message": "Completed 200 OK" }
                    
{
                    "app": "Crmeb",
                    "timestamp":"2026-07-24 09:07:56.269",
                    "level": "DEBUG",
                    "thread": "http-nio-8198-exec-16",
                    "class": "o.s.web.servlet.DispatcherServlet",
                    "message": "Completed 200 OK" }
                    
{
                    "app": "Crmeb",
                    "timestamp":"2026-07-24 09:07:56.270",
                    "level": "DEBUG",
                    "thread": "http-nio-8198-exec-17",
                    "class": "o.s.web.servlet.DispatcherServlet",
                    "message": "GET "/api/front/jk/permission/context", parameters={}" }
                    
{
                    "app": "Crmeb",
                    "timestamp":"2026-07-24 09:07:56.270",
                    "level": "DEBUG",
                    "thread": "http-nio-8198-exec-17",
                    "class": "o.s.w.s.m.m.a.RequestMappingHandlerMapping",
                    "message": "Mapped to com.zbkj.front.controller.jiuzhoukang.JkPermissionController#context(HttpServletRequest)" }
                    
{
                    "app": "Crmeb",
                    "timestamp":"2026-07-24 09:07:56.280",
                    "level": "DEBUG",
                    "thread": "http-nio-8198-exec-19",
                    "class": "o.s.web.servlet.DispatcherServlet",
                    "message": "GET "/api/front/city/list", parameters={}" }
                    
{
                    "app": "Crmeb",
                    "timestamp":"2026-07-24 09:07:56.280",
                    "level": "DEBUG",
                    "thread": "http-nio-8198-exec-19",
                    "class": "o.s.w.s.m.m.a.RequestMappingHandlerMapping",
                    "message": "Mapped to com.zbkj.front.controller.CityController#register()" }
                    
{
                    "app": "Crmeb",
                    "timestamp":"2026-07-24 09:07:56.281",
                    "level": "DEBUG",
                    "thread": "http-nio-8198-exec-17",
                    "class": "o.s.w.s.m.m.a.RequestResponseBodyMethodProcessor",
                    "message": "Using 'application/json', given [*/*] and supported [application/json, application/*+json, application/json, application/*+json, application/cbor]" }
                    
{
                    "app": "Crmeb",
                    "timestamp":"2026-07-24 09:07:56.281",
                    "level": "DEBUG",
                    "thread": "http-nio-8198-exec-17",
                    "class": "o.s.w.s.m.m.a.RequestResponseBodyMethodProcessor",
                    "message": "Writing [com.zbkj.common.result.CommonResult@1620f65b]" }
                    
{
                    "app": "Crmeb",
                    "timestamp":"2026-07-24 09:07:56.281",
                    "level": "DEBUG",
                    "thread": "http-nio-8198-exec-17",
                    "class": "o.s.web.servlet.DispatcherServlet",
                    "message": "Completed 200 OK" }
                    
{
                    "app": "Crmeb",
                    "timestamp":"2026-07-24 09:07:56.297",
                    "level": "DEBUG",
                    "thread": "http-nio-8198-exec-19",
                    "class": "o.s.w.s.m.m.a.RequestResponseBodyMethodProcessor",
                    "message": "Using 'application/json', given [*/*] and supported [application/json, application/*+json, application/json, application/*+json, application/cbor]" }
                    
{
                    "app": "Crmeb",
                    "timestamp":"2026-07-24 09:07:56.297",
                    "level": "DEBUG",
                    "thread": "http-nio-8198-exec-19",
                    "class": "o.s.w.s.m.m.a.RequestResponseBodyMethodProcessor",
                    "message": "Writing [com.zbkj.common.result.CommonResult@65ac722d]" }
                    
{
                    "app": "Crmeb",
                    "timestamp":"2026-07-24 09:07:56.303",
                    "level": "DEBUG",
                    "thread": "http-nio-8198-exec-19",
                    "class": "o.s.web.servlet.DispatcherServlet",
                    "message": "Completed 200 OK" }
                    
{
                    "app": "Crmeb",
                    "timestamp":"2026-07-24 09:07:56.311",
                    "level": "DEBUG",
                    "thread": "http-nio-8198-exec-23",
                    "class": "o.s.web.servlet.DispatcherServlet",
                    "message": "GET "/api/front/order/data", parameters={}" }
                    
{
                    "app": "Crmeb",
                    "timestamp":"2026-07-24 09:07:56.311",
                    "level": "DEBUG",
                    "thread": "http-nio-8198-exec-23",
                    "class": "o.s.w.s.m.m.a.RequestMappingHandlerMapping",
                    "message": "Mapped to com.zbkj.front.controller.StoreOrderController#orderData()" }
                    
{
                    "app": "Crmeb",
                    "timestamp":"2026-07-24 09:07:56.312",
                    "level": "DEBUG",
                    "thread": "http-nio-8198-exec-18",
                    "class": "o.s.web.servlet.DispatcherServlet",
                    "message": "GET "/api/front/user", parameters={}" }
                    
{
                    "app": "Crmeb",
                    "timestamp":"2026-07-24 09:07:56.312",
                    "level": "DEBUG",
                    "thread": "http-nio-8198-exec-18",
                    "class": "o.s.w.s.m.m.a.RequestMappingHandlerMapping",
                    "message": "Mapped to com.zbkj.front.controller.UserController#getUserCenter()" }
                    
{
                    "app": "Crmeb",
                    "timestamp":"2026-07-24 09:07:56.320",
                    "level": "DEBUG",
                    "thread": "http-nio-8198-exec-23",
                    "class": "o.s.w.s.m.m.a.RequestResponseBodyMethodProcessor",
                    "message": "Using 'application/json', given [*/*] and supported [application/json, application/*+json, application/json, application/*+json, application/cbor]" }
                    
{
                    "app": "Crmeb",
                    "timestamp":"2026-07-24 09:07:56.320",
                    "level": "DEBUG",
                    "thread": "http-nio-8198-exec-23",
                    "class": "o.s.w.s.m.m.a.RequestResponseBodyMethodProcessor",
                    "message": "Writing [com.zbkj.common.result.CommonResult@430da5ef]" }
                    
{
                    "app": "Crmeb",
                    "timestamp":"2026-07-24 09:07:56.320",
                    "level": "DEBUG",
                    "thread": "http-nio-8198-exec-23",
                    "class": "o.s.web.servlet.DispatcherServlet",
                    "message": "Completed 200 OK" }
                    
{
                    "app": "Crmeb",
                    "timestamp":"2026-07-24 09:07:56.324",
                    "level": "DEBUG",
                    "thread": "http-nio-8198-exec-18",
                    "class": "o.s.w.s.m.m.a.RequestResponseBodyMethodProcessor",
                    "message": "Using 'application/json', given [*/*] and supported [application/json, application/*+json, application/json, application/*+json, application/cbor]" }
                    
{
                    "app": "Crmeb",
                    "timestamp":"2026-07-24 09:07:56.324",
                    "level": "DEBUG",
                    "thread": "http-nio-8198-exec-18",
                    "class": "o.s.w.s.m.m.a.RequestResponseBodyMethodProcessor",
                    "message": "Writing [com.zbkj.common.result.CommonResult@1f791e3d]" }
                    
{
                    "app": "Crmeb",
                    "timestamp":"2026-07-24 09:07:56.324",
                    "level": "DEBUG",
                    "thread": "http-nio-8198-exec-18",
                    "class": "o.s.web.servlet.DispatcherServlet",
                    "message": "Completed 200 OK" }
                    
{
                    "app": "Crmeb",
                    "timestamp":"2026-07-24 09:07:58.536",
                    "level": "DEBUG",
                    "thread": "http-nio-8198-exec-21",
                    "class": "o.s.web.servlet.DispatcherServlet",
                    "message": "GET "/api/front/jk/team/summary", parameters={}" }
                    
{
                    "app": "Crmeb",
                    "timestamp":"2026-07-24 09:07:58.536",
                    "level": "DEBUG",
                    "thread": "http-nio-8198-exec-21",
                    "class": "o.s.w.s.m.m.a.RequestMappingHandlerMapping",
                    "message": "Mapped to com.zbkj.front.controller.jiuzhoukang.JkAgentTeamController#summary()" }
                    
{
                    "app": "Crmeb",
                    "timestamp":"2026-07-24 09:07:58.544",
                    "level": "DEBUG",
                    "thread": "http-nio-8198-exec-21",
                    "class": "o.s.w.s.m.m.a.RequestResponseBodyMethodProcessor",
                    "message": "Using 'application/json', given [*/*] and supported [application/json, application/*+json, application/json, application/*+json, application/cbor]" }
                    
{
                    "app": "Crmeb",
                    "timestamp":"2026-07-24 09:07:58.544",
                    "level": "DEBUG",
                    "thread": "http-nio-8198-exec-21",
                    "class": "o.s.w.s.m.m.a.RequestResponseBodyMethodProcessor",
                    "message": "Writing [com.zbkj.common.result.CommonResult@b5f5ed0]" }
                    
{
                    "app": "Crmeb",
                    "timestamp":"2026-07-24 09:07:58.544",
                    "level": "DEBUG",
                    "thread": "http-nio-8198-exec-21",
                    "class": "o.s.web.servlet.DispatcherServlet",
                    "message": "Completed 200 OK" }
                    
{
                    "app": "Crmeb",
                    "timestamp":"2026-07-24 09:08:00.080",
                    "level": "DEBUG",
                    "thread": "http-nio-8198-exec-20",
                    "class": "o.s.web.servlet.DispatcherServlet",
                    "message": "GET "/api/front/menu/user", parameters={}" }
                    
{
                    "app": "Crmeb",
                    "timestamp":"2026-07-24 09:08:00.080",
                    "level": "DEBUG",
                    "thread": "http-nio-8198-exec-20",
                    "class": "o.s.w.s.m.m.a.RequestMappingHandlerMapping",
                    "message": "Mapped to com.zbkj.front.controller.UserController#getMenuUser()" }
                    
{
                    "app": "Crmeb",
                    "timestamp":"2026-07-24 09:08:00.083",
                    "level": "DEBUG",
                    "thread": "http-nio-8198-exec-25",
                    "class": "o.s.web.servlet.DispatcherServlet",
                    "message": "POST "/api/front/token/is/exist", parameters={}" }
                    
{
                    "app": "Crmeb",
                    "timestamp":"2026-07-24 09:08:00.083",
                    "level": "DEBUG",
                    "thread": "http-nio-8198-exec-25",
                    "class": "o.s.w.s.m.m.a.RequestMappingHandlerMapping",
                    "message": "Mapped to com.zbkj.front.controller.LoginController#tokenIsExist()" }
                    
{
                    "app": "Crmeb",
                    "timestamp":"2026-07-24 09:08:00.085",
                    "level": "DEBUG",
                    "thread": "http-nio-8198-exec-25",
                    "class": "o.s.w.s.m.m.a.RequestResponseBodyMethodProcessor",
                    "message": "Using 'application/json', given [*/*] and supported [application/json, application/*+json, application/json, application/*+json, application/cbor]" }
                    
{
                    "app": "Crmeb",
                    "timestamp":"2026-07-24 09:08:00.086",
                    "level": "DEBUG",
                    "thread": "http-nio-8198-exec-25",
                    "class": "o.s.w.s.m.m.a.RequestResponseBodyMethodProcessor",
                    "message": "Writing [com.zbkj.common.result.CommonResult@52e8d617]" }
                    
{
                    "app": "Crmeb",
                    "timestamp":"2026-07-24 09:08:00.086",
                    "level": "DEBUG",
                    "thread": "http-nio-8198-exec-25",
                    "class": "o.s.web.servlet.DispatcherServlet",
                    "message": "Completed 200 OK" }
                    
{
                    "app": "Crmeb",
                    "timestamp":"2026-07-24 09:08:00.087",
                    "level": "DEBUG",
                    "thread": "http-nio-8198-exec-20",
                    "class": "o.s.w.s.m.m.a.RequestResponseBodyMethodProcessor",
                    "message": "Using 'application/json', given [*/*] and supported [application/json, application/*+json, application/json, application/*+json, application/cbor]" }
                    
{
                    "app": "Crmeb",
                    "timestamp":"2026-07-24 09:08:00.087",
                    "level": "DEBUG",
                    "thread": "http-nio-8198-exec-20",
                    "class": "o.s.w.s.m.m.a.RequestResponseBodyMethodProcessor",
                    "message": "Writing [com.zbkj.common.result.CommonResult@4260b45c]" }
                    
{
                    "app": "Crmeb",
                    "timestamp":"2026-07-24 09:08:00.087",
                    "level": "DEBUG",
                    "thread": "http-nio-8198-exec-20",
                    "class": "o.s.web.servlet.DispatcherServlet",
                    "message": "Completed 200 OK" }
                    
{
                    "app": "Crmeb",
                    "timestamp":"2026-07-24 09:08:00.087",
                    "level": "DEBUG",
                    "thread": "http-nio-8198-exec-26",
                    "class": "o.s.web.servlet.DispatcherServlet",
                    "message": "GET "/api/front/copyright/info", parameters={}" }
                    
{
                    "app": "Crmeb",
                    "timestamp":"2026-07-24 09:08:00.087",
                    "level": "DEBUG",
                    "thread": "http-nio-8198-exec-26",
                    "class": "o.s.w.s.m.m.a.RequestMappingHandlerMapping",
                    "message": "Mapped to com.zbkj.front.controller.IndexController#getCopyrightInfo()" }
                    
{
                    "app": "Crmeb",
                    "timestamp":"2026-07-24 09:08:00.090",
                    "level": "DEBUG",
                    "thread": "http-nio-8198-exec-26",
                    "class": "o.s.w.s.m.m.a.RequestResponseBodyMethodProcessor",
                    "message": "Using 'application/json', given [*/*] and supported [application/json, application/*+json, application/json, application/*+json, application/cbor]" }
                    
{
                    "app": "Crmeb",
                    "timestamp":"2026-07-24 09:08:00.090",
                    "level": "DEBUG",
                    "thread": "http-nio-8198-exec-26",
                    "class": "o.s.w.s.m.m.a.RequestResponseBodyMethodProcessor",
                    "message": "Writing [com.zbkj.common.result.CommonResult@638230df]" }
                    
{
                    "app": "Crmeb",
                    "timestamp":"2026-07-24 09:08:00.090",
                    "level": "DEBUG",
                    "thread": "http-nio-8198-exec-26",
                    "class": "o.s.web.servlet.DispatcherServlet",
                    "message": "Completed 200 OK" }
                    
{
                    "app": "Crmeb",
                    "timestamp":"2026-07-24 09:08:00.092",
                    "level": "DEBUG",
                    "thread": "http-nio-8198-exec-22",
                    "class": "o.s.web.servlet.DispatcherServlet",
                    "message": "GET "/api/front/jk/permission/context", parameters={}" }
                    
{
                    "app": "Crmeb",
                    "timestamp":"2026-07-24 09:08:00.092",
                    "level": "DEBUG",
                    "thread": "http-nio-8198-exec-22",
                    "class": "o.s.w.s.m.m.a.RequestMappingHandlerMapping",
                    "message": "Mapped to com.zbkj.front.controller.jiuzhoukang.JkPermissionController#context(HttpServletRequest)" }
                    
{
                    "app": "Crmeb",
                    "timestamp":"2026-07-24 09:08:00.099",
                    "level": "DEBUG",
                    "thread": "http-nio-8198-exec-22",
                    "class": "o.s.w.s.m.m.a.RequestResponseBodyMethodProcessor",
                    "message": "Using 'application/json', given [*/*] and supported [application/json, application/*+json, application/json, application/*+json, application/cbor]" }
                    
{
                    "app": "Crmeb",
                    "timestamp":"2026-07-24 09:08:00.099",
                    "level": "DEBUG",
                    "thread": "http-nio-8198-exec-22",
                    "class": "o.s.w.s.m.m.a.RequestResponseBodyMethodProcessor",
                    "message": "Writing [com.zbkj.common.result.CommonResult@58f2171f]" }
                    
{
                    "app": "Crmeb",
                    "timestamp":"2026-07-24 09:08:00.099",
                    "level": "DEBUG",
                    "thread": "http-nio-8198-exec-22",
                    "class": "o.s.web.servlet.DispatcherServlet",
                    "message": "Completed 200 OK" }
                    
{
                    "app": "Crmeb",
                    "timestamp":"2026-07-24 09:08:00.100",
                    "level": "DEBUG",
                    "thread": "http-nio-8198-exec-27",
                    "class": "o.s.web.servlet.DispatcherServlet",
                    "message": "GET "/api/front/city/list", parameters={}" }
                    
{
                    "app": "Crmeb",
                    "timestamp":"2026-07-24 09:08:00.100",
                    "level": "DEBUG",
                    "thread": "http-nio-8198-exec-27",
                    "class": "o.s.w.s.m.m.a.RequestMappingHandlerMapping",
                    "message": "Mapped to com.zbkj.front.controller.CityController#register()" }
                    
{
                    "app": "Crmeb",
                    "timestamp":"2026-07-24 09:08:00.111",
                    "level": "DEBUG",
                    "thread": "http-nio-8198-exec-27",
                    "class": "o.s.w.s.m.m.a.RequestResponseBodyMethodProcessor",
                    "message": "Using 'application/json', given [*/*] and supported [application/json, application/*+json, application/json, application/*+json, application/cbor]" }
                    
{
                    "app": "Crmeb",
                    "timestamp":"2026-07-24 09:08:00.111",
                    "level": "DEBUG",
                    "thread": "http-nio-8198-exec-27",
                    "class": "o.s.w.s.m.m.a.RequestResponseBodyMethodProcessor",
                    "message": "Writing [com.zbkj.common.result.CommonResult@ef3d963]" }
                    
{
                    "app": "Crmeb",
                    "timestamp":"2026-07-24 09:08:00.115",
                    "level": "DEBUG",
                    "thread": "http-nio-8198-exec-27",
                    "class": "o.s.web.servlet.DispatcherServlet",
                    "message": "Completed 200 OK" }
                    
{
                    "app": "Crmeb",
                    "timestamp":"2026-07-24 09:08:00.115",
                    "level": "DEBUG",
                    "thread": "http-nio-8198-exec-29",
                    "class": "o.s.web.servlet.DispatcherServlet",
                    "message": "GET "/api/front/order/data", parameters={}" }
                    
{
                    "app": "Crmeb",
                    "timestamp":"2026-07-24 09:08:00.115",
                    "level": "DEBUG",
                    "thread": "http-nio-8198-exec-29",
                    "class": "o.s.w.s.m.m.a.RequestMappingHandlerMapping",
                    "message": "Mapped to com.zbkj.front.controller.StoreOrderController#orderData()" }
                    
{
                    "app": "Crmeb",
                    "timestamp":"2026-07-24 09:08:00.117",
                    "level": "DEBUG",
                    "thread": "http-nio-8198-exec-30",
                    "class": "o.s.web.servlet.DispatcherServlet",
                    "message": "GET "/api/front/user", parameters={}" }
                    
{
                    "app": "Crmeb",
                    "timestamp":"2026-07-24 09:08:00.117",
                    "level": "DEBUG",
                    "thread": "http-nio-8198-exec-30",
                    "class": "o.s.w.s.m.m.a.RequestMappingHandlerMapping",
                    "message": "Mapped to com.zbkj.front.controller.UserController#getUserCenter()" }
                    
{
                    "app": "Crmeb",
                    "timestamp":"2026-07-24 09:08:00.126",
                    "level": "DEBUG",
                    "thread": "http-nio-8198-exec-29",
                    "class": "o.s.w.s.m.m.a.RequestResponseBodyMethodProcessor",
                    "message": "Using 'application/json', given [*/*] and supported [application/json, application/*+json, application/json, application/*+json, application/cbor]" }
                    
{
                    "app": "Crmeb",
                    "timestamp":"2026-07-24 09:08:00.126",
                    "level": "DEBUG",
                    "thread": "http-nio-8198-exec-29",
                    "class": "o.s.w.s.m.m.a.RequestResponseBodyMethodProcessor",
                    "message": "Writing [com.zbkj.common.result.CommonResult@f7c1aa6]" }
                    
{
                    "app": "Crmeb",
                    "timestamp":"2026-07-24 09:08:00.126",
                    "level": "DEBUG",
                    "thread": "http-nio-8198-exec-29",
                    "class": "o.s.web.servlet.DispatcherServlet",
                    "message": "Completed 200 OK" }
                    
{
                    "app": "Crmeb",
                    "timestamp":"2026-07-24 09:08:00.128",
                    "level": "DEBUG",
                    "thread": "http-nio-8198-exec-30",
                    "class": "o.s.w.s.m.m.a.RequestResponseBodyMethodProcessor",
                    "message": "Using 'application/json', given [*/*] and supported [application/json, application/*+json, application/json, application/*+json, application/cbor]" }
                    
{
                    "app": "Crmeb",
                    "timestamp":"2026-07-24 09:08:00.128",
                    "level": "DEBUG",
                    "thread": "http-nio-8198-exec-30",
                    "class": "o.s.w.s.m.m.a.RequestResponseBodyMethodProcessor",
                    "message": "Writing [com.zbkj.common.result.CommonResult@5529c20e]" }
                    
{
                    "app": "Crmeb",
                    "timestamp":"2026-07-24 09:08:00.129",
                    "level": "DEBUG",
                    "thread": "http-nio-8198-exec-30",
                    "class": "o.s.web.servlet.DispatcherServlet",
                    "message": "Completed 200 OK" }
                    
{
                    "app": "Crmeb",
                    "timestamp":"2026-07-24 09:08:01.409",
                    "level": "DEBUG",
                    "thread": "http-nio-8198-exec-28",
                    "class": "o.s.web.servlet.DispatcherServlet",
                    "message": "GET "/api/front/commission", parameters={}" }
                    
{
                    "app": "Crmeb",
                    "timestamp":"2026-07-24 09:08:01.409",
                    "level": "DEBUG",
                    "thread": "http-nio-8198-exec-28",
                    "class": "o.s.w.s.m.m.a.RequestMappingHandlerMapping",
                    "message": "Mapped to com.zbkj.front.controller.UserController#getCommission()" }
                    
{
                    "app": "Crmeb",
                    "timestamp":"2026-07-24 09:08:01.436",
                    "level": "DEBUG",
                    "thread": "http-nio-8198-exec-28",
                    "class": "o.s.w.s.m.m.a.RequestResponseBodyMethodProcessor",
                    "message": "Using 'application/json', given [*/*] and supported [application/json, application/*+json, application/json, application/*+json, application/cbor]" }
                    
{
                    "app": "Crmeb",
                    "timestamp":"2026-07-24 09:08:01.436",
                    "level": "DEBUG",
                    "thread": "http-nio-8198-exec-28",
                    "class": "o.s.w.s.m.m.a.RequestResponseBodyMethodProcessor",
                    "message": "Writing [com.zbkj.common.result.CommonResult@6910b49b]" }
                    
{
                    "app": "Crmeb",
                    "timestamp":"2026-07-24 09:08:01.436",
                    "level": "DEBUG",
                    "thread": "http-nio-8198-exec-28",
                    "class": "o.s.web.servlet.DispatcherServlet",
                    "message": "Completed 200 OK" }
                    
{
                    "app": "Crmeb",
                    "timestamp":"2026-07-24 09:08:04.149",
                    "level": "DEBUG",
                    "thread": "http-nio-8198-exec-1",
                    "class": "o.s.web.servlet.DispatcherServlet",
                    "message": "GET "/api/front/user/spread/banner?page=1&limit=5", parameters={masked}" }
                    
{
                    "app": "Crmeb",
                    "timestamp":"2026-07-24 09:08:04.149",
                    "level": "DEBUG",
                    "thread": "http-nio-8198-exec-1",
                    "class": "o.s.w.s.m.m.a.RequestMappingHandlerMapping",
                    "message": "Mapped to com.zbkj.front.controller.UserController#getSpreadBannerList()" }
                    
{
                    "app": "Crmeb",
                    "timestamp":"2026-07-24 09:08:04.157",
                    "level": "DEBUG",
                    "thread": "http-nio-8198-exec-1",
                    "class": "o.s.w.s.m.m.a.RequestResponseBodyMethodProcessor",
                    "message": "Using 'application/json', given [*/*] and supported [application/json, application/*+json, application/json, application/*+json, application/cbor]" }
                    
{
                    "app": "Crmeb",
                    "timestamp":"2026-07-24 09:08:04.157",
                    "level": "DEBUG",
                    "thread": "http-nio-8198-exec-1",
                    "class": "o.s.w.s.m.m.a.RequestResponseBodyMethodProcessor",
                    "message": "Writing [com.zbkj.common.result.CommonResult@39f22f24]" }
                    
{
                    "app": "Crmeb",
                    "timestamp":"2026-07-24 09:08:04.157",
                    "level": "DEBUG",
                    "thread": "http-nio-8198-exec-1",
                    "class": "o.s.web.servlet.DispatcherServlet",
                    "message": "Completed 200 OK" }
                    
{
                    "app": "Crmeb",
                    "timestamp":"2026-07-24 09:08:04.204",
                    "level": "DEBUG",
                    "thread": "http-nio-8198-exec-2",
                    "class": "o.s.web.servlet.DispatcherServlet",
                    "message": "POST "/api/front/qrcode/get", parameters={}" }
                    
{
                    "app": "Crmeb",
                    "timestamp":"2026-07-24 09:08:04.204",
                    "level": "DEBUG",
                    "thread": "http-nio-8198-exec-2",
                    "class": "o.s.w.s.m.m.a.RequestMappingHandlerMapping",
                    "message": "Mapped to com.zbkj.front.controller.QrCodeController#get(JSONObject)" }
                    
{
                    "app": "Crmeb",
                    "timestamp":"2026-07-24 09:08:04.208",
                    "level": "DEBUG",
                    "thread": "http-nio-8198-exec-2",
                    "class": "o.s.w.s.m.m.a.RequestResponseBodyMethodProcessor",
                    "message": "Read "application/json;charset=UTF-8" to [{"path":"pages/index/index","pid":41}]" }
                    
{
                    "app": "Crmeb",
                    "timestamp":"2026-07-24 09:08:04.625",
                    "level": "DEBUG",
                    "thread": "http-nio-8198-exec-2",
                    "class": "o.s.web.client.RestTemplate",
                    "message": "HTTP GET https://api.weixin.qq.com/cgi-bin/token?grant_type=client_credential&appid=111111&secret=111111" }
                    
{
                    "app": "Crmeb",
                    "timestamp":"2026-07-24 09:08:04.625",
                    "level": "DEBUG",
                    "thread": "http-nio-8198-exec-2",
                    "class": "o.s.web.client.RestTemplate",
                    "message": "Accept=[application/json, application/cbor, application/*+json, text/plain, text/html]" }
                    
{
                    "app": "Crmeb",
                    "timestamp":"2026-07-24 09:08:05.069",
                    "level": "DEBUG",
                    "thread": "http-nio-8198-exec-2",
                    "class": "o.s.web.client.RestTemplate",
                    "message": "Response 200 OK" }
                    
{
                    "app": "Crmeb",
                    "timestamp":"2026-07-24 09:08:05.070",
                    "level": "DEBUG",
                    "thread": "http-nio-8198-exec-2",
                    "class": "o.s.web.client.RestTemplate",
                    "message": "Reading to [com.alibaba.fastjson.JSONObject]" }
                    
{
                    "app": "Crmeb",
                    "timestamp":"2026-07-24 09:08:05.086",
                    "level": "DEBUG",
                    "thread": "http-nio-8198-exec-2",
                    "class": "o.s.w.s.m.m.a.ExceptionHandlerExceptionResolver",
                    "message": "Using @ExceptionHandler com.zbkj.service.exception.GlobalExceptionHandler#defaultExceptionHandler(HttpServletRequest, Exception)" }
                    
{
                    "app": "Crmeb",
                    "timestamp":"2026-07-24 09:08:05.099",
                    "level": "DEBUG",
                    "thread": "http-nio-8198-exec-2",
                    "class": "o.s.w.s.m.m.a.RequestResponseBodyMethodProcessor",
                    "message": "Using 'application/json', given [*/*] and supported [application/json, application/*+json, application/json, application/*+json, application/cbor]" }
                    
{
                    "app": "Crmeb",
                    "timestamp":"2026-07-24 09:08:05.100",
                    "level": "DEBUG",
                    "thread": "http-nio-8198-exec-2",
                    "class": "o.s.w.s.m.m.a.RequestResponseBodyMethodProcessor",
                    "message": "Writing [com.zbkj.common.result.CommonResult@410012ef]" }
                    
{
                    "app": "Crmeb",
                    "timestamp":"2026-07-24 09:08:05.100",
                    "level": "DEBUG",
                    "thread": "http-nio-8198-exec-2",
                    "class": "o.s.w.s.m.m.a.ExceptionHandlerExceptionResolver",
                    "message": "Resolved [com.zbkj.common.exception.CrmebException: 微信接口调用失败：40013invalid appid rid: 6a62baf5-10e1d696-54798bad]" }
                    
{
                    "app": "Crmeb",
                    "timestamp":"2026-07-24 09:08:05.100",
                    "level": "DEBUG",
                    "thread": "http-nio-8198-exec-2",
                    "class": "o.s.web.servlet.DispatcherServlet",
                    "message": "Completed 200 OK" }
                    
{
                    "app": "Crmeb",
                    "timestamp":"2026-07-24 09:08:09.106",
                    "level": "DEBUG",
                    "thread": "http-nio-8198-exec-3",
                    "class": "o.s.web.servlet.DispatcherServlet",
                    "message": "GET "/api/front/commission", parameters={}" }
                    
{
                    "app": "Crmeb",
                    "timestamp":"2026-07-24 09:08:09.106",
                    "level": "DEBUG",
                    "thread": "http-nio-8198-exec-3",
                    "class": "o.s.w.s.m.m.a.RequestMappingHandlerMapping",
                    "message": "Mapped to com.zbkj.front.controller.UserController#getCommission()" }
                    
{
                    "app": "Crmeb",
                    "timestamp":"2026-07-24 09:08:09.114",
                    "level": "DEBUG",
                    "thread": "http-nio-8198-exec-3",
                    "class": "o.s.w.s.m.m.a.RequestResponseBodyMethodProcessor",
                    "message": "Using 'application/json', given [*/*] and supported [application/json, application/*+json, application/json, application/*+json, application/cbor]" }
                    
{
                    "app": "Crmeb",
                    "timestamp":"2026-07-24 09:08:09.114",
                    "level": "DEBUG",
                    "thread": "http-nio-8198-exec-3",
                    "class": "o.s.w.s.m.m.a.RequestResponseBodyMethodProcessor",
                    "message": "Writing [com.zbkj.common.result.CommonResult@4cab4e9a]" }
                    
{
                    "app": "Crmeb",
                    "timestamp":"2026-07-24 09:08:09.114",
                    "level": "DEBUG",
                    "thread": "http-nio-8198-exec-3",
                    "class": "o.s.web.servlet.DispatcherServlet",
                    "message": "Completed 200 OK" }
                    
{
                    "app": "Crmeb",
                    "timestamp":"2026-07-24 09:08:10.968",
                    "level": "DEBUG",
                    "thread": "http-nio-8198-exec-4",
                    "class": "o.s.web.servlet.DispatcherServlet",
                    "message": "GET "/api/front/spread/commission/detail?page=1&limit=10", parameters={masked}" }
                    
{
                    "app": "Crmeb",
                    "timestamp":"2026-07-24 09:08:10.969",
                    "level": "DEBUG",
                    "thread": "http-nio-8198-exec-4",
                    "class": "o.s.w.s.m.m.a.RequestMappingHandlerMapping",
                    "message": "Mapped to com.zbkj.front.controller.UserController#getSpreadCommissionDetail(PageParamRequest)" }
                    
{
                    "app": "Crmeb",
                    "timestamp":"2026-07-24 09:08:10.985",
                    "level": "DEBUG",
                    "thread": "http-nio-8198-exec-4",
                    "class": "o.s.w.s.m.m.a.RequestResponseBodyMethodProcessor",
                    "message": "Using 'application/json', given [*/*] and supported [application/json, application/*+json, application/json, application/*+json, application/cbor]" }
                    
{
                    "app": "Crmeb",
                    "timestamp":"2026-07-24 09:08:10.985",
                    "level": "DEBUG",
                    "thread": "http-nio-8198-exec-4",
                    "class": "o.s.w.s.m.m.a.RequestResponseBodyMethodProcessor",
                    "message": "Writing [com.zbkj.common.result.CommonResult@32c771be]" }
                    
{
                    "app": "Crmeb",
                    "timestamp":"2026-07-24 09:08:10.985",
                    "level": "DEBUG",
                    "thread": "http-nio-8198-exec-4",
                    "class": "o.s.web.servlet.DispatcherServlet",
                    "message": "Completed 200 OK" }
                    
{
                    "app": "Crmeb",
                    "timestamp":"2026-07-24 09:08:13.024",
                    "level": "DEBUG",
                    "thread": "http-nio-8198-exec-9",
                    "class": "o.s.web.servlet.DispatcherServlet",
                    "message": "GET "/api/front/commission", parameters={}" }
                    
{
                    "app": "Crmeb",
                    "timestamp":"2026-07-24 09:08:13.024",
                    "level": "DEBUG",
                    "thread": "http-nio-8198-exec-9",
                    "class": "o.s.w.s.m.m.a.RequestMappingHandlerMapping",
                    "message": "Mapped to com.zbkj.front.controller.UserController#getCommission()" }
                    
{
                    "app": "Crmeb",
                    "timestamp":"2026-07-24 09:08:13.031",
                    "level": "DEBUG",
                    "thread": "http-nio-8198-exec-9",
                    "class": "o.s.w.s.m.m.a.RequestResponseBodyMethodProcessor",
                    "message": "Using 'application/json', given [*/*] and supported [application/json, application/*+json, application/json, application/*+json, application/cbor]" }
                    
{
                    "app": "Crmeb",
                    "timestamp":"2026-07-24 09:08:13.031",
                    "level": "DEBUG",
                    "thread": "http-nio-8198-exec-9",
                    "class": "o.s.w.s.m.m.a.RequestResponseBodyMethodProcessor",
                    "message": "Writing [com.zbkj.common.result.CommonResult@7658a35e]" }
                    
{
                    "app": "Crmeb",
                    "timestamp":"2026-07-24 09:08:13.031",
                    "level": "DEBUG",
                    "thread": "http-nio-8198-exec-9",
                    "class": "o.s.web.servlet.DispatcherServlet",
                    "message": "Completed 200 OK" }
                    
{
                    "app": "Crmeb",
                    "timestamp":"2026-07-24 09:08:13.552",
                    "level": "DEBUG",
                    "thread": "http-nio-8198-exec-5",
                    "class": "o.s.web.servlet.DispatcherServlet",
                    "message": "GET "/api/front/menu/user", parameters={}" }
                    
{
                    "app": "Crmeb",
                    "timestamp":"2026-07-24 09:08:13.552",
                    "level": "DEBUG",
                    "thread": "http-nio-8198-exec-5",
                    "class": "o.s.w.s.m.m.a.RequestMappingHandlerMapping",
                    "message": "Mapped to com.zbkj.front.controller.UserController#getMenuUser()" }
                    
{
                    "app": "Crmeb",
                    "timestamp":"2026-07-24 09:08:13.558",
                    "level": "DEBUG",
                    "thread": "http-nio-8198-exec-8",
                    "class": "o.s.web.servlet.DispatcherServlet",
                    "message": "POST "/api/front/token/is/exist", parameters={}" }
                    
{
                    "app": "Crmeb",
                    "timestamp":"2026-07-24 09:08:13.559",
                    "level": "DEBUG",
                    "thread": "http-nio-8198-exec-8",
                    "class": "o.s.w.s.m.m.a.RequestMappingHandlerMapping",
                    "message": "Mapped to com.zbkj.front.controller.LoginController#tokenIsExist()" }
                    
{
                    "app": "Crmeb",
                    "timestamp":"2026-07-24 09:08:13.560",
                    "level": "DEBUG",
                    "thread": "http-nio-8198-exec-5",
                    "class": "o.s.w.s.m.m.a.RequestResponseBodyMethodProcessor",
                    "message": "Using 'application/json', given [*/*] and supported [application/json, application/*+json, application/json, application/*+json, application/cbor]" }
                    
{
                    "app": "Crmeb",
                    "timestamp":"2026-07-24 09:08:13.560",
                    "level": "DEBUG",
                    "thread": "http-nio-8198-exec-5",
                    "class": "o.s.w.s.m.m.a.RequestResponseBodyMethodProcessor",
                    "message": "Writing [com.zbkj.common.result.CommonResult@6b202562]" }
                    
{
                    "app": "Crmeb",
                    "timestamp":"2026-07-24 09:08:13.560",
                    "level": "DEBUG",
                    "thread": "http-nio-8198-exec-6",
                    "class": "o.s.web.servlet.DispatcherServlet",
                    "message": "GET "/api/front/copyright/info", parameters={}" }
                    
{
                    "app": "Crmeb",
                    "timestamp":"2026-07-24 09:08:13.560",
                    "level": "DEBUG",
                    "thread": "http-nio-8198-exec-6",
                    "class": "o.s.w.s.m.m.a.RequestMappingHandlerMapping",
                    "message": "Mapped to com.zbkj.front.controller.IndexController#getCopyrightInfo()" }
                    
{
                    "app": "Crmeb",
                    "timestamp":"2026-07-24 09:08:13.560",
                    "level": "DEBUG",
                    "thread": "http-nio-8198-exec-8",
                    "class": "o.s.w.s.m.m.a.RequestResponseBodyMethodProcessor",
                    "message": "Using 'application/json', given [*/*] and supported [application/json, application/*+json, application/json, application/*+json, application/cbor]" }
                    
{
                    "app": "Crmeb",
                    "timestamp":"2026-07-24 09:08:13.560",
                    "level": "DEBUG",
                    "thread": "http-nio-8198-exec-8",
                    "class": "o.s.w.s.m.m.a.RequestResponseBodyMethodProcessor",
                    "message": "Writing [com.zbkj.common.result.CommonResult@3c8d68b8]" }
                    
{
                    "app": "Crmeb",
                    "timestamp":"2026-07-24 09:08:13.560",
                    "level": "DEBUG",
                    "thread": "http-nio-8198-exec-8",
                    "class": "o.s.web.servlet.DispatcherServlet",
                    "message": "Completed 200 OK" }
                    
{
                    "app": "Crmeb",
                    "timestamp":"2026-07-24 09:08:13.560",
                    "level": "DEBUG",
                    "thread": "http-nio-8198-exec-5",
                    "class": "o.s.web.servlet.DispatcherServlet",
                    "message": "Completed 200 OK" }
                    
{
                    "app": "Crmeb",
                    "timestamp":"2026-07-24 09:08:13.562",
                    "level": "DEBUG",
                    "thread": "http-nio-8198-exec-6",
                    "class": "o.s.w.s.m.m.a.RequestResponseBodyMethodProcessor",
                    "message": "Using 'application/json', given [*/*] and supported [application/json, application/*+json, application/json, application/*+json, application/cbor]" }
                    
{
                    "app": "Crmeb",
                    "timestamp":"2026-07-24 09:08:13.562",
                    "level": "DEBUG",
                    "thread": "http-nio-8198-exec-6",
                    "class": "o.s.w.s.m.m.a.RequestResponseBodyMethodProcessor",
                    "message": "Writing [com.zbkj.common.result.CommonResult@275e6562]" }
                    
{
                    "app": "Crmeb",
                    "timestamp":"2026-07-24 09:08:13.562",
                    "level": "DEBUG",
                    "thread": "http-nio-8198-exec-6",
                    "class": "o.s.web.servlet.DispatcherServlet",
                    "message": "Completed 200 OK" }
                    
{
                    "app": "Crmeb",
                    "timestamp":"2026-07-24 09:08:13.564",
                    "level": "DEBUG",
                    "thread": "http-nio-8198-exec-7",
                    "class": "o.s.web.servlet.DispatcherServlet",
                    "message": "GET "/api/front/jk/permission/context", parameters={}" }
                    
{
                    "app": "Crmeb",
                    "timestamp":"2026-07-24 09:08:13.564",
                    "level": "DEBUG",
                    "thread": "http-nio-8198-exec-7",
                    "class": "o.s.w.s.m.m.a.RequestMappingHandlerMapping",
                    "message": "Mapped to com.zbkj.front.controller.jiuzhoukang.JkPermissionController#context(HttpServletRequest)" }
                    
{
                    "app": "Crmeb",
                    "timestamp":"2026-07-24 09:08:13.571",
                    "level": "DEBUG",
                    "thread": "http-nio-8198-exec-7",
                    "class": "o.s.w.s.m.m.a.RequestResponseBodyMethodProcessor",
                    "message": "Using 'application/json', given [*/*] and supported [application/json, application/*+json, application/json, application/*+json, application/cbor]" }
                    
{
                    "app": "Crmeb",
                    "timestamp":"2026-07-24 09:08:13.571",
                    "level": "DEBUG",
                    "thread": "http-nio-8198-exec-7",
                    "class": "o.s.w.s.m.m.a.RequestResponseBodyMethodProcessor",
                    "message": "Writing [com.zbkj.common.result.CommonResult@7faef125]" }
                    
{
                    "app": "Crmeb",
                    "timestamp":"2026-07-24 09:08:13.571",
                    "level": "DEBUG",
                    "thread": "http-nio-8198-exec-7",
                    "class": "o.s.web.servlet.DispatcherServlet",
                    "message": "Completed 200 OK" }
                    
{
                    "app": "Crmeb",
                    "timestamp":"2026-07-24 09:08:13.573",
                    "level": "DEBUG",
                    "thread": "http-nio-8198-exec-14",
                    "class": "o.s.web.servlet.DispatcherServlet",
                    "message": "GET "/api/front/city/list", parameters={}" }
                    
{
                    "app": "Crmeb",
                    "timestamp":"2026-07-24 09:08:13.573",
                    "level": "DEBUG",
                    "thread": "http-nio-8198-exec-14",
                    "class": "o.s.w.s.m.m.a.RequestMappingHandlerMapping",
                    "message": "Mapped to com.zbkj.front.controller.CityController#register()" }
                    
{
                    "app": "Crmeb",
                    "timestamp":"2026-07-24 09:08:13.585",
                    "level": "DEBUG",
                    "thread": "http-nio-8198-exec-14",
                    "class": "o.s.w.s.m.m.a.RequestResponseBodyMethodProcessor",
                    "message": "Using 'application/json', given [*/*] and supported [application/json, application/*+json, application/json, application/*+json, application/cbor]" }
                    
{
                    "app": "Crmeb",
                    "timestamp":"2026-07-24 09:08:13.585",
                    "level": "DEBUG",
                    "thread": "http-nio-8198-exec-14",
                    "class": "o.s.w.s.m.m.a.RequestResponseBodyMethodProcessor",
                    "message": "Writing [com.zbkj.common.result.CommonResult@57a283ea]" }
                    
{
                    "app": "Crmeb",
                    "timestamp":"2026-07-24 09:08:13.589",
                    "level": "DEBUG",
                    "thread": "http-nio-8198-exec-13",
                    "class": "o.s.web.servlet.DispatcherServlet",
                    "message": "GET "/api/front/order/data", parameters={}" }
                    
{
                    "app": "Crmeb",
                    "timestamp":"2026-07-24 09:08:13.589",
                    "level": "DEBUG",
                    "thread": "http-nio-8198-exec-13",
                    "class": "o.s.w.s.m.m.a.RequestMappingHandlerMapping",
                    "message": "Mapped to com.zbkj.front.controller.StoreOrderController#orderData()" }
                    
{
                    "app": "Crmeb",
                    "timestamp":"2026-07-24 09:08:13.589",
                    "level": "DEBUG",
                    "thread": "http-nio-8198-exec-14",
                    "class": "o.s.web.servlet.DispatcherServlet",
                    "message": "Completed 200 OK" }
                    
{
                    "app": "Crmeb",
                    "timestamp":"2026-07-24 09:08:13.590",
                    "level": "DEBUG",
                    "thread": "http-nio-8198-exec-12",
                    "class": "o.s.web.servlet.DispatcherServlet",
                    "message": "GET "/api/front/user", parameters={}" }
                    
{
                    "app": "Crmeb",
                    "timestamp":"2026-07-24 09:08:13.591",
                    "level": "DEBUG",
                    "thread": "http-nio-8198-exec-12",
                    "class": "o.s.w.s.m.m.a.RequestMappingHandlerMapping",
                    "message": "Mapped to com.zbkj.front.controller.UserController#getUserCenter()" }
                    
{
                    "app": "Crmeb",
                    "timestamp":"2026-07-24 09:08:13.601",
                    "level": "DEBUG",
                    "thread": "http-nio-8198-exec-13",
                    "class": "o.s.w.s.m.m.a.RequestResponseBodyMethodProcessor",
                    "message": "Using 'application/json', given [*/*] and supported [application/json, application/*+json, application/json, application/*+json, application/cbor]" }
                    
{
                    "app": "Crmeb",
                    "timestamp":"2026-07-24 09:08:13.601",
                    "level": "DEBUG",
                    "thread": "http-nio-8198-exec-13",
                    "class": "o.s.w.s.m.m.a.RequestResponseBodyMethodProcessor",
                    "message": "Writing [com.zbkj.common.result.CommonResult@48782668]" }
                    
{
                    "app": "Crmeb",
                    "timestamp":"2026-07-24 09:08:13.601",
                    "level": "DEBUG",
                    "thread": "http-nio-8198-exec-13",
                    "class": "o.s.web.servlet.DispatcherServlet",
                    "message": "Completed 200 OK" }
                    
{
                    "app": "Crmeb",
                    "timestamp":"2026-07-24 09:08:13.606",
                    "level": "DEBUG",
                    "thread": "http-nio-8198-exec-12",
                    "class": "o.s.w.s.m.m.a.RequestResponseBodyMethodProcessor",
                    "message": "Using 'application/json', given [*/*] and supported [application/json, application/*+json, application/json, application/*+json, application/cbor]" }
                    
{
                    "app": "Crmeb",
                    "timestamp":"2026-07-24 09:08:13.606",
                    "level": "DEBUG",
                    "thread": "http-nio-8198-exec-12",
                    "class": "o.s.w.s.m.m.a.RequestResponseBodyMethodProcessor",
                    "message": "Writing [com.zbkj.common.result.CommonResult@36dd37b1]" }
                    
{
                    "app": "Crmeb",
                    "timestamp":"2026-07-24 09:08:13.606",
                    "level": "DEBUG",
                    "thread": "http-nio-8198-exec-12",
                    "class": "o.s.web.servlet.DispatcherServlet",
                    "message": "Completed 200 OK" }
                    
{
                    "app": "Crmeb",
                    "timestamp":"2026-07-24 09:11:08.292",
                    "level": "DEBUG",
                    "thread": "http-nio-8198-exec-17",
                    "class": "o.s.web.servlet.DispatcherServlet",
                    "message": "GET "/api/front/jk/permission/context", parameters={}" }
                    
{
                    "app": "Crmeb",
                    "timestamp":"2026-07-24 09:11:08.292",
                    "level": "DEBUG",
                    "thread": "http-nio-8198-exec-17",
                    "class": "o.s.w.s.m.m.a.RequestMappingHandlerMapping",
                    "message": "Mapped to com.zbkj.front.controller.jiuzhoukang.JkPermissionController#context(HttpServletRequest)" }
                    
{
                    "app": "Crmeb",
                    "timestamp":"2026-07-24 09:11:08.294",
                    "level": "DEBUG",
                    "thread": "http-nio-8198-exec-19",
                    "class": "o.s.web.servlet.DispatcherServlet",
                    "message": "GET "/api/front/jk/stock/my", parameters={}" }
                    
{
                    "app": "Crmeb",
                    "timestamp":"2026-07-24 09:11:08.295",
                    "level": "DEBUG",
                    "thread": "http-nio-8198-exec-19",
                    "class": "o.s.w.s.m.m.a.RequestMappingHandlerMapping",
                    "message": "Mapped to com.zbkj.front.controller.jiuzhoukang.JkStockController#my()" }
                    
{
                    "app": "Crmeb",
                    "timestamp":"2026-07-24 09:11:08.298",
                    "level": "DEBUG",
                    "thread": "http-nio-8198-exec-23",
                    "class": "o.s.web.servlet.DispatcherServlet",
                    "message": "GET "/api/front/jk/commission/summary", parameters={}" }
                    
{
                    "app": "Crmeb",
                    "timestamp":"2026-07-24 09:11:08.298",
                    "level": "DEBUG",
                    "thread": "http-nio-8198-exec-23",
                    "class": "o.s.w.s.m.m.a.RequestMappingHandlerMapping",
                    "message": "Mapped to com.zbkj.front.controller.jiuzhoukang.JkCommissionController#summary()" }
                    
{
                    "app": "Crmeb",
                    "timestamp":"2026-07-24 09:11:08.301",
                    "level": "DEBUG",
                    "thread": "http-nio-8198-exec-17",
                    "class": "o.s.w.s.m.m.a.RequestResponseBodyMethodProcessor",
                    "message": "Using 'application/json', given [*/*] and supported [application/json, application/*+json, application/json, application/*+json, application/cbor]" }
                    
{
                    "app": "Crmeb",
                    "timestamp":"2026-07-24 09:11:08.301",
                    "level": "DEBUG",
                    "thread": "http-nio-8198-exec-17",
                    "class": "o.s.w.s.m.m.a.RequestResponseBodyMethodProcessor",
                    "message": "Writing [com.zbkj.common.result.CommonResult@7b657dee]" }
                    
{
                    "app": "Crmeb",
                    "timestamp":"2026-07-24 09:11:08.301",
                    "level": "DEBUG",
                    "thread": "http-nio-8198-exec-18",
                    "class": "o.s.web.servlet.DispatcherServlet",
                    "message": "GET "/api/front/jk/platform-order/list?page=1&limit=100", parameters={masked}" }
                    
{
                    "app": "Crmeb",
                    "timestamp":"2026-07-24 09:11:08.301",
                    "level": "DEBUG",
                    "thread": "http-nio-8198-exec-18",
                    "class": "o.s.w.s.m.m.a.RequestMappingHandlerMapping",
                    "message": "Mapped to com.zbkj.front.controller.jiuzhoukang.JkPlatformOrderController#list(JkTradeDocumentSearchRequest, PageParamRequest)" }
                    
{
                    "app": "Crmeb",
                    "timestamp":"2026-07-24 09:11:08.301",
                    "level": "DEBUG",
                    "thread": "http-nio-8198-exec-17",
                    "class": "o.s.web.servlet.DispatcherServlet",
                    "message": "Completed 200 OK" }
                    
{
                    "app": "Crmeb",
                    "timestamp":"2026-07-24 09:11:08.306",
                    "level": "DEBUG",
                    "thread": "http-nio-8198-exec-21",
                    "class": "o.s.web.servlet.DispatcherServlet",
                    "message": "GET "/api/front/jk/stock-transfer/list?page=1&limit=100", parameters={masked}" }
                    
{
                    "app": "Crmeb",
                    "timestamp":"2026-07-24 09:11:08.306",
                    "level": "DEBUG",
                    "thread": "http-nio-8198-exec-21",
                    "class": "o.s.w.s.m.m.a.RequestMappingHandlerMapping",
                    "message": "Mapped to com.zbkj.front.controller.jiuzhoukang.JkStockTransferController#list(JkTradeDocumentSearchRequest, PageParamRequest)" }
                    
{
                    "app": "Crmeb",
                    "timestamp":"2026-07-24 09:11:08.308",
                    "level": "DEBUG",
                    "thread": "http-nio-8198-exec-23",
                    "class": "o.s.w.s.m.m.a.RequestResponseBodyMethodProcessor",
                    "message": "Using 'application/json', given [*/*] and supported [application/json, application/*+json, application/json, application/*+json, application/cbor]" }
                    
{
                    "app": "Crmeb",
                    "timestamp":"2026-07-24 09:11:08.308",
                    "level": "DEBUG",
                    "thread": "http-nio-8198-exec-23",
                    "class": "o.s.w.s.m.m.a.RequestResponseBodyMethodProcessor",
                    "message": "Writing [com.zbkj.common.result.CommonResult@77e7a00f]" }
                    
{
                    "app": "Crmeb",
                    "timestamp":"2026-07-24 09:11:08.308",
                    "level": "DEBUG",
                    "thread": "http-nio-8198-exec-23",
                    "class": "o.s.web.servlet.DispatcherServlet",
                    "message": "Completed 200 OK" }
                    
{
                    "app": "Crmeb",
                    "timestamp":"2026-07-24 09:11:08.308",
                    "level": "DEBUG",
                    "thread": "http-nio-8198-exec-23",
                    "class": "o.s.web.servlet.DispatcherServlet",
                    "message": "GET "/api/front/jk/stock-transfer/handle/list?page=1&limit=100", parameters={masked}" }
                    
{
                    "app": "Crmeb",
                    "timestamp":"2026-07-24 09:11:08.309",
                    "level": "DEBUG",
                    "thread": "http-nio-8198-exec-23",
                    "class": "o.s.w.s.m.m.a.RequestMappingHandlerMapping",
                    "message": "Mapped to com.zbkj.front.controller.jiuzhoukang.JkStockTransferController#handleList(JkTradeDocumentSearchRequest, PageParamRequest)" }
                    
{
                    "app": "Crmeb",
                    "timestamp":"2026-07-24 09:11:08.310",
                    "level": "DEBUG",
                    "thread": "http-nio-8198-exec-19",
                    "class": "o.s.w.s.m.m.a.RequestResponseBodyMethodProcessor",
                    "message": "Using 'application/json', given [*/*] and supported [application/json, application/*+json, application/json, application/*+json, application/cbor]" }
                    
{
                    "app": "Crmeb",
                    "timestamp":"2026-07-24 09:11:08.310",
                    "level": "DEBUG",
                    "thread": "http-nio-8198-exec-19",
                    "class": "o.s.w.s.m.m.a.RequestResponseBodyMethodProcessor",
                    "message": "Writing [com.zbkj.common.result.CommonResult@4c58baf2]" }
                    
{
                    "app": "Crmeb",
                    "timestamp":"2026-07-24 09:11:08.310",
                    "level": "DEBUG",
                    "thread": "http-nio-8198-exec-19",
                    "class": "o.s.web.servlet.DispatcherServlet",
                    "message": "Completed 200 OK" }
                    
{
                    "app": "Crmeb",
                    "timestamp":"2026-07-24 09:11:08.310",
                    "level": "DEBUG",
                    "thread": "http-nio-8198-exec-21",
                    "class": "o.s.w.s.m.m.a.RequestResponseBodyMethodProcessor",
                    "message": "Using 'application/json', given [*/*] and supported [application/json, application/*+json, application/json, application/*+json, application/cbor]" }
                    
{
                    "app": "Crmeb",
                    "timestamp":"2026-07-24 09:11:08.310",
                    "level": "DEBUG",
                    "thread": "http-nio-8198-exec-21",
                    "class": "o.s.w.s.m.m.a.RequestResponseBodyMethodProcessor",
                    "message": "Writing [com.zbkj.common.result.CommonResult@63c687fb]" }
                    
{
                    "app": "Crmeb",
                    "timestamp":"2026-07-24 09:11:08.310",
                    "level": "DEBUG",
                    "thread": "http-nio-8198-exec-21",
                    "class": "o.s.web.servlet.DispatcherServlet",
                    "message": "Completed 200 OK" }
                    
{
                    "app": "Crmeb",
                    "timestamp":"2026-07-24 09:11:08.313",
                    "level": "DEBUG",
                    "thread": "http-nio-8198-exec-18",
                    "class": "o.s.w.s.m.m.a.RequestResponseBodyMethodProcessor",
                    "message": "Using 'application/json', given [*/*] and supported [application/json, application/*+json, application/json, application/*+json, application/cbor]" }
                    
{
                    "app": "Crmeb",
                    "timestamp":"2026-07-24 09:11:08.313",
                    "level": "DEBUG",
                    "thread": "http-nio-8198-exec-18",
                    "class": "o.s.w.s.m.m.a.RequestResponseBodyMethodProcessor",
                    "message": "Writing [com.zbkj.common.result.CommonResult@3fa3d825]" }
                    
{
                    "app": "Crmeb",
                    "timestamp":"2026-07-24 09:11:08.314",
                    "level": "DEBUG",
                    "thread": "http-nio-8198-exec-18",
                    "class": "o.s.web.servlet.DispatcherServlet",
                    "message": "Completed 200 OK" }
                    
{
                    "app": "Crmeb",
                    "timestamp":"2026-07-24 09:11:08.326",
                    "level": "DEBUG",
                    "thread": "http-nio-8198-exec-23",
                    "class": "o.s.w.s.m.m.a.RequestResponseBodyMethodProcessor",
                    "message": "Using 'application/json', given [*/*] and supported [application/json, application/*+json, application/json, application/*+json, application/cbor]" }
                    
{
                    "app": "Crmeb",
                    "timestamp":"2026-07-24 09:11:08.326",
                    "level": "DEBUG",
                    "thread": "http-nio-8198-exec-23",
                    "class": "o.s.w.s.m.m.a.RequestResponseBodyMethodProcessor",
                    "message": "Writing [com.zbkj.common.result.CommonResult@3fbd3b4d]" }
                    
{
                    "app": "Crmeb",
                    "timestamp":"2026-07-24 09:11:08.327",
                    "level": "DEBUG",
                    "thread": "http-nio-8198-exec-23",
                    "class": "o.s.web.servlet.DispatcherServlet",
                    "message": "Completed 200 OK" }
                    
{
                    "app": "Crmeb",
                    "timestamp":"2026-07-24 09:11:12.189",
                    "level": "DEBUG",
                    "thread": "http-nio-8198-exec-20",
                    "class": "o.s.web.servlet.DispatcherServlet",
                    "message": "GET "/api/front/jk/stock-transfer/handle/list?page=1&limit=100&status=", parameters={masked}" }
                    
{
                    "app": "Crmeb",
                    "timestamp":"2026-07-24 09:11:12.190",
                    "level": "DEBUG",
                    "thread": "http-nio-8198-exec-20",
                    "class": "o.s.w.s.m.m.a.RequestMappingHandlerMapping",
                    "message": "Mapped to com.zbkj.front.controller.jiuzhoukang.JkStockTransferController#handleList(JkTradeDocumentSearchRequest, PageParamRequest)" }
                    
{
                    "app": "Crmeb",
                    "timestamp":"2026-07-24 09:11:12.208",
                    "level": "DEBUG",
                    "thread": "http-nio-8198-exec-20",
                    "class": "o.s.w.s.m.m.a.RequestResponseBodyMethodProcessor",
                    "message": "Using 'application/json', given [*/*] and supported [application/json, application/*+json, application/json, application/*+json, application/cbor]" }
                    
{
                    "app": "Crmeb",
                    "timestamp":"2026-07-24 09:11:12.208",
                    "level": "DEBUG",
                    "thread": "http-nio-8198-exec-20",
                    "class": "o.s.w.s.m.m.a.RequestResponseBodyMethodProcessor",
                    "message": "Writing [com.zbkj.common.result.CommonResult@5a733af0]" }
                    
{
                    "app": "Crmeb",
                    "timestamp":"2026-07-24 09:11:12.208",
                    "level": "DEBUG",
                    "thread": "http-nio-8198-exec-20",
                    "class": "o.s.web.servlet.DispatcherServlet",
                    "message": "Completed 200 OK" }
                    
{
                    "app": "Crmeb",
                    "timestamp":"2026-07-24 09:11:12.209",
                    "level": "DEBUG",
                    "thread": "http-nio-8198-exec-26",
                    "class": "o.s.web.servlet.DispatcherServlet",
                    "message": "GET "/api/front/jk/stock-transfer/handle/list?page=1&limit=100&status=", parameters={masked}" }
                    
{
                    "app": "Crmeb",
                    "timestamp":"2026-07-24 09:11:12.210",
                    "level": "DEBUG",
                    "thread": "http-nio-8198-exec-26",
                    "class": "o.s.w.s.m.m.a.RequestMappingHandlerMapping",
                    "message": "Mapped to com.zbkj.front.controller.jiuzhoukang.JkStockTransferController#handleList(JkTradeDocumentSearchRequest, PageParamRequest)" }
                    
{
                    "app": "Crmeb",
                    "timestamp":"2026-07-24 09:11:12.231",
                    "level": "DEBUG",
                    "thread": "http-nio-8198-exec-26",
                    "class": "o.s.w.s.m.m.a.RequestResponseBodyMethodProcessor",
                    "message": "Using 'application/json', given [*/*] and supported [application/json, application/*+json, application/json, application/*+json, application/cbor]" }
                    
{
                    "app": "Crmeb",
                    "timestamp":"2026-07-24 09:11:12.231",
                    "level": "DEBUG",
                    "thread": "http-nio-8198-exec-26",
                    "class": "o.s.w.s.m.m.a.RequestResponseBodyMethodProcessor",
                    "message": "Writing [com.zbkj.common.result.CommonResult@223e7310]" }
                    
{
                    "app": "Crmeb",
                    "timestamp":"2026-07-24 09:11:12.231",
                    "level": "DEBUG",
                    "thread": "http-nio-8198-exec-26",
                    "class": "o.s.web.servlet.DispatcherServlet",
                    "message": "Completed 200 OK" }
                    
{
                    "app": "Crmeb",
                    "timestamp":"2026-07-24 09:11:14.778",
                    "level": "DEBUG",
                    "thread": "http-nio-8198-exec-22",
                    "class": "o.s.web.servlet.DispatcherServlet",
                    "message": "GET "/api/front/jk/stock-transfer/handle/detail/15", parameters={}" }
                    
{
                    "app": "Crmeb",
                    "timestamp":"2026-07-24 09:11:14.779",
                    "level": "DEBUG",
                    "thread": "http-nio-8198-exec-22",
                    "class": "o.s.w.s.m.m.a.RequestMappingHandlerMapping",
                    "message": "Mapped to com.zbkj.front.controller.jiuzhoukang.JkStockTransferController#handleDetail(Long)" }
                    
{
                    "app": "Crmeb",
                    "timestamp":"2026-07-24 09:11:14.799",
                    "level": "DEBUG",
                    "thread": "http-nio-8198-exec-22",
                    "class": "o.s.w.s.m.m.a.RequestResponseBodyMethodProcessor",
                    "message": "Using 'application/json', given [*/*] and supported [application/json, application/*+json, application/json, application/*+json, application/cbor]" }
                    
{
                    "app": "Crmeb",
                    "timestamp":"2026-07-24 09:11:14.799",
                    "level": "DEBUG",
                    "thread": "http-nio-8198-exec-22",
                    "class": "o.s.w.s.m.m.a.RequestResponseBodyMethodProcessor",
                    "message": "Writing [com.zbkj.common.result.CommonResult@38624bb8]" }
                    
{
                    "app": "Crmeb",
                    "timestamp":"2026-07-24 09:11:14.800",
                    "level": "DEBUG",
                    "thread": "http-nio-8198-exec-22",
                    "class": "o.s.web.servlet.DispatcherServlet",
                    "message": "Completed 200 OK" }
                    
{
                    "app": "Crmeb",
                    "timestamp":"2026-07-24 09:11:14.800",
                    "level": "DEBUG",
                    "thread": "http-nio-8198-exec-27",
                    "class": "o.s.web.servlet.DispatcherServlet",
                    "message": "GET "/api/front/jk/stock-transfer/handle/detail/15", parameters={}" }
                    
{
                    "app": "Crmeb",
                    "timestamp":"2026-07-24 09:11:14.801",
                    "level": "DEBUG",
                    "thread": "http-nio-8198-exec-27",
                    "class": "o.s.w.s.m.m.a.RequestMappingHandlerMapping",
                    "message": "Mapped to com.zbkj.front.controller.jiuzhoukang.JkStockTransferController#handleDetail(Long)" }
                    
{
                    "app": "Crmeb",
                    "timestamp":"2026-07-24 09:11:14.819",
                    "level": "DEBUG",
                    "thread": "http-nio-8198-exec-27",
                    "class": "o.s.w.s.m.m.a.RequestResponseBodyMethodProcessor",
                    "message": "Using 'application/json', given [*/*] and supported [application/json, application/*+json, application/json, application/*+json, application/cbor]" }
                    
{
                    "app": "Crmeb",
                    "timestamp":"2026-07-24 09:11:14.819",
                    "level": "DEBUG",
                    "thread": "http-nio-8198-exec-27",
                    "class": "o.s.w.s.m.m.a.RequestResponseBodyMethodProcessor",
                    "message": "Writing [com.zbkj.common.result.CommonResult@4723e182]" }
                    
{
                    "app": "Crmeb",
                    "timestamp":"2026-07-24 09:11:14.819",
                    "level": "DEBUG",
                    "thread": "http-nio-8198-exec-27",
                    "class": "o.s.web.servlet.DispatcherServlet",
                    "message": "Completed 200 OK" }
                    
{
                    "app": "Crmeb",
                    "timestamp":"2026-07-24 09:11:25.392",
                    "level": "DEBUG",
                    "thread": "http-nio-8198-exec-29",
                    "class": "o.s.web.servlet.DispatcherServlet",
                    "message": "GET "/api/front/jk/stock-transfer/handle/list?page=1&limit=100&status=", parameters={masked}" }
                    
{
                    "app": "Crmeb",
                    "timestamp":"2026-07-24 09:11:25.393",
                    "level": "DEBUG",
                    "thread": "http-nio-8198-exec-29",
                    "class": "o.s.w.s.m.m.a.RequestMappingHandlerMapping",
                    "message": "Mapped to com.zbkj.front.controller.jiuzhoukang.JkStockTransferController#handleList(JkTradeDocumentSearchRequest, PageParamRequest)" }
                    
{
                    "app": "Crmeb",
                    "timestamp":"2026-07-24 09:11:25.410",
                    "level": "DEBUG",
                    "thread": "http-nio-8198-exec-29",
                    "class": "o.s.w.s.m.m.a.RequestResponseBodyMethodProcessor",
                    "message": "Using 'application/json', given [*/*] and supported [application/json, application/*+json, application/json, application/*+json, application/cbor]" }
                    
{
                    "app": "Crmeb",
                    "timestamp":"2026-07-24 09:11:25.410",
                    "level": "DEBUG",
                    "thread": "http-nio-8198-exec-29",
                    "class": "o.s.w.s.m.m.a.RequestResponseBodyMethodProcessor",
                    "message": "Writing [com.zbkj.common.result.CommonResult@79098fdc]" }
                    
{
                    "app": "Crmeb",
                    "timestamp":"2026-07-24 09:11:25.410",
                    "level": "DEBUG",
                    "thread": "http-nio-8198-exec-29",
                    "class": "o.s.web.servlet.DispatcherServlet",
                    "message": "Completed 200 OK" }
                    
{
                    "app": "Crmeb",
                    "timestamp":"2026-07-24 09:11:30.520",
                    "level": "DEBUG",
                    "thread": "http-nio-8198-exec-30",
                    "class": "o.s.web.servlet.DispatcherServlet",
                    "message": "GET "/api/front/jk/stock-transfer/handle/detail/9", parameters={}" }
                    
{
                    "app": "Crmeb",
                    "timestamp":"2026-07-24 09:11:30.522",
                    "level": "DEBUG",
                    "thread": "http-nio-8198-exec-30",
                    "class": "o.s.w.s.m.m.a.RequestMappingHandlerMapping",
                    "message": "Mapped to com.zbkj.front.controller.jiuzhoukang.JkStockTransferController#handleDetail(Long)" }
                    
{
                    "app": "Crmeb",
                    "timestamp":"2026-07-24 09:11:30.550",
                    "level": "DEBUG",
                    "thread": "http-nio-8198-exec-30",
                    "class": "o.s.w.s.m.m.a.RequestResponseBodyMethodProcessor",
                    "message": "Using 'application/json', given [*/*] and supported [application/json, application/*+json, application/json, application/*+json, application/cbor]" }
                    
{
                    "app": "Crmeb",
                    "timestamp":"2026-07-24 09:11:30.550",
                    "level": "DEBUG",
                    "thread": "http-nio-8198-exec-30",
                    "class": "o.s.w.s.m.m.a.RequestResponseBodyMethodProcessor",
                    "message": "Writing [com.zbkj.common.result.CommonResult@65c9d9d9]" }
                    
{
                    "app": "Crmeb",
                    "timestamp":"2026-07-24 09:11:30.552",
                    "level": "DEBUG",
                    "thread": "http-nio-8198-exec-30",
                    "class": "o.s.web.servlet.DispatcherServlet",
                    "message": "Completed 200 OK" }
                    
{
                    "app": "Crmeb",
                    "timestamp":"2026-07-24 09:11:30.553",
                    "level": "DEBUG",
                    "thread": "http-nio-8198-exec-28",
                    "class": "o.s.web.servlet.DispatcherServlet",
                    "message": "GET "/api/front/jk/stock-transfer/handle/detail/9", parameters={}" }
                    
{
                    "app": "Crmeb",
                    "timestamp":"2026-07-24 09:11:30.553",
                    "level": "DEBUG",
                    "thread": "http-nio-8198-exec-28",
                    "class": "o.s.w.s.m.m.a.RequestMappingHandlerMapping",
                    "message": "Mapped to com.zbkj.front.controller.jiuzhoukang.JkStockTransferController#handleDetail(Long)" }
                    
{
                    "app": "Crmeb",
                    "timestamp":"2026-07-24 09:11:30.569",
                    "level": "DEBUG",
                    "thread": "http-nio-8198-exec-28",
                    "class": "o.s.w.s.m.m.a.RequestResponseBodyMethodProcessor",
                    "message": "Using 'application/json', given [*/*] and supported [application/json, application/*+json, application/json, application/*+json, application/cbor]" }
                    
{
                    "app": "Crmeb",
                    "timestamp":"2026-07-24 09:11:30.569",
                    "level": "DEBUG",
                    "thread": "http-nio-8198-exec-28",
                    "class": "o.s.w.s.m.m.a.RequestResponseBodyMethodProcessor",
                    "message": "Writing [com.zbkj.common.result.CommonResult@75d99e83]" }
                    
{
                    "app": "Crmeb",
                    "timestamp":"2026-07-24 09:11:30.569",
                    "level": "DEBUG",
                    "thread": "http-nio-8198-exec-28",
                    "class": "o.s.web.servlet.DispatcherServlet",
                    "message": "Completed 200 OK" }
                    
{
                    "app": "Crmeb",
                    "timestamp":"2026-07-24 09:11:40.990",
                    "level": "DEBUG",
                    "thread": "http-nio-8198-exec-1",
                    "class": "o.s.web.servlet.DispatcherServlet",
                    "message": "GET "/api/front/jk/stock-transfer/handle/list?page=1&limit=100&status=", parameters={masked}" }
                    
{
                    "app": "Crmeb",
                    "timestamp":"2026-07-24 09:11:40.991",
                    "level": "DEBUG",
                    "thread": "http-nio-8198-exec-1",
                    "class": "o.s.w.s.m.m.a.RequestMappingHandlerMapping",
                    "message": "Mapped to com.zbkj.front.controller.jiuzhoukang.JkStockTransferController#handleList(JkTradeDocumentSearchRequest, PageParamRequest)" }
                    
{
                    "app": "Crmeb",
                    "timestamp":"2026-07-24 09:11:41.008",
                    "level": "DEBUG",
                    "thread": "http-nio-8198-exec-1",
                    "class": "o.s.w.s.m.m.a.RequestResponseBodyMethodProcessor",
                    "message": "Using 'application/json', given [*/*] and supported [application/json, application/*+json, application/json, application/*+json, application/cbor]" }
                    
{
                    "app": "Crmeb",
                    "timestamp":"2026-07-24 09:11:41.008",
                    "level": "DEBUG",
                    "thread": "http-nio-8198-exec-1",
                    "class": "o.s.w.s.m.m.a.RequestResponseBodyMethodProcessor",
                    "message": "Writing [com.zbkj.common.result.CommonResult@6cc0d394]" }
                    
{
                    "app": "Crmeb",
                    "timestamp":"2026-07-24 09:11:41.009",
                    "level": "DEBUG",
                    "thread": "http-nio-8198-exec-1",
                    "class": "o.s.web.servlet.DispatcherServlet",
                    "message": "Completed 200 OK" }
                    
{
                    "app": "Crmeb",
                    "timestamp":"2026-07-24 09:11:56.605",
                    "level": "DEBUG",
                    "thread": "http-nio-8198-exec-2",
                    "class": "o.s.web.servlet.DispatcherServlet",
                    "message": "GET "/api/front/jk/stock-transfer/handle/detail/15", parameters={}" }
                    
{
                    "app": "Crmeb",
                    "timestamp":"2026-07-24 09:11:56.605",
                    "level": "DEBUG",
                    "thread": "http-nio-8198-exec-2",
                    "class": "o.s.w.s.m.m.a.RequestMappingHandlerMapping",
                    "message": "Mapped to com.zbkj.front.controller.jiuzhoukang.JkStockTransferController#handleDetail(Long)" }
                    
{
                    "app": "Crmeb",
                    "timestamp":"2026-07-24 09:11:56.619",
                    "level": "DEBUG",
                    "thread": "http-nio-8198-exec-2",
                    "class": "o.s.w.s.m.m.a.RequestResponseBodyMethodProcessor",
                    "message": "Using 'application/json', given [*/*] and supported [application/json, application/*+json, application/json, application/*+json, application/cbor]" }
                    
{
                    "app": "Crmeb",
                    "timestamp":"2026-07-24 09:11:56.619",
                    "level": "DEBUG",
                    "thread": "http-nio-8198-exec-2",
                    "class": "o.s.w.s.m.m.a.RequestResponseBodyMethodProcessor",
                    "message": "Writing [com.zbkj.common.result.CommonResult@10893439]" }
                    
{
                    "app": "Crmeb",
                    "timestamp":"2026-07-24 09:11:56.619",
                    "level": "DEBUG",
                    "thread": "http-nio-8198-exec-2",
                    "class": "o.s.web.servlet.DispatcherServlet",
                    "message": "Completed 200 OK" }
                    
{
                    "app": "Crmeb",
                    "timestamp":"2026-07-24 09:11:56.620",
                    "level": "DEBUG",
                    "thread": "http-nio-8198-exec-3",
                    "class": "o.s.web.servlet.DispatcherServlet",
                    "message": "GET "/api/front/jk/stock-transfer/handle/detail/15", parameters={}" }
                    
{
                    "app": "Crmeb",
                    "timestamp":"2026-07-24 09:11:56.620",
                    "level": "DEBUG",
                    "thread": "http-nio-8198-exec-3",
                    "class": "o.s.w.s.m.m.a.RequestMappingHandlerMapping",
                    "message": "Mapped to com.zbkj.front.controller.jiuzhoukang.JkStockTransferController#handleDetail(Long)" }
                    
{
                    "app": "Crmeb",
                    "timestamp":"2026-07-24 09:11:56.636",
                    "level": "DEBUG",
                    "thread": "http-nio-8198-exec-3",
                    "class": "o.s.w.s.m.m.a.RequestResponseBodyMethodProcessor",
                    "message": "Using 'application/json', given [*/*] and supported [application/json, application/*+json, application/json, application/*+json, application/cbor]" }
                    
{
                    "app": "Crmeb",
                    "timestamp":"2026-07-24 09:11:56.636",
                    "level": "DEBUG",
                    "thread": "http-nio-8198-exec-3",
                    "class": "o.s.w.s.m.m.a.RequestResponseBodyMethodProcessor",
                    "message": "Writing [com.zbkj.common.result.CommonResult@69dc5841]" }
                    
{
                    "app": "Crmeb",
                    "timestamp":"2026-07-24 09:11:56.636",
                    "level": "DEBUG",
                    "thread": "http-nio-8198-exec-3",
                    "class": "o.s.web.servlet.DispatcherServlet",
                    "message": "Completed 200 OK" }
                    
{
                    "app": "Crmeb",
                    "timestamp":"2026-07-24 09:18:11.716",
                    "level": "DEBUG",
                    "thread": "http-nio-8198-exec-7",
                    "class": "o.s.web.servlet.DispatcherServlet",
                    "message": "GET "/api/front/jk/stock-transfer/handle/list?page=1&limit=100&status=", parameters={masked}" }
                    
{
                    "app": "Crmeb",
                    "timestamp":"2026-07-24 09:18:11.716",
                    "level": "DEBUG",
                    "thread": "http-nio-8198-exec-7",
                    "class": "o.s.w.s.m.m.a.RequestMappingHandlerMapping",
                    "message": "Mapped to com.zbkj.front.controller.jiuzhoukang.JkStockTransferController#handleList(JkTradeDocumentSearchRequest, PageParamRequest)" }
                    
{
                    "app": "Crmeb",
                    "timestamp":"2026-07-24 09:18:11.739",
                    "level": "DEBUG",
                    "thread": "http-nio-8198-exec-7",
                    "class": "o.s.w.s.m.m.a.RequestResponseBodyMethodProcessor",
                    "message": "Using 'application/json', given [*/*] and supported [application/json, application/*+json, application/json, application/*+json, application/cbor]" }
                    
{
                    "app": "Crmeb",
                    "timestamp":"2026-07-24 09:18:11.739",
                    "level": "DEBUG",
                    "thread": "http-nio-8198-exec-7",
                    "class": "o.s.w.s.m.m.a.RequestResponseBodyMethodProcessor",
                    "message": "Writing [com.zbkj.common.result.CommonResult@8b1e8e5]" }
                    
{
                    "app": "Crmeb",
                    "timestamp":"2026-07-24 09:18:11.739",
                    "level": "DEBUG",
                    "thread": "http-nio-8198-exec-7",
                    "class": "o.s.web.servlet.DispatcherServlet",
                    "message": "Completed 200 OK" }
                    
{
                    "app": "Crmeb",
                    "timestamp":"2026-07-24 09:18:15.154",
                    "level": "DEBUG",
                    "thread": "http-nio-8198-exec-14",
                    "class": "o.s.web.servlet.DispatcherServlet",
                    "message": "GET "/api/front/jk/stock-transfer/handle/detail/14", parameters={}" }
                    
{
                    "app": "Crmeb",
                    "timestamp":"2026-07-24 09:18:15.154",
                    "level": "DEBUG",
                    "thread": "http-nio-8198-exec-14",
                    "class": "o.s.w.s.m.m.a.RequestMappingHandlerMapping",
                    "message": "Mapped to com.zbkj.front.controller.jiuzhoukang.JkStockTransferController#handleDetail(Long)" }
                    
{
                    "app": "Crmeb",
                    "timestamp":"2026-07-24 09:18:15.171",
                    "level": "DEBUG",
                    "thread": "http-nio-8198-exec-14",
                    "class": "o.s.w.s.m.m.a.RequestResponseBodyMethodProcessor",
                    "message": "Using 'application/json', given [*/*] and supported [application/json, application/*+json, application/json, application/*+json, application/cbor]" }
                    
{
                    "app": "Crmeb",
                    "timestamp":"2026-07-24 09:18:15.171",
                    "level": "DEBUG",
                    "thread": "http-nio-8198-exec-14",
                    "class": "o.s.w.s.m.m.a.RequestResponseBodyMethodProcessor",
                    "message": "Writing [com.zbkj.common.result.CommonResult@76dd89da]" }
                    
{
                    "app": "Crmeb",
                    "timestamp":"2026-07-24 09:18:15.172",
                    "level": "DEBUG",
                    "thread": "http-nio-8198-exec-14",
                    "class": "o.s.web.servlet.DispatcherServlet",
                    "message": "Completed 200 OK" }
                    
{
                    "app": "Crmeb",
                    "timestamp":"2026-07-24 09:18:15.174",
                    "level": "DEBUG",
                    "thread": "http-nio-8198-exec-13",
                    "class": "o.s.web.servlet.DispatcherServlet",
                    "message": "GET "/api/front/jk/stock-transfer/handle/detail/14", parameters={}" }
                    
{
                    "app": "Crmeb",
                    "timestamp":"2026-07-24 09:18:15.174",
                    "level": "DEBUG",
                    "thread": "http-nio-8198-exec-13",
                    "class": "o.s.w.s.m.m.a.RequestMappingHandlerMapping",
                    "message": "Mapped to com.zbkj.front.controller.jiuzhoukang.JkStockTransferController#handleDetail(Long)" }
                    
{
                    "app": "Crmeb",
                    "timestamp":"2026-07-24 09:18:15.196",
                    "level": "DEBUG",
                    "thread": "http-nio-8198-exec-13",
                    "class": "o.s.w.s.m.m.a.RequestResponseBodyMethodProcessor",
                    "message": "Using 'application/json', given [*/*] and supported [application/json, application/*+json, application/json, application/*+json, application/cbor]" }
                    
{
                    "app": "Crmeb",
                    "timestamp":"2026-07-24 09:18:15.196",
                    "level": "DEBUG",
                    "thread": "http-nio-8198-exec-13",
                    "class": "o.s.w.s.m.m.a.RequestResponseBodyMethodProcessor",
                    "message": "Writing [com.zbkj.common.result.CommonResult@744f0430]" }
                    
{
                    "app": "Crmeb",
                    "timestamp":"2026-07-24 09:18:15.197",
                    "level": "DEBUG",
                    "thread": "http-nio-8198-exec-13",
                    "class": "o.s.web.servlet.DispatcherServlet",
                    "message": "Completed 200 OK" }
                    
{
                    "app": "Crmeb",
                    "timestamp":"2026-07-24 09:18:32.015",
                    "level": "DEBUG",
                    "thread": "http-nio-8198-exec-12",
                    "class": "o.s.web.servlet.DispatcherServlet",
                    "message": "GET "/api/front/jk/stock-transfer/handle/list?page=1&limit=100&status=", parameters={masked}" }
                    
{
                    "app": "Crmeb",
                    "timestamp":"2026-07-24 09:18:32.015",
                    "level": "DEBUG",
                    "thread": "http-nio-8198-exec-12",
                    "class": "o.s.w.s.m.m.a.RequestMappingHandlerMapping",
                    "message": "Mapped to com.zbkj.front.controller.jiuzhoukang.JkStockTransferController#handleList(JkTradeDocumentSearchRequest, PageParamRequest)" }
                    
{
                    "app": "Crmeb",
                    "timestamp":"2026-07-24 09:18:32.036",
                    "level": "DEBUG",
                    "thread": "http-nio-8198-exec-12",
                    "class": "o.s.w.s.m.m.a.RequestResponseBodyMethodProcessor",
                    "message": "Using 'application/json', given [*/*] and supported [application/json, application/*+json, application/json, application/*+json, application/cbor]" }
                    
{
                    "app": "Crmeb",
                    "timestamp":"2026-07-24 09:18:32.036",
                    "level": "DEBUG",
                    "thread": "http-nio-8198-exec-12",
                    "class": "o.s.w.s.m.m.a.RequestResponseBodyMethodProcessor",
                    "message": "Writing [com.zbkj.common.result.CommonResult@3c1d1cd9]" }
                    
{
                    "app": "Crmeb",
                    "timestamp":"2026-07-24 09:18:32.036",
                    "level": "DEBUG",
                    "thread": "http-nio-8198-exec-12",
                    "class": "o.s.web.servlet.DispatcherServlet",
                    "message": "Completed 200 OK" }
                    
{
                    "app": "Crmeb",
                    "timestamp":"2026-07-24 09:18:32.990",
                    "level": "DEBUG",
                    "thread": "http-nio-8198-exec-11",
                    "class": "o.s.web.servlet.DispatcherServlet",
                    "message": "GET "/api/front/jk/stock-transfer/handle/detail/14", parameters={}" }
                    
{
                    "app": "Crmeb",
                    "timestamp":"2026-07-24 09:18:32.991",
                    "level": "DEBUG",
                    "thread": "http-nio-8198-exec-11",
                    "class": "o.s.w.s.m.m.a.RequestMappingHandlerMapping",
                    "message": "Mapped to com.zbkj.front.controller.jiuzhoukang.JkStockTransferController#handleDetail(Long)" }
                    
{
                    "app": "Crmeb",
                    "timestamp":"2026-07-24 09:18:33.007",
                    "level": "DEBUG",
                    "thread": "http-nio-8198-exec-11",
                    "class": "o.s.w.s.m.m.a.RequestResponseBodyMethodProcessor",
                    "message": "Using 'application/json', given [*/*] and supported [application/json, application/*+json, application/json, application/*+json, application/cbor]" }
                    
{
                    "app": "Crmeb",
                    "timestamp":"2026-07-24 09:18:33.007",
                    "level": "DEBUG",
                    "thread": "http-nio-8198-exec-11",
                    "class": "o.s.w.s.m.m.a.RequestResponseBodyMethodProcessor",
                    "message": "Writing [com.zbkj.common.result.CommonResult@46fb81e1]" }
                    
{
                    "app": "Crmeb",
                    "timestamp":"2026-07-24 09:18:33.007",
                    "level": "DEBUG",
                    "thread": "http-nio-8198-exec-11",
                    "class": "o.s.web.servlet.DispatcherServlet",
                    "message": "Completed 200 OK" }
                    
{
                    "app": "Crmeb",
                    "timestamp":"2026-07-24 09:18:33.009",
                    "level": "DEBUG",
                    "thread": "http-nio-8198-exec-10",
                    "class": "o.s.web.servlet.DispatcherServlet",
                    "message": "GET "/api/front/jk/stock-transfer/handle/detail/14", parameters={}" }
                    
{
                    "app": "Crmeb",
                    "timestamp":"2026-07-24 09:18:33.009",
                    "level": "DEBUG",
                    "thread": "http-nio-8198-exec-10",
                    "class": "o.s.w.s.m.m.a.RequestMappingHandlerMapping",
                    "message": "Mapped to com.zbkj.front.controller.jiuzhoukang.JkStockTransferController#handleDetail(Long)" }
                    
{
                    "app": "Crmeb",
                    "timestamp":"2026-07-24 09:18:33.030",
                    "level": "DEBUG",
                    "thread": "http-nio-8198-exec-10",
                    "class": "o.s.w.s.m.m.a.RequestResponseBodyMethodProcessor",
                    "message": "Using 'application/json', given [*/*] and supported [application/json, application/*+json, application/json, application/*+json, application/cbor]" }
                    
{
                    "app": "Crmeb",
                    "timestamp":"2026-07-24 09:18:33.030",
                    "level": "DEBUG",
                    "thread": "http-nio-8198-exec-10",
                    "class": "o.s.w.s.m.m.a.RequestResponseBodyMethodProcessor",
                    "message": "Writing [com.zbkj.common.result.CommonResult@499e8ec4]" }
                    
{
                    "app": "Crmeb",
                    "timestamp":"2026-07-24 09:18:33.031",
                    "level": "DEBUG",
                    "thread": "http-nio-8198-exec-10",
                    "class": "o.s.web.servlet.DispatcherServlet",
                    "message": "Completed 200 OK" }
                    
{
                    "app": "Crmeb",
                    "timestamp":"2026-07-24 09:18:34.563",
                    "level": "DEBUG",
                    "thread": "http-nio-8198-exec-15",
                    "class": "o.s.web.servlet.DispatcherServlet",
                    "message": "GET "/api/front/jk/stock-transfer/handle/list?page=1&limit=100&status=", parameters={masked}" }
                    
{
                    "app": "Crmeb",
                    "timestamp":"2026-07-24 09:18:34.563",
                    "level": "DEBUG",
                    "thread": "http-nio-8198-exec-15",
                    "class": "o.s.w.s.m.m.a.RequestMappingHandlerMapping",
                    "message": "Mapped to com.zbkj.front.controller.jiuzhoukang.JkStockTransferController#handleList(JkTradeDocumentSearchRequest, PageParamRequest)" }
                    
{
                    "app": "Crmeb",
                    "timestamp":"2026-07-24 09:18:34.585",
                    "level": "DEBUG",
                    "thread": "http-nio-8198-exec-15",
                    "class": "o.s.w.s.m.m.a.RequestResponseBodyMethodProcessor",
                    "message": "Using 'application/json', given [*/*] and supported [application/json, application/*+json, application/json, application/*+json, application/cbor]" }
                    
{
                    "app": "Crmeb",
                    "timestamp":"2026-07-24 09:18:34.585",
                    "level": "DEBUG",
                    "thread": "http-nio-8198-exec-15",
                    "class": "o.s.w.s.m.m.a.RequestResponseBodyMethodProcessor",
                    "message": "Writing [com.zbkj.common.result.CommonResult@37e500a2]" }
                    
{
                    "app": "Crmeb",
                    "timestamp":"2026-07-24 09:18:34.586",
                    "level": "DEBUG",
                    "thread": "http-nio-8198-exec-15",
                    "class": "o.s.web.servlet.DispatcherServlet",
                    "message": "Completed 200 OK" }
                    
{
                    "app": "Crmeb",
                    "timestamp":"2026-07-24 09:18:35.288",
                    "level": "DEBUG",
                    "thread": "http-nio-8198-exec-16",
                    "class": "o.s.web.servlet.DispatcherServlet",
                    "message": "GET "/api/front/jk/stock-transfer/handle/detail/14", parameters={}" }
                    
{
                    "app": "Crmeb",
                    "timestamp":"2026-07-24 09:18:35.289",
                    "level": "DEBUG",
                    "thread": "http-nio-8198-exec-16",
                    "class": "o.s.w.s.m.m.a.RequestMappingHandlerMapping",
                    "message": "Mapped to com.zbkj.front.controller.jiuzhoukang.JkStockTransferController#handleDetail(Long)" }
                    
{
                    "app": "Crmeb",
                    "timestamp":"2026-07-24 09:18:35.301",
                    "level": "DEBUG",
                    "thread": "http-nio-8198-exec-16",
                    "class": "o.s.w.s.m.m.a.RequestResponseBodyMethodProcessor",
                    "message": "Using 'application/json', given [*/*] and supported [application/json, application/*+json, application/json, application/*+json, application/cbor]" }
                    
{
                    "app": "Crmeb",
                    "timestamp":"2026-07-24 09:18:35.301",
                    "level": "DEBUG",
                    "thread": "http-nio-8198-exec-16",
                    "class": "o.s.w.s.m.m.a.RequestResponseBodyMethodProcessor",
                    "message": "Writing [com.zbkj.common.result.CommonResult@4fdb553]" }
                    
{
                    "app": "Crmeb",
                    "timestamp":"2026-07-24 09:18:35.302",
                    "level": "DEBUG",
                    "thread": "http-nio-8198-exec-16",
                    "class": "o.s.web.servlet.DispatcherServlet",
                    "message": "Completed 200 OK" }
                    
{
                    "app": "Crmeb",
                    "timestamp":"2026-07-24 09:18:35.304",
                    "level": "DEBUG",
                    "thread": "http-nio-8198-exec-24",
                    "class": "o.s.web.servlet.DispatcherServlet",
                    "message": "GET "/api/front/jk/stock-transfer/handle/detail/14", parameters={}" }
                    
{
                    "app": "Crmeb",
                    "timestamp":"2026-07-24 09:18:35.304",
                    "level": "DEBUG",
                    "thread": "http-nio-8198-exec-24",
                    "class": "o.s.w.s.m.m.a.RequestMappingHandlerMapping",
                    "message": "Mapped to com.zbkj.front.controller.jiuzhoukang.JkStockTransferController#handleDetail(Long)" }
                    
{
                    "app": "Crmeb",
                    "timestamp":"2026-07-24 09:18:35.319",
                    "level": "DEBUG",
                    "thread": "http-nio-8198-exec-24",
                    "class": "o.s.w.s.m.m.a.RequestResponseBodyMethodProcessor",
                    "message": "Using 'application/json', given [*/*] and supported [application/json, application/*+json, application/json, application/*+json, application/cbor]" }
                    
{
                    "app": "Crmeb",
                    "timestamp":"2026-07-24 09:18:35.319",
                    "level": "DEBUG",
                    "thread": "http-nio-8198-exec-24",
                    "class": "o.s.w.s.m.m.a.RequestResponseBodyMethodProcessor",
                    "message": "Writing [com.zbkj.common.result.CommonResult@d5bf15a]" }
                    
{
                    "app": "Crmeb",
                    "timestamp":"2026-07-24 09:18:35.320",
                    "level": "DEBUG",
                    "thread": "http-nio-8198-exec-24",
                    "class": "o.s.web.servlet.DispatcherServlet",
                    "message": "Completed 200 OK" }
                    
{
                    "app": "Crmeb",
                    "timestamp":"2026-07-24 09:18:39.392",
                    "level": "DEBUG",
                    "thread": "http-nio-8198-exec-17",
                    "class": "o.s.web.servlet.DispatcherServlet",
                    "message": "GET "/api/front/login/config", parameters={}" }
                    
{
                    "app": "Crmeb",
                    "timestamp":"2026-07-24 09:18:39.392",
                    "level": "DEBUG",
                    "thread": "http-nio-8198-exec-17",
                    "class": "o.s.w.s.m.m.a.RequestMappingHandlerMapping",
                    "message": "Mapped to com.zbkj.front.controller.LoginController#getLoginConfig()" }
                    
{
                    "app": "Crmeb",
                    "timestamp":"2026-07-24 09:18:39.396",
                    "level": "DEBUG",
                    "thread": "http-nio-8198-exec-25",
                    "class": "o.s.web.servlet.DispatcherServlet",
                    "message": "POST "/api/front/token/is/exist", parameters={}" }
                    
{
                    "app": "Crmeb",
                    "timestamp":"2026-07-24 09:18:39.396",
                    "level": "DEBUG",
                    "thread": "http-nio-8198-exec-25",
                    "class": "o.s.w.s.m.m.a.RequestMappingHandlerMapping",
                    "message": "Mapped to com.zbkj.front.controller.LoginController#tokenIsExist()" }
                    
{
                    "app": "Crmeb",
                    "timestamp":"2026-07-24 09:18:39.397",
                    "level": "DEBUG",
                    "thread": "http-nio-8198-exec-17",
                    "class": "o.s.w.s.m.m.a.RequestResponseBodyMethodProcessor",
                    "message": "Using 'application/json', given [*/*] and supported [application/json, application/*+json, application/json, application/*+json, application/cbor]" }
                    
{
                    "app": "Crmeb",
                    "timestamp":"2026-07-24 09:18:39.397",
                    "level": "DEBUG",
                    "thread": "http-nio-8198-exec-17",
                    "class": "o.s.w.s.m.m.a.RequestResponseBodyMethodProcessor",
                    "message": "Writing [com.zbkj.common.result.CommonResult@d9f9eaf]" }
                    
{
                    "app": "Crmeb",
                    "timestamp":"2026-07-24 09:18:39.397",
                    "level": "DEBUG",
                    "thread": "http-nio-8198-exec-17",
                    "class": "o.s.web.servlet.DispatcherServlet",
                    "message": "Completed 200 OK" }
                    
{
                    "app": "Crmeb",
                    "timestamp":"2026-07-24 09:18:39.397",
                    "level": "DEBUG",
                    "thread": "http-nio-8198-exec-25",
                    "class": "o.s.w.s.m.m.a.RequestResponseBodyMethodProcessor",
                    "message": "Using 'application/json', given [*/*] and supported [application/json, application/*+json, application/json, application/*+json, application/cbor]" }
                    
{
                    "app": "Crmeb",
                    "timestamp":"2026-07-24 09:18:39.397",
                    "level": "DEBUG",
                    "thread": "http-nio-8198-exec-25",
                    "class": "o.s.w.s.m.m.a.RequestResponseBodyMethodProcessor",
                    "message": "Writing [com.zbkj.common.result.CommonResult@67b58eae]" }
                    
{
                    "app": "Crmeb",
                    "timestamp":"2026-07-24 09:18:39.398",
                    "level": "DEBUG",
                    "thread": "http-nio-8198-exec-25",
                    "class": "o.s.web.servlet.DispatcherServlet",
                    "message": "Completed 200 OK" }
                    
{
                    "app": "Crmeb",
                    "timestamp":"2026-07-24 09:18:39.406",
                    "level": "DEBUG",
                    "thread": "http-nio-8198-exec-19",
                    "class": "o.s.web.servlet.DispatcherServlet",
                    "message": "GET "/api/front/index/color/config", parameters={}" }
                    
{
                    "app": "Crmeb",
                    "timestamp":"2026-07-24 09:18:39.407",
                    "level": "DEBUG",
                    "thread": "http-nio-8198-exec-19",
                    "class": "o.s.w.s.m.m.a.RequestMappingHandlerMapping",
                    "message": "Mapped to com.zbkj.front.controller.IndexController#getColorConfig()" }
                    
{
                    "app": "Crmeb",
                    "timestamp":"2026-07-24 09:18:39.408",
                    "level": "DEBUG",
                    "thread": "http-nio-8198-exec-19",
                    "class": "o.s.w.s.m.m.a.RequestResponseBodyMethodProcessor",
                    "message": "Using 'application/json', given [*/*] and supported [application/json, application/*+json, application/json, application/*+json, application/cbor]" }
                    
{
                    "app": "Crmeb",
                    "timestamp":"2026-07-24 09:18:39.408",
                    "level": "DEBUG",
                    "thread": "http-nio-8198-exec-19",
                    "class": "o.s.w.s.m.m.a.RequestResponseBodyMethodProcessor",
                    "message": "Writing [com.zbkj.common.result.CommonResult@2ba805d4]" }
                    
{
                    "app": "Crmeb",
                    "timestamp":"2026-07-24 09:18:39.409",
                    "level": "DEBUG",
                    "thread": "http-nio-8198-exec-19",
                    "class": "o.s.web.servlet.DispatcherServlet",
                    "message": "Completed 200 OK" }
                    
{
                    "app": "Crmeb",
                    "timestamp":"2026-07-24 09:18:40.191",
                    "level": "DEBUG",
                    "thread": "http-nio-8198-exec-21",
                    "class": "o.s.web.servlet.DispatcherServlet",
                    "message": "GET "/api/front/pagediy/info/0", parameters={}" }
                    
{
                    "app": "Crmeb",
                    "timestamp":"2026-07-24 09:18:40.192",
                    "level": "DEBUG",
                    "thread": "http-nio-8198-exec-18",
                    "class": "o.s.web.servlet.DispatcherServlet",
                    "message": "POST "/api/front/token/is/exist", parameters={}" }
                    
{
                    "app": "Crmeb",
                    "timestamp":"2026-07-24 09:18:40.192",
                    "level": "DEBUG",
                    "thread": "http-nio-8198-exec-23",
                    "class": "o.s.web.servlet.DispatcherServlet",
                    "message": "GET "/api/front/index", parameters={}" }
                    
{
                    "app": "Crmeb",
                    "timestamp":"2026-07-24 09:18:40.192",
                    "level": "DEBUG",
                    "thread": "http-nio-8198-exec-18",
                    "class": "o.s.w.s.m.m.a.RequestMappingHandlerMapping",
                    "message": "Mapped to com.zbkj.front.controller.LoginController#tokenIsExist()" }
                    
{
                    "app": "Crmeb",
                    "timestamp":"2026-07-24 09:18:40.192",
                    "level": "DEBUG",
                    "thread": "http-nio-8198-exec-23",
                    "class": "o.s.w.s.m.m.a.RequestMappingHandlerMapping",
                    "message": "Mapped to com.zbkj.front.controller.IndexController#getIndexInfo()" }
                    
{
                    "app": "Crmeb",
                    "timestamp":"2026-07-24 09:18:40.192",
                    "level": "DEBUG",
                    "thread": "http-nio-8198-exec-21",
                    "class": "o.s.w.s.m.m.a.RequestMappingHandlerMapping",
                    "message": "Mapped to com.zbkj.front.controller.PageDiyController#info(Integer)" }
                    
{
                    "app": "Crmeb",
                    "timestamp":"2026-07-24 09:18:40.193",
                    "level": "DEBUG",
                    "thread": "http-nio-8198-exec-18",
                    "class": "o.s.w.s.m.m.a.RequestResponseBodyMethodProcessor",
                    "message": "Using 'application/json', given [*/*] and supported [application/json, application/*+json, application/json, application/*+json, application/cbor]" }
                    
{
                    "app": "Crmeb",
                    "timestamp":"2026-07-24 09:18:40.193",
                    "level": "DEBUG",
                    "thread": "http-nio-8198-exec-18",
                    "class": "o.s.w.s.m.m.a.RequestResponseBodyMethodProcessor",
                    "message": "Writing [com.zbkj.common.result.CommonResult@795802b2]" }
                    
{
                    "app": "Crmeb",
                    "timestamp":"2026-07-24 09:18:40.193",
                    "level": "DEBUG",
                    "thread": "http-nio-8198-exec-18",
                    "class": "o.s.web.servlet.DispatcherServlet",
                    "message": "Completed 200 OK" }
                    
{
                    "app": "Crmeb",
                    "timestamp":"2026-07-24 09:18:40.197",
                    "level": "DEBUG",
                    "thread": "http-nio-8198-exec-21",
                    "class": "o.s.w.s.m.m.a.RequestResponseBodyMethodProcessor",
                    "message": "Using 'application/json', given [*/*] and supported [application/json, application/*+json, application/json, application/*+json, application/cbor]" }
                    
{
                    "app": "Crmeb",
                    "timestamp":"2026-07-24 09:18:40.197",
                    "level": "DEBUG",
                    "thread": "http-nio-8198-exec-21",
                    "class": "o.s.w.s.m.m.a.RequestResponseBodyMethodProcessor",
                    "message": "Writing [com.zbkj.common.result.CommonResult@69304961]" }
                    
{
                    "app": "Crmeb",
                    "timestamp":"2026-07-24 09:18:40.198",
                    "level": "DEBUG",
                    "thread": "http-nio-8198-exec-21",
                    "class": "o.s.web.servlet.DispatcherServlet",
                    "message": "Completed 200 OK" }
                    
{
                    "app": "Crmeb",
                    "timestamp":"2026-07-24 09:18:40.221",
                    "level": "DEBUG",
                    "thread": "http-nio-8198-exec-23",
                    "class": "o.s.w.s.m.m.a.RequestResponseBodyMethodProcessor",
                    "message": "Using 'application/json', given [*/*] and supported [application/json, application/*+json, application/json, application/*+json, application/cbor]" }
                    
{
                    "app": "Crmeb",
                    "timestamp":"2026-07-24 09:18:40.221",
                    "level": "DEBUG",
                    "thread": "http-nio-8198-exec-23",
                    "class": "o.s.w.s.m.m.a.RequestResponseBodyMethodProcessor",
                    "message": "Writing [com.zbkj.common.result.CommonResult@108873]" }
                    
{
                    "app": "Crmeb",
                    "timestamp":"2026-07-24 09:18:40.222",
                    "level": "DEBUG",
                    "thread": "http-nio-8198-exec-23",
                    "class": "o.s.web.servlet.DispatcherServlet",
                    "message": "Completed 200 OK" }
                    
{
                    "app": "Crmeb",
                    "timestamp":"2026-07-24 09:18:40.259",
                    "level": "DEBUG",
                    "thread": "http-nio-8198-exec-20",
                    "class": "o.s.web.servlet.DispatcherServlet",
                    "message": "GET "/api/front/get/bottom/navigation", parameters={}" }
                    
{
                    "app": "Crmeb",
                    "timestamp":"2026-07-24 09:18:40.260",
                    "level": "DEBUG",
                    "thread": "http-nio-8198-exec-20",
                    "class": "o.s.w.s.m.m.a.RequestMappingHandlerMapping",
                    "message": "Mapped to com.zbkj.front.controller.IndexController#getBottomNavigation()" }
                    
{
                    "app": "Crmeb",
                    "timestamp":"2026-07-24 09:18:40.263",
                    "level": "DEBUG",
                    "thread": "http-nio-8198-exec-20",
                    "class": "o.s.w.s.m.m.a.RequestResponseBodyMethodProcessor",
                    "message": "Using 'application/json', given [*/*] and supported [application/json, application/*+json, application/json, application/*+json, application/cbor]" }
                    
{
                    "app": "Crmeb",
                    "timestamp":"2026-07-24 09:18:40.263",
                    "level": "DEBUG",
                    "thread": "http-nio-8198-exec-20",
                    "class": "o.s.w.s.m.m.a.RequestResponseBodyMethodProcessor",
                    "message": "Writing [com.zbkj.common.result.CommonResult@28e98585]" }
                    
{
                    "app": "Crmeb",
                    "timestamp":"2026-07-24 09:18:40.265",
                    "level": "DEBUG",
                    "thread": "http-nio-8198-exec-20",
                    "class": "o.s.web.servlet.DispatcherServlet",
                    "message": "Completed 200 OK" }
                    
{
                    "app": "Crmeb",
                    "timestamp":"2026-07-24 09:18:40.612",
                    "level": "DEBUG",
                    "thread": "http-nio-8198-exec-26",
                    "class": "o.s.web.servlet.DispatcherServlet",
                    "message": "GET "/api/front/products?page=1&limit=3&cid=744%2C745%2C746%2C796%2C797%2C798%2C800%2C801%2C802&priceOrder=&salesOrder=", parameters={masked}" }
                    
{
                    "app": "Crmeb",
                    "timestamp":"2026-07-24 09:18:40.612",
                    "level": "DEBUG",
                    "thread": "http-nio-8198-exec-26",
                    "class": "o.s.w.s.m.m.a.RequestMappingHandlerMapping",
                    "message": "Mapped to com.zbkj.front.controller.ProductController#getList(ProductRequest, PageParamRequest)" }
                    
{
                    "app": "Crmeb",
                    "timestamp":"2026-07-24 09:18:40.643",
                    "level": "DEBUG",
                    "thread": "http-nio-8198-exec-26",
                    "class": "o.s.w.s.m.m.a.RequestResponseBodyMethodProcessor",
                    "message": "Using 'application/json', given [*/*] and supported [application/json, application/*+json, application/json, application/*+json, application/cbor]" }
                    
{
                    "app": "Crmeb",
                    "timestamp":"2026-07-24 09:18:40.643",
                    "level": "DEBUG",
                    "thread": "http-nio-8198-exec-26",
                    "class": "o.s.w.s.m.m.a.RequestResponseBodyMethodProcessor",
                    "message": "Writing [com.zbkj.common.result.CommonResult@5e59227f]" }
                    
{
                    "app": "Crmeb",
                    "timestamp":"2026-07-24 09:18:40.643",
                    "level": "DEBUG",
                    "thread": "http-nio-8198-exec-26",
                    "class": "o.s.web.servlet.DispatcherServlet",
                    "message": "Completed 200 OK" }
                    
{
                    "app": "Crmeb",
                    "timestamp":"2026-07-24 09:19:02.397",
                    "level": "DEBUG",
                    "thread": "http-nio-8198-exec-30",
                    "class": "o.s.web.servlet.DispatcherServlet",
                    "message": "GET "/api/front/login/config", parameters={}" }
                    
{
                    "app": "Crmeb",
                    "timestamp":"2026-07-24 09:19:02.398",
                    "level": "DEBUG",
                    "thread": "http-nio-8198-exec-30",
                    "class": "o.s.w.s.m.m.a.RequestMappingHandlerMapping",
                    "message": "Mapped to com.zbkj.front.controller.LoginController#getLoginConfig()" }
                    
{
                    "app": "Crmeb",
                    "timestamp":"2026-07-24 09:19:02.398",
                    "level": "DEBUG",
                    "thread": "http-nio-8198-exec-28",
                    "class": "o.s.web.servlet.DispatcherServlet",
                    "message": "POST "/api/front/token/is/exist", parameters={}" }
                    
{
                    "app": "Crmeb",
                    "timestamp":"2026-07-24 09:19:02.398",
                    "level": "DEBUG",
                    "thread": "http-nio-8198-exec-28",
                    "class": "o.s.w.s.m.m.a.RequestMappingHandlerMapping",
                    "message": "Mapped to com.zbkj.front.controller.LoginController#tokenIsExist()" }
                    
{
                    "app": "Crmeb",
                    "timestamp":"2026-07-24 09:19:02.398",
                    "level": "DEBUG",
                    "thread": "http-nio-8198-exec-28",
                    "class": "o.s.w.s.m.m.a.RequestResponseBodyMethodProcessor",
                    "message": "Using 'application/json', given [*/*] and supported [application/json, application/*+json, application/json, application/*+json, application/cbor]" }
                    
{
                    "app": "Crmeb",
                    "timestamp":"2026-07-24 09:19:02.398",
                    "level": "DEBUG",
                    "thread": "http-nio-8198-exec-28",
                    "class": "o.s.w.s.m.m.a.RequestResponseBodyMethodProcessor",
                    "message": "Writing [com.zbkj.common.result.CommonResult@67e04c46]" }
                    
{
                    "app": "Crmeb",
                    "timestamp":"2026-07-24 09:19:02.399",
                    "level": "DEBUG",
                    "thread": "http-nio-8198-exec-28",
                    "class": "o.s.web.servlet.DispatcherServlet",
                    "message": "Completed 200 OK" }
                    
{
                    "app": "Crmeb",
                    "timestamp":"2026-07-24 09:19:02.405",
                    "level": "DEBUG",
                    "thread": "http-nio-8198-exec-30",
                    "class": "o.s.w.s.m.m.a.RequestResponseBodyMethodProcessor",
                    "message": "Using 'application/json', given [*/*] and supported [application/json, application/*+json, application/json, application/*+json, application/cbor]" }
                    
{
                    "app": "Crmeb",
                    "timestamp":"2026-07-24 09:19:02.405",
                    "level": "DEBUG",
                    "thread": "http-nio-8198-exec-30",
                    "class": "o.s.w.s.m.m.a.RequestResponseBodyMethodProcessor",
                    "message": "Writing [com.zbkj.common.result.CommonResult@3aff181]" }
                    
{
                    "app": "Crmeb",
                    "timestamp":"2026-07-24 09:19:02.405",
                    "level": "DEBUG",
                    "thread": "http-nio-8198-exec-30",
                    "class": "o.s.web.servlet.DispatcherServlet",
                    "message": "Completed 200 OK" }
                    
{
                    "app": "Crmeb",
                    "timestamp":"2026-07-24 09:19:02.411",
                    "level": "DEBUG",
                    "thread": "http-nio-8198-exec-1",
                    "class": "o.s.web.servlet.DispatcherServlet",
                    "message": "GET "/api/front/index/color/config", parameters={}" }
                    
{
                    "app": "Crmeb",
                    "timestamp":"2026-07-24 09:19:02.411",
                    "level": "DEBUG",
                    "thread": "http-nio-8198-exec-1",
                    "class": "o.s.w.s.m.m.a.RequestMappingHandlerMapping",
                    "message": "Mapped to com.zbkj.front.controller.IndexController#getColorConfig()" }
                    
{
                    "app": "Crmeb",
                    "timestamp":"2026-07-24 09:19:02.413",
                    "level": "DEBUG",
                    "thread": "http-nio-8198-exec-1",
                    "class": "o.s.w.s.m.m.a.RequestResponseBodyMethodProcessor",
                    "message": "Using 'application/json', given [*/*] and supported [application/json, application/*+json, application/json, application/*+json, application/cbor]" }
                    
{
                    "app": "Crmeb",
                    "timestamp":"2026-07-24 09:19:02.413",
                    "level": "DEBUG",
                    "thread": "http-nio-8198-exec-1",
                    "class": "o.s.w.s.m.m.a.RequestResponseBodyMethodProcessor",
                    "message": "Writing [com.zbkj.common.result.CommonResult@16782a03]" }
                    
{
                    "app": "Crmeb",
                    "timestamp":"2026-07-24 09:19:02.413",
                    "level": "DEBUG",
                    "thread": "http-nio-8198-exec-1",
                    "class": "o.s.web.servlet.DispatcherServlet",
                    "message": "Completed 200 OK" }
                    
{
                    "app": "Crmeb",
                    "timestamp":"2026-07-24 09:19:11.733",
                    "level": "DEBUG",
                    "thread": "http-nio-8198-exec-2",
                    "class": "o.s.web.servlet.DispatcherServlet",
                    "message": "GET "/api/front/pagediy/info/0", parameters={}" }
                    
{
                    "app": "Crmeb",
                    "timestamp":"2026-07-24 09:19:11.733",
                    "level": "DEBUG",
                    "thread": "http-nio-8198-exec-2",
                    "class": "o.s.w.s.m.m.a.RequestMappingHandlerMapping",
                    "message": "Mapped to com.zbkj.front.controller.PageDiyController#info(Integer)" }
                    
{
                    "app": "Crmeb",
                    "timestamp":"2026-07-24 09:19:11.738",
                    "level": "DEBUG",
                    "thread": "http-nio-8198-exec-2",
                    "class": "o.s.w.s.m.m.a.RequestResponseBodyMethodProcessor",
                    "message": "Using 'application/json', given [*/*] and supported [application/json, application/*+json, application/json, application/*+json, application/cbor]" }
                    
{
                    "app": "Crmeb",
                    "timestamp":"2026-07-24 09:19:11.738",
                    "level": "DEBUG",
                    "thread": "http-nio-8198-exec-2",
                    "class": "o.s.w.s.m.m.a.RequestResponseBodyMethodProcessor",
                    "message": "Writing [com.zbkj.common.result.CommonResult@29e240a6]" }
                    
{
                    "app": "Crmeb",
                    "timestamp":"2026-07-24 09:19:11.739",
                    "level": "DEBUG",
                    "thread": "http-nio-8198-exec-2",
                    "class": "o.s.web.servlet.DispatcherServlet",
                    "message": "Completed 200 OK" }
                    
{
                    "app": "Crmeb",
                    "timestamp":"2026-07-24 09:19:11.745",
                    "level": "DEBUG",
                    "thread": "http-nio-8198-exec-3",
                    "class": "o.s.web.servlet.DispatcherServlet",
                    "message": "POST "/api/front/token/is/exist", parameters={}" }
                    
{
                    "app": "Crmeb",
                    "timestamp":"2026-07-24 09:19:11.745",
                    "level": "DEBUG",
                    "thread": "http-nio-8198-exec-3",
                    "class": "o.s.w.s.m.m.a.RequestMappingHandlerMapping",
                    "message": "Mapped to com.zbkj.front.controller.LoginController#tokenIsExist()" }
                    
{
                    "app": "Crmeb",
                    "timestamp":"2026-07-24 09:19:11.745",
                    "level": "DEBUG",
                    "thread": "http-nio-8198-exec-3",
                    "class": "o.s.w.s.m.m.a.RequestResponseBodyMethodProcessor",
                    "message": "Using 'application/json', given [*/*] and supported [application/json, application/*+json, application/json, application/*+json, application/cbor]" }
                    
{
                    "app": "Crmeb",
                    "timestamp":"2026-07-24 09:19:11.745",
                    "level": "DEBUG",
                    "thread": "http-nio-8198-exec-3",
                    "class": "o.s.w.s.m.m.a.RequestResponseBodyMethodProcessor",
                    "message": "Writing [com.zbkj.common.result.CommonResult@2d9b9015]" }
                    
{
                    "app": "Crmeb",
                    "timestamp":"2026-07-24 09:19:11.745",
                    "level": "DEBUG",
                    "thread": "http-nio-8198-exec-3",
                    "class": "o.s.web.servlet.DispatcherServlet",
                    "message": "Completed 200 OK" }
                    
{
                    "app": "Crmeb",
                    "timestamp":"2026-07-24 09:19:11.754",
                    "level": "DEBUG",
                    "thread": "http-nio-8198-exec-4",
                    "class": "o.s.web.servlet.DispatcherServlet",
                    "message": "GET "/api/front/index", parameters={}" }
                    
{
                    "app": "Crmeb",
                    "timestamp":"2026-07-24 09:19:11.755",
                    "level": "DEBUG",
                    "thread": "http-nio-8198-exec-4",
                    "class": "o.s.w.s.m.m.a.RequestMappingHandlerMapping",
                    "message": "Mapped to com.zbkj.front.controller.IndexController#getIndexInfo()" }
                    
{
                    "app": "Crmeb",
                    "timestamp":"2026-07-24 09:19:11.779",
                    "level": "DEBUG",
                    "thread": "http-nio-8198-exec-4",
                    "class": "o.s.w.s.m.m.a.RequestResponseBodyMethodProcessor",
                    "message": "Using 'application/json', given [*/*] and supported [application/json, application/*+json, application/json, application/*+json, application/cbor]" }
                    
{
                    "app": "Crmeb",
                    "timestamp":"2026-07-24 09:19:11.779",
                    "level": "DEBUG",
                    "thread": "http-nio-8198-exec-4",
                    "class": "o.s.w.s.m.m.a.RequestResponseBodyMethodProcessor",
                    "message": "Writing [com.zbkj.common.result.CommonResult@264ccb95]" }
                    
{
                    "app": "Crmeb",
                    "timestamp":"2026-07-24 09:19:11.779",
                    "level": "DEBUG",
                    "thread": "http-nio-8198-exec-4",
                    "class": "o.s.web.servlet.DispatcherServlet",
                    "message": "Completed 200 OK" }
                    
{
                    "app": "Crmeb",
                    "timestamp":"2026-07-24 09:19:11.923",
                    "level": "DEBUG",
                    "thread": "http-nio-8198-exec-9",
                    "class": "o.s.web.servlet.DispatcherServlet",
                    "message": "POST "/api/front/wechat/authorize/program/login?code=0d14qBml2tRs8i4pEPkl2w70mf14qBmr", parameters={masked}" }
                    
{
                    "app": "Crmeb",
                    "timestamp":"2026-07-24 09:19:11.923",
                    "level": "DEBUG",
                    "thread": "http-nio-8198-exec-9",
                    "class": "o.s.w.s.m.m.a.RequestMappingHandlerMapping",
                    "message": "Mapped to com.zbkj.front.controller.WeChatController#programLogin(String, RegisterThirdUserRequest)" }
                    
{
                    "app": "Crmeb",
                    "timestamp":"2026-07-24 09:19:11.926",
                    "level": "DEBUG",
                    "thread": "http-nio-8198-exec-9",
                    "class": "o.s.w.s.m.m.a.RequestResponseBodyMethodProcessor",
                    "message": "Read "application/json;charset=UTF-8" to [RegisterThirdUserRequest(nickName=null, sex=null, province=null, city=null, country=null, avatar=nul (truncated)...]" }
                    
{
                    "app": "Crmeb",
                    "timestamp":"2026-07-24 09:19:11.932",
                    "level": "DEBUG",
                    "thread": "http-nio-8198-exec-9",
                    "class": "o.s.web.client.RestTemplate",
                    "message": "HTTP GET https://api.weixin.qq.com/sns/jscode2session?appid=111111&secret=111111&js_code=0d14qBml2tRs8i4pEPkl2w70mf14qBmr&grant_type=authorization_code" }
                    
{
                    "app": "Crmeb",
                    "timestamp":"2026-07-24 09:19:11.932",
                    "level": "DEBUG",
                    "thread": "http-nio-8198-exec-9",
                    "class": "o.s.web.client.RestTemplate",
                    "message": "Accept=[application/json, application/cbor, application/*+json, text/plain, text/html]" }
                    
{
                    "app": "Crmeb",
                    "timestamp":"2026-07-24 09:19:12.107",
                    "level": "DEBUG",
                    "thread": "http-nio-8198-exec-9",
                    "class": "o.s.web.client.RestTemplate",
                    "message": "Response 200 OK" }
                    
{
                    "app": "Crmeb",
                    "timestamp":"2026-07-24 09:19:12.107",
                    "level": "DEBUG",
                    "thread": "http-nio-8198-exec-9",
                    "class": "o.s.web.client.RestTemplate",
                    "message": "Reading to [com.alibaba.fastjson.JSONObject]" }
                    
{
                    "app": "Crmeb",
                    "timestamp":"2026-07-24 09:19:12.110",
                    "level": "DEBUG",
                    "thread": "http-nio-8198-exec-9",
                    "class": "o.s.w.s.m.m.a.ExceptionHandlerExceptionResolver",
                    "message": "Using @ExceptionHandler com.zbkj.service.exception.GlobalExceptionHandler#defaultExceptionHandler(HttpServletRequest, Exception)" }
                    
{
                    "app": "Crmeb",
                    "timestamp":"2026-07-24 09:19:12.117",
                    "level": "DEBUG",
                    "thread": "http-nio-8198-exec-9",
                    "class": "o.s.w.s.m.m.a.RequestResponseBodyMethodProcessor",
                    "message": "Using 'application/json', given [*/*] and supported [application/json, application/*+json, application/json, application/*+json, application/cbor]" }
                    
{
                    "app": "Crmeb",
                    "timestamp":"2026-07-24 09:19:12.118",
                    "level": "DEBUG",
                    "thread": "http-nio-8198-exec-9",
                    "class": "o.s.w.s.m.m.a.RequestResponseBodyMethodProcessor",
                    "message": "Writing [com.zbkj.common.result.CommonResult@61169b0f]" }
                    
{
                    "app": "Crmeb",
                    "timestamp":"2026-07-24 09:19:12.118",
                    "level": "DEBUG",
                    "thread": "http-nio-8198-exec-9",
                    "class": "o.s.w.s.m.m.a.ExceptionHandlerExceptionResolver",
                    "message": "Resolved [com.zbkj.common.exception.CrmebException: 微信接口调用失败：40013invalid appid, rid: 6a62bd90-31ba1845-242ac03b]" }
                    
{
                    "app": "Crmeb",
                    "timestamp":"2026-07-24 09:19:12.118",
                    "level": "DEBUG",
                    "thread": "http-nio-8198-exec-9",
                    "class": "o.s.web.servlet.DispatcherServlet",
                    "message": "Completed 200 OK" }
                    
{
                    "app": "Crmeb",
                    "timestamp":"2026-07-24 09:19:12.584",
                    "level": "DEBUG",
                    "thread": "http-nio-8198-exec-8",
                    "class": "o.s.web.servlet.DispatcherServlet",
                    "message": "GET "/api/front/get/bottom/navigation", parameters={}" }
                    
{
                    "app": "Crmeb",
                    "timestamp":"2026-07-24 09:19:12.584",
                    "level": "DEBUG",
                    "thread": "http-nio-8198-exec-8",
                    "class": "o.s.w.s.m.m.a.RequestMappingHandlerMapping",
                    "message": "Mapped to com.zbkj.front.controller.IndexController#getBottomNavigation()" }
                    
{
                    "app": "Crmeb",
                    "timestamp":"2026-07-24 09:19:12.589",
                    "level": "DEBUG",
                    "thread": "http-nio-8198-exec-8",
                    "class": "o.s.w.s.m.m.a.RequestResponseBodyMethodProcessor",
                    "message": "Using 'application/json', given [*/*] and supported [application/json, application/*+json, application/json, application/*+json, application/cbor]" }
                    
{
                    "app": "Crmeb",
                    "timestamp":"2026-07-24 09:19:12.589",
                    "level": "DEBUG",
                    "thread": "http-nio-8198-exec-8",
                    "class": "o.s.w.s.m.m.a.RequestResponseBodyMethodProcessor",
                    "message": "Writing [com.zbkj.common.result.CommonResult@cedb398]" }
                    
{
                    "app": "Crmeb",
                    "timestamp":"2026-07-24 09:19:12.589",
                    "level": "DEBUG",
                    "thread": "http-nio-8198-exec-8",
                    "class": "o.s.web.servlet.DispatcherServlet",
                    "message": "Completed 200 OK" }
                    
{
                    "app": "Crmeb",
                    "timestamp":"2026-07-24 09:19:12.687",
                    "level": "DEBUG",
                    "thread": "http-nio-8198-exec-5",
                    "class": "o.s.web.servlet.DispatcherServlet",
                    "message": "GET "/api/front/products?page=1&limit=3&cid=744%2C745%2C746%2C796%2C797%2C798%2C800%2C801%2C802&priceOrder=&salesOrder=", parameters={masked}" }
                    
{
                    "app": "Crmeb",
                    "timestamp":"2026-07-24 09:19:12.687",
                    "level": "DEBUG",
                    "thread": "http-nio-8198-exec-5",
                    "class": "o.s.w.s.m.m.a.RequestMappingHandlerMapping",
                    "message": "Mapped to com.zbkj.front.controller.ProductController#getList(ProductRequest, PageParamRequest)" }
                    
{
                    "app": "Crmeb",
                    "timestamp":"2026-07-24 09:19:12.705",
                    "level": "DEBUG",
                    "thread": "http-nio-8198-exec-5",
                    "class": "o.s.w.s.m.m.a.RequestResponseBodyMethodProcessor",
                    "message": "Using 'application/json', given [*/*] and supported [application/json, application/*+json, application/json, application/*+json, application/cbor]" }
                    
{
                    "app": "Crmeb",
                    "timestamp":"2026-07-24 09:19:12.705",
                    "level": "DEBUG",
                    "thread": "http-nio-8198-exec-5",
                    "class": "o.s.w.s.m.m.a.RequestResponseBodyMethodProcessor",
                    "message": "Writing [com.zbkj.common.result.CommonResult@1a722d9a]" }
                    
{
                    "app": "Crmeb",
                    "timestamp":"2026-07-24 09:19:12.705",
                    "level": "DEBUG",
                    "thread": "http-nio-8198-exec-5",
                    "class": "o.s.web.servlet.DispatcherServlet",
                    "message": "Completed 200 OK" }
                    
{
                    "app": "Crmeb",
                    "timestamp":"2026-07-24 09:19:19.293",
                    "level": "DEBUG",
                    "thread": "http-nio-8198-exec-6",
                    "class": "o.s.web.servlet.DispatcherServlet",
                    "message": "POST "/api/front/token/is/exist", parameters={}" }
                    
{
                    "app": "Crmeb",
                    "timestamp":"2026-07-24 09:19:19.293",
                    "level": "DEBUG",
                    "thread": "http-nio-8198-exec-6",
                    "class": "o.s.w.s.m.m.a.RequestMappingHandlerMapping",
                    "message": "Mapped to com.zbkj.front.controller.LoginController#tokenIsExist()" }
                    
{
                    "app": "Crmeb",
                    "timestamp":"2026-07-24 09:19:19.295",
                    "level": "DEBUG",
                    "thread": "http-nio-8198-exec-6",
                    "class": "o.s.w.s.m.m.a.RequestResponseBodyMethodProcessor",
                    "message": "Using 'application/json', given [*/*] and supported [application/json, application/*+json, application/json, application/*+json, application/cbor]" }
                    
{
                    "app": "Crmeb",
                    "timestamp":"2026-07-24 09:19:19.295",
                    "level": "DEBUG",
                    "thread": "http-nio-8198-exec-6",
                    "class": "o.s.w.s.m.m.a.RequestResponseBodyMethodProcessor",
                    "message": "Writing [com.zbkj.common.result.CommonResult@44f9cba8]" }
                    
{
                    "app": "Crmeb",
                    "timestamp":"2026-07-24 09:19:19.295",
                    "level": "DEBUG",
                    "thread": "http-nio-8198-exec-6",
                    "class": "o.s.web.servlet.DispatcherServlet",
                    "message": "Completed 200 OK" }
                    
{
                    "app": "Crmeb",
                    "timestamp":"2026-07-24 09:19:19.296",
                    "level": "DEBUG",
                    "thread": "http-nio-8198-exec-7",
                    "class": "o.s.web.servlet.DispatcherServlet",
                    "message": "GET "/api/front/menu/user", parameters={}" }
                    
{
                    "app": "Crmeb",
                    "timestamp":"2026-07-24 09:19:19.296",
                    "level": "DEBUG",
                    "thread": "http-nio-8198-exec-7",
                    "class": "o.s.w.s.m.m.a.RequestMappingHandlerMapping",
                    "message": "Mapped to com.zbkj.front.controller.UserController#getMenuUser()" }
                    
{
                    "app": "Crmeb",
                    "timestamp":"2026-07-24 09:19:19.297",
                    "level": "DEBUG",
                    "thread": "http-nio-8198-exec-14",
                    "class": "o.s.web.servlet.DispatcherServlet",
                    "message": "GET "/api/front/copyright/info", parameters={}" }
                    
{
                    "app": "Crmeb",
                    "timestamp":"2026-07-24 09:19:19.297",
                    "level": "DEBUG",
                    "thread": "http-nio-8198-exec-14",
                    "class": "o.s.w.s.m.m.a.RequestMappingHandlerMapping",
                    "message": "Mapped to com.zbkj.front.controller.IndexController#getCopyrightInfo()" }
                    
{
                    "app": "Crmeb",
                    "timestamp":"2026-07-24 09:19:19.299",
                    "level": "DEBUG",
                    "thread": "http-nio-8198-exec-14",
                    "class": "o.s.w.s.m.m.a.RequestResponseBodyMethodProcessor",
                    "message": "Using 'application/json', given [*/*] and supported [application/json, application/*+json, application/json, application/*+json, application/cbor]" }
                    
{
                    "app": "Crmeb",
                    "timestamp":"2026-07-24 09:19:19.299",
                    "level": "DEBUG",
                    "thread": "http-nio-8198-exec-14",
                    "class": "o.s.w.s.m.m.a.RequestResponseBodyMethodProcessor",
                    "message": "Writing [com.zbkj.common.result.CommonResult@de03763]" }
                    
{
                    "app": "Crmeb",
                    "timestamp":"2026-07-24 09:19:19.299",
                    "level": "DEBUG",
                    "thread": "http-nio-8198-exec-14",
                    "class": "o.s.web.servlet.DispatcherServlet",
                    "message": "Completed 200 OK" }
                    
{
                    "app": "Crmeb",
                    "timestamp":"2026-07-24 09:19:19.301",
                    "level": "DEBUG",
                    "thread": "http-nio-8198-exec-7",
                    "class": "o.s.w.s.m.m.a.RequestResponseBodyMethodProcessor",
                    "message": "Using 'application/json', given [*/*] and supported [application/json, application/*+json, application/json, application/*+json, application/cbor]" }
                    
{
                    "app": "Crmeb",
                    "timestamp":"2026-07-24 09:19:19.301",
                    "level": "DEBUG",
                    "thread": "http-nio-8198-exec-7",
                    "class": "o.s.w.s.m.m.a.RequestResponseBodyMethodProcessor",
                    "message": "Writing [com.zbkj.common.result.CommonResult@63c526a9]" }
                    
{
                    "app": "Crmeb",
                    "timestamp":"2026-07-24 09:19:19.301",
                    "level": "DEBUG",
                    "thread": "http-nio-8198-exec-7",
                    "class": "o.s.web.servlet.DispatcherServlet",
                    "message": "Completed 200 OK" }
                    
{
                    "app": "Crmeb",
                    "timestamp":"2026-07-24 09:19:19.317",
                    "level": "DEBUG",
                    "thread": "http-nio-8198-exec-13",
                    "class": "o.s.web.servlet.DispatcherServlet",
                    "message": "GET "/api/front/city/list", parameters={}" }
                    
{
                    "app": "Crmeb",
                    "timestamp":"2026-07-24 09:19:19.317",
                    "level": "DEBUG",
                    "thread": "http-nio-8198-exec-13",
                    "class": "o.s.w.s.m.m.a.RequestMappingHandlerMapping",
                    "message": "Mapped to com.zbkj.front.controller.CityController#register()" }
                    
{
                    "app": "Crmeb",
                    "timestamp":"2026-07-24 09:19:19.330",
                    "level": "DEBUG",
                    "thread": "http-nio-8198-exec-13",
                    "class": "o.s.w.s.m.m.a.RequestResponseBodyMethodProcessor",
                    "message": "Using 'application/json', given [*/*] and supported [application/json, application/*+json, application/json, application/*+json, application/cbor]" }
                    
{
                    "app": "Crmeb",
                    "timestamp":"2026-07-24 09:19:19.330",
                    "level": "DEBUG",
                    "thread": "http-nio-8198-exec-13",
                    "class": "o.s.w.s.m.m.a.RequestResponseBodyMethodProcessor",
                    "message": "Writing [com.zbkj.common.result.CommonResult@24932547]" }
                    
{
                    "app": "Crmeb",
                    "timestamp":"2026-07-24 09:19:19.336",
                    "level": "DEBUG",
                    "thread": "http-nio-8198-exec-13",
                    "class": "o.s.web.servlet.DispatcherServlet",
                    "message": "Completed 200 OK" }
                    
{
                    "app": "Crmeb",
                    "timestamp":"2026-07-24 09:19:19.534",
                    "level": "DEBUG",
                    "thread": "http-nio-8198-exec-12",
                    "class": "o.s.web.servlet.DispatcherServlet",
                    "message": "GET "/api/front/get/bottom/navigation", parameters={}" }
                    
{
                    "app": "Crmeb",
                    "timestamp":"2026-07-24 09:19:19.535",
                    "level": "DEBUG",
                    "thread": "http-nio-8198-exec-12",
                    "class": "o.s.w.s.m.m.a.RequestMappingHandlerMapping",
                    "message": "Mapped to com.zbkj.front.controller.IndexController#getBottomNavigation()" }
                    
{
                    "app": "Crmeb",
                    "timestamp":"2026-07-24 09:19:19.540",
                    "level": "DEBUG",
                    "thread": "http-nio-8198-exec-12",
                    "class": "o.s.w.s.m.m.a.RequestResponseBodyMethodProcessor",
                    "message": "Using 'application/json', given [*/*] and supported [application/json, application/*+json, application/json, application/*+json, application/cbor]" }
                    
{
                    "app": "Crmeb",
                    "timestamp":"2026-07-24 09:19:19.540",
                    "level": "DEBUG",
                    "thread": "http-nio-8198-exec-12",
                    "class": "o.s.w.s.m.m.a.RequestResponseBodyMethodProcessor",
                    "message": "Writing [com.zbkj.common.result.CommonResult@5bb96318]" }
                    
{
                    "app": "Crmeb",
                    "timestamp":"2026-07-24 09:19:19.540",
                    "level": "DEBUG",
                    "thread": "http-nio-8198-exec-12",
                    "class": "o.s.web.servlet.DispatcherServlet",
                    "message": "Completed 200 OK" }
                    
{
                    "app": "Crmeb",
                    "timestamp":"2026-07-24 09:19:42.002",
                    "level": "DEBUG",
                    "thread": "http-nio-8198-exec-11",
                    "class": "o.s.web.servlet.DispatcherServlet",
                    "message": "POST "/api/front/login", parameters={}" }
                    
{
                    "app": "Crmeb",
                    "timestamp":"2026-07-24 09:19:42.002",
                    "level": "DEBUG",
                    "thread": "http-nio-8198-exec-11",
                    "class": "o.s.w.s.m.m.a.RequestMappingHandlerMapping",
                    "message": "Mapped to com.zbkj.front.controller.LoginController#login(LoginRequest)" }
                    
{
                    "app": "Crmeb",
                    "timestamp":"2026-07-24 09:19:42.003",
                    "level": "DEBUG",
                    "thread": "http-nio-8198-exec-11",
                    "class": "o.s.w.s.m.m.a.RequestResponseBodyMethodProcessor",
                    "message": "Read "application/json;charset=UTF-8" to [LoginRequest(phone=18292417677, password=123456, spreadPid=0)]" }
                    
{
                    "app": "Crmeb",
                    "timestamp":"2026-07-24 09:19:42.505",
                    "level": "DEBUG",
                    "thread": "http-nio-8198-exec-11",
                    "class": "o.s.w.s.m.m.a.RequestResponseBodyMethodProcessor",
                    "message": "Using 'application/json', given [*/*] and supported [application/json, application/*+json, application/json, application/*+json, application/cbor]" }
                    
{
                    "app": "Crmeb",
                    "timestamp":"2026-07-24 09:19:42.505",
                    "level": "DEBUG",
                    "thread": "http-nio-8198-exec-11",
                    "class": "o.s.w.s.m.m.a.RequestResponseBodyMethodProcessor",
                    "message": "Writing [com.zbkj.common.result.CommonResult@35c5286e]" }
                    
{
                    "app": "Crmeb",
                    "timestamp":"2026-07-24 09:19:42.505",
                    "level": "DEBUG",
                    "thread": "http-nio-8198-exec-11",
                    "class": "o.s.web.servlet.DispatcherServlet",
                    "message": "Completed 200 OK" }
                    
{
                    "app": "Crmeb",
                    "timestamp":"2026-07-24 09:19:42.531",
                    "level": "DEBUG",
                    "thread": "http-nio-8198-exec-10",
                    "class": "o.s.web.servlet.DispatcherServlet",
                    "message": "GET "/api/front/user", parameters={}" }
                    
{
                    "app": "Crmeb",
                    "timestamp":"2026-07-24 09:19:42.531",
                    "level": "DEBUG",
                    "thread": "http-nio-8198-exec-10",
                    "class": "o.s.w.s.m.m.a.RequestMappingHandlerMapping",
                    "message": "Mapped to com.zbkj.front.controller.UserController#getUserCenter()" }
                    
{
                    "app": "Crmeb",
                    "timestamp":"2026-07-24 09:19:42.543",
                    "level": "DEBUG",
                    "thread": "http-nio-8198-exec-10",
                    "class": "o.s.w.s.m.m.a.RequestResponseBodyMethodProcessor",
                    "message": "Using 'application/json', given [*/*] and supported [application/json, application/*+json, application/json, application/*+json, application/cbor]" }
                    
{
                    "app": "Crmeb",
                    "timestamp":"2026-07-24 09:19:42.543",
                    "level": "DEBUG",
                    "thread": "http-nio-8198-exec-10",
                    "class": "o.s.w.s.m.m.a.RequestResponseBodyMethodProcessor",
                    "message": "Writing [com.zbkj.common.result.CommonResult@5a1ab7c]" }
                    
{
                    "app": "Crmeb",
                    "timestamp":"2026-07-24 09:19:42.543",
                    "level": "DEBUG",
                    "thread": "http-nio-8198-exec-10",
                    "class": "o.s.web.servlet.DispatcherServlet",
                    "message": "Completed 200 OK" }
                    
{
                    "app": "Crmeb",
                    "timestamp":"2026-07-24 09:19:43.219",
                    "level": "DEBUG",
                    "thread": "http-nio-8198-exec-15",
                    "class": "o.s.web.servlet.DispatcherServlet",
                    "message": "GET "/api/front/menu/user", parameters={}" }
                    
{
                    "app": "Crmeb",
                    "timestamp":"2026-07-24 09:19:43.219",
                    "level": "DEBUG",
                    "thread": "http-nio-8198-exec-16",
                    "class": "o.s.web.servlet.DispatcherServlet",
                    "message": "POST "/api/front/token/is/exist", parameters={}" }
                    
{
                    "app": "Crmeb",
                    "timestamp":"2026-07-24 09:19:43.219",
                    "level": "DEBUG",
                    "thread": "http-nio-8198-exec-24",
                    "class": "o.s.web.servlet.DispatcherServlet",
                    "message": "GET "/api/front/copyright/info", parameters={}" }
                    
{
                    "app": "Crmeb",
                    "timestamp":"2026-07-24 09:19:43.219",
                    "level": "DEBUG",
                    "thread": "http-nio-8198-exec-16",
                    "class": "o.s.w.s.m.m.a.RequestMappingHandlerMapping",
                    "message": "Mapped to com.zbkj.front.controller.LoginController#tokenIsExist()" }
                    
{
                    "app": "Crmeb",
                    "timestamp":"2026-07-24 09:19:43.219",
                    "level": "DEBUG",
                    "thread": "http-nio-8198-exec-15",
                    "class": "o.s.w.s.m.m.a.RequestMappingHandlerMapping",
                    "message": "Mapped to com.zbkj.front.controller.UserController#getMenuUser()" }
                    
{
                    "app": "Crmeb",
                    "timestamp":"2026-07-24 09:19:43.219",
                    "level": "DEBUG",
                    "thread": "http-nio-8198-exec-24",
                    "class": "o.s.w.s.m.m.a.RequestMappingHandlerMapping",
                    "message": "Mapped to com.zbkj.front.controller.IndexController#getCopyrightInfo()" }
                    
{
                    "app": "Crmeb",
                    "timestamp":"2026-07-24 09:19:43.219",
                    "level": "DEBUG",
                    "thread": "http-nio-8198-exec-25",
                    "class": "o.s.web.servlet.DispatcherServlet",
                    "message": "GET "/api/front/jk/permission/context", parameters={}" }
                    
{
                    "app": "Crmeb",
                    "timestamp":"2026-07-24 09:19:43.221",
                    "level": "DEBUG",
                    "thread": "http-nio-8198-exec-25",
                    "class": "o.s.w.s.m.m.a.RequestMappingHandlerMapping",
                    "message": "Mapped to com.zbkj.front.controller.jiuzhoukang.JkPermissionController#context(HttpServletRequest)" }
                    
{
                    "app": "Crmeb",
                    "timestamp":"2026-07-24 09:19:43.221",
                    "level": "DEBUG",
                    "thread": "http-nio-8198-exec-17",
                    "class": "o.s.web.servlet.DispatcherServlet",
                    "message": "GET "/api/front/city/list", parameters={}" }
                    
{
                    "app": "Crmeb",
                    "timestamp":"2026-07-24 09:19:43.221",
                    "level": "DEBUG",
                    "thread": "http-nio-8198-exec-17",
                    "class": "o.s.w.s.m.m.a.RequestMappingHandlerMapping",
                    "message": "Mapped to com.zbkj.front.controller.CityController#register()" }
                    
{
                    "app": "Crmeb",
                    "timestamp":"2026-07-24 09:19:43.222",
                    "level": "DEBUG",
                    "thread": "http-nio-8198-exec-16",
                    "class": "o.s.w.s.m.m.a.RequestResponseBodyMethodProcessor",
                    "message": "Using 'application/json', given [*/*] and supported [application/json, application/*+json, application/json, application/*+json, application/cbor]" }
                    
{
                    "app": "Crmeb",
                    "timestamp":"2026-07-24 09:19:43.222",
                    "level": "DEBUG",
                    "thread": "http-nio-8198-exec-16",
                    "class": "o.s.w.s.m.m.a.RequestResponseBodyMethodProcessor",
                    "message": "Writing [com.zbkj.common.result.CommonResult@468a84bd]" }
                    
{
                    "app": "Crmeb",
                    "timestamp":"2026-07-24 09:19:43.222",
                    "level": "DEBUG",
                    "thread": "http-nio-8198-exec-16",
                    "class": "o.s.web.servlet.DispatcherServlet",
                    "message": "Completed 200 OK" }
                    
{
                    "app": "Crmeb",
                    "timestamp":"2026-07-24 09:19:43.223",
                    "level": "DEBUG",
                    "thread": "http-nio-8198-exec-24",
                    "class": "o.s.w.s.m.m.a.RequestResponseBodyMethodProcessor",
                    "message": "Using 'application/json', given [*/*] and supported [application/json, application/*+json, application/json, application/*+json, application/cbor]" }
                    
{
                    "app": "Crmeb",
                    "timestamp":"2026-07-24 09:19:43.223",
                    "level": "DEBUG",
                    "thread": "http-nio-8198-exec-24",
                    "class": "o.s.w.s.m.m.a.RequestResponseBodyMethodProcessor",
                    "message": "Writing [com.zbkj.common.result.CommonResult@70773cd4]" }
                    
{
                    "app": "Crmeb",
                    "timestamp":"2026-07-24 09:19:43.223",
                    "level": "DEBUG",
                    "thread": "http-nio-8198-exec-24",
                    "class": "o.s.web.servlet.DispatcherServlet",
                    "message": "Completed 200 OK" }
                    
{
                    "app": "Crmeb",
                    "timestamp":"2026-07-24 09:19:43.226",
                    "level": "DEBUG",
                    "thread": "http-nio-8198-exec-15",
                    "class": "o.s.w.s.m.m.a.RequestResponseBodyMethodProcessor",
                    "message": "Using 'application/json', given [*/*] and supported [application/json, application/*+json, application/json, application/*+json, application/cbor]" }
                    
{
                    "app": "Crmeb",
                    "timestamp":"2026-07-24 09:19:43.226",
                    "level": "DEBUG",
                    "thread": "http-nio-8198-exec-15",
                    "class": "o.s.w.s.m.m.a.RequestResponseBodyMethodProcessor",
                    "message": "Writing [com.zbkj.common.result.CommonResult@5c05d581]" }
                    
{
                    "app": "Crmeb",
                    "timestamp":"2026-07-24 09:19:43.227",
                    "level": "DEBUG",
                    "thread": "http-nio-8198-exec-15",
                    "class": "o.s.web.servlet.DispatcherServlet",
                    "message": "Completed 200 OK" }
                    
{
                    "app": "Crmeb",
                    "timestamp":"2026-07-24 09:19:43.234",
                    "level": "DEBUG",
                    "thread": "http-nio-8198-exec-19",
                    "class": "o.s.web.servlet.DispatcherServlet",
                    "message": "GET "/api/front/order/data", parameters={}" }
                    
{
                    "app": "Crmeb",
                    "timestamp":"2026-07-24 09:19:43.234",
                    "level": "DEBUG",
                    "thread": "http-nio-8198-exec-19",
                    "class": "o.s.w.s.m.m.a.RequestMappingHandlerMapping",
                    "message": "Mapped to com.zbkj.front.controller.StoreOrderController#orderData()" }
                    
{
                    "app": "Crmeb",
                    "timestamp":"2026-07-24 09:19:43.234",
                    "level": "DEBUG",
                    "thread": "http-nio-8198-exec-18",
                    "class": "o.s.web.servlet.DispatcherServlet",
                    "message": "GET "/api/front/user", parameters={}" }
                    
{
                    "app": "Crmeb",
                    "timestamp":"2026-07-24 09:19:43.234",
                    "level": "DEBUG",
                    "thread": "http-nio-8198-exec-18",
                    "class": "o.s.w.s.m.m.a.RequestMappingHandlerMapping",
                    "message": "Mapped to com.zbkj.front.controller.UserController#getUserCenter()" }
                    
{
                    "app": "Crmeb",
                    "timestamp":"2026-07-24 09:19:43.238",
                    "level": "DEBUG",
                    "thread": "http-nio-8198-exec-17",
                    "class": "o.s.w.s.m.m.a.RequestResponseBodyMethodProcessor",
                    "message": "Using 'application/json', given [*/*] and supported [application/json, application/*+json, application/json, application/*+json, application/cbor]" }
                    
{
                    "app": "Crmeb",
                    "timestamp":"2026-07-24 09:19:43.238",
                    "level": "DEBUG",
                    "thread": "http-nio-8198-exec-17",
                    "class": "o.s.w.s.m.m.a.RequestResponseBodyMethodProcessor",
                    "message": "Writing [com.zbkj.common.result.CommonResult@4f3fed76]" }
                    
{
                    "app": "Crmeb",
                    "timestamp":"2026-07-24 09:19:43.239",
                    "level": "DEBUG",
                    "thread": "http-nio-8198-exec-25",
                    "class": "o.s.w.s.m.m.a.RequestResponseBodyMethodProcessor",
                    "message": "Using 'application/json', given [*/*] and supported [application/json, application/*+json, application/json, application/*+json, application/cbor]" }
                    
{
                    "app": "Crmeb",
                    "timestamp":"2026-07-24 09:19:43.239",
                    "level": "DEBUG",
                    "thread": "http-nio-8198-exec-25",
                    "class": "o.s.w.s.m.m.a.RequestResponseBodyMethodProcessor",
                    "message": "Writing [com.zbkj.common.result.CommonResult@2a2d08a5]" }
                    
{
                    "app": "Crmeb",
                    "timestamp":"2026-07-24 09:19:43.240",
                    "level": "DEBUG",
                    "thread": "http-nio-8198-exec-25",
                    "class": "o.s.web.servlet.DispatcherServlet",
                    "message": "Completed 200 OK" }
                    
{
                    "app": "Crmeb",
                    "timestamp":"2026-07-24 09:19:43.240",
                    "level": "DEBUG",
                    "thread": "http-nio-8198-exec-19",
                    "class": "o.s.w.s.m.m.a.RequestResponseBodyMethodProcessor",
                    "message": "Using 'application/json', given [*/*] and supported [application/json, application/*+json, application/json, application/*+json, application/cbor]" }
                    
{
                    "app": "Crmeb",
                    "timestamp":"2026-07-24 09:19:43.240",
                    "level": "DEBUG",
                    "thread": "http-nio-8198-exec-19",
                    "class": "o.s.w.s.m.m.a.RequestResponseBodyMethodProcessor",
                    "message": "Writing [com.zbkj.common.result.CommonResult@4004c2ab]" }
                    
{
                    "app": "Crmeb",
                    "timestamp":"2026-07-24 09:19:43.241",
                    "level": "DEBUG",
                    "thread": "http-nio-8198-exec-19",
                    "class": "o.s.web.servlet.DispatcherServlet",
                    "message": "Completed 200 OK" }
                    
{
                    "app": "Crmeb",
                    "timestamp":"2026-07-24 09:19:43.242",
                    "level": "DEBUG",
                    "thread": "http-nio-8198-exec-17",
                    "class": "o.s.web.servlet.DispatcherServlet",
                    "message": "Completed 200 OK" }
                    
{
                    "app": "Crmeb",
                    "timestamp":"2026-07-24 09:19:43.252",
                    "level": "DEBUG",
                    "thread": "http-nio-8198-exec-18",
                    "class": "o.s.w.s.m.m.a.RequestResponseBodyMethodProcessor",
                    "message": "Using 'application/json', given [*/*] and supported [application/json, application/*+json, application/json, application/*+json, application/cbor]" }
                    
{
                    "app": "Crmeb",
                    "timestamp":"2026-07-24 09:19:43.253",
                    "level": "DEBUG",
                    "thread": "http-nio-8198-exec-18",
                    "class": "o.s.w.s.m.m.a.RequestResponseBodyMethodProcessor",
                    "message": "Writing [com.zbkj.common.result.CommonResult@5ee2bbc1]" }
                    
{
                    "app": "Crmeb",
                    "timestamp":"2026-07-24 09:19:43.253",
                    "level": "DEBUG",
                    "thread": "http-nio-8198-exec-18",
                    "class": "o.s.web.servlet.DispatcherServlet",
                    "message": "Completed 200 OK" }
                    
{
                    "app": "Crmeb",
                    "timestamp":"2026-07-24 09:19:43.298",
                    "level": "DEBUG",
                    "thread": "http-nio-8198-exec-21",
                    "class": "o.s.web.servlet.DispatcherServlet",
                    "message": "GET "/api/front/get/bottom/navigation", parameters={}" }
                    
{
                    "app": "Crmeb",
                    "timestamp":"2026-07-24 09:19:43.298",
                    "level": "DEBUG",
                    "thread": "http-nio-8198-exec-21",
                    "class": "o.s.w.s.m.m.a.RequestMappingHandlerMapping",
                    "message": "Mapped to com.zbkj.front.controller.IndexController#getBottomNavigation()" }
                    
{
                    "app": "Crmeb",
                    "timestamp":"2026-07-24 09:19:43.303",
                    "level": "DEBUG",
                    "thread": "http-nio-8198-exec-21",
                    "class": "o.s.w.s.m.m.a.RequestResponseBodyMethodProcessor",
                    "message": "Using 'application/json', given [*/*] and supported [application/json, application/*+json, application/json, application/*+json, application/cbor]" }
                    
{
                    "app": "Crmeb",
                    "timestamp":"2026-07-24 09:19:43.303",
                    "level": "DEBUG",
                    "thread": "http-nio-8198-exec-21",
                    "class": "o.s.w.s.m.m.a.RequestResponseBodyMethodProcessor",
                    "message": "Writing [com.zbkj.common.result.CommonResult@36402f7e]" }
                    
{
                    "app": "Crmeb",
                    "timestamp":"2026-07-24 09:19:43.303",
                    "level": "DEBUG",
                    "thread": "http-nio-8198-exec-21",
                    "class": "o.s.web.servlet.DispatcherServlet",
                    "message": "Completed 200 OK" }
                    
{
                    "app": "Crmeb",
                    "timestamp":"2026-07-24 09:19:46.775",
                    "level": "DEBUG",
                    "thread": "http-nio-8198-exec-23",
                    "class": "o.s.web.servlet.DispatcherServlet",
                    "message": "GET "/api/front/jk/permission/context", parameters={}" }
                    
{
                    "app": "Crmeb",
                    "timestamp":"2026-07-24 09:19:46.776",
                    "level": "DEBUG",
                    "thread": "http-nio-8198-exec-23",
                    "class": "o.s.w.s.m.m.a.RequestMappingHandlerMapping",
                    "message": "Mapped to com.zbkj.front.controller.jiuzhoukang.JkPermissionController#context(HttpServletRequest)" }
                    
{
                    "app": "Crmeb",
                    "timestamp":"2026-07-24 09:19:46.776",
                    "level": "DEBUG",
                    "thread": "http-nio-8198-exec-20",
                    "class": "o.s.web.servlet.DispatcherServlet",
                    "message": "GET "/api/front/jk/stock/my", parameters={}" }
                    
{
                    "app": "Crmeb",
                    "timestamp":"2026-07-24 09:19:46.777",
                    "level": "DEBUG",
                    "thread": "http-nio-8198-exec-20",
                    "class": "o.s.w.s.m.m.a.RequestMappingHandlerMapping",
                    "message": "Mapped to com.zbkj.front.controller.jiuzhoukang.JkStockController#my()" }
                    
{
                    "app": "Crmeb",
                    "timestamp":"2026-07-24 09:19:46.777",
                    "level": "DEBUG",
                    "thread": "http-nio-8198-exec-26",
                    "class": "o.s.web.servlet.DispatcherServlet",
                    "message": "GET "/api/front/jk/commission/summary", parameters={}" }
                    
{
                    "app": "Crmeb",
                    "timestamp":"2026-07-24 09:19:46.777",
                    "level": "DEBUG",
                    "thread": "http-nio-8198-exec-26",
                    "class": "o.s.w.s.m.m.a.RequestMappingHandlerMapping",
                    "message": "Mapped to com.zbkj.front.controller.jiuzhoukang.JkCommissionController#summary()" }
                    
{
                    "app": "Crmeb",
                    "timestamp":"2026-07-24 09:19:46.780",
                    "level": "DEBUG",
                    "thread": "http-nio-8198-exec-29",
                    "class": "o.s.web.servlet.DispatcherServlet",
                    "message": "GET "/api/front/jk/platform-order/list?page=1&limit=100", parameters={masked}" }
                    
{
                    "app": "Crmeb",
                    "timestamp":"2026-07-24 09:19:46.780",
                    "level": "DEBUG",
                    "thread": "http-nio-8198-exec-29",
                    "class": "o.s.w.s.m.m.a.RequestMappingHandlerMapping",
                    "message": "Mapped to com.zbkj.front.controller.jiuzhoukang.JkPlatformOrderController#list(JkTradeDocumentSearchRequest, PageParamRequest)" }
                    
{
                    "app": "Crmeb",
                    "timestamp":"2026-07-24 09:19:46.781",
                    "level": "DEBUG",
                    "thread": "http-nio-8198-exec-27",
                    "class": "o.s.web.servlet.DispatcherServlet",
                    "message": "GET "/api/front/jk/stock-transfer/list?page=1&limit=100", parameters={masked}" }
                    
{
                    "app": "Crmeb",
                    "timestamp":"2026-07-24 09:19:46.781",
                    "level": "DEBUG",
                    "thread": "http-nio-8198-exec-27",
                    "class": "o.s.w.s.m.m.a.RequestMappingHandlerMapping",
                    "message": "Mapped to com.zbkj.front.controller.jiuzhoukang.JkStockTransferController#list(JkTradeDocumentSearchRequest, PageParamRequest)" }
                    
{
                    "app": "Crmeb",
                    "timestamp":"2026-07-24 09:19:46.783",
                    "level": "DEBUG",
                    "thread": "http-nio-8198-exec-22",
                    "class": "o.s.web.servlet.DispatcherServlet",
                    "message": "GET "/api/front/jk/stock-transfer/handle/list?page=1&limit=100", parameters={masked}" }
                    
{
                    "app": "Crmeb",
                    "timestamp":"2026-07-24 09:19:46.785",
                    "level": "DEBUG",
                    "thread": "http-nio-8198-exec-22",
                    "class": "o.s.w.s.m.m.a.RequestMappingHandlerMapping",
                    "message": "Mapped to com.zbkj.front.controller.jiuzhoukang.JkStockTransferController#handleList(JkTradeDocumentSearchRequest, PageParamRequest)" }
                    
{
                    "app": "Crmeb",
                    "timestamp":"2026-07-24 09:19:46.785",
                    "level": "DEBUG",
                    "thread": "http-nio-8198-exec-23",
                    "class": "o.s.w.s.m.m.a.RequestResponseBodyMethodProcessor",
                    "message": "Using 'application/json', given [*/*] and supported [application/json, application/*+json, application/json, application/*+json, application/cbor]" }
                    
{
                    "app": "Crmeb",
                    "timestamp":"2026-07-24 09:19:46.785",
                    "level": "DEBUG",
                    "thread": "http-nio-8198-exec-23",
                    "class": "o.s.w.s.m.m.a.RequestResponseBodyMethodProcessor",
                    "message": "Writing [com.zbkj.common.result.CommonResult@2529ab1e]" }
                    
{
                    "app": "Crmeb",
                    "timestamp":"2026-07-24 09:19:46.785",
                    "level": "DEBUG",
                    "thread": "http-nio-8198-exec-23",
                    "class": "o.s.web.servlet.DispatcherServlet",
                    "message": "Completed 200 OK" }
                    
{
                    "app": "Crmeb",
                    "timestamp":"2026-07-24 09:19:46.787",
                    "level": "DEBUG",
                    "thread": "http-nio-8198-exec-29",
                    "class": "o.s.w.s.m.m.a.RequestResponseBodyMethodProcessor",
                    "message": "Using 'application/json', given [*/*] and supported [application/json, application/*+json, application/json, application/*+json, application/cbor]" }
                    
{
                    "app": "Crmeb",
                    "timestamp":"2026-07-24 09:19:46.787",
                    "level": "DEBUG",
                    "thread": "http-nio-8198-exec-29",
                    "class": "o.s.w.s.m.m.a.RequestResponseBodyMethodProcessor",
                    "message": "Writing [com.zbkj.common.result.CommonResult@7731f2e0]" }
                    
{
                    "app": "Crmeb",
                    "timestamp":"2026-07-24 09:19:46.787",
                    "level": "DEBUG",
                    "thread": "http-nio-8198-exec-29",
                    "class": "o.s.web.servlet.DispatcherServlet",
                    "message": "Completed 200 OK" }
                    
{
                    "app": "Crmeb",
                    "timestamp":"2026-07-24 09:19:46.788",
                    "level": "DEBUG",
                    "thread": "http-nio-8198-exec-26",
                    "class": "o.s.w.s.m.m.a.RequestResponseBodyMethodProcessor",
                    "message": "Using 'application/json', given [*/*] and supported [application/json, application/*+json, application/json, application/*+json, application/cbor]" }
                    
{
                    "app": "Crmeb",
                    "timestamp":"2026-07-24 09:19:46.788",
                    "level": "DEBUG",
                    "thread": "http-nio-8198-exec-26",
                    "class": "o.s.w.s.m.m.a.RequestResponseBodyMethodProcessor",
                    "message": "Writing [com.zbkj.common.result.CommonResult@1f71b5d9]" }
                    
{
                    "app": "Crmeb",
                    "timestamp":"2026-07-24 09:19:46.789",
                    "level": "DEBUG",
                    "thread": "http-nio-8198-exec-26",
                    "class": "o.s.web.servlet.DispatcherServlet",
                    "message": "Completed 200 OK" }
                    
{
                    "app": "Crmeb",
                    "timestamp":"2026-07-24 09:19:46.792",
                    "level": "DEBUG",
                    "thread": "http-nio-8198-exec-22",
                    "class": "o.s.w.s.m.m.a.ExceptionHandlerExceptionResolver",
                    "message": "Using @ExceptionHandler com.zbkj.service.exception.GlobalExceptionHandler#defaultExceptionHandler(HttpServletRequest, Exception)" }
                    
{
                    "app": "Crmeb",
                    "timestamp":"2026-07-24 09:19:46.793",
                    "level": "DEBUG",
                    "thread": "http-nio-8198-exec-27",
                    "class": "o.s.w.s.m.m.a.RequestResponseBodyMethodProcessor",
                    "message": "Using 'application/json', given [*/*] and supported [application/json, application/*+json, application/json, application/*+json, application/cbor]" }
                    
{
                    "app": "Crmeb",
                    "timestamp":"2026-07-24 09:19:46.793",
                    "level": "DEBUG",
                    "thread": "http-nio-8198-exec-27",
                    "class": "o.s.w.s.m.m.a.RequestResponseBodyMethodProcessor",
                    "message": "Writing [com.zbkj.common.result.CommonResult@685688d7]" }
                    
{
                    "app": "Crmeb",
                    "timestamp":"2026-07-24 09:19:46.794",
                    "level": "DEBUG",
                    "thread": "http-nio-8198-exec-27",
                    "class": "o.s.web.servlet.DispatcherServlet",
                    "message": "Completed 200 OK" }
                    
{
                    "app": "Crmeb",
                    "timestamp":"2026-07-24 09:19:46.794",
                    "level": "DEBUG",
                    "thread": "http-nio-8198-exec-20",
                    "class": "o.s.w.s.m.m.a.RequestResponseBodyMethodProcessor",
                    "message": "Using 'application/json', given [*/*] and supported [application/json, application/*+json, application/json, application/*+json, application/cbor]" }
                    
{
                    "app": "Crmeb",
                    "timestamp":"2026-07-24 09:19:46.795",
                    "level": "DEBUG",
                    "thread": "http-nio-8198-exec-20",
                    "class": "o.s.w.s.m.m.a.RequestResponseBodyMethodProcessor",
                    "message": "Writing [com.zbkj.common.result.CommonResult@49d2031e]" }
                    
{
                    "app": "Crmeb",
                    "timestamp":"2026-07-24 09:19:46.795",
                    "level": "DEBUG",
                    "thread": "http-nio-8198-exec-20",
                    "class": "o.s.web.servlet.DispatcherServlet",
                    "message": "Completed 200 OK" }
                    
{
                    "app": "Crmeb",
                    "timestamp":"2026-07-24 09:19:46.802",
                    "level": "DEBUG",
                    "thread": "http-nio-8198-exec-22",
                    "class": "o.s.w.s.m.m.a.RequestResponseBodyMethodProcessor",
                    "message": "Using 'application/json', given [*/*] and supported [application/json, application/*+json, application/json, application/*+json, application/cbor]" }
                    
{
                    "app": "Crmeb",
                    "timestamp":"2026-07-24 09:19:46.803",
                    "level": "DEBUG",
                    "thread": "http-nio-8198-exec-22",
                    "class": "o.s.w.s.m.m.a.RequestResponseBodyMethodProcessor",
                    "message": "Writing [com.zbkj.common.result.CommonResult@2e270a00]" }
                    
{
                    "app": "Crmeb",
                    "timestamp":"2026-07-24 09:19:46.803",
                    "level": "DEBUG",
                    "thread": "http-nio-8198-exec-22",
                    "class": "o.s.w.s.m.m.a.ExceptionHandlerExceptionResolver",
                    "message": "Resolved [com.zbkj.common.exception.jiuzhoukang.JkForbiddenException: 无业务权限]" }
                    
{
                    "app": "Crmeb",
                    "timestamp":"2026-07-24 09:19:46.803",
                    "level": "DEBUG",
                    "thread": "http-nio-8198-exec-22",
                    "class": "o.s.web.servlet.DispatcherServlet",
                    "message": "Completed 200 OK" }
                    
{
                    "app": "Crmeb",
                    "timestamp":"2026-07-24 09:19:50.550",
                    "level": "DEBUG",
                    "thread": "http-nio-8198-exec-28",
                    "class": "o.s.web.servlet.DispatcherServlet",
                    "message": "GET "/api/front/jk/stock-transfer/list?page=1&limit=100&status=", parameters={masked}" }
                    
{
                    "app": "Crmeb",
                    "timestamp":"2026-07-24 09:19:50.551",
                    "level": "DEBUG",
                    "thread": "http-nio-8198-exec-28",
                    "class": "o.s.w.s.m.m.a.RequestMappingHandlerMapping",
                    "message": "Mapped to com.zbkj.front.controller.jiuzhoukang.JkStockTransferController#list(JkTradeDocumentSearchRequest, PageParamRequest)" }
                    
{
                    "app": "Crmeb",
                    "timestamp":"2026-07-24 09:19:50.563",
                    "level": "DEBUG",
                    "thread": "http-nio-8198-exec-28",
                    "class": "o.s.w.s.m.m.a.RequestResponseBodyMethodProcessor",
                    "message": "Using 'application/json', given [*/*] and supported [application/json, application/*+json, application/json, application/*+json, application/cbor]" }
                    
{
                    "app": "Crmeb",
                    "timestamp":"2026-07-24 09:19:50.563",
                    "level": "DEBUG",
                    "thread": "http-nio-8198-exec-28",
                    "class": "o.s.w.s.m.m.a.RequestResponseBodyMethodProcessor",
                    "message": "Writing [com.zbkj.common.result.CommonResult@43873c25]" }
                    
{
                    "app": "Crmeb",
                    "timestamp":"2026-07-24 09:19:50.564",
                    "level": "DEBUG",
                    "thread": "http-nio-8198-exec-28",
                    "class": "o.s.web.servlet.DispatcherServlet",
                    "message": "Completed 200 OK" }
                    
{
                    "app": "Crmeb",
                    "timestamp":"2026-07-24 09:19:50.565",
                    "level": "DEBUG",
                    "thread": "http-nio-8198-exec-30",
                    "class": "o.s.web.servlet.DispatcherServlet",
                    "message": "GET "/api/front/jk/stock-transfer/list?page=1&limit=100&status=", parameters={masked}" }
                    
{
                    "app": "Crmeb",
                    "timestamp":"2026-07-24 09:19:50.565",
                    "level": "DEBUG",
                    "thread": "http-nio-8198-exec-30",
                    "class": "o.s.w.s.m.m.a.RequestMappingHandlerMapping",
                    "message": "Mapped to com.zbkj.front.controller.jiuzhoukang.JkStockTransferController#list(JkTradeDocumentSearchRequest, PageParamRequest)" }
                    
{
                    "app": "Crmeb",
                    "timestamp":"2026-07-24 09:19:50.576",
                    "level": "DEBUG",
                    "thread": "http-nio-8198-exec-30",
                    "class": "o.s.w.s.m.m.a.RequestResponseBodyMethodProcessor",
                    "message": "Using 'application/json', given [*/*] and supported [application/json, application/*+json, application/json, application/*+json, application/cbor]" }
                    
{
                    "app": "Crmeb",
                    "timestamp":"2026-07-24 09:19:50.576",
                    "level": "DEBUG",
                    "thread": "http-nio-8198-exec-30",
                    "class": "o.s.w.s.m.m.a.RequestResponseBodyMethodProcessor",
                    "message": "Writing [com.zbkj.common.result.CommonResult@1c44040e]" }
                    
{
                    "app": "Crmeb",
                    "timestamp":"2026-07-24 09:19:50.576",
                    "level": "DEBUG",
                    "thread": "http-nio-8198-exec-30",
                    "class": "o.s.web.servlet.DispatcherServlet",
                    "message": "Completed 200 OK" }
                    
{
                    "app": "Crmeb",
                    "timestamp":"2026-07-24 09:19:53.211",
                    "level": "DEBUG",
                    "thread": "http-nio-8198-exec-1",
                    "class": "o.s.web.servlet.DispatcherServlet",
                    "message": "GET "/api/front/jk/stock-transfer/14/detail", parameters={}" }
                    
{
                    "app": "Crmeb",
                    "timestamp":"2026-07-24 09:19:53.212",
                    "level": "DEBUG",
                    "thread": "http-nio-8198-exec-1",
                    "class": "o.s.w.s.m.m.a.RequestMappingHandlerMapping",
                    "message": "Mapped to com.zbkj.front.controller.jiuzhoukang.JkStockTransferController#detail(Long)" }
                    
{
                    "app": "Crmeb",
                    "timestamp":"2026-07-24 09:19:53.232",
                    "level": "DEBUG",
                    "thread": "http-nio-8198-exec-1",
                    "class": "o.s.w.s.m.m.a.RequestResponseBodyMethodProcessor",
                    "message": "Using 'application/json', given [*/*] and supported [application/json, application/*+json, application/json, application/*+json, application/cbor]" }
                    
{
                    "app": "Crmeb",
                    "timestamp":"2026-07-24 09:19:53.232",
                    "level": "DEBUG",
                    "thread": "http-nio-8198-exec-1",
                    "class": "o.s.w.s.m.m.a.RequestResponseBodyMethodProcessor",
                    "message": "Writing [com.zbkj.common.result.CommonResult@7d748125]" }
                    
{
                    "app": "Crmeb",
                    "timestamp":"2026-07-24 09:19:53.232",
                    "level": "DEBUG",
                    "thread": "http-nio-8198-exec-1",
                    "class": "o.s.web.servlet.DispatcherServlet",
                    "message": "Completed 200 OK" }
                    
{
                    "app": "Crmeb",
                    "timestamp":"2026-07-24 09:19:53.233",
                    "level": "DEBUG",
                    "thread": "http-nio-8198-exec-2",
                    "class": "o.s.web.servlet.DispatcherServlet",
                    "message": "GET "/api/front/jk/stock-transfer/14/detail", parameters={}" }
                    
{
                    "app": "Crmeb",
                    "timestamp":"2026-07-24 09:19:53.235",
                    "level": "DEBUG",
                    "thread": "http-nio-8198-exec-2",
                    "class": "o.s.w.s.m.m.a.RequestMappingHandlerMapping",
                    "message": "Mapped to com.zbkj.front.controller.jiuzhoukang.JkStockTransferController#detail(Long)" }
                    
{
                    "app": "Crmeb",
                    "timestamp":"2026-07-24 09:19:53.251",
                    "level": "DEBUG",
                    "thread": "http-nio-8198-exec-2",
                    "class": "o.s.w.s.m.m.a.RequestResponseBodyMethodProcessor",
                    "message": "Using 'application/json', given [*/*] and supported [application/json, application/*+json, application/json, application/*+json, application/cbor]" }
                    
{
                    "app": "Crmeb",
                    "timestamp":"2026-07-24 09:19:53.251",
                    "level": "DEBUG",
                    "thread": "http-nio-8198-exec-2",
                    "class": "o.s.w.s.m.m.a.RequestResponseBodyMethodProcessor",
                    "message": "Writing [com.zbkj.common.result.CommonResult@5c42917]" }
                    
{
                    "app": "Crmeb",
                    "timestamp":"2026-07-24 09:19:53.253",
                    "level": "DEBUG",
                    "thread": "http-nio-8198-exec-2",
                    "class": "o.s.web.servlet.DispatcherServlet",
                    "message": "Completed 200 OK" }
                    
{
                    "app": "Crmeb",
                    "timestamp":"2026-07-24 09:20:51.681",
                    "level": "DEBUG",
                    "thread": "http-nio-8198-exec-5",
                    "class": "o.s.web.servlet.DispatcherServlet",
                    "message": "GET "/api/front/jk/stock-transfer/list?page=1&limit=100&status=", parameters={masked}" }
                    
{
                    "app": "Crmeb",
                    "timestamp":"2026-07-24 09:20:51.681",
                    "level": "DEBUG",
                    "thread": "http-nio-8198-exec-5",
                    "class": "o.s.w.s.m.m.a.RequestMappingHandlerMapping",
                    "message": "Mapped to com.zbkj.front.controller.jiuzhoukang.JkStockTransferController#list(JkTradeDocumentSearchRequest, PageParamRequest)" }
                    
{
                    "app": "Crmeb",
                    "timestamp":"2026-07-24 09:20:51.694",
                    "level": "DEBUG",
                    "thread": "http-nio-8198-exec-5",
                    "class": "o.s.w.s.m.m.a.RequestResponseBodyMethodProcessor",
                    "message": "Using 'application/json', given [*/*] and supported [application/json, application/*+json, application/json, application/*+json, application/cbor]" }
                    
{
                    "app": "Crmeb",
                    "timestamp":"2026-07-24 09:20:51.694",
                    "level": "DEBUG",
                    "thread": "http-nio-8198-exec-5",
                    "class": "o.s.w.s.m.m.a.RequestResponseBodyMethodProcessor",
                    "message": "Writing [com.zbkj.common.result.CommonResult@8d3dbc3]" }
                    
{
                    "app": "Crmeb",
                    "timestamp":"2026-07-24 09:20:51.694",
                    "level": "DEBUG",
                    "thread": "http-nio-8198-exec-5",
                    "class": "o.s.web.servlet.DispatcherServlet",
                    "message": "Completed 200 OK" }
                    
{
                    "app": "Crmeb",
                    "timestamp":"2026-07-24 09:20:56.547",
                    "level": "DEBUG",
                    "thread": "http-nio-8198-exec-14",
                    "class": "o.s.web.servlet.DispatcherServlet",
                    "message": "GET "/api/front/jk/stock-transfer/9/detail", parameters={}" }
                    
{
                    "app": "Crmeb",
                    "timestamp":"2026-07-24 09:20:56.547",
                    "level": "DEBUG",
                    "thread": "http-nio-8198-exec-14",
                    "class": "o.s.w.s.m.m.a.RequestMappingHandlerMapping",
                    "message": "Mapped to com.zbkj.front.controller.jiuzhoukang.JkStockTransferController#detail(Long)" }
                    
{
                    "app": "Crmeb",
                    "timestamp":"2026-07-24 09:20:56.562",
                    "level": "DEBUG",
                    "thread": "http-nio-8198-exec-14",
                    "class": "o.s.w.s.m.m.a.RequestResponseBodyMethodProcessor",
                    "message": "Using 'application/json', given [*/*] and supported [application/json, application/*+json, application/json, application/*+json, application/cbor]" }
                    
{
                    "app": "Crmeb",
                    "timestamp":"2026-07-24 09:20:56.562",
                    "level": "DEBUG",
                    "thread": "http-nio-8198-exec-14",
                    "class": "o.s.w.s.m.m.a.RequestResponseBodyMethodProcessor",
                    "message": "Writing [com.zbkj.common.result.CommonResult@374fc918]" }
                    
{
                    "app": "Crmeb",
                    "timestamp":"2026-07-24 09:20:56.562",
                    "level": "DEBUG",
                    "thread": "http-nio-8198-exec-14",
                    "class": "o.s.web.servlet.DispatcherServlet",
                    "message": "Completed 200 OK" }
                    
{
                    "app": "Crmeb",
                    "timestamp":"2026-07-24 09:20:56.564",
                    "level": "DEBUG",
                    "thread": "http-nio-8198-exec-7",
                    "class": "o.s.web.servlet.DispatcherServlet",
                    "message": "GET "/api/front/jk/stock-transfer/9/detail", parameters={}" }
                    
{
                    "app": "Crmeb",
                    "timestamp":"2026-07-24 09:20:56.564",
                    "level": "DEBUG",
                    "thread": "http-nio-8198-exec-7",
                    "class": "o.s.w.s.m.m.a.RequestMappingHandlerMapping",
                    "message": "Mapped to com.zbkj.front.controller.jiuzhoukang.JkStockTransferController#detail(Long)" }
                    
{
                    "app": "Crmeb",
                    "timestamp":"2026-07-24 09:20:56.578",
                    "level": "DEBUG",
                    "thread": "http-nio-8198-exec-7",
                    "class": "o.s.w.s.m.m.a.RequestResponseBodyMethodProcessor",
                    "message": "Using 'application/json', given [*/*] and supported [application/json, application/*+json, application/json, application/*+json, application/cbor]" }
                    
{
                    "app": "Crmeb",
                    "timestamp":"2026-07-24 09:20:56.578",
                    "level": "DEBUG",
                    "thread": "http-nio-8198-exec-7",
                    "class": "o.s.w.s.m.m.a.RequestResponseBodyMethodProcessor",
                    "message": "Writing [com.zbkj.common.result.CommonResult@551558b1]" }
                    
{
                    "app": "Crmeb",
                    "timestamp":"2026-07-24 09:20:56.579",
                    "level": "DEBUG",
                    "thread": "http-nio-8198-exec-7",
                    "class": "o.s.web.servlet.DispatcherServlet",
                    "message": "Completed 200 OK" }
                    
{
                    "app": "Crmeb",
                    "timestamp":"2026-07-24 09:20:59.385",
                    "level": "DEBUG",
                    "thread": "http-nio-8198-exec-13",
                    "class": "o.s.web.servlet.DispatcherServlet",
                    "message": "GET "/api/front/jk/stock-transfer/9/detail", parameters={}" }
                    
{
                    "app": "Crmeb",
                    "timestamp":"2026-07-24 09:20:59.386",
                    "level": "DEBUG",
                    "thread": "http-nio-8198-exec-13",
                    "class": "o.s.w.s.m.m.a.RequestMappingHandlerMapping",
                    "message": "Mapped to com.zbkj.front.controller.jiuzhoukang.JkStockTransferController#detail(Long)" }
                    
{
                    "app": "Crmeb",
                    "timestamp":"2026-07-24 09:20:59.400",
                    "level": "DEBUG",
                    "thread": "http-nio-8198-exec-13",
                    "class": "o.s.w.s.m.m.a.RequestResponseBodyMethodProcessor",
                    "message": "Using 'application/json', given [*/*] and supported [application/json, application/*+json, application/json, application/*+json, application/cbor]" }
                    
{
                    "app": "Crmeb",
                    "timestamp":"2026-07-24 09:20:59.400",
                    "level": "DEBUG",
                    "thread": "http-nio-8198-exec-13",
                    "class": "o.s.w.s.m.m.a.RequestResponseBodyMethodProcessor",
                    "message": "Writing [com.zbkj.common.result.CommonResult@15f9a30c]" }
                    
{
                    "app": "Crmeb",
                    "timestamp":"2026-07-24 09:20:59.400",
                    "level": "DEBUG",
                    "thread": "http-nio-8198-exec-13",
                    "class": "o.s.web.servlet.DispatcherServlet",
                    "message": "Completed 200 OK" }
                    
{
                    "app": "Crmeb",
                    "timestamp":"2026-07-24 09:21:00.785",
                    "level": "DEBUG",
                    "thread": "http-nio-8198-exec-12",
                    "class": "o.s.web.servlet.DispatcherServlet",
                    "message": "GET "/api/front/jk/stock-transfer/list?page=1&limit=100&status=", parameters={masked}" }
                    
{
                    "app": "Crmeb",
                    "timestamp":"2026-07-24 09:21:00.786",
                    "level": "DEBUG",
                    "thread": "http-nio-8198-exec-12",
                    "class": "o.s.w.s.m.m.a.RequestMappingHandlerMapping",
                    "message": "Mapped to com.zbkj.front.controller.jiuzhoukang.JkStockTransferController#list(JkTradeDocumentSearchRequest, PageParamRequest)" }
                    
{
                    "app": "Crmeb",
                    "timestamp":"2026-07-24 09:21:00.802",
                    "level": "DEBUG",
                    "thread": "http-nio-8198-exec-12",
                    "class": "o.s.w.s.m.m.a.RequestResponseBodyMethodProcessor",
                    "message": "Using 'application/json', given [*/*] and supported [application/json, application/*+json, application/json, application/*+json, application/cbor]" }
                    
{
                    "app": "Crmeb",
                    "timestamp":"2026-07-24 09:21:00.802",
                    "level": "DEBUG",
                    "thread": "http-nio-8198-exec-12",
                    "class": "o.s.w.s.m.m.a.RequestResponseBodyMethodProcessor",
                    "message": "Writing [com.zbkj.common.result.CommonResult@6b76605]" }
                    
{
                    "app": "Crmeb",
                    "timestamp":"2026-07-24 09:21:00.803",
                    "level": "DEBUG",
                    "thread": "http-nio-8198-exec-12",
                    "class": "o.s.web.servlet.DispatcherServlet",
                    "message": "Completed 200 OK" }
                    
{
                    "app": "Crmeb",
                    "timestamp":"2026-07-24 09:21:17.463",
                    "level": "DEBUG",
                    "thread": "http-nio-8198-exec-11",
                    "class": "o.s.web.servlet.DispatcherServlet",
                    "message": "GET "/api/front/jk/permission/context", parameters={}" }
                    
{
                    "app": "Crmeb",
                    "timestamp":"2026-07-24 09:21:17.464",
                    "level": "DEBUG",
                    "thread": "http-nio-8198-exec-10",
                    "class": "o.s.web.servlet.DispatcherServlet",
                    "message": "GET "/api/front/jk/stock/my", parameters={}" }
                    
{
                    "app": "Crmeb",
                    "timestamp":"2026-07-24 09:21:17.464",
                    "level": "DEBUG",
                    "thread": "http-nio-8198-exec-11",
                    "class": "o.s.w.s.m.m.a.RequestMappingHandlerMapping",
                    "message": "Mapped to com.zbkj.front.controller.jiuzhoukang.JkPermissionController#context(HttpServletRequest)" }
                    
{
                    "app": "Crmeb",
                    "timestamp":"2026-07-24 09:21:17.464",
                    "level": "DEBUG",
                    "thread": "http-nio-8198-exec-10",
                    "class": "o.s.w.s.m.m.a.RequestMappingHandlerMapping",
                    "message": "Mapped to com.zbkj.front.controller.jiuzhoukang.JkStockController#my()" }
                    
{
                    "app": "Crmeb",
                    "timestamp":"2026-07-24 09:21:17.466",
                    "level": "DEBUG",
                    "thread": "http-nio-8198-exec-16",
                    "class": "o.s.web.servlet.DispatcherServlet",
                    "message": "GET "/api/front/jk/commission/summary", parameters={}" }
                    
{
                    "app": "Crmeb",
                    "timestamp":"2026-07-24 09:21:17.467",
                    "level": "DEBUG",
                    "thread": "http-nio-8198-exec-16",
                    "class": "o.s.w.s.m.m.a.RequestMappingHandlerMapping",
                    "message": "Mapped to com.zbkj.front.controller.jiuzhoukang.JkCommissionController#summary()" }
                    
{
                    "app": "Crmeb",
                    "timestamp":"2026-07-24 09:21:17.469",
                    "level": "DEBUG",
                    "thread": "http-nio-8198-exec-24",
                    "class": "o.s.web.servlet.DispatcherServlet",
                    "message": "GET "/api/front/jk/platform-order/list?page=1&limit=100", parameters={masked}" }
                    
{
                    "app": "Crmeb",
                    "timestamp":"2026-07-24 09:21:17.469",
                    "level": "DEBUG",
                    "thread": "http-nio-8198-exec-15",
                    "class": "o.s.web.servlet.DispatcherServlet",
                    "message": "GET "/api/front/jk/stock-transfer/list?page=1&limit=100", parameters={masked}" }
                    
{
                    "app": "Crmeb",
                    "timestamp":"2026-07-24 09:21:17.469",
                    "level": "DEBUG",
                    "thread": "http-nio-8198-exec-24",
                    "class": "o.s.w.s.m.m.a.RequestMappingHandlerMapping",
                    "message": "Mapped to com.zbkj.front.controller.jiuzhoukang.JkPlatformOrderController#list(JkTradeDocumentSearchRequest, PageParamRequest)" }
                    
{
                    "app": "Crmeb",
                    "timestamp":"2026-07-24 09:21:17.469",
                    "level": "DEBUG",
                    "thread": "http-nio-8198-exec-15",
                    "class": "o.s.w.s.m.m.a.RequestMappingHandlerMapping",
                    "message": "Mapped to com.zbkj.front.controller.jiuzhoukang.JkStockTransferController#list(JkTradeDocumentSearchRequest, PageParamRequest)" }
                    
{
                    "app": "Crmeb",
                    "timestamp":"2026-07-24 09:21:17.474",
                    "level": "DEBUG",
                    "thread": "http-nio-8198-exec-25",
                    "class": "o.s.web.servlet.DispatcherServlet",
                    "message": "GET "/api/front/jk/stock-transfer/handle/list?page=1&limit=100", parameters={masked}" }
                    
{
                    "app": "Crmeb",
                    "timestamp":"2026-07-24 09:21:17.474",
                    "level": "DEBUG",
                    "thread": "http-nio-8198-exec-25",
                    "class": "o.s.w.s.m.m.a.RequestMappingHandlerMapping",
                    "message": "Mapped to com.zbkj.front.controller.jiuzhoukang.JkStockTransferController#handleList(JkTradeDocumentSearchRequest, PageParamRequest)" }
                    
{
                    "app": "Crmeb",
                    "timestamp":"2026-07-24 09:21:17.477",
                    "level": "DEBUG",
                    "thread": "http-nio-8198-exec-24",
                    "class": "o.s.w.s.m.m.a.RequestResponseBodyMethodProcessor",
                    "message": "Using 'application/json', given [*/*] and supported [application/json, application/*+json, application/json, application/*+json, application/cbor]" }
                    
{
                    "app": "Crmeb",
                    "timestamp":"2026-07-24 09:21:17.477",
                    "level": "DEBUG",
                    "thread": "http-nio-8198-exec-24",
                    "class": "o.s.w.s.m.m.a.RequestResponseBodyMethodProcessor",
                    "message": "Writing [com.zbkj.common.result.CommonResult@590b0a0a]" }
                    
{
                    "app": "Crmeb",
                    "timestamp":"2026-07-24 09:21:17.477",
                    "level": "DEBUG",
                    "thread": "http-nio-8198-exec-24",
                    "class": "o.s.web.servlet.DispatcherServlet",
                    "message": "Completed 200 OK" }
                    
{
                    "app": "Crmeb",
                    "timestamp":"2026-07-24 09:21:17.478",
                    "level": "DEBUG",
                    "thread": "http-nio-8198-exec-11",
                    "class": "o.s.w.s.m.m.a.RequestResponseBodyMethodProcessor",
                    "message": "Using 'application/json', given [*/*] and supported [application/json, application/*+json, application/json, application/*+json, application/cbor]" }
                    
{
                    "app": "Crmeb",
                    "timestamp":"2026-07-24 09:21:17.478",
                    "level": "DEBUG",
                    "thread": "http-nio-8198-exec-11",
                    "class": "o.s.w.s.m.m.a.RequestResponseBodyMethodProcessor",
                    "message": "Writing [com.zbkj.common.result.CommonResult@6270ddee]" }
                    
{
                    "app": "Crmeb",
                    "timestamp":"2026-07-24 09:21:17.478",
                    "level": "DEBUG",
                    "thread": "http-nio-8198-exec-11",
                    "class": "o.s.web.servlet.DispatcherServlet",
                    "message": "Completed 200 OK" }
                    
{
                    "app": "Crmeb",
                    "timestamp":"2026-07-24 09:21:17.481",
                    "level": "DEBUG",
                    "thread": "http-nio-8198-exec-16",
                    "class": "o.s.w.s.m.m.a.RequestResponseBodyMethodProcessor",
                    "message": "Using 'application/json', given [*/*] and supported [application/json, application/*+json, application/json, application/*+json, application/cbor]" }
                    
{
                    "app": "Crmeb",
                    "timestamp":"2026-07-24 09:21:17.481",
                    "level": "DEBUG",
                    "thread": "http-nio-8198-exec-16",
                    "class": "o.s.w.s.m.m.a.RequestResponseBodyMethodProcessor",
                    "message": "Writing [com.zbkj.common.result.CommonResult@7f7eb786]" }
                    
{
                    "app": "Crmeb",
                    "timestamp":"2026-07-24 09:21:17.481",
                    "level": "DEBUG",
                    "thread": "http-nio-8198-exec-25",
                    "class": "o.s.w.s.m.m.a.ExceptionHandlerExceptionResolver",
                    "message": "Using @ExceptionHandler com.zbkj.service.exception.GlobalExceptionHandler#defaultExceptionHandler(HttpServletRequest, Exception)" }
                    
{
                    "app": "Crmeb",
                    "timestamp":"2026-07-24 09:21:17.481",
                    "level": "DEBUG",
                    "thread": "http-nio-8198-exec-16",
                    "class": "o.s.web.servlet.DispatcherServlet",
                    "message": "Completed 200 OK" }
                    
{
                    "app": "Crmeb",
                    "timestamp":"2026-07-24 09:21:17.486",
                    "level": "DEBUG",
                    "thread": "http-nio-8198-exec-25",
                    "class": "o.s.w.s.m.m.a.RequestResponseBodyMethodProcessor",
                    "message": "Using 'application/json', given [*/*] and supported [application/json, application/*+json, application/json, application/*+json, application/cbor]" }
                    
{
                    "app": "Crmeb",
                    "timestamp":"2026-07-24 09:21:17.486",
                    "level": "DEBUG",
                    "thread": "http-nio-8198-exec-25",
                    "class": "o.s.w.s.m.m.a.RequestResponseBodyMethodProcessor",
                    "message": "Writing [com.zbkj.common.result.CommonResult@24c3ed7a]" }
                    
{
                    "app": "Crmeb",
                    "timestamp":"2026-07-24 09:21:17.486",
                    "level": "DEBUG",
                    "thread": "http-nio-8198-exec-25",
                    "class": "o.s.w.s.m.m.a.ExceptionHandlerExceptionResolver",
                    "message": "Resolved [com.zbkj.common.exception.jiuzhoukang.JkForbiddenException: 无业务权限]" }
                    
{
                    "app": "Crmeb",
                    "timestamp":"2026-07-24 09:21:17.486",
                    "level": "DEBUG",
                    "thread": "http-nio-8198-exec-25",
                    "class": "o.s.web.servlet.DispatcherServlet",
                    "message": "Completed 200 OK" }
                    
{
                    "app": "Crmeb",
                    "timestamp":"2026-07-24 09:21:17.489",
                    "level": "DEBUG",
                    "thread": "http-nio-8198-exec-10",
                    "class": "o.s.w.s.m.m.a.RequestResponseBodyMethodProcessor",
                    "message": "Using 'application/json', given [*/*] and supported [application/json, application/*+json, application/json, application/*+json, application/cbor]" }
                    
{
                    "app": "Crmeb",
                    "timestamp":"2026-07-24 09:21:17.489",
                    "level": "DEBUG",
                    "thread": "http-nio-8198-exec-10",
                    "class": "o.s.w.s.m.m.a.RequestResponseBodyMethodProcessor",
                    "message": "Writing [com.zbkj.common.result.CommonResult@270bbcd4]" }
                    
{
                    "app": "Crmeb",
                    "timestamp":"2026-07-24 09:21:17.490",
                    "level": "DEBUG",
                    "thread": "http-nio-8198-exec-10",
                    "class": "o.s.web.servlet.DispatcherServlet",
                    "message": "Completed 200 OK" }
                    
{
                    "app": "Crmeb",
                    "timestamp":"2026-07-24 09:21:17.490",
                    "level": "DEBUG",
                    "thread": "http-nio-8198-exec-15",
                    "class": "o.s.w.s.m.m.a.RequestResponseBodyMethodProcessor",
                    "message": "Using 'application/json', given [*/*] and supported [application/json, application/*+json, application/json, application/*+json, application/cbor]" }
                    
{
                    "app": "Crmeb",
                    "timestamp":"2026-07-24 09:21:17.490",
                    "level": "DEBUG",
                    "thread": "http-nio-8198-exec-15",
                    "class": "o.s.w.s.m.m.a.RequestResponseBodyMethodProcessor",
                    "message": "Writing [com.zbkj.common.result.CommonResult@37c80e02]" }
                    
{
                    "app": "Crmeb",
                    "timestamp":"2026-07-24 09:21:17.490",
                    "level": "DEBUG",
                    "thread": "http-nio-8198-exec-15",
                    "class": "o.s.web.servlet.DispatcherServlet",
                    "message": "Completed 200 OK" }
                    
{
                    "app": "Crmeb",
                    "timestamp":"2026-07-24 09:21:21.244",
                    "level": "DEBUG",
                    "thread": "http-nio-8198-exec-19",
                    "class": "o.s.web.servlet.DispatcherServlet",
                    "message": "GET "/api/front/jk/stock/my", parameters={}" }
                    
{
                    "app": "Crmeb",
                    "timestamp":"2026-07-24 09:21:21.244",
                    "level": "DEBUG",
                    "thread": "http-nio-8198-exec-19",
                    "class": "o.s.w.s.m.m.a.RequestMappingHandlerMapping",
                    "message": "Mapped to com.zbkj.front.controller.jiuzhoukang.JkStockController#my()" }
                    
{
                    "app": "Crmeb",
                    "timestamp":"2026-07-24 09:21:21.244",
                    "level": "DEBUG",
                    "thread": "http-nio-8198-exec-17",
                    "class": "o.s.web.servlet.DispatcherServlet",
                    "message": "GET "/api/front/jk/permission/context", parameters={}" }
                    
{
                    "app": "Crmeb",
                    "timestamp":"2026-07-24 09:21:21.244",
                    "level": "DEBUG",
                    "thread": "http-nio-8198-exec-17",
                    "class": "o.s.w.s.m.m.a.RequestMappingHandlerMapping",
                    "message": "Mapped to com.zbkj.front.controller.jiuzhoukang.JkPermissionController#context(HttpServletRequest)" }
                    
{
                    "app": "Crmeb",
                    "timestamp":"2026-07-24 09:21:21.254",
                    "level": "DEBUG",
                    "thread": "http-nio-8198-exec-17",
                    "class": "o.s.w.s.m.m.a.RequestResponseBodyMethodProcessor",
                    "message": "Using 'application/json', given [*/*] and supported [application/json, application/*+json, application/json, application/*+json, application/cbor]" }
                    
{
                    "app": "Crmeb",
                    "timestamp":"2026-07-24 09:21:21.254",
                    "level": "DEBUG",
                    "thread": "http-nio-8198-exec-17",
                    "class": "o.s.w.s.m.m.a.RequestResponseBodyMethodProcessor",
                    "message": "Writing [com.zbkj.common.result.CommonResult@74beee5c]" }
                    
{
                    "app": "Crmeb",
                    "timestamp":"2026-07-24 09:21:21.254",
                    "level": "DEBUG",
                    "thread": "http-nio-8198-exec-17",
                    "class": "o.s.web.servlet.DispatcherServlet",
                    "message": "Completed 200 OK" }
                    
{
                    "app": "Crmeb",
                    "timestamp":"2026-07-24 09:21:21.262",
                    "level": "DEBUG",
                    "thread": "http-nio-8198-exec-19",
                    "class": "o.s.w.s.m.m.a.RequestResponseBodyMethodProcessor",
                    "message": "Using 'application/json', given [*/*] and supported [application/json, application/*+json, application/json, application/*+json, application/cbor]" }
                    
{
                    "app": "Crmeb",
                    "timestamp":"2026-07-24 09:21:21.262",
                    "level": "DEBUG",
                    "thread": "http-nio-8198-exec-19",
                    "class": "o.s.w.s.m.m.a.RequestResponseBodyMethodProcessor",
                    "message": "Writing [com.zbkj.common.result.CommonResult@4b997522]" }
                    
{
                    "app": "Crmeb",
                    "timestamp":"2026-07-24 09:21:21.263",
                    "level": "DEBUG",
                    "thread": "http-nio-8198-exec-19",
                    "class": "o.s.web.servlet.DispatcherServlet",
                    "message": "Completed 200 OK" }
                    
