{
                    "app": "Crmeb",
                    "timestamp":"2026-06-11 16:04:05.102",
                    "level": "DEBUG",
                    "thread": "main",
                    "class": "o.s.b.c.l.ClasspathLoggingApplicationListener",
                    "message": "Application started with classpath: [file:/C:/Program%20Files/Java/jdk1.8.0_211/jre/lib/charsets.jar, file:/C:/Program%20Files/Java/jdk1.8.0_211/jre/lib/deploy.jar, file:/C:/Program%20Files/Java/jdk1.8.0_211/jre/lib/ext/access-bridge-64.jar, file:/C:/Program%20Files/Java/jdk1.8.0_211/jre/lib/ext/cldrdata.jar, file:/C:/Program%20Files/Java/jdk1.8.0_211/jre/lib/ext/dnsns.jar, file:/C:/Program%20Files/Java/jdk1.8.0_211/jre/lib/ext/jaccess.jar, file:/C:/Program%20Files/Java/jdk1.8.0_211/jre/lib/ext/jfxrt.jar, file:/C:/Program%20Files/Java/jdk1.8.0_211/jre/lib/ext/localedata.jar, file:/C:/Program%20Files/Java/jdk1.8.0_211/jre/lib/ext/nashorn.jar, file:/C:/Program%20Files/Java/jdk1.8.0_211/jre/lib/ext/sunec.jar, file:/C:/Program%20Files/Java/jdk1.8.0_211/jre/lib/ext/sunjce_provider.jar, file:/C:/Program%20Files/Java/jdk1.8.0_211/jre/lib/ext/sunmscapi.jar, file:/C:/Program%20Files/Java/jdk1.8.0_211/jre/lib/ext/sunpkcs11.jar, file:/C:/Program%20Files/Java/jdk1.8.0_211/jre/lib/ext/zipfs.jar, file:/C:/Program%20Files/Java/jdk1.8.0_211/jre/lib/javaws.jar, file:/C:/Program%20Files/Java/jdk1.8.0_211/jre/lib/jce.jar, file:/C:/Program%20Files/Java/jdk1.8.0_211/jre/lib/jfr.jar, file:/C:/Program%20Files/Java/jdk1.8.0_211/jre/lib/jfxswt.jar, file:/C:/Program%20Files/Java/jdk1.8.0_211/jre/lib/jsse.jar, file:/C:/Program%20Files/Java/jdk1.8.0_211/jre/lib/management-agent.jar, file:/C:/Program%20Files/Java/jdk1.8.0_211/jre/lib/plugin.jar, file:/C:/Program%20Files/Java/jdk1.8.0_211/jre/lib/resources.jar, file:/C:/Program%20Files/Java/jdk1.8.0_211/jre/lib/rt.jar, file:/D:/Desktop/code/crmeb_java/crmeb/crmeb-admin/target/classes/, file:/D:/Desktop/code/crmeb_java/crmeb/crmeb-service/target/classes/, file:/D:/Desktop/code/crmeb_java/crmeb/crmeb-common/target/classes/, file:/D:/java/apache-maven-3.6.3/repository/javax/servlet/javax.servlet-api/4.0.1/javax.servlet-api-4.0.1.jar, file:/D:/java/apache-maven-3.6.3/repository/javax/servlet/jstl/1.2/jstl-1.2.jar, file:/D:/java/apache-maven-3.6.3/repository/org/apache/tomcat/embed/tomcat-embed-jasper/9.0.33/tomcat-embed-jasper-9.0.33.jar, file:/D:/java/apache-maven-3.6.3/repository/org/apache/tomcat/embed/tomcat-embed-core/9.0.33/tomcat-embed-core-9.0.33.jar, file:/D:/java/apache-maven-3.6.3/repository/org/apache/tomcat/tomcat-annotations-api/9.0.33/tomcat-annotations-api-9.0.33.jar, file:/D:/java/apache-maven-3.6.3/repository/org/apache/tomcat/embed/tomcat-embed-el/9.0.33/tomcat-embed-el-9.0.33.jar, file:/D:/java/apache-maven-3.6.3/repository/org/eclipse/jdt/ecj/3.18.0/ecj-3.18.0.jar, file:/D:/java/apache-maven-3.6.3/repository/org/apache/tomcat/tomcat-jsp-api/9.0.33/tomcat-jsp-api-9.0.33.jar, file:/D:/java/apache-maven-3.6.3/repository/org/apache/tomcat/tomcat-el-api/9.0.33/tomcat-el-api-9.0.33.jar, file:/D:/java/apache-maven-3.6.3/repository/org/apache/tomcat/tomcat-servlet-api/9.0.33/tomcat-servlet-api-9.0.33.jar, file:/D:/java/apache-maven-3.6.3/repository/com/alibaba/fastjson/1.2.83/fastjson-1.2.83.jar, file:/D:/java/apache-maven-3.6.3/repository/com/alibaba/druid/1.1.20/druid-1.1.20.jar, file:/D:/java/apache-maven-3.6.3/repository/mysql/mysql-connector-java/5.1.24/mysql-connector-java-5.1.24.jar, file:/D:/java/apache-maven-3.6.3/repository/org/projectlombok/lombok/1.18.12/lombok-1.18.12.jar, file:/D:/java/apache-maven-3.6.3/repository/com/baomidou/mybatis-plus-boot-starter/3.3.1/mybatis-plus-boot-starter-3.3.1.jar, file:/D:/java/apache-maven-3.6.3/repository/org/springframework/boot/spring-boot-starter-jdbc/2.2.6.RELEASE/spring-boot-starter-jdbc-2.2.6.RELEASE.jar, file:/D:/java/apache-maven-3.6.3/repository/com/zaxxer/HikariCP/3.4.2/HikariCP-3.4.2.jar, file:/D:/java/apache-maven-3.6.3/repository/org/springframework/spring-jdbc/5.2.5.RELEASE/spring-jdbc-5.2.5.RELEASE.jar, file:/D:/java/apache-maven-3.6.3/repository/org/springframework/boot/spring-boot-test/2.2.6.RELEASE/spring-boot-test-2.2.6.RELEASE.jar, file:/D:/java/apache-maven-3.6.3/repository/org/springframework/spring-test/5.2.5.RELEASE/spring-test-5.2.5.RELEASE.jar, file:/D:/java/apache-maven-3.6.3/repository/com/baomidou/mybatis-plus/3.3.1/mybatis-plus-3.3.1.jar, file:/D:/java/apache-maven-3.6.3/repository/com/baomidou/mybatis-plus-extension/3.3.1/mybatis-plus-extension-3.3.1.jar, file:/D:/java/apache-maven-3.6.3/repository/com/baomidou/mybatis-plus-core/3.3.1/mybatis-plus-core-3.3.1.jar, file:/D:/java/apache-maven-3.6.3/repository/com/baomidou/mybatis-plus-annotation/3.3.1/mybatis-plus-annotation-3.3.1.jar, file:/D:/java/apache-maven-3.6.3/repository/org/mybatis/mybatis/3.5.3/mybatis-3.5.3.jar, file:/D:/java/apache-maven-3.6.3/repository/org/mybatis/mybatis-spring/2.0.3/mybatis-spring-2.0.3.jar, file:/D:/java/apache-maven-3.6.3/repository/com/baomidou/mybatis-plus-generator/3.3.1/mybatis-plus-generator-3.3.1.jar, file:/D:/java/apache-maven-3.6.3/repository/io/swagger/swagger-annotations/1.5.21/swagger-annotations-1.5.21.jar, file:/D:/java/apache-maven-3.6.3/repository/io/springfox/springfox-swagger2/2.9.2/springfox-swagger2-2.9.2.jar, file:/D:/java/apache-maven-3.6.3/repository/io/springfox/springfox-spi/2.9.2/springfox-spi-2.9.2.jar, file:/D:/java/apache-maven-3.6.3/repository/io/springfox/springfox-core/2.9.2/springfox-core-2.9.2.jar, file:/D:/java/apache-maven-3.6.3/repository/net/bytebuddy/byte-buddy/1.10.8/byte-buddy-1.10.8.jar, file:/D:/java/apache-maven-3.6.3/repository/io/springfox/springfox-schema/2.9.2/springfox-schema-2.9.2.jar, file:/D:/java/apache-maven-3.6.3/repository/io/springfox/springfox-swagger-common/2.9.2/springfox-swagger-common-2.9.2.jar, file:/D:/java/apache-maven-3.6.3/repository/io/springfox/springfox-spring-web/2.9.2/springfox-spring-web-2.9.2.jar, file:/D:/java/apache-maven-3.6.3/repository/com/google/guava/guava/20.0/guava-20.0.jar, file:/D:/java/apache-maven-3.6.3/repository/com/fasterxml/classmate/1.5.1/classmate-1.5.1.jar, file:/D:/java/apache-maven-3.6.3/repository/org/springframework/plugin/spring-plugin-core/1.2.0.RELEASE/spring-plugin-core-1.2.0.RELEASE.jar, file:/D:/java/apache-maven-3.6.3/repository/org/springframework/plugin/spring-plugin-metadata/1.2.0.RELEASE/spring-plugin-metadata-1.2.0.RELEASE.jar, file:/D:/java/apache-maven-3.6.3/repository/org/mapstruct/mapstruct/1.2.0.Final/mapstruct-1.2.0.Final.jar, file:/D:/java/apache-maven-3.6.3/repository/io/swagger/swagger-models/1.5.21/swagger-models-1.5.21.jar, file:/D:/java/apache-maven-3.6.3/repository/com/fasterxml/jackson/core/jackson-annotations/2.10.3/jackson-annotations-2.10.3.jar, file:/D:/java/apache-maven-3.6.3/repository/com/github/xiaoymin/swagger-bootstrap-ui/1.9.3/swagger-bootstrap-ui-1.9.3.jar, file:/D:/java/apache-maven-3.6.3/repository/org/springframework/boot/spring-boot-autoconfigure/2.2.6.RELEASE/spring-boot-autoconfigure-2.2.6.RELEASE.jar, file:/D:/java/apache-maven-3.6.3/repository/ch/qos/logback/logback-classic/1.2.3/logback-classic-1.2.3.jar, file:/D:/java/apache-maven-3.6.3/repository/ch/qos/logback/logback-core/1.2.3/logback-core-1.2.3.jar, file:/D:/java/apache-maven-3.6.3/repository/net/logstash/logback/logstash-logback-encoder/5.3/logstash-logback-encoder-5.3.jar, file:/D:/java/apache-maven-3.6.3/repository/com/fasterxml/jackson/core/jackson-databind/2.10.3/jackson-databind-2.10.3.jar, file:/D:/java/apache-maven-3.6.3/repository/com/fasterxml/jackson/core/jackson-core/2.10.3/jackson-core-2.10.3.jar, file:/D:/java/apache-maven-3.6.3/repository/org/springframework/boot/spring-boot-starter-web/2.2.6.RELEASE/spring-boot-starter-web-2.2.6.RELEASE.jar, file:/D:/java/apache-maven-3.6.3/repository/org/springframework/boot/spring-boot-starter-json/2.2.6.RELEASE/spring-boot-starter-json-2.2.6.RELEASE.jar, file:/D:/java/apache-maven-3.6.3/repository/com/fasterxml/jackson/datatype/jackson-datatype-jdk8/2.10.3/jackson-datatype-jdk8-2.10.3.jar, file:/D:/java/apache-maven-3.6.3/repository/com/fasterxml/jackson/datatype/jackson-datatype-jsr310/2.10.3/jackson-datatype-jsr310-2.10.3.jar, file:/D:/java/apache-maven-3.6.3/repository/com/fasterxml/jackson/module/jackson-module-parameter-names/2.10.3/jackson-module-parameter-names-2.10.3.jar, file:/D:/java/apache-maven-3.6.3/repository/org/springframework/boot/spring-boot-starter-tomcat/2.2.6.RELEASE/spring-boot-starter-tomcat-2.2.6.RELEASE.jar, file:/D:/java/apache-maven-3.6.3/repository/org/apache/tomcat/embed/tomcat-embed-websocket/9.0.33/tomcat-embed-websocket-9.0.33.jar, file:/D:/java/apache-maven-3.6.3/repository/org/springframework/boot/spring-boot-starter-validation/2.2.6.RELEASE/spring-boot-starter-validation-2.2.6.RELEASE.jar, file:/D:/java/apache-maven-3.6.3/repository/jakarta/validation/jakarta.validation-api/2.0.2/jakarta.validation-api-2.0.2.jar, file:/D:/java/apache-maven-3.6.3/repository/org/hibernate/validator/hibernate-validator/6.0.18.Final/hibernate-validator-6.0.18.Final.jar, file:/D:/java/apache-maven-3.6.3/repository/org/jboss/logging/jboss-logging/3.4.1.Final/jboss-logging-3.4.1.Final.jar, file:/D:/java/apache-maven-3.6.3/repository/org/springframework/spring-web/5.2.5.RELEASE/spring-web-5.2.5.RELEASE.jar, file:/D:/java/apache-maven-3.6.3/repository/org/springframework/spring-webmvc/5.2.5.RELEASE/spring-webmvc-5.2.5.RELEASE.jar, file:/D:/java/apache-maven-3.6.3/repository/org/springframework/boot/spring-boot-starter-data-redis/2.2.0.RELEASE/spring-boot-starter-data-redis-2.2.0.RELEASE.jar, file:/D:/java/apache-maven-3.6.3/repository/org/springframework/data/spring-data-redis/2.2.6.RELEASE/spring-data-redis-2.2.6.RELEASE.jar, file:/D:/java/apache-maven-3.6.3/repository/org/springframework/data/spring-data-keyvalue/2.2.6.RELEASE/spring-data-keyvalue-2.2.6.RELEASE.jar, file:/D:/java/apache-maven-3.6.3/repository/org/springframework/spring-oxm/5.2.5.RELEASE/spring-oxm-5.2.5.RELEASE.jar, file:/D:/java/apache-maven-3.6.3/repository/io/lettuce/lettuce-core/5.2.2.RELEASE/lettuce-core-5.2.2.RELEASE.jar, file:/D:/java/apache-maven-3.6.3/repository/io/netty/netty-common/4.1.48.Final/netty-common-4.1.48.Final.jar, file:/D:/java/apache-maven-3.6.3/repository/io/netty/netty-handler/4.1.48.Final/netty-handler-4.1.48.Final.jar, file:/D:/java/apache-maven-3.6.3/repository/io/netty/netty-resolver/4.1.48.Final/netty-resolver-4.1.48.Final.jar, file:/D:/java/apache-maven-3.6.3/repository/io/netty/netty-buffer/4.1.48.Final/netty-buffer-4.1.48.Final.jar, file:/D:/java/apache-maven-3.6.3/repository/io/netty/netty-codec/4.1.48.Final/netty-codec-4.1.48.Final.jar, file:/D:/java/apache-maven-3.6.3/repository/io/netty/netty-transport/4.1.48.Final/netty-transport-4.1.48.Final.jar, file:/D:/java/apache-maven-3.6.3/repository/io/projectreactor/reactor-core/3.3.4.RELEASE/reactor-core-3.3.4.RELEASE.jar, file:/D:/java/apache-maven-3.6.3/repository/org/reactivestreams/reactive-streams/1.0.3/reactive-streams-1.0.3.jar, file:/D:/java/apache-maven-3.6.3/repository/redis/clients/jedis/3.1.0/jedis-3.1.0.jar, file:/D:/java/apache-maven-3.6.3/repository/org/apache/commons/commons-pool2/2.7.0/commons-pool2-2.7.0.jar, file:/D:/java/apache-maven-3.6.3/repository/com/github/pagehelper/pagehelper-spring-boot-starter/1.2.5/pagehelper-spring-boot-starter-1.2.5.jar, file:/D:/java/apache-maven-3.6.3/repository/org/mybatis/spring/boot/mybatis-spring-boot-starter/1.3.2/mybatis-spring-boot-starter-1.3.2.jar, file:/D:/java/apache-maven-3.6.3/repository/org/mybatis/spring/boot/mybatis-spring-boot-autoconfigure/1.3.2/mybatis-spring-boot-autoconfigure-1.3.2.jar, file:/D:/java/apache-maven-3.6.3/repository/com/github/pagehelper/pagehelper-spring-boot-autoconfigure/1.2.5/pagehelper-spring-boot-autoconfigure-1.2.5.jar, file:/D:/java/apache-maven-3.6.3/repository/com/github/pagehelper/pagehelper/5.1.4/pagehelper-5.1.4.jar, file:/D:/java/apache-maven-3.6.3/repository/com/github/jsqlparser/jsqlparser/1.0/jsqlparser-1.0.jar, file:/D:/java/apache-maven-3.6.3/repository/javax/validation/validation-api/1.1.0.Final/validation-api-1.1.0.Final.jar, file:/D:/java/apache-maven-3.6.3/repository/org/springframework/data/spring-data-commons/2.2.6.RELEASE/spring-data-commons-2.2.6.RELEASE.jar, file:/D:/java/apache-maven-3.6.3/repository/cn/hutool/hutool-all/4.5.7/hutool-all-4.5.7.jar, file:/D:/java/apache-maven-3.6.3/repository/org/springframework/boot/spring-boot-starter-actuator/2.2.6.RELEASE/spring-boot-starter-actuator-2.2.6.RELEASE.jar, file:/D:/java/apache-maven-3.6.3/repository/org/springframework/boot/spring-boot-actuator-autoconfigure/2.2.6.RELEASE/spring-boot-actuator-autoconfigure-2.2.6.RELEASE.jar, file:/D:/java/apache-maven-3.6.3/repository/org/springframework/boot/spring-boot-actuator/2.2.6.RELEASE/spring-boot-actuator-2.2.6.RELEASE.jar, file:/D:/java/apache-maven-3.6.3/repository/io/micrometer/micrometer-core/1.3.6/micrometer-core-1.3.6.jar, file:/D:/java/apache-maven-3.6.3/repository/org/hdrhistogram/HdrHistogram/2.1.11/HdrHistogram-2.1.11.jar, file:/D:/java/apache-maven-3.6.3/repository/org/latencyutils/LatencyUtils/2.0.3/LatencyUtils-2.0.3.jar, file:/D:/java/apache-maven-3.6.3/repository/org/apache/httpcomponents/httpclient/4.5.6/httpclient-4.5.6.jar, file:/D:/java/apache-maven-3.6.3/repository/org/apache/httpcomponents/httpcore/4.4.13/httpcore-4.4.13.jar, file:/D:/java/apache-maven-3.6.3/repository/commons-logging/commons-logging/1.2/commons-logging-1.2.jar, file:/D:/java/apache-maven-3.6.3/repository/commons-codec/commons-codec/1.13/commons-codec-1.13.jar, file:/D:/java/apache-maven-3.6.3/repository/org/springframework/boot/spring-boot-starter-aop/2.2.6.RELEASE/spring-boot-starter-aop-2.2.6.RELEASE.jar, file:/D:/java/apache-maven-3.6.3/repository/org/springframework/spring-aop/5.2.5.RELEASE/spring-aop-5.2.5.RELEASE.jar, file:/D:/java/apache-maven-3.6.3/repository/org/aspectj/aspectjweaver/1.9.5/aspectjweaver-1.9.5.jar, file:/D:/java/apache-maven-3.6.3/repository/org/apache/commons/commons-lang3/3.5/commons-lang3-3.5.jar, file:/D:/java/apache-maven-3.6.3/repository/org/apache/poi/poi/3.17/poi-3.17.jar, file:/D:/java/apache-maven-3.6.3/repository/org/apache/commons/commons-collections4/4.1/commons-collections4-4.1.jar, file:/D:/java/apache-maven-3.6.3/repository/org/apache/poi/poi-ooxml/3.17/poi-ooxml-3.17.jar, file:/D:/java/apache-maven-3.6.3/repository/org/apache/poi/poi-ooxml-schemas/3.17/poi-ooxml-schemas-3.17.jar, file:/D:/java/apache-maven-3.6.3/repository/org/apache/xmlbeans/xmlbeans/2.6.0/xmlbeans-2.6.0.jar, file:/D:/java/apache-maven-3.6.3/repository/com/github/virtuald/curvesapi/1.04/curvesapi-1.04.jar, file:/D:/java/apache-maven-3.6.3/repository/commons-fileupload/commons-fileupload/1.3.3/commons-fileupload-1.3.3.jar, file:/D:/java/apache-maven-3.6.3/repository/commons-io/commons-io/2.4/commons-io-2.4.jar, file:/D:/java/apache-maven-3.6.3/repository/net/coobird/thumbnailator/0.4.8/thumbnailator-0.4.8.jar, file:/D:/java/apache-maven-3.6.3/repository/com/aliyun/oss/aliyun-sdk-oss/3.5.0/aliyun-sdk-oss-3.5.0.jar, file:/D:/java/apache-maven-3.6.3/repository/org/jdom/jdom/1.1/jdom-1.1.jar, file:/D:/java/apache-maven-3.6.3/repository/org/codehaus/jettison/jettison/1.1/jettison-1.1.jar, file:/D:/java/apache-maven-3.6.3/repository/stax/stax-api/1.0.1/stax-api-1.0.1.jar, file:/D:/java/apache-maven-3.6.3/repository/com/aliyun/aliyun-java-sdk-core/3.4.0/aliyun-java-sdk-core-3.4.0.jar, file:/D:/java/apache-maven-3.6.3/repository/com/aliyun/aliyun-java-sdk-ram/3.0.0/aliyun-java-sdk-ram-3.0.0.jar, file:/D:/java/apache-maven-3.6.3/repository/com/aliyun/aliyun-java-sdk-sts/3.0.0/aliyun-java-sdk-sts-3.0.0.jar, file:/D:/java/apache-maven-3.6.3/repository/com/aliyun/aliyun-java-sdk-ecs/4.2.0/aliyun-java-sdk-ecs-4.2.0.jar, file:/D:/java/apache-maven-3.6.3/repository/com/qcloud/cos_api/5.6.22/cos_api-5.6.22.jar, file:/D:/java/apache-maven-3.6.3/repository/joda-time/joda-time/2.10.5/joda-time-2.10.5.jar, file:/D:/java/apache-maven-3.6.3/repository/org/bouncycastle/bcprov-jdk15on/1.64/bcprov-jdk15on-1.64.jar, file:/D:/java/apache-maven-3.6.3/repository/com/qiniu/qiniu-java-sdk/7.2.28/qiniu-java-sdk-7.2.28.jar, file:/D:/java/apache-maven-3.6.3/repository/com/squareup/okhttp3/okhttp/3.14.7/okhttp-3.14.7.jar, file:/D:/java/apache-maven-3.6.3/repository/com/squareup/okio/okio/1.17.2/okio-1.17.2.jar, file:/D:/java/apache-maven-3.6.3/repository/com/amazonaws/aws-java-sdk-s3/1.12.99/aws-java-sdk-s3-1.12.99.jar, file:/D:/java/apache-maven-3.6.3/repository/com/amazonaws/aws-java-sdk-kms/1.12.99/aws-java-sdk-kms-1.12.99.jar, file:/D:/java/apache-maven-3.6.3/repository/com/amazonaws/aws-java-sdk-core/1.12.99/aws-java-sdk-core-1.12.99.jar, file:/D:/java/apache-maven-3.6.3/repository/software/amazon/ion/ion-java/1.0.2/ion-java-1.0.2.jar, file:/D:/java/apache-maven-3.6.3/repository/com/fasterxml/jackson/dataformat/jackson-dataformat-cbor/2.10.3/jackson-dataformat-cbor-2.10.3.jar, file:/D:/java/apache-maven-3.6.3/repository/com/amazonaws/jmespath-java/1.12.99/jmespath-java-1.12.99.jar, file:/D:/java/apache-maven-3.6.3/repository/dom4j/dom4j/1.6.1/dom4j-1.6.1.jar, file:/D:/java/apache-maven-3.6.3/repository/xml-apis/xml-apis/1.0.b2/xml-apis-1.0.b2.jar, file:/D:/java/apache-maven-3.6.3/repository/com/thoughtworks/xstream/xstream/1.4.18/xstream-1.4.18.jar, file:/D:/java/apache-maven-3.6.3/repository/io/github/x-stream/mxparser/1.2.2/mxparser-1.2.2.jar, file:/D:/java/apache-maven-3.6.3/repository/xmlpull/xmlpull/1.1.3.1/xmlpull-1.1.3.1.jar, file:/D:/java/apache-maven-3.6.3/repository/com/vaadin/external/google/android-json/0.0.20131108.vaadin1/android-json-0.0.20131108.vaadin1.jar, file:/D:/java/apache-maven-3.6.3/repository/org/apache/httpcomponents/httpmime/4.5.2/httpmime-4.5.2.jar, file:/D:/java/apache-maven-3.6.3/repository/com/google/zxing/core/3.3.3/core-3.3.3.jar, file:/D:/java/apache-maven-3.6.3/repository/com/google/zxing/javase/3.3.3/javase-3.3.3.jar, file:/D:/java/apache-maven-3.6.3/repository/com/beust/jcommander/1.72/jcommander-1.72.jar, file:/D:/java/apache-maven-3.6.3/repository/com/github/jai-imageio/jai-imageio-core/1.4.0/jai-imageio-core-1.4.0.jar, file:/D:/java/apache-maven-3.6.3/repository/io/jsonwebtoken/jjwt/0.9.1/jjwt-0.9.1.jar, file:/D:/java/apache-maven-3.6.3/repository/com/auth0/jwks-rsa/0.9.0/jwks-rsa-0.9.0.jar, file:/D:/java/apache-maven-3.6.3/repository/com/alipay/sdk/alipay-sdk-java/4.15.20.ALL/alipay-sdk-java-4.15.20.ALL.jar, file:/D:/java/apache-maven-3.6.3/repository/org/springframework/boot/spring-boot-starter-security/2.2.6.RELEASE/spring-boot-starter-security-2.2.6.RELEASE.jar, file:/D:/java/apache-maven-3.6.3/repository/org/springframework/security/spring-security-config/5.2.2.RELEASE/spring-security-config-5.2.2.RELEASE.jar, file:/D:/java/apache-maven-3.6.3/repository/org/springframework/security/spring-security-core/5.2.2.RELEASE/spring-security-core-5.2.2.RELEASE.jar, file:/D:/java/apache-maven-3.6.3/repository/org/springframework/security/spring-security-web/5.2.2.RELEASE/spring-security-web-5.2.2.RELEASE.jar, file:/D:/java/apache-maven-3.6.3/repository/com/anji-plus/spring-boot-starter-captcha/1.3.0/spring-boot-starter-captcha-1.3.0.jar, file:/D:/java/apache-maven-3.6.3/repository/com/anji-plus/captcha/1.3.0/captcha-1.3.0.jar, file:/D:/java/apache-maven-3.6.3/repository/com/jayway/jsonpath/json-path/2.4.0/json-path-2.4.0.jar, file:/D:/java/apache-maven-3.6.3/repository/net/minidev/json-smart/2.3/json-smart-2.3.jar, file:/D:/java/apache-maven-3.6.3/repository/net/minidev/accessors-smart/1.2/accessors-smart-1.2.jar, file:/D:/java/apache-maven-3.6.3/repository/org/ow2/asm/asm/5.0.4/asm-5.0.4.jar, file:/D:/java/apache-maven-3.6.3/repository/com/google/code/gson/gson/2.8.6/gson-2.8.6.jar, file:/D:/java/apache-maven-3.6.3/repository/org/springframework/boot/spring-boot-starter-quartz/2.2.6.RELEASE/spring-boot-starter-quartz-2.2.6.RELEASE.jar, file:/D:/java/apache-maven-3.6.3/repository/org/springframework/boot/spring-boot-starter/2.2.6.RELEASE/spring-boot-starter-2.2.6.RELEASE.jar, file:/D:/java/apache-maven-3.6.3/repository/org/springframework/boot/spring-boot/2.2.6.RELEASE/spring-boot-2.2.6.RELEASE.jar, file:/D:/java/apache-maven-3.6.3/repository/org/springframework/boot/spring-boot-starter-logging/2.2.6.RELEASE/spring-boot-starter-logging-2.2.6.RELEASE.jar, file:/D:/java/apache-maven-3.6.3/repository/org/apache/logging/log4j/log4j-to-slf4j/2.12.1/log4j-to-slf4j-2.12.1.jar, file:/D:/java/apache-maven-3.6.3/repository/org/apache/logging/log4j/log4j-api/2.12.1/log4j-api-2.12.1.jar, file:/D:/java/apache-maven-3.6.3/repository/org/slf4j/jul-to-slf4j/1.7.30/jul-to-slf4j-1.7.30.jar, file:/D:/java/apache-maven-3.6.3/repository/jakarta/annotation/jakarta.annotation-api/1.3.5/jakarta.annotation-api-1.3.5.jar, file:/D:/java/apache-maven-3.6.3/repository/org/springframework/spring-core/5.2.5.RELEASE/spring-core-5.2.5.RELEASE.jar, file:/D:/java/apache-maven-3.6.3/repository/org/springframework/spring-jcl/5.2.5.RELEASE/spring-jcl-5.2.5.RELEASE.jar, file:/D:/java/apache-maven-3.6.3/repository/org/yaml/snakeyaml/1.25/snakeyaml-1.25.jar, file:/D:/java/apache-maven-3.6.3/repository/org/springframework/spring-context-support/5.2.5.RELEASE/spring-context-support-5.2.5.RELEASE.jar, file:/D:/java/apache-maven-3.6.3/repository/org/springframework/spring-beans/5.2.5.RELEASE/spring-beans-5.2.5.RELEASE.jar, file:/D:/java/apache-maven-3.6.3/repository/org/springframework/spring-context/5.2.5.RELEASE/spring-context-5.2.5.RELEASE.jar, file:/D:/java/apache-maven-3.6.3/repository/org/springframework/spring-expression/5.2.5.RELEASE/spring-expression-5.2.5.RELEASE.jar, file:/D:/java/apache-maven-3.6.3/repository/org/springframework/spring-tx/5.2.5.RELEASE/spring-tx-5.2.5.RELEASE.jar, file:/D:/java/apache-maven-3.6.3/repository/org/quartz-scheduler/quartz/2.3.2/quartz-2.3.2.jar, file:/D:/java/apache-maven-3.6.3/repository/com/mchange/mchange-commons-java/0.2.15/mchange-commons-java-0.2.15.jar, file:/D:/java/apache-maven-3.6.3/repository/com/github/oshi/oshi-core/5.8.6/oshi-core-5.8.6.jar, file:/D:/java/apache-maven-3.6.3/repository/org/slf4j/slf4j-api/1.7.30/slf4j-api-1.7.30.jar, file:/D:/java/apache-maven-3.6.3/repository/net/java/dev/jna/jna/5.13.0/jna-5.13.0.jar, file:/D:/java/apache-maven-3.6.3/repository/net/java/dev/jna/jna-platform/5.13.0/jna-platform-5.13.0.jar, file:/D:/Program%20Files/JetBrains/IntelliJ%20IDEA%202022.1.3/lib/idea_rt.jar, file:/C:/Users/Administrator/AppData/Local/JetBrains/IntelliJIdea2022.1/captureAgent/debugger-agent.jar]" }
                    
{
                    "app": "Crmeb",
                    "timestamp":"2026-06-11 16:04:05.466",
                    "level": "DEBUG",
                    "thread": "main",
                    "class": "o.springframework.boot.SpringApplication",
                    "message": "Loading source class com.zbkj.admin.CrmebAdminApplication" }
                    
{
                    "app": "Crmeb",
                    "timestamp":"2026-06-11 16:04:05.544",
                    "level": "DEBUG",
                    "thread": "main",
                    "class": "o.s.b.c.c.ConfigFileApplicationListener",
                    "message": "Loaded config file 'file:/D:/Desktop/code/crmeb_java/crmeb/crmeb-admin/target/classes/application.yml' (classpath:/application.yml)" }
                    
{
                    "app": "Crmeb",
                    "timestamp":"2026-06-11 16:04:05.544",
                    "level": "DEBUG",
                    "thread": "main",
                    "class": "o.s.b.w.s.c.AnnotationConfigServletWebServerApplicationContext",
                    "message": "Refreshing org.springframework.boot.web.servlet.context.AnnotationConfigServletWebServerApplicationContext@73c60324" }
                    
{
                    "app": "Crmeb",
                    "timestamp":"2026-06-11 16:04:15.906",
                    "level": "DEBUG",
                    "thread": "main",
                    "class": "o.s.b.w.e.t.TomcatServletWebServerFactory",
                    "message": "Code archive: D:\java\apache-maven-3.6.3\repository\org\springframework\boot\spring-boot\2.2.6.RELEASE\spring-boot-2.2.6.RELEASE.jar" }
                    
{
                    "app": "Crmeb",
                    "timestamp":"2026-06-11 16:04:15.906",
                    "level": "DEBUG",
                    "thread": "main",
                    "class": "o.s.b.w.e.t.TomcatServletWebServerFactory",
                    "message": "Code archive: D:\java\apache-maven-3.6.3\repository\org\springframework\boot\spring-boot\2.2.6.RELEASE\spring-boot-2.2.6.RELEASE.jar" }
                    
{
                    "app": "Crmeb",
                    "timestamp":"2026-06-11 16:04:15.907",
                    "level": "DEBUG",
                    "thread": "main",
                    "class": "o.s.b.w.e.t.TomcatServletWebServerFactory",
                    "message": "None of the document roots [src/main/webapp, public, static] point to a directory and will be ignored." }
                    
{
                    "app": "Crmeb",
                    "timestamp":"2026-06-11 16:04:16.345",
                    "level": "DEBUG",
                    "thread": "main",
                    "class": "o.s.web.context.ContextLoader",
                    "message": "Published root WebApplicationContext as ServletContext attribute with name [org.springframework.web.context.WebApplicationContext.ROOT]" }
                    
{
                    "app": "Crmeb",
                    "timestamp":"2026-06-11 16:04:17.008",
                    "level": "DEBUG",
                    "thread": "main",
                    "class": "o.s.b.w.s.ServletContextInitializerBeans",
                    "message": "Mapping filters: filterRegistrationBean urls=[/*] order=-2147483647, springSecurityFilterChain urls=[/*] order=-100, filterRegistrationBean urls=[/*] order=2147483647, filterRegistrationBean urls=[/api/*] order=2147483647, characterEncodingFilter urls=[/*] order=-2147483648, formContentFilter urls=[/*] order=-9900, requestContextFilter urls=[/*] order=-105, corsFilter urls=[/*] order=2147483647, jwtAuthenticationTokenFilter urls=[/*] order=2147483647" }
                    
{
                    "app": "Crmeb",
                    "timestamp":"2026-06-11 16:04:17.009",
                    "level": "DEBUG",
                    "thread": "main",
                    "class": "o.s.b.w.s.ServletContextInitializerBeans",
                    "message": "Mapping servlets: statViewServlet urls=[/druid/*], dispatcherServlet urls=[/]" }
                    
{
                    "app": "Crmeb",
                    "timestamp":"2026-06-11 16:04:17.032",
                    "level": "DEBUG",
                    "thread": "main",
                    "class": "o.s.b.a.m.w.servlet.WebMvcMetricsFilter",
                    "message": "Filter 'webMvcMetricsFilter' configured for use" }
                    
{
                    "app": "Crmeb",
                    "timestamp":"2026-06-11 16:04:17.032",
                    "level": "DEBUG",
                    "thread": "main",
                    "class": "o.s.b.w.s.f.OrderedRequestContextFilter",
                    "message": "Filter 'requestContextFilter' configured for use" }
                    
{
                    "app": "Crmeb",
                    "timestamp":"2026-06-11 16:04:17.032",
                    "level": "DEBUG",
                    "thread": "main",
                    "class": "o.springframework.web.filter.CorsFilter",
                    "message": "Filter 'corsFilter' configured for use" }
                    
{
                    "app": "Crmeb",
                    "timestamp":"2026-06-11 16:04:17.032",
                    "level": "DEBUG",
                    "thread": "main",
                    "class": "o.s.b.w.s.f.OrderedCharacterEncodingFilter",
                    "message": "Filter 'characterEncodingFilter' configured for use" }
                    
{
                    "app": "Crmeb",
                    "timestamp":"2026-06-11 16:04:17.033",
                    "level": "DEBUG",
                    "thread": "main",
                    "class": "o.s.b.w.s.DelegatingFilterProxyRegistrationBean$1",
                    "message": "Filter 'springSecurityFilterChain' configured for use" }
                    
{
                    "app": "Crmeb",
                    "timestamp":"2026-06-11 16:04:17.033",
                    "level": "DEBUG",
                    "thread": "main",
                    "class": "o.s.b.w.s.f.OrderedFormContentFilter",
                    "message": "Filter 'formContentFilter' configured for use" }
                    
{
                    "app": "Crmeb",
                    "timestamp":"2026-06-11 16:04:30.651",
                    "level": "DEBUG",
                    "thread": "main",
                    "class": "o.s.w.s.m.m.a.RequestMappingHandlerMapping",
                    "message": "331 mappings in 'requestMappingHandlerMapping'" }
                    
{
                    "app": "Crmeb",
                    "timestamp":"2026-06-11 16:04:31.779",
                    "level": "DEBUG",
                    "thread": "main",
                    "class": "o.s.b.a.SpringApplicationAdminMXBeanRegistrar$SpringApplicationAdmin",
                    "message": "Application Admin MBean registered with name 'org.springframework.boot:type=Admin,name=SpringApplication'" }
                    
{
                    "app": "Crmeb",
                    "timestamp":"2026-06-11 16:04:31.789",
                    "level": "DEBUG",
                    "thread": "main",
                    "class": "o.s.w.s.m.m.a.RequestMappingHandlerAdapter",
                    "message": "ControllerAdvice beans: 0 @ModelAttribute, 0 @InitBinder, 1 RequestBodyAdvice, 2 ResponseBodyAdvice" }
                    
{
                    "app": "Crmeb",
                    "timestamp":"2026-06-11 16:04:31.849",
                    "level": "DEBUG",
                    "thread": "main",
                    "class": "o.s.w.s.handler.SimpleUrlHandlerMapping",
                    "message": "Patterns [/webjars/**, /**, /doc.html, /crmebimage/**, /uploadf/**] in 'resourceHandlerMapping'" }
                    
{
                    "app": "Crmeb",
                    "timestamp":"2026-06-11 16:04:31.867",
                    "level": "DEBUG",
                    "thread": "main",
                    "class": "o.s.w.s.m.m.a.ExceptionHandlerExceptionResolver",
                    "message": "ControllerAdvice beans: 1 @ExceptionHandler, 2 ResponseBodyAdvice" }
                    
{
                    "app": "Crmeb",
                    "timestamp":"2026-06-11 16:07:50.157",
                    "level": "DEBUG",
                    "thread": "http-nio-8169-exec-1",
                    "class": "o.s.web.servlet.DispatcherServlet",
                    "message": "Detected StandardServletMultipartResolver" }
                    
{
                    "app": "Crmeb",
                    "timestamp":"2026-06-11 16:07:50.177",
                    "level": "DEBUG",
                    "thread": "http-nio-8169-exec-1",
                    "class": "o.s.web.servlet.DispatcherServlet",
                    "message": "enableLoggingRequestDetails='false': request parameters and headers will be masked to prevent unsafe logging of potentially sensitive data" }
                    
{
                    "app": "Crmeb",
                    "timestamp":"2026-06-11 16:07:52.945",
                    "level": "DEBUG",
                    "thread": "http-nio-8169-exec-6",
                    "class": "o.s.web.servlet.DispatcherServlet",
                    "message": "GET "/api/admin/getLoginPic?temp=1781165271", parameters={masked}" }
                    
{
                    "app": "Crmeb",
                    "timestamp":"2026-06-11 16:07:52.949",
                    "level": "DEBUG",
                    "thread": "http-nio-8169-exec-6",
                    "class": "o.s.w.s.m.m.a.RequestMappingHandlerMapping",
                    "message": "Mapped to com.zbkj.admin.controller.AdminLoginController#getLoginPic()" }
                    
{
                    "app": "Crmeb",
                    "timestamp":"2026-06-11 16:07:53.722",
                    "level": "DEBUG",
                    "thread": "http-nio-8169-exec-8",
                    "class": "o.s.web.servlet.DispatcherServlet",
                    "message": "GET "/api/admin/getLoginPic?temp=1781165273", parameters={masked}" }
                    
{
                    "app": "Crmeb",
                    "timestamp":"2026-06-11 16:07:53.723",
                    "level": "DEBUG",
                    "thread": "http-nio-8169-exec-8",
                    "class": "o.s.w.s.m.m.a.RequestMappingHandlerMapping",
                    "message": "Mapped to com.zbkj.admin.controller.AdminLoginController#getLoginPic()" }
                    
{
                    "app": "Crmeb",
                    "timestamp":"2026-06-11 16:07:55.157",
                    "level": "DEBUG",
                    "thread": "http-nio-8169-exec-6",
                    "class": "o.s.w.s.m.m.a.RequestResponseBodyMethodProcessor",
                    "message": "Using 'application/json', given [application/json, text/plain, */*] and supported [application/json, application/*+json, application/json, application/*+json, application/cbor]" }
                    
{
                    "app": "Crmeb",
                    "timestamp":"2026-06-11 16:07:55.157",
                    "level": "DEBUG",
                    "thread": "http-nio-8169-exec-8",
                    "class": "o.s.w.s.m.m.a.RequestResponseBodyMethodProcessor",
                    "message": "Using 'application/json', given [application/json, text/plain, */*] and supported [application/json, application/*+json, application/json, application/*+json, application/cbor]" }
                    
{
                    "app": "Crmeb",
                    "timestamp":"2026-06-11 16:07:55.158",
                    "level": "DEBUG",
                    "thread": "http-nio-8169-exec-6",
                    "class": "o.s.w.s.m.m.a.RequestResponseBodyMethodProcessor",
                    "message": "Writing [com.zbkj.common.result.CommonResult@3138021]" }
                    
{
                    "app": "Crmeb",
                    "timestamp":"2026-06-11 16:07:55.158",
                    "level": "DEBUG",
                    "thread": "http-nio-8169-exec-8",
                    "class": "o.s.w.s.m.m.a.RequestResponseBodyMethodProcessor",
                    "message": "Writing [com.zbkj.common.result.CommonResult@4807ed50]" }
                    
{
                    "app": "Crmeb",
                    "timestamp":"2026-06-11 16:07:55.301",
                    "level": "DEBUG",
                    "thread": "http-nio-8169-exec-6",
                    "class": "o.s.web.servlet.DispatcherServlet",
                    "message": "Completed 200 OK" }
                    
{
                    "app": "Crmeb",
                    "timestamp":"2026-06-11 16:07:55.301",
                    "level": "DEBUG",
                    "thread": "http-nio-8169-exec-8",
                    "class": "o.s.web.servlet.DispatcherServlet",
                    "message": "Completed 200 OK" }
                    
{
                    "app": "Crmeb",
                    "timestamp":"2026-06-11 16:07:58.379",
                    "level": "DEBUG",
                    "thread": "http-nio-8169-exec-10",
                    "class": "o.s.web.servlet.DispatcherServlet",
                    "message": "GET "/api/admin/getLoginPic?temp=1781165278", parameters={masked}" }
                    
{
                    "app": "Crmeb",
                    "timestamp":"2026-06-11 16:07:58.380",
                    "level": "DEBUG",
                    "thread": "http-nio-8169-exec-10",
                    "class": "o.s.w.s.m.m.a.RequestMappingHandlerMapping",
                    "message": "Mapped to com.zbkj.admin.controller.AdminLoginController#getLoginPic()" }
                    
{
                    "app": "Crmeb",
                    "timestamp":"2026-06-11 16:07:58.685",
                    "level": "DEBUG",
                    "thread": "http-nio-8169-exec-10",
                    "class": "o.s.w.s.m.m.a.RequestResponseBodyMethodProcessor",
                    "message": "Using 'application/json', given [application/json, text/plain, */*] and supported [application/json, application/*+json, application/json, application/*+json, application/cbor]" }
                    
{
                    "app": "Crmeb",
                    "timestamp":"2026-06-11 16:07:58.685",
                    "level": "DEBUG",
                    "thread": "http-nio-8169-exec-10",
                    "class": "o.s.w.s.m.m.a.RequestResponseBodyMethodProcessor",
                    "message": "Writing [com.zbkj.common.result.CommonResult@5b111773]" }
                    
{
                    "app": "Crmeb",
                    "timestamp":"2026-06-11 16:07:58.686",
                    "level": "DEBUG",
                    "thread": "http-nio-8169-exec-10",
                    "class": "o.s.web.servlet.DispatcherServlet",
                    "message": "Completed 200 OK" }
                    
{
                    "app": "Crmeb",
                    "timestamp":"2026-06-11 16:26:25.175",
                    "level": "DEBUG",
                    "thread": "http-nio-8169-exec-13",
                    "class": "o.s.web.servlet.DispatcherServlet",
                    "message": "GET "/api/admin/getLoginPic?temp=1781166385", parameters={masked}" }
                    
{
                    "app": "Crmeb",
                    "timestamp":"2026-06-11 16:26:25.177",
                    "level": "DEBUG",
                    "thread": "http-nio-8169-exec-13",
                    "class": "o.s.w.s.m.m.a.RequestMappingHandlerMapping",
                    "message": "Mapped to com.zbkj.admin.controller.AdminLoginController#getLoginPic()" }
                    
{
                    "app": "Crmeb",
                    "timestamp":"2026-06-11 16:26:25.500",
                    "level": "DEBUG",
                    "thread": "http-nio-8169-exec-13",
                    "class": "o.s.w.s.m.m.a.RequestResponseBodyMethodProcessor",
                    "message": "Using 'application/json', given [application/json, text/plain, */*] and supported [application/json, application/*+json, application/json, application/*+json, application/cbor]" }
                    
{
                    "app": "Crmeb",
                    "timestamp":"2026-06-11 16:26:25.501",
                    "level": "DEBUG",
                    "thread": "http-nio-8169-exec-13",
                    "class": "o.s.w.s.m.m.a.RequestResponseBodyMethodProcessor",
                    "message": "Writing [com.zbkj.common.result.CommonResult@5cff0d88]" }
                    
{
                    "app": "Crmeb",
                    "timestamp":"2026-06-11 16:26:25.501",
                    "level": "DEBUG",
                    "thread": "http-nio-8169-exec-13",
                    "class": "o.s.web.servlet.DispatcherServlet",
                    "message": "Completed 200 OK" }
                    
{
                    "app": "Crmeb",
                    "timestamp":"2026-06-11 16:38:36.766",
                    "level": "DEBUG",
                    "thread": "http-nio-8169-exec-17",
                    "class": "o.s.web.servlet.DispatcherServlet",
                    "message": "POST "/api/admin/login/account/detection", parameters={}" }
                    
{
                    "app": "Crmeb",
                    "timestamp":"2026-06-11 16:38:36.773",
                    "level": "DEBUG",
                    "thread": "http-nio-8169-exec-17",
                    "class": "o.s.w.s.m.m.a.RequestMappingHandlerMapping",
                    "message": "Mapped to com.zbkj.admin.controller.AdminLoginController#accountDetection(AdminAccountDetectionRequest)" }
                    
{
                    "app": "Crmeb",
                    "timestamp":"2026-06-11 16:38:37.198",
                    "level": "DEBUG",
                    "thread": "http-nio-8169-exec-17",
                    "class": "o.s.w.s.m.m.a.RequestResponseBodyMethodProcessor",
                    "message": "Read "application/json;charset=UTF-8" to [AdminAccountDetectionRequest(account=cjp)]" }
                    
{
                    "app": "Crmeb",
                    "timestamp":"2026-06-11 16:38:37.770",
                    "level": "DEBUG",
                    "thread": "http-nio-8169-exec-12",
                    "class": "o.s.web.servlet.DispatcherServlet",
                    "message": "POST "/api/admin/login", parameters={}" }
                    
{
                    "app": "Crmeb",
                    "timestamp":"2026-06-11 16:38:37.789",
                    "level": "DEBUG",
                    "thread": "http-nio-8169-exec-12",
                    "class": "o.s.w.s.m.m.a.RequestMappingHandlerMapping",
                    "message": "Mapped to com.zbkj.admin.controller.AdminLoginController#SystemAdminLogin(SystemAdminLoginRequest, HttpServletRequest)" }
                    
{
                    "app": "Crmeb",
                    "timestamp":"2026-06-11 16:38:38.402",
                    "level": "DEBUG",
                    "thread": "http-nio-8169-exec-12",
                    "class": "o.s.w.s.m.m.a.RequestResponseBodyMethodProcessor",
                    "message": "Read "application/json;charset=UTF-8" to [SystemAdminLoginRequest(account=cjp, pwd=123456, captchaVO=com.anji.captcha.model.vo.CaptchaVO@31c05 (truncated)...]" }
                    
{
                    "app": "Crmeb",
                    "timestamp":"2026-06-11 16:38:38.754",
                    "level": "DEBUG",
                    "thread": "http-nio-8169-exec-17",
                    "class": "o.s.w.s.m.m.a.RequestResponseBodyMethodProcessor",
                    "message": "Using 'application/json', given [application/json, text/plain, */*] and supported [application/json, application/*+json, application/json, application/*+json, application/cbor]" }
                    
{
                    "app": "Crmeb",
                    "timestamp":"2026-06-11 16:38:38.754",
                    "level": "DEBUG",
                    "thread": "http-nio-8169-exec-17",
                    "class": "o.s.w.s.m.m.a.RequestResponseBodyMethodProcessor",
                    "message": "Writing [com.zbkj.common.result.CommonResult@6e9780b8]" }
                    
{
                    "app": "Crmeb",
                    "timestamp":"2026-06-11 16:38:38.783",
                    "level": "DEBUG",
                    "thread": "http-nio-8169-exec-17",
                    "class": "o.s.web.servlet.DispatcherServlet",
                    "message": "Completed 200 OK" }
                    
{
                    "app": "Crmeb",
                    "timestamp":"2026-06-11 16:38:41.448",
                    "level": "DEBUG",
                    "thread": "http-nio-8169-exec-12",
                    "class": "o.s.w.s.m.m.a.RequestResponseBodyMethodProcessor",
                    "message": "Using 'application/json', given [application/json, text/plain, */*] and supported [application/json]" }
                    
{
                    "app": "Crmeb",
                    "timestamp":"2026-06-11 16:38:41.448",
                    "level": "DEBUG",
                    "thread": "http-nio-8169-exec-12",
                    "class": "o.s.w.s.m.m.a.RequestResponseBodyMethodProcessor",
                    "message": "Writing [com.zbkj.common.result.CommonResult@9f56a3c]" }
                    
{
                    "app": "Crmeb",
                    "timestamp":"2026-06-11 16:38:41.451",
                    "level": "DEBUG",
                    "thread": "http-nio-8169-exec-12",
                    "class": "o.s.web.servlet.DispatcherServlet",
                    "message": "Completed 200 OK" }
                    
{
                    "app": "Crmeb",
                    "timestamp":"2026-06-11 16:38:41.650",
                    "level": "DEBUG",
                    "thread": "http-nio-8169-exec-14",
                    "class": "o.s.web.servlet.DispatcherServlet",
                    "message": "GET "/api/admin/getAdminInfoByToken?token=bb7b9d0897384547a2554ea99cfb5c82&temp=1781167121", parameters={masked}" }
                    
{
                    "app": "Crmeb",
                    "timestamp":"2026-06-11 16:38:41.650",
                    "level": "DEBUG",
                    "thread": "http-nio-8169-exec-21",
                    "class": "o.s.web.servlet.DispatcherServlet",
                    "message": "GET "/api/admin/system/config/get/site/logo?temp=1781167121", parameters={masked}" }
                    
{
                    "app": "Crmeb",
                    "timestamp":"2026-06-11 16:38:41.657",
                    "level": "DEBUG",
                    "thread": "http-nio-8169-exec-14",
                    "class": "o.s.w.s.m.m.a.RequestMappingHandlerMapping",
                    "message": "Mapped to com.zbkj.admin.controller.AdminLoginController#getAdminInfo()" }
                    
{
                    "app": "Crmeb",
                    "timestamp":"2026-06-11 16:38:41.663",
                    "level": "DEBUG",
                    "thread": "http-nio-8169-exec-21",
                    "class": "o.s.w.s.m.m.a.RequestMappingHandlerMapping",
                    "message": "Mapped to com.zbkj.admin.controller.SystemConfigController#getSiteLogo()" }
                    
{
                    "app": "Crmeb",
                    "timestamp":"2026-06-11 16:38:41.664",
                    "level": "DEBUG",
                    "thread": "http-nio-8169-exec-9",
                    "class": "o.s.web.servlet.DispatcherServlet",
                    "message": "GET "/api/admin/getMenus?temp=1781167121", parameters={masked}" }
                    
{
                    "app": "Crmeb",
                    "timestamp":"2026-06-11 16:38:41.665",
                    "level": "DEBUG",
                    "thread": "http-nio-8169-exec-9",
                    "class": "o.s.w.s.m.m.a.RequestMappingHandlerMapping",
                    "message": "Mapped to com.zbkj.admin.controller.AdminLoginController#getMenus()" }
                    
{
                    "app": "Crmeb",
                    "timestamp":"2026-06-11 16:38:41.772",
                    "level": "DEBUG",
                    "thread": "http-nio-8169-exec-14",
                    "class": "o.s.w.s.m.m.a.RequestResponseBodyMethodProcessor",
                    "message": "Using 'application/json', given [application/json, text/plain, */*] and supported [application/json, application/*+json, application/json, application/*+json, application/cbor]" }
                    
{
                    "app": "Crmeb",
                    "timestamp":"2026-06-11 16:38:41.772",
                    "level": "DEBUG",
                    "thread": "http-nio-8169-exec-14",
                    "class": "o.s.w.s.m.m.a.RequestResponseBodyMethodProcessor",
                    "message": "Writing [com.zbkj.common.result.CommonResult@934984]" }
                    
{
                    "app": "Crmeb",
                    "timestamp":"2026-06-11 16:38:41.785",
                    "level": "DEBUG",
                    "thread": "http-nio-8169-exec-14",
                    "class": "o.s.web.servlet.DispatcherServlet",
                    "message": "Completed 200 OK" }
                    
{
                    "app": "Crmeb",
                    "timestamp":"2026-06-11 16:38:41.811",
                    "level": "DEBUG",
                    "thread": "http-nio-8169-exec-21",
                    "class": "o.s.w.s.m.m.a.RequestResponseBodyMethodProcessor",
                    "message": "Using 'application/json', given [application/json, text/plain, */*] and supported [application/json, application/*+json, application/json, application/*+json, application/cbor]" }
                    
{
                    "app": "Crmeb",
                    "timestamp":"2026-06-11 16:38:41.811",
                    "level": "DEBUG",
                    "thread": "http-nio-8169-exec-21",
                    "class": "o.s.w.s.m.m.a.RequestResponseBodyMethodProcessor",
                    "message": "Writing [com.zbkj.common.result.CommonResult@529dd6f5]" }
                    
{
                    "app": "Crmeb",
                    "timestamp":"2026-06-11 16:38:41.844",
                    "level": "DEBUG",
                    "thread": "http-nio-8169-exec-21",
                    "class": "o.s.web.servlet.DispatcherServlet",
                    "message": "Completed 200 OK" }
                    
{
                    "app": "Crmeb",
                    "timestamp":"2026-06-11 16:38:41.916",
                    "level": "DEBUG",
                    "thread": "http-nio-8169-exec-9",
                    "class": "o.s.w.s.m.m.a.RequestResponseBodyMethodProcessor",
                    "message": "Using 'application/json', given [application/json, text/plain, */*] and supported [application/json, application/*+json, application/json, application/*+json, application/cbor]" }
                    
{
                    "app": "Crmeb",
                    "timestamp":"2026-06-11 16:38:41.916",
                    "level": "DEBUG",
                    "thread": "http-nio-8169-exec-9",
                    "class": "o.s.w.s.m.m.a.RequestResponseBodyMethodProcessor",
                    "message": "Writing [com.zbkj.common.result.CommonResult@12f2e34f]" }
                    
{
                    "app": "Crmeb",
                    "timestamp":"2026-06-11 16:38:41.919",
                    "level": "DEBUG",
                    "thread": "http-nio-8169-exec-9",
                    "class": "o.s.web.servlet.DispatcherServlet",
                    "message": "Completed 200 OK" }
                    
{
                    "app": "Crmeb",
                    "timestamp":"2026-06-11 16:38:42.018",
                    "level": "DEBUG",
                    "thread": "http-nio-8169-exec-19",
                    "class": "o.s.web.servlet.DispatcherServlet",
                    "message": "GET "/api/admin/getMenus?temp=1781167121", parameters={masked}" }
                    
{
                    "app": "Crmeb",
                    "timestamp":"2026-06-11 16:38:42.019",
                    "level": "DEBUG",
                    "thread": "http-nio-8169-exec-19",
                    "class": "o.s.w.s.m.m.a.RequestMappingHandlerMapping",
                    "message": "Mapped to com.zbkj.admin.controller.AdminLoginController#getMenus()" }
                    
{
                    "app": "Crmeb",
                    "timestamp":"2026-06-11 16:38:42.073",
                    "level": "DEBUG",
                    "thread": "http-nio-8169-exec-19",
                    "class": "o.s.w.s.m.m.a.RequestResponseBodyMethodProcessor",
                    "message": "Using 'application/json', given [application/json, text/plain, */*] and supported [application/json, application/*+json, application/json, application/*+json, application/cbor]" }
                    
{
                    "app": "Crmeb",
                    "timestamp":"2026-06-11 16:38:42.074",
                    "level": "DEBUG",
                    "thread": "http-nio-8169-exec-19",
                    "class": "o.s.w.s.m.m.a.RequestResponseBodyMethodProcessor",
                    "message": "Writing [com.zbkj.common.result.CommonResult@55f7f4e5]" }
                    
{
                    "app": "Crmeb",
                    "timestamp":"2026-06-11 16:38:42.075",
                    "level": "DEBUG",
                    "thread": "http-nio-8169-exec-19",
                    "class": "o.s.web.servlet.DispatcherServlet",
                    "message": "Completed 200 OK" }
                    
{
                    "app": "Crmeb",
                    "timestamp":"2026-06-11 16:38:42.199",
                    "level": "DEBUG",
                    "thread": "http-nio-8169-exec-20",
                    "class": "o.s.web.servlet.DispatcherServlet",
                    "message": "GET "/crmebimage/public/product/2025/05/30/80463f2c08f942c7919ffdb1508aaefcadw8s5mfey.jpeg", parameters={}" }
                    
{
                    "app": "Crmeb",
                    "timestamp":"2026-06-11 16:38:44.470",
                    "level": "DEBUG",
                    "thread": "http-nio-8169-exec-3",
                    "class": "o.s.web.servlet.DispatcherServlet",
                    "message": "GET "/api/admin/statistics/home/chart/order?temp=1781167122", parameters={masked}" }
                    
{
                    "app": "Crmeb",
                    "timestamp":"2026-06-11 16:38:44.471",
                    "level": "DEBUG",
                    "thread": "http-nio-8169-exec-3",
                    "class": "o.s.w.s.m.m.a.RequestMappingHandlerMapping",
                    "message": "Mapped to com.zbkj.admin.controller.HomeController#chartOrder()" }
                    
{
                    "app": "Crmeb",
                    "timestamp":"2026-06-11 16:38:44.569",
                    "level": "DEBUG",
                    "thread": "http-nio-8169-exec-8",
                    "class": "o.s.web.servlet.DispatcherServlet",
                    "message": "GET "/api/admin/copyright/get/info?temp=1781167122", parameters={masked}" }
                    
{
                    "app": "Crmeb",
                    "timestamp":"2026-06-11 16:38:44.570",
                    "level": "DEBUG",
                    "thread": "http-nio-8169-exec-8",
                    "class": "o.s.w.s.m.m.a.RequestMappingHandlerMapping",
                    "message": "Mapped to com.zbkj.admin.controller.CopyrightController#getInfo()" }
                    
{
                    "app": "Crmeb",
                    "timestamp":"2026-06-11 16:38:44.570",
                    "level": "DEBUG",
                    "thread": "http-nio-8169-exec-23",
                    "class": "o.s.web.servlet.DispatcherServlet",
                    "message": "GET "/api/admin/statistics/home/operating/data?temp=1781167122", parameters={masked}" }
                    
{
                    "app": "Crmeb",
                    "timestamp":"2026-06-11 16:38:44.571",
                    "level": "DEBUG",
                    "thread": "http-nio-8169-exec-23",
                    "class": "o.s.w.s.m.m.a.RequestMappingHandlerMapping",
                    "message": "Mapped to com.zbkj.admin.controller.HomeController#operatingData()" }
                    
{
                    "app": "Crmeb",
                    "timestamp":"2026-06-11 16:38:44.598",
                    "level": "DEBUG",
                    "thread": "http-nio-8169-exec-24",
                    "class": "o.s.web.servlet.DispatcherServlet",
                    "message": "GET "/api/admin/statistics/user/overview?dateLimit=lately7&temp=1781167122", parameters={masked}" }
                    
{
                    "app": "Crmeb",
                    "timestamp":"2026-06-11 16:38:44.599",
                    "level": "DEBUG",
                    "thread": "http-nio-8169-exec-24",
                    "class": "o.s.w.s.m.m.a.RequestMappingHandlerMapping",
                    "message": "Mapped to com.zbkj.admin.controller.UserStatisticsController#getOverview(String)" }
                    
{
                    "app": "Crmeb",
                    "timestamp":"2026-06-11 16:38:44.602",
                    "level": "DEBUG",
                    "thread": "http-nio-8169-exec-20",
                    "class": "o.s.w.s.handler.SimpleUrlHandlerMapping",
                    "message": "Mapped to ResourceHttpRequestHandler ["file:/data/deploy/jzk//crmebimage/"]" }
                    
{
                    "app": "Crmeb",
                    "timestamp":"2026-06-11 16:38:44.603",
                    "level": "DEBUG",
                    "thread": "http-nio-8169-exec-18",
                    "class": "o.s.web.servlet.DispatcherServlet",
                    "message": "GET "/api/admin/statistics/home/chart/user?temp=1781167122", parameters={masked}" }
                    
{
                    "app": "Crmeb",
                    "timestamp":"2026-06-11 16:38:44.603",
                    "level": "DEBUG",
                    "thread": "http-nio-8169-exec-18",
                    "class": "o.s.w.s.m.m.a.RequestMappingHandlerMapping",
                    "message": "Mapped to com.zbkj.admin.controller.HomeController#chartUser()" }
                    
{
                    "app": "Crmeb",
                    "timestamp":"2026-06-11 16:38:44.668",
                    "level": "DEBUG",
                    "thread": "http-nio-8169-exec-25",
                    "class": "o.s.web.servlet.DispatcherServlet",
                    "message": "GET "/api/admin/statistics/user/channel?temp=1781167122", parameters={masked}" }
                    
{
                    "app": "Crmeb",
                    "timestamp":"2026-06-11 16:38:44.668",
                    "level": "DEBUG",
                    "thread": "http-nio-8169-exec-25",
                    "class": "o.s.w.s.m.m.a.RequestMappingHandlerMapping",
                    "message": "Mapped to com.zbkj.admin.controller.UserStatisticsController#getChannelData()" }
                    
{
                    "app": "Crmeb",
                    "timestamp":"2026-06-11 16:38:44.726",
                    "level": "DEBUG",
                    "thread": "http-nio-8169-exec-20",
                    "class": "o.s.w.s.r.ResourceHttpRequestHandler",
                    "message": "Resource not found" }
                    
{
                    "app": "Crmeb",
                    "timestamp":"2026-06-11 16:38:44.726",
                    "level": "DEBUG",
                    "thread": "http-nio-8169-exec-20",
                    "class": "o.s.web.servlet.DispatcherServlet",
                    "message": "Completed 404 NOT_FOUND" }
                    
{
                    "app": "Crmeb",
                    "timestamp":"2026-06-11 16:38:44.765",
                    "level": "DEBUG",
                    "thread": "http-nio-8169-exec-20",
                    "class": "o.s.web.servlet.DispatcherServlet",
                    "message": ""ERROR" dispatch for GET "/error", parameters={}" }
                    
{
                    "app": "Crmeb",
                    "timestamp":"2026-06-11 16:38:44.768",
                    "level": "DEBUG",
                    "thread": "http-nio-8169-exec-20",
                    "class": "o.s.w.s.m.m.a.RequestMappingHandlerMapping",
                    "message": "Mapped to org.springframework.boot.autoconfigure.web.servlet.error.BasicErrorController#error(HttpServletRequest)" }
                    
{
                    "app": "Crmeb",
                    "timestamp":"2026-06-11 16:38:44.785",
                    "level": "DEBUG",
                    "thread": "http-nio-8169-exec-3",
                    "class": "o.s.w.s.m.m.a.RequestResponseBodyMethodProcessor",
                    "message": "Using 'application/json', given [application/json, text/plain, */*] and supported [application/json, application/*+json, application/json, application/*+json, application/cbor]" }
                    
{
                    "app": "Crmeb",
                    "timestamp":"2026-06-11 16:38:44.785",
                    "level": "DEBUG",
                    "thread": "http-nio-8169-exec-3",
                    "class": "o.s.w.s.m.m.a.RequestResponseBodyMethodProcessor",
                    "message": "Writing [com.zbkj.common.result.CommonResult@2fb3f214]" }
                    
{
                    "app": "Crmeb",
                    "timestamp":"2026-06-11 16:38:44.785",
                    "level": "DEBUG",
                    "thread": "http-nio-8169-exec-3",
                    "class": "o.s.web.servlet.DispatcherServlet",
                    "message": "Completed 200 OK" }
                    
{
                    "app": "Crmeb",
                    "timestamp":"2026-06-11 16:38:44.785",
                    "level": "DEBUG",
                    "thread": "http-nio-8169-exec-20",
                    "class": "o.s.w.s.m.m.a.HttpEntityMethodProcessor",
                    "message": "Using 'application/json;q=0.8', given [image/avif, image/webp, image/apng, image/svg+xml, image/*, */*;q=0.8] and supported [application/json, application/*+json, application/json, application/*+json, application/cbor]" }
                    
{
                    "app": "Crmeb",
                    "timestamp":"2026-06-11 16:38:44.786",
                    "level": "DEBUG",
                    "thread": "http-nio-8169-exec-20",
                    "class": "o.s.w.s.m.m.a.HttpEntityMethodProcessor",
                    "message": "Writing [{timestamp=Thu Jun 11 16:38:44 CST 2026, status=404, error=Not Found, message=No message available,  (truncated)...]" }
                    
{
                    "app": "Crmeb",
                    "timestamp":"2026-06-11 16:38:44.786",
                    "level": "DEBUG",
                    "thread": "http-nio-8169-exec-20",
                    "class": "o.s.web.servlet.DispatcherServlet",
                    "message": "Exiting from "ERROR" dispatch, status 404" }
                    
{
                    "app": "Crmeb",
                    "timestamp":"2026-06-11 16:38:44.801",
                    "level": "DEBUG",
                    "thread": "http-nio-8169-exec-25",
                    "class": "o.s.w.s.m.m.a.RequestResponseBodyMethodProcessor",
                    "message": "Using 'application/json', given [application/json, text/plain, */*] and supported [application/json, application/*+json, application/json, application/*+json, application/cbor]" }
                    
{
                    "app": "Crmeb",
                    "timestamp":"2026-06-11 16:38:44.801",
                    "level": "DEBUG",
                    "thread": "http-nio-8169-exec-25",
                    "class": "o.s.w.s.m.m.a.RequestResponseBodyMethodProcessor",
                    "message": "Writing [com.zbkj.common.result.CommonResult@6c4673e4]" }
                    
{
                    "app": "Crmeb",
                    "timestamp":"2026-06-11 16:38:44.802",
                    "level": "DEBUG",
                    "thread": "http-nio-8169-exec-25",
                    "class": "o.s.web.servlet.DispatcherServlet",
                    "message": "Completed 200 OK" }
                    
{
                    "app": "Crmeb",
                    "timestamp":"2026-06-11 16:38:44.823",
                    "level": "DEBUG",
                    "thread": "http-nio-8169-exec-18",
                    "class": "o.s.w.s.m.m.a.RequestResponseBodyMethodProcessor",
                    "message": "Using 'application/json', given [application/json, text/plain, */*] and supported [application/json, application/*+json, application/json, application/*+json, application/cbor]" }
                    
{
                    "app": "Crmeb",
                    "timestamp":"2026-06-11 16:38:44.824",
                    "level": "DEBUG",
                    "thread": "http-nio-8169-exec-18",
                    "class": "o.s.w.s.m.m.a.RequestResponseBodyMethodProcessor",
                    "message": "Writing [com.zbkj.common.result.CommonResult@4eea6c45]" }
                    
{
                    "app": "Crmeb",
                    "timestamp":"2026-06-11 16:38:44.824",
                    "level": "DEBUG",
                    "thread": "http-nio-8169-exec-18",
                    "class": "o.s.web.servlet.DispatcherServlet",
                    "message": "Completed 200 OK" }
                    
{
                    "app": "Crmeb",
                    "timestamp":"2026-06-11 16:38:44.869",
                    "level": "DEBUG",
                    "thread": "http-nio-8169-exec-5",
                    "class": "o.s.web.servlet.DispatcherServlet",
                    "message": "GET "/api/admin/statistics/home/index?temp=1781167122", parameters={masked}" }
                    
{
                    "app": "Crmeb",
                    "timestamp":"2026-06-11 16:38:44.869",
                    "level": "DEBUG",
                    "thread": "http-nio-8169-exec-5",
                    "class": "o.s.w.s.m.m.a.RequestMappingHandlerMapping",
                    "message": "Mapped to com.zbkj.admin.controller.HomeController#indexDate()" }
                    
{
                    "app": "Crmeb",
                    "timestamp":"2026-06-11 16:38:44.875",
                    "level": "DEBUG",
                    "thread": "http-nio-8169-exec-13",
                    "class": "o.s.web.servlet.DispatcherServlet",
                    "message": "GET "/api/public/jsconfig/get/front/domain?temp=1781167122", parameters={masked}" }
                    
{
                    "app": "Crmeb",
                    "timestamp":"2026-06-11 16:38:44.876",
                    "level": "DEBUG",
                    "thread": "http-nio-8169-exec-13",
                    "class": "o.s.w.s.m.m.a.RequestMappingHandlerMapping",
                    "message": "Mapped to com.zbkj.admin.pub.GetJSConfig#getFrontDomain()" }
                    
{
                    "app": "Crmeb",
                    "timestamp":"2026-06-11 16:38:44.878",
                    "level": "DEBUG",
                    "thread": "http-nio-8169-exec-8",
                    "class": "o.s.web.client.RestTemplate",
                    "message": "HTTP POST https://authorize.crmeb.net/api/auth_cert_query?domain_name=https://jzk.wit.cn&label=22&version=CRMEB-JAVA-KY-v1.4" }
                    
{
                    "app": "Crmeb",
                    "timestamp":"2026-06-11 16:38:44.900",
                    "level": "DEBUG",
                    "thread": "http-nio-8169-exec-8",
                    "class": "o.s.web.client.RestTemplate",
                    "message": "Accept=[application/json, application/cbor, application/*+json, text/plain, text/html]" }
                    
{
                    "app": "Crmeb",
                    "timestamp":"2026-06-11 16:38:44.934",
                    "level": "DEBUG",
                    "thread": "http-nio-8169-exec-15",
                    "class": "o.s.web.servlet.DispatcherServlet",
                    "message": "GET "/api/public/jsconfig/get/admin/mediadomain?temp=1781167122", parameters={masked}" }
                    
{
                    "app": "Crmeb",
                    "timestamp":"2026-06-11 16:38:44.935",
                    "level": "DEBUG",
                    "thread": "http-nio-8169-exec-15",
                    "class": "o.s.w.s.m.m.a.RequestMappingHandlerMapping",
                    "message": "Mapped to com.zbkj.admin.pub.GetJSConfig#getMediaDomain()" }
                    
{
                    "app": "Crmeb",
                    "timestamp":"2026-06-11 16:38:44.935",
                    "level": "DEBUG",
                    "thread": "http-nio-8169-exec-13",
                    "class": "o.s.w.s.m.m.a.RequestResponseBodyMethodProcessor",
                    "message": "Using 'application/json', given [application/json, text/plain, */*] and supported [application/json, application/*+json, application/json, application/*+json, application/cbor]" }
                    
{
                    "app": "Crmeb",
                    "timestamp":"2026-06-11 16:38:44.935",
                    "level": "DEBUG",
                    "thread": "http-nio-8169-exec-13",
                    "class": "o.s.w.s.m.m.a.RequestResponseBodyMethodProcessor",
                    "message": "Writing [com.zbkj.common.result.CommonResult@54dcfa5a]" }
                    
{
                    "app": "Crmeb",
                    "timestamp":"2026-06-11 16:38:44.935",
                    "level": "DEBUG",
                    "thread": "http-nio-8169-exec-13",
                    "class": "o.s.web.servlet.DispatcherServlet",
                    "message": "Completed 200 OK" }
                    
{
                    "app": "Crmeb",
                    "timestamp":"2026-06-11 16:38:45.016",
                    "level": "DEBUG",
                    "thread": "http-nio-8169-exec-15",
                    "class": "o.s.w.s.m.m.a.RequestResponseBodyMethodProcessor",
                    "message": "Using 'application/json', given [application/json, text/plain, */*] and supported [application/json, application/*+json, application/json, application/*+json, application/cbor]" }
                    
{
                    "app": "Crmeb",
                    "timestamp":"2026-06-11 16:38:45.016",
                    "level": "DEBUG",
                    "thread": "http-nio-8169-exec-15",
                    "class": "o.s.w.s.m.m.a.RequestResponseBodyMethodProcessor",
                    "message": "Writing [com.zbkj.common.result.CommonResult@22ed00d2]" }
                    
{
                    "app": "Crmeb",
                    "timestamp":"2026-06-11 16:38:45.017",
                    "level": "DEBUG",
                    "thread": "http-nio-8169-exec-15",
                    "class": "o.s.web.servlet.DispatcherServlet",
                    "message": "Completed 200 OK" }
                    
{
                    "app": "Crmeb",
                    "timestamp":"2026-06-11 16:38:45.265",
                    "level": "DEBUG",
                    "thread": "http-nio-8169-exec-8",
                    "class": "o.s.web.client.RestTemplate",
                    "message": "Response 200 OK" }
                    
{
                    "app": "Crmeb",
                    "timestamp":"2026-06-11 16:38:45.268",
                    "level": "DEBUG",
                    "thread": "http-nio-8169-exec-8",
                    "class": "o.s.web.client.RestTemplate",
                    "message": "Reading to [com.alibaba.fastjson.JSONObject]" }
                    
{
                    "app": "Crmeb",
                    "timestamp":"2026-06-11 16:38:45.283",
                    "level": "DEBUG",
                    "thread": "http-nio-8169-exec-8",
                    "class": "o.s.w.s.m.m.a.RequestResponseBodyMethodProcessor",
                    "message": "Using 'application/json', given [application/json, text/plain, */*] and supported [application/json, application/*+json, application/json, application/*+json, application/cbor]" }
                    
{
                    "app": "Crmeb",
                    "timestamp":"2026-06-11 16:38:45.284",
                    "level": "DEBUG",
                    "thread": "http-nio-8169-exec-8",
                    "class": "o.s.w.s.m.m.a.RequestResponseBodyMethodProcessor",
                    "message": "Writing [com.zbkj.common.result.CommonResult@3f5f753e]" }
                    
{
                    "app": "Crmeb",
                    "timestamp":"2026-06-11 16:38:45.284",
                    "level": "DEBUG",
                    "thread": "http-nio-8169-exec-8",
                    "class": "o.s.web.servlet.DispatcherServlet",
                    "message": "Completed 200 OK" }
                    
{
                    "app": "Crmeb",
                    "timestamp":"2026-06-11 16:38:45.319",
                    "level": "DEBUG",
                    "thread": "http-nio-8169-exec-5",
                    "class": "o.s.w.s.m.m.a.RequestResponseBodyMethodProcessor",
                    "message": "Using 'application/json', given [application/json, text/plain, */*] and supported [application/json, application/*+json, application/json, application/*+json, application/cbor]" }
                    
{
                    "app": "Crmeb",
                    "timestamp":"2026-06-11 16:38:45.320",
                    "level": "DEBUG",
                    "thread": "http-nio-8169-exec-5",
                    "class": "o.s.w.s.m.m.a.RequestResponseBodyMethodProcessor",
                    "message": "Writing [com.zbkj.common.result.CommonResult@21e46b7]" }
                    
{
                    "app": "Crmeb",
                    "timestamp":"2026-06-11 16:38:45.321",
                    "level": "DEBUG",
                    "thread": "http-nio-8169-exec-5",
                    "class": "o.s.web.servlet.DispatcherServlet",
                    "message": "Completed 200 OK" }
                    
{
                    "app": "Crmeb",
                    "timestamp":"2026-06-11 16:38:45.335",
                    "level": "DEBUG",
                    "thread": "http-nio-8169-exec-23",
                    "class": "o.s.w.s.m.m.a.RequestResponseBodyMethodProcessor",
                    "message": "Using 'application/json', given [application/json, text/plain, */*] and supported [application/json, application/*+json, application/json, application/*+json, application/cbor]" }
                    
{
                    "app": "Crmeb",
                    "timestamp":"2026-06-11 16:38:45.335",
                    "level": "DEBUG",
                    "thread": "http-nio-8169-exec-23",
                    "class": "o.s.w.s.m.m.a.RequestResponseBodyMethodProcessor",
                    "message": "Writing [com.zbkj.common.result.CommonResult@3b8dc045]" }
                    
{
                    "app": "Crmeb",
                    "timestamp":"2026-06-11 16:38:45.338",
                    "level": "DEBUG",
                    "thread": "http-nio-8169-exec-23",
                    "class": "o.s.web.servlet.DispatcherServlet",
                    "message": "Completed 200 OK" }
                    
{
                    "app": "Crmeb",
                    "timestamp":"2026-06-11 16:38:45.626",
                    "level": "DEBUG",
                    "thread": "http-nio-8169-exec-24",
                    "class": "o.s.w.s.m.m.a.RequestResponseBodyMethodProcessor",
                    "message": "Using 'application/json', given [application/json, text/plain, */*] and supported [application/json, application/*+json, application/json, application/*+json, application/cbor]" }
                    
{
                    "app": "Crmeb",
                    "timestamp":"2026-06-11 16:38:45.626",
                    "level": "DEBUG",
                    "thread": "http-nio-8169-exec-24",
                    "class": "o.s.w.s.m.m.a.RequestResponseBodyMethodProcessor",
                    "message": "Writing [com.zbkj.common.result.CommonResult@65d166df]" }
                    
{
                    "app": "Crmeb",
                    "timestamp":"2026-06-11 16:38:45.627",
                    "level": "DEBUG",
                    "thread": "http-nio-8169-exec-24",
                    "class": "o.s.web.servlet.DispatcherServlet",
                    "message": "Completed 200 OK" }
                    
{
                    "app": "Crmeb",
                    "timestamp":"2026-06-11 16:38:48.457",
                    "level": "DEBUG",
                    "thread": "http-nio-8169-exec-7",
                    "class": "o.s.web.servlet.DispatcherServlet",
                    "message": "GET "/api/admin/category/list/tree?type=6&status=-1&temp=1781167128", parameters={masked}" }
                    
{
                    "app": "Crmeb",
                    "timestamp":"2026-06-11 16:38:48.457",
                    "level": "DEBUG",
                    "thread": "http-nio-8169-exec-7",
                    "class": "o.s.w.s.m.m.a.RequestMappingHandlerMapping",
                    "message": "Mapped to com.zbkj.admin.controller.CategoryController#getListTree(Integer, Integer, String)" }
                    
{
                    "app": "Crmeb",
                    "timestamp":"2026-06-11 16:38:48.618",
                    "level": "DEBUG",
                    "thread": "http-nio-8169-exec-7",
                    "class": "o.s.w.s.m.m.a.RequestResponseBodyMethodProcessor",
                    "message": "Using 'application/json', given [application/json, text/plain, */*] and supported [application/json, application/*+json, application/json, application/*+json, application/cbor]" }
                    
{
                    "app": "Crmeb",
                    "timestamp":"2026-06-11 16:38:48.619",
                    "level": "DEBUG",
                    "thread": "http-nio-8169-exec-7",
                    "class": "o.s.w.s.m.m.a.RequestResponseBodyMethodProcessor",
                    "message": "Writing [com.zbkj.common.result.CommonResult@6c2551c3]" }
                    
{
                    "app": "Crmeb",
                    "timestamp":"2026-06-11 16:38:48.620",
                    "level": "DEBUG",
                    "thread": "http-nio-8169-exec-7",
                    "class": "o.s.web.servlet.DispatcherServlet",
                    "message": "Completed 200 OK" }
                    
{
                    "app": "Crmeb",
                    "timestamp":"2026-06-11 16:38:49.633",
                    "level": "DEBUG",
                    "thread": "http-nio-8169-exec-11",
                    "class": "o.s.web.servlet.DispatcherServlet",
                    "message": "GET "/api/admin/category/list/tree?type=2&status=-1&temp=1781167129", parameters={masked}" }
                    
{
                    "app": "Crmeb",
                    "timestamp":"2026-06-11 16:38:49.633",
                    "level": "DEBUG",
                    "thread": "http-nio-8169-exec-11",
                    "class": "o.s.w.s.m.m.a.RequestMappingHandlerMapping",
                    "message": "Mapped to com.zbkj.admin.controller.CategoryController#getListTree(Integer, Integer, String)" }
                    
{
                    "app": "Crmeb",
                    "timestamp":"2026-06-11 16:38:49.666",
                    "level": "DEBUG",
                    "thread": "http-nio-8169-exec-16",
                    "class": "o.s.web.servlet.DispatcherServlet",
                    "message": "GET "/api/admin/system/attachment/list?page=1&limit=18&pid=0&attType=jpg,jpeg,gif,png,bmp,PNG,JPG&temp=1781167129", parameters={masked}" }
                    
{
                    "app": "Crmeb",
                    "timestamp":"2026-06-11 16:38:49.666",
                    "level": "DEBUG",
                    "thread": "http-nio-8169-exec-16",
                    "class": "o.s.w.s.m.m.a.RequestMappingHandlerMapping",
                    "message": "Mapped to com.zbkj.admin.controller.SystemAttachmentController#getList(Integer, String, PageParamRequest)" }
                    
{
                    "app": "Crmeb",
                    "timestamp":"2026-06-11 16:38:49.681",
                    "level": "DEBUG",
                    "thread": "http-nio-8169-exec-11",
                    "class": "o.s.w.s.m.m.a.RequestResponseBodyMethodProcessor",
                    "message": "Using 'application/json', given [application/json, text/plain, */*] and supported [application/json, application/*+json, application/json, application/*+json, application/cbor]" }
                    
{
                    "app": "Crmeb",
                    "timestamp":"2026-06-11 16:38:49.681",
                    "level": "DEBUG",
                    "thread": "http-nio-8169-exec-11",
                    "class": "o.s.w.s.m.m.a.RequestResponseBodyMethodProcessor",
                    "message": "Writing [com.zbkj.common.result.CommonResult@3ff31ee5]" }
                    
{
                    "app": "Crmeb",
                    "timestamp":"2026-06-11 16:38:49.681",
                    "level": "DEBUG",
                    "thread": "http-nio-8169-exec-11",
                    "class": "o.s.web.servlet.DispatcherServlet",
                    "message": "Completed 200 OK" }
                    
{
                    "app": "Crmeb",
                    "timestamp":"2026-06-11 16:38:49.820",
                    "level": "DEBUG",
                    "thread": "http-nio-8169-exec-16",
                    "class": "o.s.w.s.m.m.a.RequestResponseBodyMethodProcessor",
                    "message": "Using 'application/json', given [application/json, text/plain, */*] and supported [application/json, application/*+json, application/json, application/*+json, application/cbor]" }
                    
{
                    "app": "Crmeb",
                    "timestamp":"2026-06-11 16:38:49.821",
                    "level": "DEBUG",
                    "thread": "http-nio-8169-exec-16",
                    "class": "o.s.w.s.m.m.a.RequestResponseBodyMethodProcessor",
                    "message": "Writing [com.zbkj.common.result.CommonResult@70c71e49]" }
                    
{
                    "app": "Crmeb",
                    "timestamp":"2026-06-11 16:38:49.827",
                    "level": "DEBUG",
                    "thread": "http-nio-8169-exec-16",
                    "class": "o.s.web.servlet.DispatcherServlet",
                    "message": "Completed 200 OK" }
                    
{
                    "app": "Crmeb",
                    "timestamp":"2026-06-11 16:38:52.255",
                    "level": "DEBUG",
                    "thread": "http-nio-8169-exec-14",
                    "class": "o.s.web.servlet.DispatcherServlet",
                    "message": "GET "/api/admin/system/attachment/list?page=1&limit=18&pid=719&attType=jpg,jpeg,gif,png,bmp,PNG,JPG&temp=1781167132", parameters={masked}" }
                    
{
                    "app": "Crmeb",
                    "timestamp":"2026-06-11 16:38:52.255",
                    "level": "DEBUG",
                    "thread": "http-nio-8169-exec-14",
                    "class": "o.s.w.s.m.m.a.RequestMappingHandlerMapping",
                    "message": "Mapped to com.zbkj.admin.controller.SystemAttachmentController#getList(Integer, String, PageParamRequest)" }
                    
{
                    "app": "Crmeb",
                    "timestamp":"2026-06-11 16:38:52.306",
                    "level": "DEBUG",
                    "thread": "http-nio-8169-exec-14",
                    "class": "o.s.w.s.m.m.a.RequestResponseBodyMethodProcessor",
                    "message": "Using 'application/json', given [application/json, text/plain, */*] and supported [application/json, application/*+json, application/json, application/*+json, application/cbor]" }
                    
{
                    "app": "Crmeb",
                    "timestamp":"2026-06-11 16:38:52.307",
                    "level": "DEBUG",
                    "thread": "http-nio-8169-exec-14",
                    "class": "o.s.w.s.m.m.a.RequestResponseBodyMethodProcessor",
                    "message": "Writing [com.zbkj.common.result.CommonResult@708d9926]" }
                    
{
                    "app": "Crmeb",
                    "timestamp":"2026-06-11 16:38:52.307",
                    "level": "DEBUG",
                    "thread": "http-nio-8169-exec-14",
                    "class": "o.s.web.servlet.DispatcherServlet",
                    "message": "Completed 200 OK" }
                    
{
                    "app": "Crmeb",
                    "timestamp":"2026-06-11 16:38:55.512",
                    "level": "DEBUG",
                    "thread": "http-nio-8169-exec-21",
                    "class": "o.s.web.servlet.DispatcherServlet",
                    "message": "GET "/api/admin/system/attachment/list?page=1&limit=18&pid=811&attType=jpg,jpeg,gif,png,bmp,PNG,JPG&temp=1781167135", parameters={masked}" }
                    
{
                    "app": "Crmeb",
                    "timestamp":"2026-06-11 16:38:55.513",
                    "level": "DEBUG",
                    "thread": "http-nio-8169-exec-21",
                    "class": "o.s.w.s.m.m.a.RequestMappingHandlerMapping",
                    "message": "Mapped to com.zbkj.admin.controller.SystemAttachmentController#getList(Integer, String, PageParamRequest)" }
                    
{
                    "app": "Crmeb",
                    "timestamp":"2026-06-11 16:38:55.611",
                    "level": "DEBUG",
                    "thread": "http-nio-8169-exec-21",
                    "class": "o.s.w.s.m.m.a.RequestResponseBodyMethodProcessor",
                    "message": "Using 'application/json', given [application/json, text/plain, */*] and supported [application/json, application/*+json, application/json, application/*+json, application/cbor]" }
                    
{
                    "app": "Crmeb",
                    "timestamp":"2026-06-11 16:38:55.612",
                    "level": "DEBUG",
                    "thread": "http-nio-8169-exec-21",
                    "class": "o.s.w.s.m.m.a.RequestResponseBodyMethodProcessor",
                    "message": "Writing [com.zbkj.common.result.CommonResult@65a4e52e]" }
                    
{
                    "app": "Crmeb",
                    "timestamp":"2026-06-11 16:38:55.613",
                    "level": "DEBUG",
                    "thread": "http-nio-8169-exec-21",
                    "class": "o.s.web.servlet.DispatcherServlet",
                    "message": "Completed 200 OK" }
                    
{
                    "app": "Crmeb",
                    "timestamp":"2026-06-11 16:39:52.215",
                    "level": "DEBUG",
                    "thread": "http-nio-8169-exec-22",
                    "class": "o.s.web.servlet.DispatcherServlet",
                    "message": "GET "/api/admin/logout?temp=1781167192", parameters={masked}" }
                    
{
                    "app": "Crmeb",
                    "timestamp":"2026-06-11 16:39:52.222",
                    "level": "DEBUG",
                    "thread": "http-nio-8169-exec-22",
                    "class": "o.s.w.s.m.m.a.RequestMappingHandlerMapping",
                    "message": "Mapped to com.zbkj.admin.controller.AdminLoginController#SystemAdminLogout()" }
                    
{
                    "app": "Crmeb",
                    "timestamp":"2026-06-11 16:39:52.289",
                    "level": "DEBUG",
                    "thread": "http-nio-8169-exec-22",
                    "class": "o.s.w.s.m.m.a.RequestResponseBodyMethodProcessor",
                    "message": "Using 'application/json', given [application/json, text/plain, */*] and supported [application/json, application/*+json, application/json, application/*+json, application/cbor]" }
                    
{
                    "app": "Crmeb",
                    "timestamp":"2026-06-11 16:39:52.289",
                    "level": "DEBUG",
                    "thread": "http-nio-8169-exec-22",
                    "class": "o.s.w.s.m.m.a.RequestResponseBodyMethodProcessor",
                    "message": "Writing [com.zbkj.common.result.CommonResult@3a98a27e]" }
                    
{
                    "app": "Crmeb",
                    "timestamp":"2026-06-11 16:39:52.290",
                    "level": "DEBUG",
                    "thread": "http-nio-8169-exec-22",
                    "class": "o.s.web.servlet.DispatcherServlet",
                    "message": "Completed 200 OK" }
                    
{
                    "app": "Crmeb",
                    "timestamp":"2026-06-11 16:39:52.328",
                    "level": "DEBUG",
                    "thread": "http-nio-8169-exec-3",
                    "class": "o.s.web.servlet.DispatcherServlet",
                    "message": "GET "/api/admin/getLoginPic?temp=1781167192", parameters={masked}" }
                    
{
                    "app": "Crmeb",
                    "timestamp":"2026-06-11 16:39:52.329",
                    "level": "DEBUG",
                    "thread": "http-nio-8169-exec-3",
                    "class": "o.s.w.s.m.m.a.RequestMappingHandlerMapping",
                    "message": "Mapped to com.zbkj.admin.controller.AdminLoginController#getLoginPic()" }
                    
{
                    "app": "Crmeb",
                    "timestamp":"2026-06-11 16:39:52.633",
                    "level": "DEBUG",
                    "thread": "http-nio-8169-exec-3",
                    "class": "o.s.w.s.m.m.a.RequestResponseBodyMethodProcessor",
                    "message": "Using 'application/json', given [application/json, text/plain, */*] and supported [application/json, application/*+json, application/json, application/*+json, application/cbor]" }
                    
{
                    "app": "Crmeb",
                    "timestamp":"2026-06-11 16:39:52.633",
                    "level": "DEBUG",
                    "thread": "http-nio-8169-exec-3",
                    "class": "o.s.w.s.m.m.a.RequestResponseBodyMethodProcessor",
                    "message": "Writing [com.zbkj.common.result.CommonResult@5a275d7f]" }
                    
{
                    "app": "Crmeb",
                    "timestamp":"2026-06-11 16:39:52.633",
                    "level": "DEBUG",
                    "thread": "http-nio-8169-exec-3",
                    "class": "o.s.web.servlet.DispatcherServlet",
                    "message": "Completed 200 OK" }
                    
{
                    "app": "Crmeb",
                    "timestamp":"2026-06-11 16:39:53.361",
                    "level": "DEBUG",
                    "thread": "http-nio-8169-exec-6",
                    "class": "o.s.web.servlet.DispatcherServlet",
                    "message": "GET "/api/admin/getLoginPic?temp=1781167193", parameters={masked}" }
                    
{
                    "app": "Crmeb",
                    "timestamp":"2026-06-11 16:39:53.361",
                    "level": "DEBUG",
                    "thread": "http-nio-8169-exec-6",
                    "class": "o.s.w.s.m.m.a.RequestMappingHandlerMapping",
                    "message": "Mapped to com.zbkj.admin.controller.AdminLoginController#getLoginPic()" }
                    
{
                    "app": "Crmeb",
                    "timestamp":"2026-06-11 16:39:53.667",
                    "level": "DEBUG",
                    "thread": "http-nio-8169-exec-6",
                    "class": "o.s.w.s.m.m.a.RequestResponseBodyMethodProcessor",
                    "message": "Using 'application/json', given [application/json, text/plain, */*] and supported [application/json, application/*+json, application/json, application/*+json, application/cbor]" }
                    
{
                    "app": "Crmeb",
                    "timestamp":"2026-06-11 16:39:53.667",
                    "level": "DEBUG",
                    "thread": "http-nio-8169-exec-6",
                    "class": "o.s.w.s.m.m.a.RequestResponseBodyMethodProcessor",
                    "message": "Writing [com.zbkj.common.result.CommonResult@7dd91c58]" }
                    
{
                    "app": "Crmeb",
                    "timestamp":"2026-06-11 16:39:53.679",
                    "level": "DEBUG",
                    "thread": "http-nio-8169-exec-6",
                    "class": "o.s.web.servlet.DispatcherServlet",
                    "message": "Completed 200 OK" }
                    
{
                    "app": "Crmeb",
                    "timestamp":"2026-06-11 16:40:11.071",
                    "level": "DEBUG",
                    "thread": "http-nio-8169-exec-25",
                    "class": "o.s.web.servlet.DispatcherServlet",
                    "message": "POST "/api/admin/login/account/detection", parameters={}" }
                    
{
                    "app": "Crmeb",
                    "timestamp":"2026-06-11 16:40:11.072",
                    "level": "DEBUG",
                    "thread": "http-nio-8169-exec-25",
                    "class": "o.s.w.s.m.m.a.RequestMappingHandlerMapping",
                    "message": "Mapped to com.zbkj.admin.controller.AdminLoginController#accountDetection(AdminAccountDetectionRequest)" }
                    
{
                    "app": "Crmeb",
                    "timestamp":"2026-06-11 16:40:11.073",
                    "level": "DEBUG",
                    "thread": "http-nio-8169-exec-25",
                    "class": "o.s.w.s.m.m.a.RequestResponseBodyMethodProcessor",
                    "message": "Read "application/json;charset=UTF-8" to [AdminAccountDetectionRequest(account=cjp)]" }
                    
{
                    "app": "Crmeb",
                    "timestamp":"2026-06-11 16:40:11.148",
                    "level": "DEBUG",
                    "thread": "http-nio-8169-exec-25",
                    "class": "o.s.w.s.m.m.a.RequestResponseBodyMethodProcessor",
                    "message": "Using 'application/json', given [application/json, text/plain, */*] and supported [application/json, application/*+json, application/json, application/*+json, application/cbor]" }
                    
{
                    "app": "Crmeb",
                    "timestamp":"2026-06-11 16:40:11.149",
                    "level": "DEBUG",
                    "thread": "http-nio-8169-exec-25",
                    "class": "o.s.w.s.m.m.a.RequestResponseBodyMethodProcessor",
                    "message": "Writing [com.zbkj.common.result.CommonResult@662d7e70]" }
                    
{
                    "app": "Crmeb",
                    "timestamp":"2026-06-11 16:40:11.149",
                    "level": "DEBUG",
                    "thread": "http-nio-8169-exec-25",
                    "class": "o.s.web.servlet.DispatcherServlet",
                    "message": "Completed 200 OK" }
                    
{
                    "app": "Crmeb",
                    "timestamp":"2026-06-11 16:40:53.334",
                    "level": "DEBUG",
                    "thread": "http-nio-8169-exec-15",
                    "class": "o.s.web.servlet.DispatcherServlet",
                    "message": "POST "/api/admin/login/account/detection", parameters={}" }
                    
{
                    "app": "Crmeb",
                    "timestamp":"2026-06-11 16:40:53.334",
                    "level": "DEBUG",
                    "thread": "http-nio-8169-exec-15",
                    "class": "o.s.w.s.m.m.a.RequestMappingHandlerMapping",
                    "message": "Mapped to com.zbkj.admin.controller.AdminLoginController#accountDetection(AdminAccountDetectionRequest)" }
                    
{
                    "app": "Crmeb",
                    "timestamp":"2026-06-11 16:40:53.335",
                    "level": "DEBUG",
                    "thread": "http-nio-8169-exec-15",
                    "class": "o.s.w.s.m.m.a.RequestResponseBodyMethodProcessor",
                    "message": "Read "application/json;charset=UTF-8" to [AdminAccountDetectionRequest(account=cjp)]" }
                    
{
                    "app": "Crmeb",
                    "timestamp":"2026-06-11 16:40:53.405",
                    "level": "DEBUG",
                    "thread": "http-nio-8169-exec-15",
                    "class": "o.s.w.s.m.m.a.RequestResponseBodyMethodProcessor",
                    "message": "Using 'application/json', given [application/json, text/plain, */*] and supported [application/json, application/*+json, application/json, application/*+json, application/cbor]" }
                    
{
                    "app": "Crmeb",
                    "timestamp":"2026-06-11 16:40:53.405",
                    "level": "DEBUG",
                    "thread": "http-nio-8169-exec-15",
                    "class": "o.s.w.s.m.m.a.RequestResponseBodyMethodProcessor",
                    "message": "Writing [com.zbkj.common.result.CommonResult@33f97404]" }
                    
{
                    "app": "Crmeb",
                    "timestamp":"2026-06-11 16:40:53.406",
                    "level": "DEBUG",
                    "thread": "http-nio-8169-exec-15",
                    "class": "o.s.web.servlet.DispatcherServlet",
                    "message": "Completed 200 OK" }
                    
{
                    "app": "Crmeb",
                    "timestamp":"2026-06-11 16:41:27.571",
                    "level": "DEBUG",
                    "thread": "http-nio-8169-exec-8",
                    "class": "o.s.web.servlet.DispatcherServlet",
                    "message": "GET "/api/admin/getLoginPic?temp=1781167287", parameters={masked}" }
                    
{
                    "app": "Crmeb",
                    "timestamp":"2026-06-11 16:41:27.572",
                    "level": "DEBUG",
                    "thread": "http-nio-8169-exec-8",
                    "class": "o.s.w.s.m.m.a.RequestMappingHandlerMapping",
                    "message": "Mapped to com.zbkj.admin.controller.AdminLoginController#getLoginPic()" }
                    
{
                    "app": "Crmeb",
                    "timestamp":"2026-06-11 16:41:27.934",
                    "level": "DEBUG",
                    "thread": "http-nio-8169-exec-8",
                    "class": "o.s.w.s.m.m.a.RequestResponseBodyMethodProcessor",
                    "message": "Using 'application/json', given [application/json, text/plain, */*] and supported [application/json, application/*+json, application/json, application/*+json, application/cbor]" }
                    
{
                    "app": "Crmeb",
                    "timestamp":"2026-06-11 16:41:27.934",
                    "level": "DEBUG",
                    "thread": "http-nio-8169-exec-8",
                    "class": "o.s.w.s.m.m.a.RequestResponseBodyMethodProcessor",
                    "message": "Writing [com.zbkj.common.result.CommonResult@5af6186a]" }
                    
{
                    "app": "Crmeb",
                    "timestamp":"2026-06-11 16:41:27.935",
                    "level": "DEBUG",
                    "thread": "http-nio-8169-exec-8",
                    "class": "o.s.web.servlet.DispatcherServlet",
                    "message": "Completed 200 OK" }
                    
{
                    "app": "Crmeb",
                    "timestamp":"2026-06-11 16:41:30.130",
                    "level": "DEBUG",
                    "thread": "http-nio-8169-exec-5",
                    "class": "o.s.web.servlet.DispatcherServlet",
                    "message": "GET "/api/admin/getLoginPic?temp=1781167290", parameters={masked}" }
                    
{
                    "app": "Crmeb",
                    "timestamp":"2026-06-11 16:41:30.131",
                    "level": "DEBUG",
                    "thread": "http-nio-8169-exec-5",
                    "class": "o.s.w.s.m.m.a.RequestMappingHandlerMapping",
                    "message": "Mapped to com.zbkj.admin.controller.AdminLoginController#getLoginPic()" }
                    
{
                    "app": "Crmeb",
                    "timestamp":"2026-06-11 16:41:30.459",
                    "level": "DEBUG",
                    "thread": "http-nio-8169-exec-5",
                    "class": "o.s.w.s.m.m.a.RequestResponseBodyMethodProcessor",
                    "message": "Using 'application/json', given [application/json, text/plain, */*] and supported [application/json, application/*+json, application/json, application/*+json, application/cbor]" }
                    
{
                    "app": "Crmeb",
                    "timestamp":"2026-06-11 16:41:30.461",
                    "level": "DEBUG",
                    "thread": "http-nio-8169-exec-5",
                    "class": "o.s.w.s.m.m.a.RequestResponseBodyMethodProcessor",
                    "message": "Writing [com.zbkj.common.result.CommonResult@6db2459]" }
                    
{
                    "app": "Crmeb",
                    "timestamp":"2026-06-11 16:41:30.461",
                    "level": "DEBUG",
                    "thread": "http-nio-8169-exec-5",
                    "class": "o.s.web.servlet.DispatcherServlet",
                    "message": "Completed 200 OK" }
                    
{
                    "app": "Crmeb",
                    "timestamp":"2026-06-11 16:41:33.375",
                    "level": "DEBUG",
                    "thread": "http-nio-8169-exec-24",
                    "class": "o.s.web.servlet.DispatcherServlet",
                    "message": "GET "/api/admin/getLoginPic?temp=1781167293", parameters={masked}" }
                    
{
                    "app": "Crmeb",
                    "timestamp":"2026-06-11 16:41:33.376",
                    "level": "DEBUG",
                    "thread": "http-nio-8169-exec-24",
                    "class": "o.s.w.s.m.m.a.RequestMappingHandlerMapping",
                    "message": "Mapped to com.zbkj.admin.controller.AdminLoginController#getLoginPic()" }
                    
{
                    "app": "Crmeb",
                    "timestamp":"2026-06-11 16:41:33.703",
                    "level": "DEBUG",
                    "thread": "http-nio-8169-exec-24",
                    "class": "o.s.w.s.m.m.a.RequestResponseBodyMethodProcessor",
                    "message": "Using 'application/json', given [application/json, text/plain, */*] and supported [application/json, application/*+json, application/json, application/*+json, application/cbor]" }
                    
{
                    "app": "Crmeb",
                    "timestamp":"2026-06-11 16:41:33.703",
                    "level": "DEBUG",
                    "thread": "http-nio-8169-exec-24",
                    "class": "o.s.w.s.m.m.a.RequestResponseBodyMethodProcessor",
                    "message": "Writing [com.zbkj.common.result.CommonResult@406721dc]" }
                    
{
                    "app": "Crmeb",
                    "timestamp":"2026-06-11 16:41:33.704",
                    "level": "DEBUG",
                    "thread": "http-nio-8169-exec-24",
                    "class": "o.s.web.servlet.DispatcherServlet",
                    "message": "Completed 200 OK" }
                    
{
                    "app": "Crmeb",
                    "timestamp":"2026-06-11 16:41:41.243",
                    "level": "DEBUG",
                    "thread": "http-nio-8169-exec-7",
                    "class": "o.s.web.servlet.DispatcherServlet",
                    "message": "POST "/api/admin/login/account/detection", parameters={}" }
                    
{
                    "app": "Crmeb",
                    "timestamp":"2026-06-11 16:41:41.243",
                    "level": "DEBUG",
                    "thread": "http-nio-8169-exec-7",
                    "class": "o.s.w.s.m.m.a.RequestMappingHandlerMapping",
                    "message": "Mapped to com.zbkj.admin.controller.AdminLoginController#accountDetection(AdminAccountDetectionRequest)" }
                    
{
                    "app": "Crmeb",
                    "timestamp":"2026-06-11 16:41:41.244",
                    "level": "DEBUG",
                    "thread": "http-nio-8169-exec-7",
                    "class": "o.s.w.s.m.m.a.RequestResponseBodyMethodProcessor",
                    "message": "Read "application/json;charset=UTF-8" to [AdminAccountDetectionRequest(account=cjp)]" }
                    
{
                    "app": "Crmeb",
                    "timestamp":"2026-06-11 16:41:41.321",
                    "level": "DEBUG",
                    "thread": "http-nio-8169-exec-7",
                    "class": "o.s.w.s.m.m.a.RequestResponseBodyMethodProcessor",
                    "message": "Using 'application/json', given [application/json, text/plain, */*] and supported [application/json, application/*+json, application/json, application/*+json, application/cbor]" }
                    
{
                    "app": "Crmeb",
                    "timestamp":"2026-06-11 16:41:41.322",
                    "level": "DEBUG",
                    "thread": "http-nio-8169-exec-7",
                    "class": "o.s.w.s.m.m.a.RequestResponseBodyMethodProcessor",
                    "message": "Writing [com.zbkj.common.result.CommonResult@7af79aa3]" }
                    
{
                    "app": "Crmeb",
                    "timestamp":"2026-06-11 16:41:41.322",
                    "level": "DEBUG",
                    "thread": "http-nio-8169-exec-7",
                    "class": "o.s.web.servlet.DispatcherServlet",
                    "message": "Completed 200 OK" }
                    
{
                    "app": "Crmeb",
                    "timestamp":"2026-06-11 16:42:11.204",
                    "level": "DEBUG",
                    "thread": "http-nio-8169-exec-12",
                    "class": "o.s.web.servlet.DispatcherServlet",
                    "message": "GET "/api/admin/getLoginPic?temp=1781167331", parameters={masked}" }
                    
{
                    "app": "Crmeb",
                    "timestamp":"2026-06-11 16:42:11.204",
                    "level": "DEBUG",
                    "thread": "http-nio-8169-exec-12",
                    "class": "o.s.w.s.m.m.a.RequestMappingHandlerMapping",
                    "message": "Mapped to com.zbkj.admin.controller.AdminLoginController#getLoginPic()" }
                    
{
                    "app": "Crmeb",
                    "timestamp":"2026-06-11 16:42:11.557",
                    "level": "DEBUG",
                    "thread": "http-nio-8169-exec-12",
                    "class": "o.s.w.s.m.m.a.RequestResponseBodyMethodProcessor",
                    "message": "Using 'application/json', given [application/json, text/plain, */*] and supported [application/json, application/*+json, application/json, application/*+json, application/cbor]" }
                    
{
                    "app": "Crmeb",
                    "timestamp":"2026-06-11 16:42:11.557",
                    "level": "DEBUG",
                    "thread": "http-nio-8169-exec-12",
                    "class": "o.s.w.s.m.m.a.RequestResponseBodyMethodProcessor",
                    "message": "Writing [com.zbkj.common.result.CommonResult@2555846d]" }
                    
{
                    "app": "Crmeb",
                    "timestamp":"2026-06-11 16:42:11.557",
                    "level": "DEBUG",
                    "thread": "http-nio-8169-exec-12",
                    "class": "o.s.web.servlet.DispatcherServlet",
                    "message": "Completed 200 OK" }
                    
{
                    "app": "Crmeb",
                    "timestamp":"2026-06-11 16:42:53.643",
                    "level": "DEBUG",
                    "thread": "http-nio-8169-exec-11",
                    "class": "o.s.web.servlet.DispatcherServlet",
                    "message": "GET "/api/admin/getLoginPic?temp=1781167373", parameters={masked}" }
                    
{
                    "app": "Crmeb",
                    "timestamp":"2026-06-11 16:42:53.644",
                    "level": "DEBUG",
                    "thread": "http-nio-8169-exec-11",
                    "class": "o.s.w.s.m.m.a.RequestMappingHandlerMapping",
                    "message": "Mapped to com.zbkj.admin.controller.AdminLoginController#getLoginPic()" }
                    
{
                    "app": "Crmeb",
                    "timestamp":"2026-06-11 16:42:54.021",
                    "level": "DEBUG",
                    "thread": "http-nio-8169-exec-11",
                    "class": "o.s.w.s.m.m.a.RequestResponseBodyMethodProcessor",
                    "message": "Using 'application/json', given [application/json, text/plain, */*] and supported [application/json, application/*+json, application/json, application/*+json, application/cbor]" }
                    
{
                    "app": "Crmeb",
                    "timestamp":"2026-06-11 16:42:54.021",
                    "level": "DEBUG",
                    "thread": "http-nio-8169-exec-11",
                    "class": "o.s.w.s.m.m.a.RequestResponseBodyMethodProcessor",
                    "message": "Writing [com.zbkj.common.result.CommonResult@2c2fe865]" }
                    
{
                    "app": "Crmeb",
                    "timestamp":"2026-06-11 16:42:54.022",
                    "level": "DEBUG",
                    "thread": "http-nio-8169-exec-11",
                    "class": "o.s.web.servlet.DispatcherServlet",
                    "message": "Completed 200 OK" }
                    
{
                    "app": "Crmeb",
                    "timestamp":"2026-06-11 16:43:11.312",
                    "level": "DEBUG",
                    "thread": "http-nio-8169-exec-26",
                    "class": "o.s.web.servlet.DispatcherServlet",
                    "message": "POST "/api/admin/login/account/detection", parameters={}" }
                    
{
                    "app": "Crmeb",
                    "timestamp":"2026-06-11 16:43:11.312",
                    "level": "DEBUG",
                    "thread": "http-nio-8169-exec-26",
                    "class": "o.s.w.s.m.m.a.RequestMappingHandlerMapping",
                    "message": "Mapped to com.zbkj.admin.controller.AdminLoginController#accountDetection(AdminAccountDetectionRequest)" }
                    
{
                    "app": "Crmeb",
                    "timestamp":"2026-06-11 16:43:11.313",
                    "level": "DEBUG",
                    "thread": "http-nio-8169-exec-26",
                    "class": "o.s.w.s.m.m.a.RequestResponseBodyMethodProcessor",
                    "message": "Read "application/json;charset=UTF-8" to [AdminAccountDetectionRequest(account=cjp)]" }
                    
{
                    "app": "Crmeb",
                    "timestamp":"2026-06-11 16:43:11.393",
                    "level": "DEBUG",
                    "thread": "http-nio-8169-exec-26",
                    "class": "o.s.w.s.m.m.a.RequestResponseBodyMethodProcessor",
                    "message": "Using 'application/json', given [application/json, text/plain, */*] and supported [application/json, application/*+json, application/json, application/*+json, application/cbor]" }
                    
{
                    "app": "Crmeb",
                    "timestamp":"2026-06-11 16:43:11.393",
                    "level": "DEBUG",
                    "thread": "http-nio-8169-exec-26",
                    "class": "o.s.w.s.m.m.a.RequestResponseBodyMethodProcessor",
                    "message": "Writing [com.zbkj.common.result.CommonResult@7bba7f01]" }
                    
{
                    "app": "Crmeb",
                    "timestamp":"2026-06-11 16:43:11.394",
                    "level": "DEBUG",
                    "thread": "http-nio-8169-exec-26",
                    "class": "o.s.web.servlet.DispatcherServlet",
                    "message": "Completed 200 OK" }
                    
{
                    "app": "Crmeb",
                    "timestamp":"2026-06-11 16:43:12.336",
                    "level": "DEBUG",
                    "thread": "http-nio-8169-exec-9",
                    "class": "o.s.web.servlet.DispatcherServlet",
                    "message": "POST "/api/admin/login", parameters={}" }
                    
{
                    "app": "Crmeb",
                    "timestamp":"2026-06-11 16:43:12.337",
                    "level": "DEBUG",
                    "thread": "http-nio-8169-exec-9",
                    "class": "o.s.w.s.m.m.a.RequestMappingHandlerMapping",
                    "message": "Mapped to com.zbkj.admin.controller.AdminLoginController#SystemAdminLogin(SystemAdminLoginRequest, HttpServletRequest)" }
                    
{
                    "app": "Crmeb",
                    "timestamp":"2026-06-11 16:43:12.337",
                    "level": "DEBUG",
                    "thread": "http-nio-8169-exec-9",
                    "class": "o.s.w.s.m.m.a.RequestResponseBodyMethodProcessor",
                    "message": "Read "application/json;charset=UTF-8" to [SystemAdminLoginRequest(account=cjp, pwd=123456, captchaVO=com.anji.captcha.model.vo.CaptchaVO@3c0b0 (truncated)...]" }
                    
{
                    "app": "Crmeb",
                    "timestamp":"2026-06-11 16:43:12.673",
                    "level": "DEBUG",
                    "thread": "http-nio-8169-exec-9",
                    "class": "o.s.w.s.m.m.a.RequestResponseBodyMethodProcessor",
                    "message": "Using 'application/json', given [application/json, text/plain, */*] and supported [application/json]" }
                    
{
                    "app": "Crmeb",
                    "timestamp":"2026-06-11 16:43:12.674",
                    "level": "DEBUG",
                    "thread": "http-nio-8169-exec-9",
                    "class": "o.s.w.s.m.m.a.RequestResponseBodyMethodProcessor",
                    "message": "Writing [com.zbkj.common.result.CommonResult@24a167e4]" }
                    
{
                    "app": "Crmeb",
                    "timestamp":"2026-06-11 16:43:12.674",
                    "level": "DEBUG",
                    "thread": "http-nio-8169-exec-9",
                    "class": "o.s.web.servlet.DispatcherServlet",
                    "message": "Completed 200 OK" }
                    
{
                    "app": "Crmeb",
                    "timestamp":"2026-06-11 16:43:12.779",
                    "level": "DEBUG",
                    "thread": "http-nio-8169-exec-27",
                    "class": "o.s.web.servlet.DispatcherServlet",
                    "message": "GET "/api/admin/getMenus?temp=1781167392", parameters={masked}" }
                    
{
                    "app": "Crmeb",
                    "timestamp":"2026-06-11 16:43:12.779",
                    "level": "DEBUG",
                    "thread": "http-nio-8169-exec-27",
                    "class": "o.s.w.s.m.m.a.RequestMappingHandlerMapping",
                    "message": "Mapped to com.zbkj.admin.controller.AdminLoginController#getMenus()" }
                    
{
                    "app": "Crmeb",
                    "timestamp":"2026-06-11 16:43:12.780",
                    "level": "DEBUG",
                    "thread": "http-nio-8169-exec-29",
                    "class": "o.s.web.servlet.DispatcherServlet",
                    "message": "GET "/api/admin/system/config/get/site/logo?temp=1781167392", parameters={masked}" }
                    
{
                    "app": "Crmeb",
                    "timestamp":"2026-06-11 16:43:12.781",
                    "level": "DEBUG",
                    "thread": "http-nio-8169-exec-29",
                    "class": "o.s.w.s.m.m.a.RequestMappingHandlerMapping",
                    "message": "Mapped to com.zbkj.admin.controller.SystemConfigController#getSiteLogo()" }
                    
{
                    "app": "Crmeb",
                    "timestamp":"2026-06-11 16:43:12.784",
                    "level": "DEBUG",
                    "thread": "http-nio-8169-exec-28",
                    "class": "o.s.web.servlet.DispatcherServlet",
                    "message": "GET "/api/admin/getAdminInfoByToken?token=224ee1efe6c345c78bbae47e7d68d51d&temp=1781167392", parameters={masked}" }
                    
{
                    "app": "Crmeb",
                    "timestamp":"2026-06-11 16:43:12.786",
                    "level": "DEBUG",
                    "thread": "http-nio-8169-exec-28",
                    "class": "o.s.w.s.m.m.a.RequestMappingHandlerMapping",
                    "message": "Mapped to com.zbkj.admin.controller.AdminLoginController#getAdminInfo()" }
                    
{
                    "app": "Crmeb",
                    "timestamp":"2026-06-11 16:43:12.786",
                    "level": "DEBUG",
                    "thread": "http-nio-8169-exec-28",
                    "class": "o.s.w.s.m.m.a.RequestResponseBodyMethodProcessor",
                    "message": "Using 'application/json', given [application/json, text/plain, */*] and supported [application/json, application/*+json, application/json, application/*+json, application/cbor]" }
                    
{
                    "app": "Crmeb",
                    "timestamp":"2026-06-11 16:43:12.787",
                    "level": "DEBUG",
                    "thread": "http-nio-8169-exec-28",
                    "class": "o.s.w.s.m.m.a.RequestResponseBodyMethodProcessor",
                    "message": "Writing [com.zbkj.common.result.CommonResult@29bacd94]" }
                    
{
                    "app": "Crmeb",
                    "timestamp":"2026-06-11 16:43:12.787",
                    "level": "DEBUG",
                    "thread": "http-nio-8169-exec-28",
                    "class": "o.s.web.servlet.DispatcherServlet",
                    "message": "Completed 200 OK" }
                    
{
                    "app": "Crmeb",
                    "timestamp":"2026-06-11 16:43:12.852",
                    "level": "DEBUG",
                    "thread": "http-nio-8169-exec-29",
                    "class": "o.s.w.s.m.m.a.RequestResponseBodyMethodProcessor",
                    "message": "Using 'application/json', given [application/json, text/plain, */*] and supported [application/json, application/*+json, application/json, application/*+json, application/cbor]" }
                    
{
                    "app": "Crmeb",
                    "timestamp":"2026-06-11 16:43:12.852",
                    "level": "DEBUG",
                    "thread": "http-nio-8169-exec-29",
                    "class": "o.s.w.s.m.m.a.RequestResponseBodyMethodProcessor",
                    "message": "Writing [com.zbkj.common.result.CommonResult@2de0d6cd]" }
                    
{
                    "app": "Crmeb",
                    "timestamp":"2026-06-11 16:43:12.852",
                    "level": "DEBUG",
                    "thread": "http-nio-8169-exec-29",
                    "class": "o.s.web.servlet.DispatcherServlet",
                    "message": "Completed 200 OK" }
                    
{
                    "app": "Crmeb",
                    "timestamp":"2026-06-11 16:43:12.853",
                    "level": "DEBUG",
                    "thread": "http-nio-8169-exec-27",
                    "class": "o.s.w.s.m.m.a.RequestResponseBodyMethodProcessor",
                    "message": "Using 'application/json', given [application/json, text/plain, */*] and supported [application/json, application/*+json, application/json, application/*+json, application/cbor]" }
                    
{
                    "app": "Crmeb",
                    "timestamp":"2026-06-11 16:43:12.854",
                    "level": "DEBUG",
                    "thread": "http-nio-8169-exec-27",
                    "class": "o.s.w.s.m.m.a.RequestResponseBodyMethodProcessor",
                    "message": "Writing [com.zbkj.common.result.CommonResult@614bc8f0]" }
                    
{
                    "app": "Crmeb",
                    "timestamp":"2026-06-11 16:43:12.854",
                    "level": "DEBUG",
                    "thread": "http-nio-8169-exec-27",
                    "class": "o.s.web.servlet.DispatcherServlet",
                    "message": "Completed 200 OK" }
                    
{
                    "app": "Crmeb",
                    "timestamp":"2026-06-11 16:43:12.941",
                    "level": "DEBUG",
                    "thread": "http-nio-8169-exec-1",
                    "class": "o.s.web.servlet.DispatcherServlet",
                    "message": "GET "/api/admin/getMenus?temp=1781167392", parameters={masked}" }
                    
{
                    "app": "Crmeb",
                    "timestamp":"2026-06-11 16:43:12.946",
                    "level": "DEBUG",
                    "thread": "http-nio-8169-exec-1",
                    "class": "o.s.w.s.m.m.a.RequestMappingHandlerMapping",
                    "message": "Mapped to com.zbkj.admin.controller.AdminLoginController#getMenus()" }
                    
{
                    "app": "Crmeb",
                    "timestamp":"2026-06-11 16:43:13.009",
                    "level": "DEBUG",
                    "thread": "http-nio-8169-exec-1",
                    "class": "o.s.w.s.m.m.a.RequestResponseBodyMethodProcessor",
                    "message": "Using 'application/json', given [application/json, text/plain, */*] and supported [application/json, application/*+json, application/json, application/*+json, application/cbor]" }
                    
{
                    "app": "Crmeb",
                    "timestamp":"2026-06-11 16:43:13.009",
                    "level": "DEBUG",
                    "thread": "http-nio-8169-exec-1",
                    "class": "o.s.w.s.m.m.a.RequestResponseBodyMethodProcessor",
                    "message": "Writing [com.zbkj.common.result.CommonResult@5f328a8f]" }
                    
{
                    "app": "Crmeb",
                    "timestamp":"2026-06-11 16:43:13.010",
                    "level": "DEBUG",
                    "thread": "http-nio-8169-exec-1",
                    "class": "o.s.web.servlet.DispatcherServlet",
                    "message": "Completed 200 OK" }
                    
{
                    "app": "Crmeb",
                    "timestamp":"2026-06-11 16:43:13.032",
                    "level": "DEBUG",
                    "thread": "http-nio-8169-exec-10",
                    "class": "o.s.web.servlet.DispatcherServlet",
                    "message": "GET "/api/admin/copyright/get/info?temp=1781167392", parameters={masked}" }
                    
{
                    "app": "Crmeb",
                    "timestamp":"2026-06-11 16:43:13.033",
                    "level": "DEBUG",
                    "thread": "http-nio-8169-exec-10",
                    "class": "o.s.w.s.m.m.a.RequestMappingHandlerMapping",
                    "message": "Mapped to com.zbkj.admin.controller.CopyrightController#getInfo()" }
                    
{
                    "app": "Crmeb",
                    "timestamp":"2026-06-11 16:43:13.036",
                    "level": "DEBUG",
                    "thread": "http-nio-8169-exec-3",
                    "class": "o.s.web.servlet.DispatcherServlet",
                    "message": "GET "/api/admin/category/list/tree?type=2&status=-1&temp=1781167392", parameters={masked}" }
                    
{
                    "app": "Crmeb",
                    "timestamp":"2026-06-11 16:43:13.036",
                    "level": "DEBUG",
                    "thread": "http-nio-8169-exec-3",
                    "class": "o.s.w.s.m.m.a.RequestMappingHandlerMapping",
                    "message": "Mapped to com.zbkj.admin.controller.CategoryController#getListTree(Integer, Integer, String)" }
                    
{
                    "app": "Crmeb",
                    "timestamp":"2026-06-11 16:43:13.057",
                    "level": "DEBUG",
                    "thread": "http-nio-8169-exec-6",
                    "class": "o.s.web.servlet.DispatcherServlet",
                    "message": "GET "/api/admin/system/attachment/list?page=1&limit=18&pid=0&attType=jpg,jpeg,gif,png,bmp,PNG,JPG&temp=1781167392", parameters={masked}" }
                    
{
                    "app": "Crmeb",
                    "timestamp":"2026-06-11 16:43:13.057",
                    "level": "DEBUG",
                    "thread": "http-nio-8169-exec-6",
                    "class": "o.s.w.s.m.m.a.RequestMappingHandlerMapping",
                    "message": "Mapped to com.zbkj.admin.controller.SystemAttachmentController#getList(Integer, String, PageParamRequest)" }
                    
{
                    "app": "Crmeb",
                    "timestamp":"2026-06-11 16:43:13.084",
                    "level": "DEBUG",
                    "thread": "http-nio-8169-exec-3",
                    "class": "o.s.w.s.m.m.a.RequestResponseBodyMethodProcessor",
                    "message": "Using 'application/json', given [application/json, text/plain, */*] and supported [application/json, application/*+json, application/json, application/*+json, application/cbor]" }
                    
{
                    "app": "Crmeb",
                    "timestamp":"2026-06-11 16:43:13.085",
                    "level": "DEBUG",
                    "thread": "http-nio-8169-exec-3",
                    "class": "o.s.w.s.m.m.a.RequestResponseBodyMethodProcessor",
                    "message": "Writing [com.zbkj.common.result.CommonResult@26b5e341]" }
                    
{
                    "app": "Crmeb",
                    "timestamp":"2026-06-11 16:43:13.086",
                    "level": "DEBUG",
                    "thread": "http-nio-8169-exec-13",
                    "class": "o.s.web.servlet.DispatcherServlet",
                    "message": "GET "/api/public/jsconfig/get/front/domain?temp=1781167392", parameters={masked}" }
                    
{
                    "app": "Crmeb",
                    "timestamp":"2026-06-11 16:43:13.086",
                    "level": "DEBUG",
                    "thread": "http-nio-8169-exec-15",
                    "class": "o.s.web.servlet.DispatcherServlet",
                    "message": "GET "/api/public/jsconfig/get/admin/mediadomain?temp=1781167392", parameters={masked}" }
                    
{
                    "app": "Crmeb",
                    "timestamp":"2026-06-11 16:43:13.086",
                    "level": "DEBUG",
                    "thread": "http-nio-8169-exec-3",
                    "class": "o.s.web.servlet.DispatcherServlet",
                    "message": "Completed 200 OK" }
                    
{
                    "app": "Crmeb",
                    "timestamp":"2026-06-11 16:43:13.087",
                    "level": "DEBUG",
                    "thread": "http-nio-8169-exec-13",
                    "class": "o.s.w.s.m.m.a.RequestMappingHandlerMapping",
                    "message": "Mapped to com.zbkj.admin.pub.GetJSConfig#getFrontDomain()" }
                    
{
                    "app": "Crmeb",
                    "timestamp":"2026-06-11 16:43:13.087",
                    "level": "DEBUG",
                    "thread": "http-nio-8169-exec-15",
                    "class": "o.s.w.s.m.m.a.RequestMappingHandlerMapping",
                    "message": "Mapped to com.zbkj.admin.pub.GetJSConfig#getMediaDomain()" }
                    
{
                    "app": "Crmeb",
                    "timestamp":"2026-06-11 16:43:13.126",
                    "level": "DEBUG",
                    "thread": "http-nio-8169-exec-10",
                    "class": "o.s.web.client.RestTemplate",
                    "message": "HTTP POST https://authorize.crmeb.net/api/auth_cert_query?domain_name=https://jzk.wit.cn&label=22&version=CRMEB-JAVA-KY-v1.4" }
                    
{
                    "app": "Crmeb",
                    "timestamp":"2026-06-11 16:43:13.126",
                    "level": "DEBUG",
                    "thread": "http-nio-8169-exec-10",
                    "class": "o.s.web.client.RestTemplate",
                    "message": "Accept=[application/json, application/cbor, application/*+json, text/plain, text/html]" }
                    
{
                    "app": "Crmeb",
                    "timestamp":"2026-06-11 16:43:13.147",
                    "level": "DEBUG",
                    "thread": "http-nio-8169-exec-13",
                    "class": "o.s.w.s.m.m.a.RequestResponseBodyMethodProcessor",
                    "message": "Using 'application/json', given [application/json, text/plain, */*] and supported [application/json, application/*+json, application/json, application/*+json, application/cbor]" }
                    
{
                    "app": "Crmeb",
                    "timestamp":"2026-06-11 16:43:13.147",
                    "level": "DEBUG",
                    "thread": "http-nio-8169-exec-13",
                    "class": "o.s.w.s.m.m.a.RequestResponseBodyMethodProcessor",
                    "message": "Writing [com.zbkj.common.result.CommonResult@732c0293]" }
                    
{
                    "app": "Crmeb",
                    "timestamp":"2026-06-11 16:43:13.147",
                    "level": "DEBUG",
                    "thread": "http-nio-8169-exec-13",
                    "class": "o.s.web.servlet.DispatcherServlet",
                    "message": "Completed 200 OK" }
                    
{
                    "app": "Crmeb",
                    "timestamp":"2026-06-11 16:43:13.202",
                    "level": "DEBUG",
                    "thread": "http-nio-8169-exec-6",
                    "class": "o.s.w.s.m.m.a.RequestResponseBodyMethodProcessor",
                    "message": "Using 'application/json', given [application/json, text/plain, */*] and supported [application/json, application/*+json, application/json, application/*+json, application/cbor]" }
                    
{
                    "app": "Crmeb",
                    "timestamp":"2026-06-11 16:43:13.205",
                    "level": "DEBUG",
                    "thread": "http-nio-8169-exec-6",
                    "class": "o.s.w.s.m.m.a.RequestResponseBodyMethodProcessor",
                    "message": "Writing [com.zbkj.common.result.CommonResult@14bb36a3]" }
                    
{
                    "app": "Crmeb",
                    "timestamp":"2026-06-11 16:43:13.206",
                    "level": "DEBUG",
                    "thread": "http-nio-8169-exec-6",
                    "class": "o.s.web.servlet.DispatcherServlet",
                    "message": "Completed 200 OK" }
                    
{
                    "app": "Crmeb",
                    "timestamp":"2026-06-11 16:43:13.214",
                    "level": "DEBUG",
                    "thread": "http-nio-8169-exec-15",
                    "class": "o.s.w.s.m.m.a.RequestResponseBodyMethodProcessor",
                    "message": "Using 'application/json', given [application/json, text/plain, */*] and supported [application/json, application/*+json, application/json, application/*+json, application/cbor]" }
                    
{
                    "app": "Crmeb",
                    "timestamp":"2026-06-11 16:43:13.214",
                    "level": "DEBUG",
                    "thread": "http-nio-8169-exec-15",
                    "class": "o.s.w.s.m.m.a.RequestResponseBodyMethodProcessor",
                    "message": "Writing [com.zbkj.common.result.CommonResult@1b00544f]" }
                    
{
                    "app": "Crmeb",
                    "timestamp":"2026-06-11 16:43:13.214",
                    "level": "DEBUG",
                    "thread": "http-nio-8169-exec-15",
                    "class": "o.s.web.servlet.DispatcherServlet",
                    "message": "Completed 200 OK" }
                    
{
                    "app": "Crmeb",
                    "timestamp":"2026-06-11 16:43:13.339",
                    "level": "DEBUG",
                    "thread": "http-nio-8169-exec-10",
                    "class": "o.s.web.client.RestTemplate",
                    "message": "Response 200 OK" }
                    
{
                    "app": "Crmeb",
                    "timestamp":"2026-06-11 16:43:13.340",
                    "level": "DEBUG",
                    "thread": "http-nio-8169-exec-10",
                    "class": "o.s.web.client.RestTemplate",
                    "message": "Reading to [com.alibaba.fastjson.JSONObject]" }
                    
{
                    "app": "Crmeb",
                    "timestamp":"2026-06-11 16:43:13.342",
                    "level": "DEBUG",
                    "thread": "http-nio-8169-exec-10",
                    "class": "o.s.w.s.m.m.a.RequestResponseBodyMethodProcessor",
                    "message": "Using 'application/json', given [application/json, text/plain, */*] and supported [application/json, application/*+json, application/json, application/*+json, application/cbor]" }
                    
{
                    "app": "Crmeb",
                    "timestamp":"2026-06-11 16:43:13.342",
                    "level": "DEBUG",
                    "thread": "http-nio-8169-exec-10",
                    "class": "o.s.w.s.m.m.a.RequestResponseBodyMethodProcessor",
                    "message": "Writing [com.zbkj.common.result.CommonResult@225bf8c6]" }
                    
{
                    "app": "Crmeb",
                    "timestamp":"2026-06-11 16:43:13.343",
                    "level": "DEBUG",
                    "thread": "http-nio-8169-exec-10",
                    "class": "o.s.web.servlet.DispatcherServlet",
                    "message": "Completed 200 OK" }
                    
{
                    "app": "Crmeb",
                    "timestamp":"2026-06-11 16:43:21.968",
                    "level": "DEBUG",
                    "thread": "http-nio-8169-exec-24",
                    "class": "o.s.web.servlet.DispatcherServlet",
                    "message": "GET "/api/admin/system/config/get/upload/type?temp=1781167401", parameters={masked}" }
                    
{
                    "app": "Crmeb",
                    "timestamp":"2026-06-11 16:43:21.970",
                    "level": "DEBUG",
                    "thread": "http-nio-8169-exec-24",
                    "class": "o.s.w.s.m.m.a.RequestMappingHandlerMapping",
                    "message": "Mapped to com.zbkj.admin.controller.SystemConfigController#getFileUploadType()" }
                    
{
                    "app": "Crmeb",
                    "timestamp":"2026-06-11 16:43:21.982",
                    "level": "DEBUG",
                    "thread": "http-nio-8169-exec-23",
                    "class": "o.s.web.servlet.DispatcherServlet",
                    "message": "GET "/api/admin/category/list/tree?type=6&status=1&temp=1781167401", parameters={masked}" }
                    
{
                    "app": "Crmeb",
                    "timestamp":"2026-06-11 16:43:21.990",
                    "level": "DEBUG",
                    "thread": "http-nio-8169-exec-23",
                    "class": "o.s.w.s.m.m.a.RequestMappingHandlerMapping",
                    "message": "Mapped to com.zbkj.admin.controller.CategoryController#getListTree(Integer, Integer, String)" }
                    
{
                    "app": "Crmeb",
                    "timestamp":"2026-06-11 16:43:22.046",
                    "level": "DEBUG",
                    "thread": "http-nio-8169-exec-23",
                    "class": "o.s.w.s.m.m.a.RequestResponseBodyMethodProcessor",
                    "message": "Using 'application/json', given [application/json, text/plain, */*] and supported [application/json, application/*+json, application/json, application/*+json, application/cbor]" }
                    
{
                    "app": "Crmeb",
                    "timestamp":"2026-06-11 16:43:22.046",
                    "level": "DEBUG",
                    "thread": "http-nio-8169-exec-24",
                    "class": "o.s.w.s.m.m.a.RequestResponseBodyMethodProcessor",
                    "message": "Using 'application/json', given [application/json, text/plain, */*] and supported [application/json, application/*+json, application/json, application/*+json, application/cbor]" }
                    
{
                    "app": "Crmeb",
                    "timestamp":"2026-06-11 16:43:22.046",
                    "level": "DEBUG",
                    "thread": "http-nio-8169-exec-23",
                    "class": "o.s.w.s.m.m.a.RequestResponseBodyMethodProcessor",
                    "message": "Writing [com.zbkj.common.result.CommonResult@cf7623a]" }
                    
{
                    "app": "Crmeb",
                    "timestamp":"2026-06-11 16:43:22.047",
                    "level": "DEBUG",
                    "thread": "http-nio-8169-exec-24",
                    "class": "o.s.w.s.m.m.a.RequestResponseBodyMethodProcessor",
                    "message": "Writing [com.zbkj.common.result.CommonResult@34e52598]" }
                    
{
                    "app": "Crmeb",
                    "timestamp":"2026-06-11 16:43:22.047",
                    "level": "DEBUG",
                    "thread": "http-nio-8169-exec-23",
                    "class": "o.s.web.servlet.DispatcherServlet",
                    "message": "Completed 200 OK" }
                    
{
                    "app": "Crmeb",
                    "timestamp":"2026-06-11 16:43:22.048",
                    "level": "DEBUG",
                    "thread": "http-nio-8169-exec-24",
                    "class": "o.s.web.servlet.DispatcherServlet",
                    "message": "Completed 200 OK" }
                    
{
                    "app": "Crmeb",
                    "timestamp":"2026-06-11 16:43:22.169",
                    "level": "DEBUG",
                    "thread": "http-nio-8169-exec-7",
                    "class": "o.s.web.servlet.DispatcherServlet",
                    "message": "GET "/api/admin/system/form/temp/info?id=77&temp=1781167402", parameters={masked}" }
                    
{
                    "app": "Crmeb",
                    "timestamp":"2026-06-11 16:43:22.175",
                    "level": "DEBUG",
                    "thread": "http-nio-8169-exec-7",
                    "class": "o.s.w.s.m.m.a.RequestMappingHandlerMapping",
                    "message": "Mapped to com.zbkj.admin.controller.SystemFormTempController#info(Integer)" }
                    
{
                    "app": "Crmeb",
                    "timestamp":"2026-06-11 16:43:22.289",
                    "level": "DEBUG",
                    "thread": "http-nio-8169-exec-7",
                    "class": "o.s.w.s.m.m.a.RequestResponseBodyMethodProcessor",
                    "message": "Using 'application/json', given [application/json, text/plain, */*] and supported [application/json, application/*+json, application/json, application/*+json, application/cbor]" }
                    
{
                    "app": "Crmeb",
                    "timestamp":"2026-06-11 16:43:22.289",
                    "level": "DEBUG",
                    "thread": "http-nio-8169-exec-7",
                    "class": "o.s.w.s.m.m.a.RequestResponseBodyMethodProcessor",
                    "message": "Writing [com.zbkj.common.result.CommonResult@1be7bdd6]" }
                    
{
                    "app": "Crmeb",
                    "timestamp":"2026-06-11 16:43:22.290",
                    "level": "DEBUG",
                    "thread": "http-nio-8169-exec-7",
                    "class": "o.s.web.servlet.DispatcherServlet",
                    "message": "Completed 200 OK" }
                    
{
                    "app": "Crmeb",
                    "timestamp":"2026-06-11 16:43:22.369",
                    "level": "DEBUG",
                    "thread": "http-nio-8169-exec-17",
                    "class": "o.s.web.servlet.DispatcherServlet",
                    "message": "GET "/api/admin/system/config/info?formId=77&temp=1781167402", parameters={masked}" }
                    
{
                    "app": "Crmeb",
                    "timestamp":"2026-06-11 16:43:22.369",
                    "level": "DEBUG",
                    "thread": "http-nio-8169-exec-17",
                    "class": "o.s.w.s.m.m.a.RequestMappingHandlerMapping",
                    "message": "Mapped to com.zbkj.admin.controller.SystemConfigController#info(Integer)" }
                    
{
                    "app": "Crmeb",
                    "timestamp":"2026-06-11 16:43:22.430",
                    "level": "DEBUG",
                    "thread": "http-nio-8169-exec-17",
                    "class": "o.s.w.s.m.m.a.RequestResponseBodyMethodProcessor",
                    "message": "Using 'application/json', given [application/json, text/plain, */*] and supported [application/json, application/*+json, application/json, application/*+json, application/cbor]" }
                    
{
                    "app": "Crmeb",
                    "timestamp":"2026-06-11 16:43:22.431",
                    "level": "DEBUG",
                    "thread": "http-nio-8169-exec-17",
                    "class": "o.s.w.s.m.m.a.RequestResponseBodyMethodProcessor",
                    "message": "Writing [com.zbkj.common.result.CommonResult@11a3e4e5]" }
                    
{
                    "app": "Crmeb",
                    "timestamp":"2026-06-11 16:43:22.431",
                    "level": "DEBUG",
                    "thread": "http-nio-8169-exec-17",
                    "class": "o.s.web.servlet.DispatcherServlet",
                    "message": "Completed 200 OK" }
                    
{
                    "app": "Crmeb",
                    "timestamp":"2026-06-11 17:56:01.162",
                    "level": "DEBUG",
                    "thread": "SpringContextShutdownHook",
                    "class": "o.s.b.w.s.c.AnnotationConfigServletWebServerApplicationContext",
                    "message": "Closing org.springframework.boot.web.servlet.context.AnnotationConfigServletWebServerApplicationContext@73c60324, started on Thu Jun 11 16:04:05 CST 2026" }
                    
{
                    "app": "Crmeb",
                    "timestamp":"2026-06-11 17:56:01.983",
                    "level": "DEBUG",
                    "thread": "SpringContextShutdownHook",
                    "class": "o.s.b.a.endpoint.jmx.JmxEndpointExporter",
                    "message": "Unregister endpoint with ObjectName 'org.springframework.boot:type=Endpoint,name=Beans' from the JMX domain" }
                    
{
                    "app": "Crmeb",
                    "timestamp":"2026-06-11 17:56:01.987",
                    "level": "DEBUG",
                    "thread": "SpringContextShutdownHook",
                    "class": "o.s.b.a.endpoint.jmx.JmxEndpointExporter",
                    "message": "Unregister endpoint with ObjectName 'org.springframework.boot:type=Endpoint,name=Caches' from the JMX domain" }
                    
{
                    "app": "Crmeb",
                    "timestamp":"2026-06-11 17:56:01.987",
                    "level": "DEBUG",
                    "thread": "SpringContextShutdownHook",
                    "class": "o.s.b.a.endpoint.jmx.JmxEndpointExporter",
                    "message": "Unregister endpoint with ObjectName 'org.springframework.boot:type=Endpoint,name=Health' from the JMX domain" }
                    
{
                    "app": "Crmeb",
                    "timestamp":"2026-06-11 17:56:01.987",
                    "level": "DEBUG",
                    "thread": "SpringContextShutdownHook",
                    "class": "o.s.b.a.endpoint.jmx.JmxEndpointExporter",
                    "message": "Unregister endpoint with ObjectName 'org.springframework.boot:type=Endpoint,name=Info' from the JMX domain" }
                    
{
                    "app": "Crmeb",
                    "timestamp":"2026-06-11 17:56:01.988",
                    "level": "DEBUG",
                    "thread": "SpringContextShutdownHook",
                    "class": "o.s.b.a.endpoint.jmx.JmxEndpointExporter",
                    "message": "Unregister endpoint with ObjectName 'org.springframework.boot:type=Endpoint,name=Conditions' from the JMX domain" }
                    
{
                    "app": "Crmeb",
                    "timestamp":"2026-06-11 17:56:01.988",
                    "level": "DEBUG",
                    "thread": "SpringContextShutdownHook",
                    "class": "o.s.b.a.endpoint.jmx.JmxEndpointExporter",
                    "message": "Unregister endpoint with ObjectName 'org.springframework.boot:type=Endpoint,name=Configprops' from the JMX domain" }
                    
{
                    "app": "Crmeb",
                    "timestamp":"2026-06-11 17:56:01.988",
                    "level": "DEBUG",
                    "thread": "SpringContextShutdownHook",
                    "class": "o.s.b.a.endpoint.jmx.JmxEndpointExporter",
                    "message": "Unregister endpoint with ObjectName 'org.springframework.boot:type=Endpoint,name=Env' from the JMX domain" }
                    
{
                    "app": "Crmeb",
                    "timestamp":"2026-06-11 17:56:01.988",
                    "level": "DEBUG",
                    "thread": "SpringContextShutdownHook",
                    "class": "o.s.b.a.endpoint.jmx.JmxEndpointExporter",
                    "message": "Unregister endpoint with ObjectName 'org.springframework.boot:type=Endpoint,name=Loggers' from the JMX domain" }
                    
{
                    "app": "Crmeb",
                    "timestamp":"2026-06-11 17:56:01.988",
                    "level": "DEBUG",
                    "thread": "SpringContextShutdownHook",
                    "class": "o.s.b.a.endpoint.jmx.JmxEndpointExporter",
                    "message": "Unregister endpoint with ObjectName 'org.springframework.boot:type=Endpoint,name=Threaddump' from the JMX domain" }
                    
{
                    "app": "Crmeb",
                    "timestamp":"2026-06-11 17:56:01.988",
                    "level": "DEBUG",
                    "thread": "SpringContextShutdownHook",
                    "class": "o.s.b.a.endpoint.jmx.JmxEndpointExporter",
                    "message": "Unregister endpoint with ObjectName 'org.springframework.boot:type=Endpoint,name=Metrics' from the JMX domain" }
                    
{
                    "app": "Crmeb",
                    "timestamp":"2026-06-11 17:56:02.030",
                    "level": "DEBUG",
                    "thread": "SpringContextShutdownHook",
                    "class": "o.s.b.a.endpoint.jmx.JmxEndpointExporter",
                    "message": "Unregister endpoint with ObjectName 'org.springframework.boot:type=Endpoint,name=Scheduledtasks' from the JMX domain" }
                    
{
                    "app": "Crmeb",
                    "timestamp":"2026-06-11 17:56:02.030",
                    "level": "DEBUG",
                    "thread": "SpringContextShutdownHook",
                    "class": "o.s.b.a.endpoint.jmx.JmxEndpointExporter",
                    "message": "Unregister endpoint with ObjectName 'org.springframework.boot:type=Endpoint,name=Mappings' from the JMX domain" }
                    
