{
                    "app": "Crmeb",
                    "timestamp":"2026-06-25 11:11:07.799",
                    "level": "DEBUG",
                    "thread": "main",
                    "class": "o.s.b.c.l.ClasspathLoggingApplicationListener",
                    "message": "Application started with classpath: [file:/C:/Program%20Files/Java/jdk1.8.0_211/jre/lib/charsets.jar, file:/C:/Program%20Files/Java/jdk1.8.0_211/jre/lib/deploy.jar, file:/C:/Program%20Files/Java/jdk1.8.0_211/jre/lib/ext/access-bridge-64.jar, file:/C:/Program%20Files/Java/jdk1.8.0_211/jre/lib/ext/cldrdata.jar, file:/C:/Program%20Files/Java/jdk1.8.0_211/jre/lib/ext/dnsns.jar, file:/C:/Program%20Files/Java/jdk1.8.0_211/jre/lib/ext/jaccess.jar, file:/C:/Program%20Files/Java/jdk1.8.0_211/jre/lib/ext/jfxrt.jar, file:/C:/Program%20Files/Java/jdk1.8.0_211/jre/lib/ext/localedata.jar, file:/C:/Program%20Files/Java/jdk1.8.0_211/jre/lib/ext/nashorn.jar, file:/C:/Program%20Files/Java/jdk1.8.0_211/jre/lib/ext/sunec.jar, file:/C:/Program%20Files/Java/jdk1.8.0_211/jre/lib/ext/sunjce_provider.jar, file:/C:/Program%20Files/Java/jdk1.8.0_211/jre/lib/ext/sunmscapi.jar, file:/C:/Program%20Files/Java/jdk1.8.0_211/jre/lib/ext/sunpkcs11.jar, file:/C:/Program%20Files/Java/jdk1.8.0_211/jre/lib/ext/zipfs.jar, file:/C:/Program%20Files/Java/jdk1.8.0_211/jre/lib/javaws.jar, file:/C:/Program%20Files/Java/jdk1.8.0_211/jre/lib/jce.jar, file:/C:/Program%20Files/Java/jdk1.8.0_211/jre/lib/jfr.jar, file:/C:/Program%20Files/Java/jdk1.8.0_211/jre/lib/jfxswt.jar, file:/C:/Program%20Files/Java/jdk1.8.0_211/jre/lib/jsse.jar, file:/C:/Program%20Files/Java/jdk1.8.0_211/jre/lib/management-agent.jar, file:/C:/Program%20Files/Java/jdk1.8.0_211/jre/lib/plugin.jar, file:/C:/Program%20Files/Java/jdk1.8.0_211/jre/lib/resources.jar, file:/C:/Program%20Files/Java/jdk1.8.0_211/jre/lib/rt.jar, file:/D:/Desktop/code/crmeb_java/crmeb/crmeb-admin/target/classes/, file:/D:/Desktop/code/crmeb_java/crmeb/crmeb-service/target/classes/, file:/D:/Desktop/code/crmeb_java/crmeb/crmeb-common/target/classes/, file:/D:/java/apache-maven-3.6.3/repository/javax/servlet/javax.servlet-api/4.0.1/javax.servlet-api-4.0.1.jar, file:/D:/java/apache-maven-3.6.3/repository/javax/servlet/jstl/1.2/jstl-1.2.jar, file:/D:/java/apache-maven-3.6.3/repository/org/apache/tomcat/embed/tomcat-embed-jasper/9.0.33/tomcat-embed-jasper-9.0.33.jar, file:/D:/java/apache-maven-3.6.3/repository/org/apache/tomcat/embed/tomcat-embed-core/9.0.33/tomcat-embed-core-9.0.33.jar, file:/D:/java/apache-maven-3.6.3/repository/org/apache/tomcat/tomcat-annotations-api/9.0.33/tomcat-annotations-api-9.0.33.jar, file:/D:/java/apache-maven-3.6.3/repository/org/apache/tomcat/embed/tomcat-embed-el/9.0.33/tomcat-embed-el-9.0.33.jar, file:/D:/java/apache-maven-3.6.3/repository/org/eclipse/jdt/ecj/3.18.0/ecj-3.18.0.jar, file:/D:/java/apache-maven-3.6.3/repository/org/apache/tomcat/tomcat-jsp-api/9.0.33/tomcat-jsp-api-9.0.33.jar, file:/D:/java/apache-maven-3.6.3/repository/org/apache/tomcat/tomcat-el-api/9.0.33/tomcat-el-api-9.0.33.jar, file:/D:/java/apache-maven-3.6.3/repository/org/apache/tomcat/tomcat-servlet-api/9.0.33/tomcat-servlet-api-9.0.33.jar, file:/D:/java/apache-maven-3.6.3/repository/com/alibaba/fastjson/1.2.83/fastjson-1.2.83.jar, file:/D:/java/apache-maven-3.6.3/repository/com/alibaba/druid/1.1.20/druid-1.1.20.jar, file:/D:/java/apache-maven-3.6.3/repository/mysql/mysql-connector-java/5.1.24/mysql-connector-java-5.1.24.jar, file:/D:/java/apache-maven-3.6.3/repository/org/projectlombok/lombok/1.18.12/lombok-1.18.12.jar, file:/D:/java/apache-maven-3.6.3/repository/com/baomidou/mybatis-plus-boot-starter/3.3.1/mybatis-plus-boot-starter-3.3.1.jar, file:/D:/java/apache-maven-3.6.3/repository/org/springframework/boot/spring-boot-starter-jdbc/2.2.6.RELEASE/spring-boot-starter-jdbc-2.2.6.RELEASE.jar, file:/D:/java/apache-maven-3.6.3/repository/com/zaxxer/HikariCP/3.4.2/HikariCP-3.4.2.jar, file:/D:/java/apache-maven-3.6.3/repository/org/springframework/spring-jdbc/5.2.5.RELEASE/spring-jdbc-5.2.5.RELEASE.jar, file:/D:/java/apache-maven-3.6.3/repository/org/springframework/boot/spring-boot-test/2.2.6.RELEASE/spring-boot-test-2.2.6.RELEASE.jar, file:/D:/java/apache-maven-3.6.3/repository/org/springframework/spring-test/5.2.5.RELEASE/spring-test-5.2.5.RELEASE.jar, file:/D:/java/apache-maven-3.6.3/repository/com/baomidou/mybatis-plus/3.3.1/mybatis-plus-3.3.1.jar, file:/D:/java/apache-maven-3.6.3/repository/com/baomidou/mybatis-plus-extension/3.3.1/mybatis-plus-extension-3.3.1.jar, file:/D:/java/apache-maven-3.6.3/repository/com/baomidou/mybatis-plus-core/3.3.1/mybatis-plus-core-3.3.1.jar, file:/D:/java/apache-maven-3.6.3/repository/com/baomidou/mybatis-plus-annotation/3.3.1/mybatis-plus-annotation-3.3.1.jar, file:/D:/java/apache-maven-3.6.3/repository/org/mybatis/mybatis/3.5.3/mybatis-3.5.3.jar, file:/D:/java/apache-maven-3.6.3/repository/org/mybatis/mybatis-spring/2.0.3/mybatis-spring-2.0.3.jar, file:/D:/java/apache-maven-3.6.3/repository/com/baomidou/mybatis-plus-generator/3.3.1/mybatis-plus-generator-3.3.1.jar, file:/D:/java/apache-maven-3.6.3/repository/io/swagger/swagger-annotations/1.5.21/swagger-annotations-1.5.21.jar, file:/D:/java/apache-maven-3.6.3/repository/io/springfox/springfox-swagger2/2.9.2/springfox-swagger2-2.9.2.jar, file:/D:/java/apache-maven-3.6.3/repository/io/springfox/springfox-spi/2.9.2/springfox-spi-2.9.2.jar, file:/D:/java/apache-maven-3.6.3/repository/io/springfox/springfox-core/2.9.2/springfox-core-2.9.2.jar, file:/D:/java/apache-maven-3.6.3/repository/net/bytebuddy/byte-buddy/1.10.8/byte-buddy-1.10.8.jar, file:/D:/java/apache-maven-3.6.3/repository/io/springfox/springfox-schema/2.9.2/springfox-schema-2.9.2.jar, file:/D:/java/apache-maven-3.6.3/repository/io/springfox/springfox-swagger-common/2.9.2/springfox-swagger-common-2.9.2.jar, file:/D:/java/apache-maven-3.6.3/repository/io/springfox/springfox-spring-web/2.9.2/springfox-spring-web-2.9.2.jar, file:/D:/java/apache-maven-3.6.3/repository/com/google/guava/guava/20.0/guava-20.0.jar, file:/D:/java/apache-maven-3.6.3/repository/com/fasterxml/classmate/1.5.1/classmate-1.5.1.jar, file:/D:/java/apache-maven-3.6.3/repository/org/springframework/plugin/spring-plugin-core/1.2.0.RELEASE/spring-plugin-core-1.2.0.RELEASE.jar, file:/D:/java/apache-maven-3.6.3/repository/org/springframework/plugin/spring-plugin-metadata/1.2.0.RELEASE/spring-plugin-metadata-1.2.0.RELEASE.jar, file:/D:/java/apache-maven-3.6.3/repository/org/mapstruct/mapstruct/1.2.0.Final/mapstruct-1.2.0.Final.jar, file:/D:/java/apache-maven-3.6.3/repository/io/swagger/swagger-models/1.5.21/swagger-models-1.5.21.jar, file:/D:/java/apache-maven-3.6.3/repository/com/fasterxml/jackson/core/jackson-annotations/2.10.3/jackson-annotations-2.10.3.jar, file:/D:/java/apache-maven-3.6.3/repository/com/github/xiaoymin/swagger-bootstrap-ui/1.9.3/swagger-bootstrap-ui-1.9.3.jar, file:/D:/java/apache-maven-3.6.3/repository/org/springframework/boot/spring-boot-autoconfigure/2.2.6.RELEASE/spring-boot-autoconfigure-2.2.6.RELEASE.jar, file:/D:/java/apache-maven-3.6.3/repository/ch/qos/logback/logback-classic/1.2.3/logback-classic-1.2.3.jar, file:/D:/java/apache-maven-3.6.3/repository/ch/qos/logback/logback-core/1.2.3/logback-core-1.2.3.jar, file:/D:/java/apache-maven-3.6.3/repository/net/logstash/logback/logstash-logback-encoder/5.3/logstash-logback-encoder-5.3.jar, file:/D:/java/apache-maven-3.6.3/repository/com/fasterxml/jackson/core/jackson-databind/2.10.3/jackson-databind-2.10.3.jar, file:/D:/java/apache-maven-3.6.3/repository/com/fasterxml/jackson/core/jackson-core/2.10.3/jackson-core-2.10.3.jar, file:/D:/java/apache-maven-3.6.3/repository/org/springframework/boot/spring-boot-starter-web/2.2.6.RELEASE/spring-boot-starter-web-2.2.6.RELEASE.jar, file:/D:/java/apache-maven-3.6.3/repository/org/springframework/boot/spring-boot-starter-json/2.2.6.RELEASE/spring-boot-starter-json-2.2.6.RELEASE.jar, file:/D:/java/apache-maven-3.6.3/repository/com/fasterxml/jackson/datatype/jackson-datatype-jdk8/2.10.3/jackson-datatype-jdk8-2.10.3.jar, file:/D:/java/apache-maven-3.6.3/repository/com/fasterxml/jackson/datatype/jackson-datatype-jsr310/2.10.3/jackson-datatype-jsr310-2.10.3.jar, file:/D:/java/apache-maven-3.6.3/repository/com/fasterxml/jackson/module/jackson-module-parameter-names/2.10.3/jackson-module-parameter-names-2.10.3.jar, file:/D:/java/apache-maven-3.6.3/repository/org/springframework/boot/spring-boot-starter-tomcat/2.2.6.RELEASE/spring-boot-starter-tomcat-2.2.6.RELEASE.jar, file:/D:/java/apache-maven-3.6.3/repository/org/apache/tomcat/embed/tomcat-embed-websocket/9.0.33/tomcat-embed-websocket-9.0.33.jar, file:/D:/java/apache-maven-3.6.3/repository/org/springframework/boot/spring-boot-starter-validation/2.2.6.RELEASE/spring-boot-starter-validation-2.2.6.RELEASE.jar, file:/D:/java/apache-maven-3.6.3/repository/jakarta/validation/jakarta.validation-api/2.0.2/jakarta.validation-api-2.0.2.jar, file:/D:/java/apache-maven-3.6.3/repository/org/hibernate/validator/hibernate-validator/6.0.18.Final/hibernate-validator-6.0.18.Final.jar, file:/D:/java/apache-maven-3.6.3/repository/org/jboss/logging/jboss-logging/3.4.1.Final/jboss-logging-3.4.1.Final.jar, file:/D:/java/apache-maven-3.6.3/repository/org/springframework/spring-web/5.2.5.RELEASE/spring-web-5.2.5.RELEASE.jar, file:/D:/java/apache-maven-3.6.3/repository/org/springframework/spring-webmvc/5.2.5.RELEASE/spring-webmvc-5.2.5.RELEASE.jar, file:/D:/java/apache-maven-3.6.3/repository/org/springframework/boot/spring-boot-starter-data-redis/2.2.0.RELEASE/spring-boot-starter-data-redis-2.2.0.RELEASE.jar, file:/D:/java/apache-maven-3.6.3/repository/org/springframework/data/spring-data-redis/2.2.6.RELEASE/spring-data-redis-2.2.6.RELEASE.jar, file:/D:/java/apache-maven-3.6.3/repository/org/springframework/data/spring-data-keyvalue/2.2.6.RELEASE/spring-data-keyvalue-2.2.6.RELEASE.jar, file:/D:/java/apache-maven-3.6.3/repository/org/springframework/spring-oxm/5.2.5.RELEASE/spring-oxm-5.2.5.RELEASE.jar, file:/D:/java/apache-maven-3.6.3/repository/io/lettuce/lettuce-core/5.2.2.RELEASE/lettuce-core-5.2.2.RELEASE.jar, file:/D:/java/apache-maven-3.6.3/repository/io/netty/netty-common/4.1.48.Final/netty-common-4.1.48.Final.jar, file:/D:/java/apache-maven-3.6.3/repository/io/netty/netty-handler/4.1.48.Final/netty-handler-4.1.48.Final.jar, file:/D:/java/apache-maven-3.6.3/repository/io/netty/netty-resolver/4.1.48.Final/netty-resolver-4.1.48.Final.jar, file:/D:/java/apache-maven-3.6.3/repository/io/netty/netty-buffer/4.1.48.Final/netty-buffer-4.1.48.Final.jar, file:/D:/java/apache-maven-3.6.3/repository/io/netty/netty-codec/4.1.48.Final/netty-codec-4.1.48.Final.jar, file:/D:/java/apache-maven-3.6.3/repository/io/netty/netty-transport/4.1.48.Final/netty-transport-4.1.48.Final.jar, file:/D:/java/apache-maven-3.6.3/repository/io/projectreactor/reactor-core/3.3.4.RELEASE/reactor-core-3.3.4.RELEASE.jar, file:/D:/java/apache-maven-3.6.3/repository/org/reactivestreams/reactive-streams/1.0.3/reactive-streams-1.0.3.jar, file:/D:/java/apache-maven-3.6.3/repository/redis/clients/jedis/3.1.0/jedis-3.1.0.jar, file:/D:/java/apache-maven-3.6.3/repository/org/apache/commons/commons-pool2/2.7.0/commons-pool2-2.7.0.jar, file:/D:/java/apache-maven-3.6.3/repository/com/github/pagehelper/pagehelper-spring-boot-starter/1.2.5/pagehelper-spring-boot-starter-1.2.5.jar, file:/D:/java/apache-maven-3.6.3/repository/org/mybatis/spring/boot/mybatis-spring-boot-starter/1.3.2/mybatis-spring-boot-starter-1.3.2.jar, file:/D:/java/apache-maven-3.6.3/repository/org/mybatis/spring/boot/mybatis-spring-boot-autoconfigure/1.3.2/mybatis-spring-boot-autoconfigure-1.3.2.jar, file:/D:/java/apache-maven-3.6.3/repository/com/github/pagehelper/pagehelper-spring-boot-autoconfigure/1.2.5/pagehelper-spring-boot-autoconfigure-1.2.5.jar, file:/D:/java/apache-maven-3.6.3/repository/com/github/pagehelper/pagehelper/5.1.4/pagehelper-5.1.4.jar, file:/D:/java/apache-maven-3.6.3/repository/com/github/jsqlparser/jsqlparser/1.0/jsqlparser-1.0.jar, file:/D:/java/apache-maven-3.6.3/repository/javax/validation/validation-api/1.1.0.Final/validation-api-1.1.0.Final.jar, file:/D:/java/apache-maven-3.6.3/repository/org/springframework/data/spring-data-commons/2.2.6.RELEASE/spring-data-commons-2.2.6.RELEASE.jar, file:/D:/java/apache-maven-3.6.3/repository/cn/hutool/hutool-all/4.5.7/hutool-all-4.5.7.jar, file:/D:/java/apache-maven-3.6.3/repository/org/springframework/boot/spring-boot-starter-actuator/2.2.6.RELEASE/spring-boot-starter-actuator-2.2.6.RELEASE.jar, file:/D:/java/apache-maven-3.6.3/repository/org/springframework/boot/spring-boot-actuator-autoconfigure/2.2.6.RELEASE/spring-boot-actuator-autoconfigure-2.2.6.RELEASE.jar, file:/D:/java/apache-maven-3.6.3/repository/org/springframework/boot/spring-boot-actuator/2.2.6.RELEASE/spring-boot-actuator-2.2.6.RELEASE.jar, file:/D:/java/apache-maven-3.6.3/repository/io/micrometer/micrometer-core/1.3.6/micrometer-core-1.3.6.jar, file:/D:/java/apache-maven-3.6.3/repository/org/hdrhistogram/HdrHistogram/2.1.11/HdrHistogram-2.1.11.jar, file:/D:/java/apache-maven-3.6.3/repository/org/latencyutils/LatencyUtils/2.0.3/LatencyUtils-2.0.3.jar, file:/D:/java/apache-maven-3.6.3/repository/org/apache/httpcomponents/httpclient/4.5.6/httpclient-4.5.6.jar, file:/D:/java/apache-maven-3.6.3/repository/org/apache/httpcomponents/httpcore/4.4.13/httpcore-4.4.13.jar, file:/D:/java/apache-maven-3.6.3/repository/commons-logging/commons-logging/1.2/commons-logging-1.2.jar, file:/D:/java/apache-maven-3.6.3/repository/commons-codec/commons-codec/1.13/commons-codec-1.13.jar, file:/D:/java/apache-maven-3.6.3/repository/org/springframework/boot/spring-boot-starter-aop/2.2.6.RELEASE/spring-boot-starter-aop-2.2.6.RELEASE.jar, file:/D:/java/apache-maven-3.6.3/repository/org/springframework/spring-aop/5.2.5.RELEASE/spring-aop-5.2.5.RELEASE.jar, file:/D:/java/apache-maven-3.6.3/repository/org/aspectj/aspectjweaver/1.9.5/aspectjweaver-1.9.5.jar, file:/D:/java/apache-maven-3.6.3/repository/org/apache/commons/commons-lang3/3.5/commons-lang3-3.5.jar, file:/D:/java/apache-maven-3.6.3/repository/org/apache/poi/poi/3.17/poi-3.17.jar, file:/D:/java/apache-maven-3.6.3/repository/org/apache/commons/commons-collections4/4.1/commons-collections4-4.1.jar, file:/D:/java/apache-maven-3.6.3/repository/org/apache/poi/poi-ooxml/3.17/poi-ooxml-3.17.jar, file:/D:/java/apache-maven-3.6.3/repository/org/apache/poi/poi-ooxml-schemas/3.17/poi-ooxml-schemas-3.17.jar, file:/D:/java/apache-maven-3.6.3/repository/org/apache/xmlbeans/xmlbeans/2.6.0/xmlbeans-2.6.0.jar, file:/D:/java/apache-maven-3.6.3/repository/com/github/virtuald/curvesapi/1.04/curvesapi-1.04.jar, file:/D:/java/apache-maven-3.6.3/repository/commons-fileupload/commons-fileupload/1.3.3/commons-fileupload-1.3.3.jar, file:/D:/java/apache-maven-3.6.3/repository/commons-io/commons-io/2.4/commons-io-2.4.jar, file:/D:/java/apache-maven-3.6.3/repository/net/coobird/thumbnailator/0.4.8/thumbnailator-0.4.8.jar, file:/D:/java/apache-maven-3.6.3/repository/com/aliyun/oss/aliyun-sdk-oss/3.5.0/aliyun-sdk-oss-3.5.0.jar, file:/D:/java/apache-maven-3.6.3/repository/org/jdom/jdom/1.1/jdom-1.1.jar, file:/D:/java/apache-maven-3.6.3/repository/org/codehaus/jettison/jettison/1.1/jettison-1.1.jar, file:/D:/java/apache-maven-3.6.3/repository/stax/stax-api/1.0.1/stax-api-1.0.1.jar, file:/D:/java/apache-maven-3.6.3/repository/com/aliyun/aliyun-java-sdk-core/3.4.0/aliyun-java-sdk-core-3.4.0.jar, file:/D:/java/apache-maven-3.6.3/repository/com/aliyun/aliyun-java-sdk-ram/3.0.0/aliyun-java-sdk-ram-3.0.0.jar, file:/D:/java/apache-maven-3.6.3/repository/com/aliyun/aliyun-java-sdk-sts/3.0.0/aliyun-java-sdk-sts-3.0.0.jar, file:/D:/java/apache-maven-3.6.3/repository/com/aliyun/aliyun-java-sdk-ecs/4.2.0/aliyun-java-sdk-ecs-4.2.0.jar, file:/D:/java/apache-maven-3.6.3/repository/com/qcloud/cos_api/5.6.22/cos_api-5.6.22.jar, file:/D:/java/apache-maven-3.6.3/repository/joda-time/joda-time/2.10.5/joda-time-2.10.5.jar, file:/D:/java/apache-maven-3.6.3/repository/org/bouncycastle/bcprov-jdk15on/1.64/bcprov-jdk15on-1.64.jar, file:/D:/java/apache-maven-3.6.3/repository/com/qiniu/qiniu-java-sdk/7.2.28/qiniu-java-sdk-7.2.28.jar, file:/D:/java/apache-maven-3.6.3/repository/com/squareup/okhttp3/okhttp/3.14.7/okhttp-3.14.7.jar, file:/D:/java/apache-maven-3.6.3/repository/com/squareup/okio/okio/1.17.2/okio-1.17.2.jar, file:/D:/java/apache-maven-3.6.3/repository/com/amazonaws/aws-java-sdk-s3/1.12.99/aws-java-sdk-s3-1.12.99.jar, file:/D:/java/apache-maven-3.6.3/repository/com/amazonaws/aws-java-sdk-kms/1.12.99/aws-java-sdk-kms-1.12.99.jar, file:/D:/java/apache-maven-3.6.3/repository/com/amazonaws/aws-java-sdk-core/1.12.99/aws-java-sdk-core-1.12.99.jar, file:/D:/java/apache-maven-3.6.3/repository/software/amazon/ion/ion-java/1.0.2/ion-java-1.0.2.jar, file:/D:/java/apache-maven-3.6.3/repository/com/fasterxml/jackson/dataformat/jackson-dataformat-cbor/2.10.3/jackson-dataformat-cbor-2.10.3.jar, file:/D:/java/apache-maven-3.6.3/repository/com/amazonaws/jmespath-java/1.12.99/jmespath-java-1.12.99.jar, file:/D:/java/apache-maven-3.6.3/repository/dom4j/dom4j/1.6.1/dom4j-1.6.1.jar, file:/D:/java/apache-maven-3.6.3/repository/xml-apis/xml-apis/1.0.b2/xml-apis-1.0.b2.jar, file:/D:/java/apache-maven-3.6.3/repository/com/thoughtworks/xstream/xstream/1.4.18/xstream-1.4.18.jar, file:/D:/java/apache-maven-3.6.3/repository/io/github/x-stream/mxparser/1.2.2/mxparser-1.2.2.jar, file:/D:/java/apache-maven-3.6.3/repository/xmlpull/xmlpull/1.1.3.1/xmlpull-1.1.3.1.jar, file:/D:/java/apache-maven-3.6.3/repository/com/vaadin/external/google/android-json/0.0.20131108.vaadin1/android-json-0.0.20131108.vaadin1.jar, file:/D:/java/apache-maven-3.6.3/repository/org/apache/httpcomponents/httpmime/4.5.2/httpmime-4.5.2.jar, file:/D:/java/apache-maven-3.6.3/repository/com/google/zxing/core/3.3.3/core-3.3.3.jar, file:/D:/java/apache-maven-3.6.3/repository/com/google/zxing/javase/3.3.3/javase-3.3.3.jar, file:/D:/java/apache-maven-3.6.3/repository/com/beust/jcommander/1.72/jcommander-1.72.jar, file:/D:/java/apache-maven-3.6.3/repository/com/github/jai-imageio/jai-imageio-core/1.4.0/jai-imageio-core-1.4.0.jar, file:/D:/java/apache-maven-3.6.3/repository/io/jsonwebtoken/jjwt/0.9.1/jjwt-0.9.1.jar, file:/D:/java/apache-maven-3.6.3/repository/com/auth0/jwks-rsa/0.9.0/jwks-rsa-0.9.0.jar, file:/D:/java/apache-maven-3.6.3/repository/com/alipay/sdk/alipay-sdk-java/4.15.20.ALL/alipay-sdk-java-4.15.20.ALL.jar, file:/D:/java/apache-maven-3.6.3/repository/org/springframework/boot/spring-boot-starter-security/2.2.6.RELEASE/spring-boot-starter-security-2.2.6.RELEASE.jar, file:/D:/java/apache-maven-3.6.3/repository/org/springframework/security/spring-security-config/5.2.2.RELEASE/spring-security-config-5.2.2.RELEASE.jar, file:/D:/java/apache-maven-3.6.3/repository/org/springframework/security/spring-security-core/5.2.2.RELEASE/spring-security-core-5.2.2.RELEASE.jar, file:/D:/java/apache-maven-3.6.3/repository/org/springframework/security/spring-security-web/5.2.2.RELEASE/spring-security-web-5.2.2.RELEASE.jar, file:/D:/java/apache-maven-3.6.3/repository/com/anji-plus/spring-boot-starter-captcha/1.3.0/spring-boot-starter-captcha-1.3.0.jar, file:/D:/java/apache-maven-3.6.3/repository/com/anji-plus/captcha/1.3.0/captcha-1.3.0.jar, file:/D:/java/apache-maven-3.6.3/repository/com/jayway/jsonpath/json-path/2.4.0/json-path-2.4.0.jar, file:/D:/java/apache-maven-3.6.3/repository/net/minidev/json-smart/2.3/json-smart-2.3.jar, file:/D:/java/apache-maven-3.6.3/repository/net/minidev/accessors-smart/1.2/accessors-smart-1.2.jar, file:/D:/java/apache-maven-3.6.3/repository/org/ow2/asm/asm/5.0.4/asm-5.0.4.jar, file:/D:/java/apache-maven-3.6.3/repository/com/google/code/gson/gson/2.8.6/gson-2.8.6.jar, file:/D:/java/apache-maven-3.6.3/repository/org/springframework/boot/spring-boot-starter-quartz/2.2.6.RELEASE/spring-boot-starter-quartz-2.2.6.RELEASE.jar, file:/D:/java/apache-maven-3.6.3/repository/org/springframework/boot/spring-boot-starter/2.2.6.RELEASE/spring-boot-starter-2.2.6.RELEASE.jar, file:/D:/java/apache-maven-3.6.3/repository/org/springframework/boot/spring-boot/2.2.6.RELEASE/spring-boot-2.2.6.RELEASE.jar, file:/D:/java/apache-maven-3.6.3/repository/org/springframework/boot/spring-boot-starter-logging/2.2.6.RELEASE/spring-boot-starter-logging-2.2.6.RELEASE.jar, file:/D:/java/apache-maven-3.6.3/repository/org/apache/logging/log4j/log4j-to-slf4j/2.12.1/log4j-to-slf4j-2.12.1.jar, file:/D:/java/apache-maven-3.6.3/repository/org/apache/logging/log4j/log4j-api/2.12.1/log4j-api-2.12.1.jar, file:/D:/java/apache-maven-3.6.3/repository/org/slf4j/jul-to-slf4j/1.7.30/jul-to-slf4j-1.7.30.jar, file:/D:/java/apache-maven-3.6.3/repository/jakarta/annotation/jakarta.annotation-api/1.3.5/jakarta.annotation-api-1.3.5.jar, file:/D:/java/apache-maven-3.6.3/repository/org/springframework/spring-core/5.2.5.RELEASE/spring-core-5.2.5.RELEASE.jar, file:/D:/java/apache-maven-3.6.3/repository/org/springframework/spring-jcl/5.2.5.RELEASE/spring-jcl-5.2.5.RELEASE.jar, file:/D:/java/apache-maven-3.6.3/repository/org/yaml/snakeyaml/1.25/snakeyaml-1.25.jar, file:/D:/java/apache-maven-3.6.3/repository/org/springframework/spring-context-support/5.2.5.RELEASE/spring-context-support-5.2.5.RELEASE.jar, file:/D:/java/apache-maven-3.6.3/repository/org/springframework/spring-beans/5.2.5.RELEASE/spring-beans-5.2.5.RELEASE.jar, file:/D:/java/apache-maven-3.6.3/repository/org/springframework/spring-context/5.2.5.RELEASE/spring-context-5.2.5.RELEASE.jar, file:/D:/java/apache-maven-3.6.3/repository/org/springframework/spring-expression/5.2.5.RELEASE/spring-expression-5.2.5.RELEASE.jar, file:/D:/java/apache-maven-3.6.3/repository/org/springframework/spring-tx/5.2.5.RELEASE/spring-tx-5.2.5.RELEASE.jar, file:/D:/java/apache-maven-3.6.3/repository/org/quartz-scheduler/quartz/2.3.2/quartz-2.3.2.jar, file:/D:/java/apache-maven-3.6.3/repository/com/mchange/mchange-commons-java/0.2.15/mchange-commons-java-0.2.15.jar, file:/D:/java/apache-maven-3.6.3/repository/com/github/oshi/oshi-core/5.8.6/oshi-core-5.8.6.jar, file:/D:/java/apache-maven-3.6.3/repository/org/slf4j/slf4j-api/1.7.30/slf4j-api-1.7.30.jar, file:/D:/java/apache-maven-3.6.3/repository/net/java/dev/jna/jna/5.13.0/jna-5.13.0.jar, file:/D:/java/apache-maven-3.6.3/repository/net/java/dev/jna/jna-platform/5.13.0/jna-platform-5.13.0.jar, file:/D:/Program%20Files/JetBrains/IntelliJ%20IDEA%202022.1.3/lib/idea_rt.jar, file:/C:/Users/Administrator/AppData/Local/JetBrains/IntelliJIdea2022.1/captureAgent/debugger-agent.jar]" }
                    
{
                    "app": "Crmeb",
                    "timestamp":"2026-06-25 11:11:08.155",
                    "level": "DEBUG",
                    "thread": "main",
                    "class": "o.springframework.boot.SpringApplication",
                    "message": "Loading source class com.zbkj.admin.CrmebAdminApplication" }
                    
{
                    "app": "Crmeb",
                    "timestamp":"2026-06-25 11:11:08.246",
                    "level": "DEBUG",
                    "thread": "main",
                    "class": "o.s.b.c.c.ConfigFileApplicationListener",
                    "message": "Loaded config file 'file:/D:/Desktop/code/crmeb_java/crmeb/crmeb-admin/target/classes/application.yml' (classpath:/application.yml)" }
                    
{
                    "app": "Crmeb",
                    "timestamp":"2026-06-25 11:11:08.247",
                    "level": "DEBUG",
                    "thread": "main",
                    "class": "o.s.b.w.s.c.AnnotationConfigServletWebServerApplicationContext",
                    "message": "Refreshing org.springframework.boot.web.servlet.context.AnnotationConfigServletWebServerApplicationContext@1eb6749b" }
                    
{
                    "app": "Crmeb",
                    "timestamp":"2026-06-25 11:11:17.924",
                    "level": "DEBUG",
                    "thread": "main",
                    "class": "o.s.b.w.e.t.TomcatServletWebServerFactory",
                    "message": "Code archive: D:\java\apache-maven-3.6.3\repository\org\springframework\boot\spring-boot\2.2.6.RELEASE\spring-boot-2.2.6.RELEASE.jar" }
                    
{
                    "app": "Crmeb",
                    "timestamp":"2026-06-25 11:11:17.924",
                    "level": "DEBUG",
                    "thread": "main",
                    "class": "o.s.b.w.e.t.TomcatServletWebServerFactory",
                    "message": "Code archive: D:\java\apache-maven-3.6.3\repository\org\springframework\boot\spring-boot\2.2.6.RELEASE\spring-boot-2.2.6.RELEASE.jar" }
                    
{
                    "app": "Crmeb",
                    "timestamp":"2026-06-25 11:11:17.924",
                    "level": "DEBUG",
                    "thread": "main",
                    "class": "o.s.b.w.e.t.TomcatServletWebServerFactory",
                    "message": "None of the document roots [src/main/webapp, public, static] point to a directory and will be ignored." }
                    
{
                    "app": "Crmeb",
                    "timestamp":"2026-06-25 11:11:18.861",
                    "level": "DEBUG",
                    "thread": "main",
                    "class": "o.s.web.context.ContextLoader",
                    "message": "Published root WebApplicationContext as ServletContext attribute with name [org.springframework.web.context.WebApplicationContext.ROOT]" }
                    
{
                    "app": "Crmeb",
                    "timestamp":"2026-06-25 11:11:20.515",
                    "level": "DEBUG",
                    "thread": "main",
                    "class": "o.s.b.w.s.ServletContextInitializerBeans",
                    "message": "Mapping filters: filterRegistrationBean urls=[/*] order=-2147483647, springSecurityFilterChain urls=[/*] order=-100, filterRegistrationBean urls=[/*] order=2147483647, filterRegistrationBean urls=[/api/*] order=2147483647, characterEncodingFilter urls=[/*] order=-2147483648, formContentFilter urls=[/*] order=-9900, requestContextFilter urls=[/*] order=-105, corsFilter urls=[/*] order=2147483647, jwtAuthenticationTokenFilter urls=[/*] order=2147483647" }
                    
{
                    "app": "Crmeb",
                    "timestamp":"2026-06-25 11:11:20.515",
                    "level": "DEBUG",
                    "thread": "main",
                    "class": "o.s.b.w.s.ServletContextInitializerBeans",
                    "message": "Mapping servlets: statViewServlet urls=[/druid/*], dispatcherServlet urls=[/]" }
                    
{
                    "app": "Crmeb",
                    "timestamp":"2026-06-25 11:11:20.588",
                    "level": "DEBUG",
                    "thread": "main",
                    "class": "o.s.b.a.m.w.servlet.WebMvcMetricsFilter",
                    "message": "Filter 'webMvcMetricsFilter' configured for use" }
                    
{
                    "app": "Crmeb",
                    "timestamp":"2026-06-25 11:11:20.588",
                    "level": "DEBUG",
                    "thread": "main",
                    "class": "o.s.b.w.s.f.OrderedRequestContextFilter",
                    "message": "Filter 'requestContextFilter' configured for use" }
                    
{
                    "app": "Crmeb",
                    "timestamp":"2026-06-25 11:11:20.588",
                    "level": "DEBUG",
                    "thread": "main",
                    "class": "o.springframework.web.filter.CorsFilter",
                    "message": "Filter 'corsFilter' configured for use" }
                    
{
                    "app": "Crmeb",
                    "timestamp":"2026-06-25 11:11:20.589",
                    "level": "DEBUG",
                    "thread": "main",
                    "class": "o.s.b.w.s.f.OrderedCharacterEncodingFilter",
                    "message": "Filter 'characterEncodingFilter' configured for use" }
                    
{
                    "app": "Crmeb",
                    "timestamp":"2026-06-25 11:11:20.589",
                    "level": "DEBUG",
                    "thread": "main",
                    "class": "o.s.b.w.s.DelegatingFilterProxyRegistrationBean$1",
                    "message": "Filter 'springSecurityFilterChain' configured for use" }
                    
{
                    "app": "Crmeb",
                    "timestamp":"2026-06-25 11:11:20.589",
                    "level": "DEBUG",
                    "thread": "main",
                    "class": "o.s.b.w.s.f.OrderedFormContentFilter",
                    "message": "Filter 'formContentFilter' configured for use" }
                    
{
                    "app": "Crmeb",
                    "timestamp":"2026-06-25 11:11:32.412",
                    "level": "DEBUG",
                    "thread": "main",
                    "class": "o.s.w.s.m.m.a.RequestMappingHandlerMapping",
                    "message": "331 mappings in 'requestMappingHandlerMapping'" }
                    
{
                    "app": "Crmeb",
                    "timestamp":"2026-06-25 11:11:32.969",
                    "level": "DEBUG",
                    "thread": "main",
                    "class": "o.s.b.a.SpringApplicationAdminMXBeanRegistrar$SpringApplicationAdmin",
                    "message": "Application Admin MBean registered with name 'org.springframework.boot:type=Admin,name=SpringApplication'" }
                    
{
                    "app": "Crmeb",
                    "timestamp":"2026-06-25 11:11:32.977",
                    "level": "DEBUG",
                    "thread": "main",
                    "class": "o.s.w.s.m.m.a.RequestMappingHandlerAdapter",
                    "message": "ControllerAdvice beans: 0 @ModelAttribute, 0 @InitBinder, 1 RequestBodyAdvice, 2 ResponseBodyAdvice" }
                    
{
                    "app": "Crmeb",
                    "timestamp":"2026-06-25 11:11:33.056",
                    "level": "DEBUG",
                    "thread": "main",
                    "class": "o.s.w.s.handler.SimpleUrlHandlerMapping",
                    "message": "Patterns [/webjars/**, /**, /doc.html, /crmebimage/**, /uploadf/**] in 'resourceHandlerMapping'" }
                    
{
                    "app": "Crmeb",
                    "timestamp":"2026-06-25 11:11:33.086",
                    "level": "DEBUG",
                    "thread": "main",
                    "class": "o.s.w.s.m.m.a.ExceptionHandlerExceptionResolver",
                    "message": "ControllerAdvice beans: 1 @ExceptionHandler, 2 ResponseBodyAdvice" }
                    
{
                    "app": "Crmeb",
                    "timestamp":"2026-06-25 11:42:22.163",
                    "level": "DEBUG",
                    "thread": "http-nio-8169-exec-1",
                    "class": "o.s.web.servlet.DispatcherServlet",
                    "message": "Detected StandardServletMultipartResolver" }
                    
{
                    "app": "Crmeb",
                    "timestamp":"2026-06-25 11:42:22.190",
                    "level": "DEBUG",
                    "thread": "http-nio-8169-exec-1",
                    "class": "o.s.web.servlet.DispatcherServlet",
                    "message": "enableLoggingRequestDetails='false': request parameters and headers will be masked to prevent unsafe logging of potentially sensitive data" }
                    
{
                    "app": "Crmeb",
                    "timestamp":"2026-06-25 11:42:22.716",
                    "level": "DEBUG",
                    "thread": "http-nio-8169-exec-1",
                    "class": "o.s.web.servlet.DispatcherServlet",
                    "message": "GET "/api/admin/getLoginPic?temp=1782358941", parameters={masked}" }
                    
{
                    "app": "Crmeb",
                    "timestamp":"2026-06-25 11:42:22.722",
                    "level": "DEBUG",
                    "thread": "http-nio-8169-exec-1",
                    "class": "o.s.w.s.m.m.a.RequestMappingHandlerMapping",
                    "message": "Mapped to com.zbkj.admin.controller.AdminLoginController#getLoginPic()" }
                    
{
                    "app": "Crmeb",
                    "timestamp":"2026-06-25 11:42:23.913",
                    "level": "DEBUG",
                    "thread": "http-nio-8169-exec-1",
                    "class": "o.s.w.s.m.m.a.RequestResponseBodyMethodProcessor",
                    "message": "Using 'application/json', given [application/json, text/plain, */*] and supported [application/json, application/*+json, application/json, application/*+json, application/cbor]" }
                    
{
                    "app": "Crmeb",
                    "timestamp":"2026-06-25 11:42:23.913",
                    "level": "DEBUG",
                    "thread": "http-nio-8169-exec-1",
                    "class": "o.s.w.s.m.m.a.RequestResponseBodyMethodProcessor",
                    "message": "Writing [com.zbkj.common.result.CommonResult@1cdc6eca]" }
                    
{
                    "app": "Crmeb",
                    "timestamp":"2026-06-25 11:42:24.028",
                    "level": "DEBUG",
                    "thread": "http-nio-8169-exec-1",
                    "class": "o.s.web.servlet.DispatcherServlet",
                    "message": "Completed 200 OK" }
                    
{
                    "app": "Crmeb",
                    "timestamp":"2026-06-25 11:42:27.639",
                    "level": "DEBUG",
                    "thread": "http-nio-8169-exec-3",
                    "class": "o.s.web.servlet.DispatcherServlet",
                    "message": "GET "/api/admin/getLoginPic?temp=1782358947", parameters={masked}" }
                    
{
                    "app": "Crmeb",
                    "timestamp":"2026-06-25 11:42:27.640",
                    "level": "DEBUG",
                    "thread": "http-nio-8169-exec-3",
                    "class": "o.s.w.s.m.m.a.RequestMappingHandlerMapping",
                    "message": "Mapped to com.zbkj.admin.controller.AdminLoginController#getLoginPic()" }
                    
{
                    "app": "Crmeb",
                    "timestamp":"2026-06-25 11:42:27.905",
                    "level": "DEBUG",
                    "thread": "http-nio-8169-exec-3",
                    "class": "o.s.w.s.m.m.a.RequestResponseBodyMethodProcessor",
                    "message": "Using 'application/json', given [application/json, text/plain, */*] and supported [application/json, application/*+json, application/json, application/*+json, application/cbor]" }
                    
{
                    "app": "Crmeb",
                    "timestamp":"2026-06-25 11:42:27.906",
                    "level": "DEBUG",
                    "thread": "http-nio-8169-exec-3",
                    "class": "o.s.w.s.m.m.a.RequestResponseBodyMethodProcessor",
                    "message": "Writing [com.zbkj.common.result.CommonResult@3d27c6f1]" }
                    
{
                    "app": "Crmeb",
                    "timestamp":"2026-06-25 11:42:27.907",
                    "level": "DEBUG",
                    "thread": "http-nio-8169-exec-3",
                    "class": "o.s.web.servlet.DispatcherServlet",
                    "message": "Completed 200 OK" }
                    
{
                    "app": "Crmeb",
                    "timestamp":"2026-06-25 11:42:29.863",
                    "level": "DEBUG",
                    "thread": "http-nio-8169-exec-8",
                    "class": "o.s.web.servlet.DispatcherServlet",
                    "message": "POST "/api/admin/login/account/detection", parameters={}" }
                    
{
                    "app": "Crmeb",
                    "timestamp":"2026-06-25 11:42:29.864",
                    "level": "DEBUG",
                    "thread": "http-nio-8169-exec-8",
                    "class": "o.s.w.s.m.m.a.RequestMappingHandlerMapping",
                    "message": "Mapped to com.zbkj.admin.controller.AdminLoginController#accountDetection(AdminAccountDetectionRequest)" }
                    
{
                    "app": "Crmeb",
                    "timestamp":"2026-06-25 11:42:29.910",
                    "level": "DEBUG",
                    "thread": "http-nio-8169-exec-8",
                    "class": "o.s.w.s.m.m.a.RequestResponseBodyMethodProcessor",
                    "message": "Read "application/json;charset=UTF-8" to [AdminAccountDetectionRequest(account=admin)]" }
                    
{
                    "app": "Crmeb",
                    "timestamp":"2026-06-25 11:42:29.950",
                    "level": "DEBUG",
                    "thread": "http-nio-8169-exec-2",
                    "class": "o.s.web.servlet.DispatcherServlet",
                    "message": "POST "/api/admin/login", parameters={}" }
                    
{
                    "app": "Crmeb",
                    "timestamp":"2026-06-25 11:42:29.951",
                    "level": "DEBUG",
                    "thread": "http-nio-8169-exec-2",
                    "class": "o.s.w.s.m.m.a.RequestMappingHandlerMapping",
                    "message": "Mapped to com.zbkj.admin.controller.AdminLoginController#SystemAdminLogin(SystemAdminLoginRequest, HttpServletRequest)" }
                    
{
                    "app": "Crmeb",
                    "timestamp":"2026-06-25 11:42:29.968",
                    "level": "DEBUG",
                    "thread": "http-nio-8169-exec-2",
                    "class": "o.s.w.s.m.m.a.RequestResponseBodyMethodProcessor",
                    "message": "Read "application/json;charset=UTF-8" to [SystemAdminLoginRequest(account=admin, pwd=123456, captchaVO=com.anji.captcha.model.vo.CaptchaVO@33b (truncated)...]" }
                    
{
                    "app": "Crmeb",
                    "timestamp":"2026-06-25 11:42:30.119",
                    "level": "DEBUG",
                    "thread": "http-nio-8169-exec-8",
                    "class": "o.s.w.s.m.m.a.RequestResponseBodyMethodProcessor",
                    "message": "Using 'application/json', given [application/json, text/plain, */*] and supported [application/json, application/*+json, application/json, application/*+json, application/cbor]" }
                    
{
                    "app": "Crmeb",
                    "timestamp":"2026-06-25 11:42:30.119",
                    "level": "DEBUG",
                    "thread": "http-nio-8169-exec-8",
                    "class": "o.s.w.s.m.m.a.RequestResponseBodyMethodProcessor",
                    "message": "Writing [com.zbkj.common.result.CommonResult@2fd4c6c4]" }
                    
{
                    "app": "Crmeb",
                    "timestamp":"2026-06-25 11:42:30.125",
                    "level": "DEBUG",
                    "thread": "http-nio-8169-exec-8",
                    "class": "o.s.web.servlet.DispatcherServlet",
                    "message": "Completed 200 OK" }
                    
{
                    "app": "Crmeb",
                    "timestamp":"2026-06-25 11:42:31.348",
                    "level": "DEBUG",
                    "thread": "http-nio-8169-exec-2",
                    "class": "o.s.w.s.m.m.a.RequestResponseBodyMethodProcessor",
                    "message": "Using 'application/json', given [application/json, text/plain, */*] and supported [application/json]" }
                    
{
                    "app": "Crmeb",
                    "timestamp":"2026-06-25 11:42:31.349",
                    "level": "DEBUG",
                    "thread": "http-nio-8169-exec-2",
                    "class": "o.s.w.s.m.m.a.RequestResponseBodyMethodProcessor",
                    "message": "Writing [com.zbkj.common.result.CommonResult@75c794b6]" }
                    
{
                    "app": "Crmeb",
                    "timestamp":"2026-06-25 11:42:31.352",
                    "level": "DEBUG",
                    "thread": "http-nio-8169-exec-2",
                    "class": "o.s.web.servlet.DispatcherServlet",
                    "message": "Completed 200 OK" }
                    
{
                    "app": "Crmeb",
                    "timestamp":"2026-06-25 11:42:31.435",
                    "level": "DEBUG",
                    "thread": "http-nio-8169-exec-12",
                    "class": "o.s.web.servlet.DispatcherServlet",
                    "message": "GET "/api/admin/getMenus?temp=1782358951", parameters={masked}" }
                    
{
                    "app": "Crmeb",
                    "timestamp":"2026-06-25 11:42:31.435",
                    "level": "DEBUG",
                    "thread": "http-nio-8169-exec-5",
                    "class": "o.s.web.servlet.DispatcherServlet",
                    "message": "GET "/api/admin/system/config/get/site/logo?temp=1782358951", parameters={masked}" }
                    
{
                    "app": "Crmeb",
                    "timestamp":"2026-06-25 11:42:31.436",
                    "level": "DEBUG",
                    "thread": "http-nio-8169-exec-12",
                    "class": "o.s.w.s.m.m.a.RequestMappingHandlerMapping",
                    "message": "Mapped to com.zbkj.admin.controller.AdminLoginController#getMenus()" }
                    
{
                    "app": "Crmeb",
                    "timestamp":"2026-06-25 11:42:31.436",
                    "level": "DEBUG",
                    "thread": "http-nio-8169-exec-5",
                    "class": "o.s.w.s.m.m.a.RequestMappingHandlerMapping",
                    "message": "Mapped to com.zbkj.admin.controller.SystemConfigController#getSiteLogo()" }
                    
{
                    "app": "Crmeb",
                    "timestamp":"2026-06-25 11:42:31.487",
                    "level": "DEBUG",
                    "thread": "http-nio-8169-exec-10",
                    "class": "o.s.web.servlet.DispatcherServlet",
                    "message": "GET "/api/admin/getAdminInfoByToken?token=a06ead3991fe42c19fb9f0521091b1b7&temp=1782358951", parameters={masked}" }
                    
{
                    "app": "Crmeb",
                    "timestamp":"2026-06-25 11:42:31.488",
                    "level": "DEBUG",
                    "thread": "http-nio-8169-exec-10",
                    "class": "o.s.w.s.m.m.a.RequestMappingHandlerMapping",
                    "message": "Mapped to com.zbkj.admin.controller.AdminLoginController#getAdminInfo()" }
                    
{
                    "app": "Crmeb",
                    "timestamp":"2026-06-25 11:42:31.494",
                    "level": "DEBUG",
                    "thread": "http-nio-8169-exec-10",
                    "class": "o.s.w.s.m.m.a.RequestResponseBodyMethodProcessor",
                    "message": "Using 'application/json', given [application/json, text/plain, */*] and supported [application/json, application/*+json, application/json, application/*+json, application/cbor]" }
                    
{
                    "app": "Crmeb",
                    "timestamp":"2026-06-25 11:42:31.494",
                    "level": "DEBUG",
                    "thread": "http-nio-8169-exec-10",
                    "class": "o.s.w.s.m.m.a.RequestResponseBodyMethodProcessor",
                    "message": "Writing [com.zbkj.common.result.CommonResult@4f3f657d]" }
                    
{
                    "app": "Crmeb",
                    "timestamp":"2026-06-25 11:42:31.496",
                    "level": "DEBUG",
                    "thread": "http-nio-8169-exec-10",
                    "class": "o.s.web.servlet.DispatcherServlet",
                    "message": "Completed 200 OK" }
                    
{
                    "app": "Crmeb",
                    "timestamp":"2026-06-25 11:42:31.522",
                    "level": "DEBUG",
                    "thread": "http-nio-8169-exec-5",
                    "class": "o.s.w.s.m.m.a.RequestResponseBodyMethodProcessor",
                    "message": "Using 'application/json', given [application/json, text/plain, */*] and supported [application/json, application/*+json, application/json, application/*+json, application/cbor]" }
                    
{
                    "app": "Crmeb",
                    "timestamp":"2026-06-25 11:42:31.523",
                    "level": "DEBUG",
                    "thread": "http-nio-8169-exec-5",
                    "class": "o.s.w.s.m.m.a.RequestResponseBodyMethodProcessor",
                    "message": "Writing [com.zbkj.common.result.CommonResult@931c55]" }
                    
{
                    "app": "Crmeb",
                    "timestamp":"2026-06-25 11:42:31.523",
                    "level": "DEBUG",
                    "thread": "http-nio-8169-exec-5",
                    "class": "o.s.web.servlet.DispatcherServlet",
                    "message": "Completed 200 OK" }
                    
{
                    "app": "Crmeb",
                    "timestamp":"2026-06-25 11:42:31.526",
                    "level": "DEBUG",
                    "thread": "http-nio-8169-exec-12",
                    "class": "o.s.w.s.m.m.a.RequestResponseBodyMethodProcessor",
                    "message": "Using 'application/json', given [application/json, text/plain, */*] and supported [application/json, application/*+json, application/json, application/*+json, application/cbor]" }
                    
{
                    "app": "Crmeb",
                    "timestamp":"2026-06-25 11:42:31.526",
                    "level": "DEBUG",
                    "thread": "http-nio-8169-exec-12",
                    "class": "o.s.w.s.m.m.a.RequestResponseBodyMethodProcessor",
                    "message": "Writing [com.zbkj.common.result.CommonResult@49bc3150]" }
                    
{
                    "app": "Crmeb",
                    "timestamp":"2026-06-25 11:42:31.529",
                    "level": "DEBUG",
                    "thread": "http-nio-8169-exec-12",
                    "class": "o.s.web.servlet.DispatcherServlet",
                    "message": "Completed 200 OK" }
                    
{
                    "app": "Crmeb",
                    "timestamp":"2026-06-25 11:42:31.555",
                    "level": "DEBUG",
                    "thread": "http-nio-8169-exec-12",
                    "class": "o.s.web.servlet.DispatcherServlet",
                    "message": "GET "/api/admin/getMenus?temp=1782358951", parameters={masked}" }
                    
{
                    "app": "Crmeb",
                    "timestamp":"2026-06-25 11:42:31.556",
                    "level": "DEBUG",
                    "thread": "http-nio-8169-exec-12",
                    "class": "o.s.w.s.m.m.a.RequestMappingHandlerMapping",
                    "message": "Mapped to com.zbkj.admin.controller.AdminLoginController#getMenus()" }
                    
{
                    "app": "Crmeb",
                    "timestamp":"2026-06-25 11:42:31.605",
                    "level": "DEBUG",
                    "thread": "http-nio-8169-exec-12",
                    "class": "o.s.w.s.m.m.a.RequestResponseBodyMethodProcessor",
                    "message": "Using 'application/json', given [application/json, text/plain, */*] and supported [application/json, application/*+json, application/json, application/*+json, application/cbor]" }
                    
{
                    "app": "Crmeb",
                    "timestamp":"2026-06-25 11:42:31.605",
                    "level": "DEBUG",
                    "thread": "http-nio-8169-exec-12",
                    "class": "o.s.w.s.m.m.a.RequestResponseBodyMethodProcessor",
                    "message": "Writing [com.zbkj.common.result.CommonResult@a26c46e]" }
                    
{
                    "app": "Crmeb",
                    "timestamp":"2026-06-25 11:42:31.606",
                    "level": "DEBUG",
                    "thread": "http-nio-8169-exec-12",
                    "class": "o.s.web.servlet.DispatcherServlet",
                    "message": "Completed 200 OK" }
                    
{
                    "app": "Crmeb",
                    "timestamp":"2026-06-25 11:42:31.853",
                    "level": "DEBUG",
                    "thread": "http-nio-8169-exec-21",
                    "class": "o.s.web.servlet.DispatcherServlet",
                    "message": "GET "/api/admin/statistics/home/chart/order?temp=1782358951", parameters={masked}" }
                    
{
                    "app": "Crmeb",
                    "timestamp":"2026-06-25 11:42:31.855",
                    "level": "DEBUG",
                    "thread": "http-nio-8169-exec-21",
                    "class": "o.s.w.s.m.m.a.RequestMappingHandlerMapping",
                    "message": "Mapped to com.zbkj.admin.controller.HomeController#chartOrder()" }
                    
{
                    "app": "Crmeb",
                    "timestamp":"2026-06-25 11:42:31.863",
                    "level": "DEBUG",
                    "thread": "http-nio-8169-exec-20",
                    "class": "o.s.web.servlet.DispatcherServlet",
                    "message": "GET "/api/admin/statistics/home/index?temp=1782358951", parameters={masked}" }
                    
{
                    "app": "Crmeb",
                    "timestamp":"2026-06-25 11:42:31.864",
                    "level": "DEBUG",
                    "thread": "http-nio-8169-exec-20",
                    "class": "o.s.w.s.m.m.a.RequestMappingHandlerMapping",
                    "message": "Mapped to com.zbkj.admin.controller.HomeController#indexDate()" }
                    
{
                    "app": "Crmeb",
                    "timestamp":"2026-06-25 11:42:31.865",
                    "level": "DEBUG",
                    "thread": "http-nio-8169-exec-19",
                    "class": "o.s.web.servlet.DispatcherServlet",
                    "message": "GET "/api/admin/statistics/home/operating/data?temp=1782358951", parameters={masked}" }
                    
{
                    "app": "Crmeb",
                    "timestamp":"2026-06-25 11:42:31.866",
                    "level": "DEBUG",
                    "thread": "http-nio-8169-exec-19",
                    "class": "o.s.w.s.m.m.a.RequestMappingHandlerMapping",
                    "message": "Mapped to com.zbkj.admin.controller.HomeController#operatingData()" }
                    
{
                    "app": "Crmeb",
                    "timestamp":"2026-06-25 11:42:31.932",
                    "level": "DEBUG",
                    "thread": "http-nio-8169-exec-16",
                    "class": "o.s.web.servlet.DispatcherServlet",
                    "message": "GET "/api/admin/statistics/home/chart/user?temp=1782358951", parameters={masked}" }
                    
{
                    "app": "Crmeb",
                    "timestamp":"2026-06-25 11:42:31.933",
                    "level": "DEBUG",
                    "thread": "http-nio-8169-exec-16",
                    "class": "o.s.w.s.m.m.a.RequestMappingHandlerMapping",
                    "message": "Mapped to com.zbkj.admin.controller.HomeController#chartUser()" }
                    
{
                    "app": "Crmeb",
                    "timestamp":"2026-06-25 11:42:31.944",
                    "level": "DEBUG",
                    "thread": "http-nio-8169-exec-21",
                    "class": "o.s.w.s.m.m.a.RequestResponseBodyMethodProcessor",
                    "message": "Using 'application/json', given [application/json, text/plain, */*] and supported [application/json, application/*+json, application/json, application/*+json, application/cbor]" }
                    
{
                    "app": "Crmeb",
                    "timestamp":"2026-06-25 11:42:31.945",
                    "level": "DEBUG",
                    "thread": "http-nio-8169-exec-21",
                    "class": "o.s.w.s.m.m.a.RequestResponseBodyMethodProcessor",
                    "message": "Writing [com.zbkj.common.result.CommonResult@3ba9ae8f]" }
                    
{
                    "app": "Crmeb",
                    "timestamp":"2026-06-25 11:42:31.946",
                    "level": "DEBUG",
                    "thread": "http-nio-8169-exec-24",
                    "class": "o.s.web.servlet.DispatcherServlet",
                    "message": "GET "/api/admin/statistics/user/overview?dateLimit=lately7&temp=1782358951", parameters={masked}" }
                    
{
                    "app": "Crmeb",
                    "timestamp":"2026-06-25 11:42:31.946",
                    "level": "DEBUG",
                    "thread": "http-nio-8169-exec-21",
                    "class": "o.s.web.servlet.DispatcherServlet",
                    "message": "Completed 200 OK" }
                    
{
                    "app": "Crmeb",
                    "timestamp":"2026-06-25 11:42:31.946",
                    "level": "DEBUG",
                    "thread": "http-nio-8169-exec-24",
                    "class": "o.s.w.s.m.m.a.RequestMappingHandlerMapping",
                    "message": "Mapped to com.zbkj.admin.controller.UserStatisticsController#getOverview(String)" }
                    
{
                    "app": "Crmeb",
                    "timestamp":"2026-06-25 11:42:31.966",
                    "level": "DEBUG",
                    "thread": "http-nio-8169-exec-25",
                    "class": "o.s.web.servlet.DispatcherServlet",
                    "message": "GET "/api/admin/statistics/user/channel?temp=1782358951", parameters={masked}" }
                    
{
                    "app": "Crmeb",
                    "timestamp":"2026-06-25 11:42:31.967",
                    "level": "DEBUG",
                    "thread": "http-nio-8169-exec-25",
                    "class": "o.s.w.s.m.m.a.RequestMappingHandlerMapping",
                    "message": "Mapped to com.zbkj.admin.controller.UserStatisticsController#getChannelData()" }
                    
{
                    "app": "Crmeb",
                    "timestamp":"2026-06-25 11:42:31.977",
                    "level": "DEBUG",
                    "thread": "http-nio-8169-exec-27",
                    "class": "o.s.web.servlet.DispatcherServlet",
                    "message": "GET "/api/admin/copyright/get/info?temp=1782358951", parameters={masked}" }
                    
{
                    "app": "Crmeb",
                    "timestamp":"2026-06-25 11:42:31.977",
                    "level": "DEBUG",
                    "thread": "http-nio-8169-exec-27",
                    "class": "o.s.w.s.m.m.a.RequestMappingHandlerMapping",
                    "message": "Mapped to com.zbkj.admin.controller.CopyrightController#getInfo()" }
                    
{
                    "app": "Crmeb",
                    "timestamp":"2026-06-25 11:42:31.999",
                    "level": "DEBUG",
                    "thread": "http-nio-8169-exec-16",
                    "class": "o.s.w.s.m.m.a.RequestResponseBodyMethodProcessor",
                    "message": "Using 'application/json', given [application/json, text/plain, */*] and supported [application/json, application/*+json, application/json, application/*+json, application/cbor]" }
                    
{
                    "app": "Crmeb",
                    "timestamp":"2026-06-25 11:42:32.000",
                    "level": "DEBUG",
                    "thread": "http-nio-8169-exec-16",
                    "class": "o.s.w.s.m.m.a.RequestResponseBodyMethodProcessor",
                    "message": "Writing [com.zbkj.common.result.CommonResult@4362c7e0]" }
                    
{
                    "app": "Crmeb",
                    "timestamp":"2026-06-25 11:42:32.000",
                    "level": "DEBUG",
                    "thread": "http-nio-8169-exec-16",
                    "class": "o.s.web.servlet.DispatcherServlet",
                    "message": "Completed 200 OK" }
                    
{
                    "app": "Crmeb",
                    "timestamp":"2026-06-25 11:42:32.035",
                    "level": "DEBUG",
                    "thread": "http-nio-8169-exec-25",
                    "class": "o.s.w.s.m.m.a.RequestResponseBodyMethodProcessor",
                    "message": "Using 'application/json', given [application/json, text/plain, */*] and supported [application/json, application/*+json, application/json, application/*+json, application/cbor]" }
                    
{
                    "app": "Crmeb",
                    "timestamp":"2026-06-25 11:42:32.035",
                    "level": "DEBUG",
                    "thread": "http-nio-8169-exec-25",
                    "class": "o.s.w.s.m.m.a.RequestResponseBodyMethodProcessor",
                    "message": "Writing [com.zbkj.common.result.CommonResult@6501b100]" }
                    
{
                    "app": "Crmeb",
                    "timestamp":"2026-06-25 11:42:32.036",
                    "level": "DEBUG",
                    "thread": "http-nio-8169-exec-25",
                    "class": "o.s.web.servlet.DispatcherServlet",
                    "message": "Completed 200 OK" }
                    
{
                    "app": "Crmeb",
                    "timestamp":"2026-06-25 11:42:32.042",
                    "level": "DEBUG",
                    "thread": "http-nio-8169-exec-30",
                    "class": "o.s.web.servlet.DispatcherServlet",
                    "message": "GET "/api/public/jsconfig/get/front/domain?temp=1782358951", parameters={masked}" }
                    
{
                    "app": "Crmeb",
                    "timestamp":"2026-06-25 11:42:32.043",
                    "level": "DEBUG",
                    "thread": "http-nio-8169-exec-30",
                    "class": "o.s.w.s.m.m.a.RequestMappingHandlerMapping",
                    "message": "Mapped to com.zbkj.admin.pub.GetJSConfig#getFrontDomain()" }
                    
{
                    "app": "Crmeb",
                    "timestamp":"2026-06-25 11:42:32.073",
                    "level": "DEBUG",
                    "thread": "http-nio-8169-exec-1",
                    "class": "o.s.web.servlet.DispatcherServlet",
                    "message": "GET "/api/public/jsconfig/get/admin/mediadomain?temp=1782358951", parameters={masked}" }
                    
{
                    "app": "Crmeb",
                    "timestamp":"2026-06-25 11:42:32.073",
                    "level": "DEBUG",
                    "thread": "http-nio-8169-exec-1",
                    "class": "o.s.w.s.m.m.a.RequestMappingHandlerMapping",
                    "message": "Mapped to com.zbkj.admin.pub.GetJSConfig#getMediaDomain()" }
                    
{
                    "app": "Crmeb",
                    "timestamp":"2026-06-25 11:42:32.096",
                    "level": "DEBUG",
                    "thread": "http-nio-8169-exec-30",
                    "class": "o.s.w.s.m.m.a.RequestResponseBodyMethodProcessor",
                    "message": "Using 'application/json', given [application/json, text/plain, */*] and supported [application/json, application/*+json, application/json, application/*+json, application/cbor]" }
                    
{
                    "app": "Crmeb",
                    "timestamp":"2026-06-25 11:42:32.096",
                    "level": "DEBUG",
                    "thread": "http-nio-8169-exec-30",
                    "class": "o.s.w.s.m.m.a.RequestResponseBodyMethodProcessor",
                    "message": "Writing [com.zbkj.common.result.CommonResult@d115d0e]" }
                    
{
                    "app": "Crmeb",
                    "timestamp":"2026-06-25 11:42:32.097",
                    "level": "DEBUG",
                    "thread": "http-nio-8169-exec-30",
                    "class": "o.s.web.servlet.DispatcherServlet",
                    "message": "Completed 200 OK" }
                    
{
                    "app": "Crmeb",
                    "timestamp":"2026-06-25 11:42:32.110",
                    "level": "DEBUG",
                    "thread": "http-nio-8169-exec-27",
                    "class": "o.s.web.client.RestTemplate",
                    "message": "HTTP POST https://authorize.crmeb.net/api/auth_cert_query?domain_name=https://jzk.wit.cn/&label=22&version=CRMEB-JAVA-KY-v1.4" }
                    
{
                    "app": "Crmeb",
                    "timestamp":"2026-06-25 11:42:32.126",
                    "level": "DEBUG",
                    "thread": "http-nio-8169-exec-27",
                    "class": "o.s.web.client.RestTemplate",
                    "message": "Accept=[application/json, application/cbor, application/*+json, text/plain, text/html]" }
                    
{
                    "app": "Crmeb",
                    "timestamp":"2026-06-25 11:42:32.174",
                    "level": "DEBUG",
                    "thread": "http-nio-8169-exec-1",
                    "class": "o.s.w.s.m.m.a.RequestResponseBodyMethodProcessor",
                    "message": "Using 'application/json', given [application/json, text/plain, */*] and supported [application/json, application/*+json, application/json, application/*+json, application/cbor]" }
                    
{
                    "app": "Crmeb",
                    "timestamp":"2026-06-25 11:42:32.176",
                    "level": "DEBUG",
                    "thread": "http-nio-8169-exec-1",
                    "class": "o.s.w.s.m.m.a.RequestResponseBodyMethodProcessor",
                    "message": "Writing [com.zbkj.common.result.CommonResult@6e01fcf7]" }
                    
{
                    "app": "Crmeb",
                    "timestamp":"2026-06-25 11:42:32.176",
                    "level": "DEBUG",
                    "thread": "http-nio-8169-exec-1",
                    "class": "o.s.web.servlet.DispatcherServlet",
                    "message": "Completed 200 OK" }
                    
{
                    "app": "Crmeb",
                    "timestamp":"2026-06-25 11:42:32.282",
                    "level": "DEBUG",
                    "thread": "http-nio-8169-exec-20",
                    "class": "o.s.w.s.m.m.a.RequestResponseBodyMethodProcessor",
                    "message": "Using 'application/json', given [application/json, text/plain, */*] and supported [application/json, application/*+json, application/json, application/*+json, application/cbor]" }
                    
{
                    "app": "Crmeb",
                    "timestamp":"2026-06-25 11:42:32.282",
                    "level": "DEBUG",
                    "thread": "http-nio-8169-exec-20",
                    "class": "o.s.w.s.m.m.a.RequestResponseBodyMethodProcessor",
                    "message": "Writing [com.zbkj.common.result.CommonResult@381c3542]" }
                    
{
                    "app": "Crmeb",
                    "timestamp":"2026-06-25 11:42:32.284",
                    "level": "DEBUG",
                    "thread": "http-nio-8169-exec-20",
                    "class": "o.s.web.servlet.DispatcherServlet",
                    "message": "Completed 200 OK" }
                    
{
                    "app": "Crmeb",
                    "timestamp":"2026-06-25 11:42:32.390",
                    "level": "DEBUG",
                    "thread": "http-nio-8169-exec-19",
                    "class": "o.s.w.s.m.m.a.RequestResponseBodyMethodProcessor",
                    "message": "Using 'application/json', given [application/json, text/plain, */*] and supported [application/json, application/*+json, application/json, application/*+json, application/cbor]" }
                    
{
                    "app": "Crmeb",
                    "timestamp":"2026-06-25 11:42:32.391",
                    "level": "DEBUG",
                    "thread": "http-nio-8169-exec-19",
                    "class": "o.s.w.s.m.m.a.RequestResponseBodyMethodProcessor",
                    "message": "Writing [com.zbkj.common.result.CommonResult@2d828cfc]" }
                    
{
                    "app": "Crmeb",
                    "timestamp":"2026-06-25 11:42:32.392",
                    "level": "DEBUG",
                    "thread": "http-nio-8169-exec-19",
                    "class": "o.s.web.servlet.DispatcherServlet",
                    "message": "Completed 200 OK" }
                    
{
                    "app": "Crmeb",
                    "timestamp":"2026-06-25 11:42:32.462",
                    "level": "DEBUG",
                    "thread": "http-nio-8169-exec-27",
                    "class": "o.s.web.client.RestTemplate",
                    "message": "Response 200 OK" }
                    
{
                    "app": "Crmeb",
                    "timestamp":"2026-06-25 11:42:32.464",
                    "level": "DEBUG",
                    "thread": "http-nio-8169-exec-27",
                    "class": "o.s.web.client.RestTemplate",
                    "message": "Reading to [com.alibaba.fastjson.JSONObject]" }
                    
{
                    "app": "Crmeb",
                    "timestamp":"2026-06-25 11:42:32.475",
                    "level": "DEBUG",
                    "thread": "http-nio-8169-exec-27",
                    "class": "o.s.w.s.m.m.a.RequestResponseBodyMethodProcessor",
                    "message": "Using 'application/json', given [application/json, text/plain, */*] and supported [application/json, application/*+json, application/json, application/*+json, application/cbor]" }
                    
{
                    "app": "Crmeb",
                    "timestamp":"2026-06-25 11:42:32.475",
                    "level": "DEBUG",
                    "thread": "http-nio-8169-exec-27",
                    "class": "o.s.w.s.m.m.a.RequestResponseBodyMethodProcessor",
                    "message": "Writing [com.zbkj.common.result.CommonResult@67de1762]" }
                    
{
                    "app": "Crmeb",
                    "timestamp":"2026-06-25 11:42:32.476",
                    "level": "DEBUG",
                    "thread": "http-nio-8169-exec-27",
                    "class": "o.s.web.servlet.DispatcherServlet",
                    "message": "Completed 200 OK" }
                    
{
                    "app": "Crmeb",
                    "timestamp":"2026-06-25 11:42:32.807",
                    "level": "DEBUG",
                    "thread": "http-nio-8169-exec-24",
                    "class": "o.s.w.s.m.m.a.RequestResponseBodyMethodProcessor",
                    "message": "Using 'application/json', given [application/json, text/plain, */*] and supported [application/json, application/*+json, application/json, application/*+json, application/cbor]" }
                    
{
                    "app": "Crmeb",
                    "timestamp":"2026-06-25 11:42:32.808",
                    "level": "DEBUG",
                    "thread": "http-nio-8169-exec-24",
                    "class": "o.s.w.s.m.m.a.RequestResponseBodyMethodProcessor",
                    "message": "Writing [com.zbkj.common.result.CommonResult@1f373b52]" }
                    
{
                    "app": "Crmeb",
                    "timestamp":"2026-06-25 11:42:32.809",
                    "level": "DEBUG",
                    "thread": "http-nio-8169-exec-24",
                    "class": "o.s.web.servlet.DispatcherServlet",
                    "message": "Completed 200 OK" }
                    
{
                    "app": "Crmeb",
                    "timestamp":"2026-06-25 11:42:42.096",
                    "level": "DEBUG",
                    "thread": "http-nio-8169-exec-6",
                    "class": "o.s.web.servlet.DispatcherServlet",
                    "message": "GET "/api/admin/category/list/tree?type=6&status=-1&temp=1782358962", parameters={masked}" }
                    
{
                    "app": "Crmeb",
                    "timestamp":"2026-06-25 11:42:42.097",
                    "level": "DEBUG",
                    "thread": "http-nio-8169-exec-6",
                    "class": "o.s.w.s.m.m.a.RequestMappingHandlerMapping",
                    "message": "Mapped to com.zbkj.admin.controller.CategoryController#getListTree(Integer, Integer, String)" }
                    
{
                    "app": "Crmeb",
                    "timestamp":"2026-06-25 11:42:42.196",
                    "level": "DEBUG",
                    "thread": "http-nio-8169-exec-6",
                    "class": "o.s.w.s.m.m.a.RequestResponseBodyMethodProcessor",
                    "message": "Using 'application/json', given [application/json, text/plain, */*] and supported [application/json, application/*+json, application/json, application/*+json, application/cbor]" }
                    
{
                    "app": "Crmeb",
                    "timestamp":"2026-06-25 11:42:42.196",
                    "level": "DEBUG",
                    "thread": "http-nio-8169-exec-6",
                    "class": "o.s.w.s.m.m.a.RequestResponseBodyMethodProcessor",
                    "message": "Writing [com.zbkj.common.result.CommonResult@34bdc889]" }
                    
{
                    "app": "Crmeb",
                    "timestamp":"2026-06-25 11:42:42.198",
                    "level": "DEBUG",
                    "thread": "http-nio-8169-exec-6",
                    "class": "o.s.web.servlet.DispatcherServlet",
                    "message": "Completed 200 OK" }
                    
{
                    "app": "Crmeb",
                    "timestamp":"2026-06-25 11:42:43.444",
                    "level": "DEBUG",
                    "thread": "http-nio-8169-exec-7",
                    "class": "o.s.web.servlet.DispatcherServlet",
                    "message": "GET "/api/admin/category/list/tree?type=2&status=-1&temp=1782358963", parameters={masked}" }
                    
{
                    "app": "Crmeb",
                    "timestamp":"2026-06-25 11:42:43.445",
                    "level": "DEBUG",
                    "thread": "http-nio-8169-exec-7",
                    "class": "o.s.w.s.m.m.a.RequestMappingHandlerMapping",
                    "message": "Mapped to com.zbkj.admin.controller.CategoryController#getListTree(Integer, Integer, String)" }
                    
{
                    "app": "Crmeb",
                    "timestamp":"2026-06-25 11:42:43.459",
                    "level": "DEBUG",
                    "thread": "http-nio-8169-exec-2",
                    "class": "o.s.web.servlet.DispatcherServlet",
                    "message": "GET "/api/admin/system/attachment/list?page=1&limit=18&pid=0&attType=jpg,jpeg,gif,png,bmp,PNG,JPG&temp=1782358963", parameters={masked}" }
                    
{
                    "app": "Crmeb",
                    "timestamp":"2026-06-25 11:42:43.460",
                    "level": "DEBUG",
                    "thread": "http-nio-8169-exec-2",
                    "class": "o.s.w.s.m.m.a.RequestMappingHandlerMapping",
                    "message": "Mapped to com.zbkj.admin.controller.SystemAttachmentController#getList(Integer, String, PageParamRequest)" }
                    
{
                    "app": "Crmeb",
                    "timestamp":"2026-06-25 11:42:43.491",
                    "level": "DEBUG",
                    "thread": "http-nio-8169-exec-7",
                    "class": "o.s.w.s.m.m.a.RequestResponseBodyMethodProcessor",
                    "message": "Using 'application/json', given [application/json, text/plain, */*] and supported [application/json, application/*+json, application/json, application/*+json, application/cbor]" }
                    
{
                    "app": "Crmeb",
                    "timestamp":"2026-06-25 11:42:43.491",
                    "level": "DEBUG",
                    "thread": "http-nio-8169-exec-7",
                    "class": "o.s.w.s.m.m.a.RequestResponseBodyMethodProcessor",
                    "message": "Writing [com.zbkj.common.result.CommonResult@28495a4]" }
                    
{
                    "app": "Crmeb",
                    "timestamp":"2026-06-25 11:42:43.492",
                    "level": "DEBUG",
                    "thread": "http-nio-8169-exec-7",
                    "class": "o.s.web.servlet.DispatcherServlet",
                    "message": "Completed 200 OK" }
                    
{
                    "app": "Crmeb",
                    "timestamp":"2026-06-25 11:42:43.576",
                    "level": "DEBUG",
                    "thread": "http-nio-8169-exec-2",
                    "class": "o.s.w.s.m.m.a.RequestResponseBodyMethodProcessor",
                    "message": "Using 'application/json', given [application/json, text/plain, */*] and supported [application/json, application/*+json, application/json, application/*+json, application/cbor]" }
                    
{
                    "app": "Crmeb",
                    "timestamp":"2026-06-25 11:42:43.576",
                    "level": "DEBUG",
                    "thread": "http-nio-8169-exec-2",
                    "class": "o.s.w.s.m.m.a.RequestResponseBodyMethodProcessor",
                    "message": "Writing [com.zbkj.common.result.CommonResult@2d88d00]" }
                    
{
                    "app": "Crmeb",
                    "timestamp":"2026-06-25 11:42:43.582",
                    "level": "DEBUG",
                    "thread": "http-nio-8169-exec-2",
                    "class": "o.s.web.servlet.DispatcherServlet",
                    "message": "Completed 200 OK" }
                    
{
                    "app": "Crmeb",
                    "timestamp":"2026-06-25 11:43:12.333",
                    "level": "DEBUG",
                    "thread": "http-nio-8169-exec-15",
                    "class": "o.s.web.servlet.DispatcherServlet",
                    "message": "GET "/api/admin/getAdminInfoByToken?token=a06ead3991fe42c19fb9f0521091b1b7&temp=1782358992", parameters={masked}" }
                    
{
                    "app": "Crmeb",
                    "timestamp":"2026-06-25 11:43:12.333",
                    "level": "DEBUG",
                    "thread": "http-nio-8169-exec-15",
                    "class": "o.s.w.s.m.m.a.RequestMappingHandlerMapping",
                    "message": "Mapped to com.zbkj.admin.controller.AdminLoginController#getAdminInfo()" }
                    
{
                    "app": "Crmeb",
                    "timestamp":"2026-06-25 11:43:12.334",
                    "level": "DEBUG",
                    "thread": "http-nio-8169-exec-15",
                    "class": "o.s.w.s.m.m.a.RequestResponseBodyMethodProcessor",
                    "message": "Using 'application/json', given [application/json, text/plain, */*] and supported [application/json, application/*+json, application/json, application/*+json, application/cbor]" }
                    
{
                    "app": "Crmeb",
                    "timestamp":"2026-06-25 11:43:12.334",
                    "level": "DEBUG",
                    "thread": "http-nio-8169-exec-15",
                    "class": "o.s.w.s.m.m.a.RequestResponseBodyMethodProcessor",
                    "message": "Writing [com.zbkj.common.result.CommonResult@3d369fa0]" }
                    
{
                    "app": "Crmeb",
                    "timestamp":"2026-06-25 11:43:12.334",
                    "level": "DEBUG",
                    "thread": "http-nio-8169-exec-15",
                    "class": "o.s.web.servlet.DispatcherServlet",
                    "message": "Completed 200 OK" }
                    
{
                    "app": "Crmeb",
                    "timestamp":"2026-06-25 11:43:12.372",
                    "level": "DEBUG",
                    "thread": "http-nio-8169-exec-17",
                    "class": "o.s.web.servlet.DispatcherServlet",
                    "message": "GET "/api/admin/getMenus?temp=1782358992", parameters={masked}" }
                    
{
                    "app": "Crmeb",
                    "timestamp":"2026-06-25 11:43:12.373",
                    "level": "DEBUG",
                    "thread": "http-nio-8169-exec-17",
                    "class": "o.s.w.s.m.m.a.RequestMappingHandlerMapping",
                    "message": "Mapped to com.zbkj.admin.controller.AdminLoginController#getMenus()" }
                    
{
                    "app": "Crmeb",
                    "timestamp":"2026-06-25 11:43:12.420",
                    "level": "DEBUG",
                    "thread": "http-nio-8169-exec-17",
                    "class": "o.s.w.s.m.m.a.RequestResponseBodyMethodProcessor",
                    "message": "Using 'application/json', given [application/json, text/plain, */*] and supported [application/json, application/*+json, application/json, application/*+json, application/cbor]" }
                    
{
                    "app": "Crmeb",
                    "timestamp":"2026-06-25 11:43:12.421",
                    "level": "DEBUG",
                    "thread": "http-nio-8169-exec-17",
                    "class": "o.s.w.s.m.m.a.RequestResponseBodyMethodProcessor",
                    "message": "Writing [com.zbkj.common.result.CommonResult@909258e]" }
                    
{
                    "app": "Crmeb",
                    "timestamp":"2026-06-25 11:43:12.421",
                    "level": "DEBUG",
                    "thread": "http-nio-8169-exec-17",
                    "class": "o.s.web.servlet.DispatcherServlet",
                    "message": "Completed 200 OK" }
                    
{
                    "app": "Crmeb",
                    "timestamp":"2026-06-25 11:43:12.576",
                    "level": "DEBUG",
                    "thread": "http-nio-8169-exec-21",
                    "class": "o.s.web.servlet.DispatcherServlet",
                    "message": "GET "/api/admin/system/attachment/list?page=1&limit=18&pid=0&attType=jpg,jpeg,gif,png,bmp,PNG,JPG&temp=1782358992", parameters={masked}" }
                    
{
                    "app": "Crmeb",
                    "timestamp":"2026-06-25 11:43:12.576",
                    "level": "DEBUG",
                    "thread": "http-nio-8169-exec-21",
                    "class": "o.s.w.s.m.m.a.RequestMappingHandlerMapping",
                    "message": "Mapped to com.zbkj.admin.controller.SystemAttachmentController#getList(Integer, String, PageParamRequest)" }
                    
{
                    "app": "Crmeb",
                    "timestamp":"2026-06-25 11:43:12.605",
                    "level": "DEBUG",
                    "thread": "http-nio-8169-exec-28",
                    "class": "o.s.web.servlet.DispatcherServlet",
                    "message": "GET "/api/admin/copyright/get/info?temp=1782358992", parameters={masked}" }
                    
{
                    "app": "Crmeb",
                    "timestamp":"2026-06-25 11:43:12.606",
                    "level": "DEBUG",
                    "thread": "http-nio-8169-exec-28",
                    "class": "o.s.w.s.m.m.a.RequestMappingHandlerMapping",
                    "message": "Mapped to com.zbkj.admin.controller.CopyrightController#getInfo()" }
                    
{
                    "app": "Crmeb",
                    "timestamp":"2026-06-25 11:43:12.613",
                    "level": "DEBUG",
                    "thread": "http-nio-8169-exec-22",
                    "class": "o.s.web.servlet.DispatcherServlet",
                    "message": "GET "/api/admin/category/list/tree?type=2&status=-1&temp=1782358992", parameters={masked}" }
                    
{
                    "app": "Crmeb",
                    "timestamp":"2026-06-25 11:43:12.614",
                    "level": "DEBUG",
                    "thread": "http-nio-8169-exec-22",
                    "class": "o.s.w.s.m.m.a.RequestMappingHandlerMapping",
                    "message": "Mapped to com.zbkj.admin.controller.CategoryController#getListTree(Integer, Integer, String)" }
                    
{
                    "app": "Crmeb",
                    "timestamp":"2026-06-25 11:43:12.665",
                    "level": "DEBUG",
                    "thread": "http-nio-8169-exec-22",
                    "class": "o.s.w.s.m.m.a.RequestResponseBodyMethodProcessor",
                    "message": "Using 'application/json', given [application/json, text/plain, */*] and supported [application/json, application/*+json, application/json, application/*+json, application/cbor]" }
                    
{
                    "app": "Crmeb",
                    "timestamp":"2026-06-25 11:43:12.665",
                    "level": "DEBUG",
                    "thread": "http-nio-8169-exec-22",
                    "class": "o.s.w.s.m.m.a.RequestResponseBodyMethodProcessor",
                    "message": "Writing [com.zbkj.common.result.CommonResult@211647e8]" }
                    
{
                    "app": "Crmeb",
                    "timestamp":"2026-06-25 11:43:12.666",
                    "level": "DEBUG",
                    "thread": "http-nio-8169-exec-22",
                    "class": "o.s.web.servlet.DispatcherServlet",
                    "message": "Completed 200 OK" }
                    
{
                    "app": "Crmeb",
                    "timestamp":"2026-06-25 11:43:12.670",
                    "level": "DEBUG",
                    "thread": "http-nio-8169-exec-21",
                    "class": "o.s.w.s.m.m.a.RequestResponseBodyMethodProcessor",
                    "message": "Using 'application/json', given [application/json, text/plain, */*] and supported [application/json, application/*+json, application/json, application/*+json, application/cbor]" }
                    
{
                    "app": "Crmeb",
                    "timestamp":"2026-06-25 11:43:12.670",
                    "level": "DEBUG",
                    "thread": "http-nio-8169-exec-21",
                    "class": "o.s.w.s.m.m.a.RequestResponseBodyMethodProcessor",
                    "message": "Writing [com.zbkj.common.result.CommonResult@2c5b590]" }
                    
{
                    "app": "Crmeb",
                    "timestamp":"2026-06-25 11:43:12.671",
                    "level": "DEBUG",
                    "thread": "http-nio-8169-exec-21",
                    "class": "o.s.web.servlet.DispatcherServlet",
                    "message": "Completed 200 OK" }
                    
{
                    "app": "Crmeb",
                    "timestamp":"2026-06-25 11:43:12.684",
                    "level": "DEBUG",
                    "thread": "http-nio-8169-exec-28",
                    "class": "o.s.web.client.RestTemplate",
                    "message": "HTTP POST https://authorize.crmeb.net/api/auth_cert_query?domain_name=https://jzk.wit.cn/&label=22&version=CRMEB-JAVA-KY-v1.4" }
                    
{
                    "app": "Crmeb",
                    "timestamp":"2026-06-25 11:43:12.684",
                    "level": "DEBUG",
                    "thread": "http-nio-8169-exec-28",
                    "class": "o.s.web.client.RestTemplate",
                    "message": "Accept=[application/json, application/cbor, application/*+json, text/plain, text/html]" }
                    
{
                    "app": "Crmeb",
                    "timestamp":"2026-06-25 11:43:12.879",
                    "level": "DEBUG",
                    "thread": "http-nio-8169-exec-28",
                    "class": "o.s.web.client.RestTemplate",
                    "message": "Response 200 OK" }
                    
{
                    "app": "Crmeb",
                    "timestamp":"2026-06-25 11:43:12.881",
                    "level": "DEBUG",
                    "thread": "http-nio-8169-exec-28",
                    "class": "o.s.web.client.RestTemplate",
                    "message": "Reading to [com.alibaba.fastjson.JSONObject]" }
                    
{
                    "app": "Crmeb",
                    "timestamp":"2026-06-25 11:43:12.883",
                    "level": "DEBUG",
                    "thread": "http-nio-8169-exec-28",
                    "class": "o.s.w.s.m.m.a.RequestResponseBodyMethodProcessor",
                    "message": "Using 'application/json', given [application/json, text/plain, */*] and supported [application/json, application/*+json, application/json, application/*+json, application/cbor]" }
                    
{
                    "app": "Crmeb",
                    "timestamp":"2026-06-25 11:43:12.883",
                    "level": "DEBUG",
                    "thread": "http-nio-8169-exec-28",
                    "class": "o.s.w.s.m.m.a.RequestResponseBodyMethodProcessor",
                    "message": "Writing [com.zbkj.common.result.CommonResult@36fa7904]" }
                    
{
                    "app": "Crmeb",
                    "timestamp":"2026-06-25 11:43:12.884",
                    "level": "DEBUG",
                    "thread": "http-nio-8169-exec-28",
                    "class": "o.s.web.servlet.DispatcherServlet",
                    "message": "Completed 200 OK" }
                    
{
                    "app": "Crmeb",
                    "timestamp":"2026-06-25 14:39:41.480",
                    "level": "DEBUG",
                    "thread": "http-nio-8169-exec-20",
                    "class": "o.s.web.servlet.DispatcherServlet",
                    "message": "GET "/api/admin/getAdminInfoByToken?token=a06ead3991fe42c19fb9f0521091b1b7&temp=1782369581", parameters={masked}" }
                    
{
                    "app": "Crmeb",
                    "timestamp":"2026-06-25 14:39:41.484",
                    "level": "DEBUG",
                    "thread": "http-nio-8169-exec-20",
                    "class": "o.s.w.s.m.m.a.RequestMappingHandlerMapping",
                    "message": "Mapped to com.zbkj.admin.controller.AdminLoginController#getAdminInfo()" }
                    
{
                    "app": "Crmeb",
                    "timestamp":"2026-06-25 14:39:41.489",
                    "level": "DEBUG",
                    "thread": "http-nio-8169-exec-20",
                    "class": "o.s.w.s.m.m.a.RequestResponseBodyMethodProcessor",
                    "message": "Using 'application/json', given [application/json, text/plain, */*] and supported [application/json, application/*+json, application/json, application/*+json, application/cbor]" }
                    
{
                    "app": "Crmeb",
                    "timestamp":"2026-06-25 14:39:41.489",
                    "level": "DEBUG",
                    "thread": "http-nio-8169-exec-20",
                    "class": "o.s.w.s.m.m.a.RequestResponseBodyMethodProcessor",
                    "message": "Writing [com.zbkj.common.result.CommonResult@1a1a4b3e]" }
                    
{
                    "app": "Crmeb",
                    "timestamp":"2026-06-25 14:39:41.491",
                    "level": "DEBUG",
                    "thread": "http-nio-8169-exec-20",
                    "class": "o.s.web.servlet.DispatcherServlet",
                    "message": "Completed 200 OK" }
                    
{
                    "app": "Crmeb",
                    "timestamp":"2026-06-25 14:39:41.597",
                    "level": "DEBUG",
                    "thread": "http-nio-8169-exec-27",
                    "class": "o.s.web.servlet.DispatcherServlet",
                    "message": "GET "/api/admin/getMenus?temp=1782369581", parameters={masked}" }
                    
{
                    "app": "Crmeb",
                    "timestamp":"2026-06-25 14:39:41.597",
                    "level": "DEBUG",
                    "thread": "http-nio-8169-exec-27",
                    "class": "o.s.w.s.m.m.a.RequestMappingHandlerMapping",
                    "message": "Mapped to com.zbkj.admin.controller.AdminLoginController#getMenus()" }
                    
{
                    "app": "Crmeb",
                    "timestamp":"2026-06-25 14:39:41.653",
                    "level": "DEBUG",
                    "thread": "http-nio-8169-exec-27",
                    "class": "o.s.w.s.m.m.a.RequestResponseBodyMethodProcessor",
                    "message": "Using 'application/json', given [application/json, text/plain, */*] and supported [application/json, application/*+json, application/json, application/*+json, application/cbor]" }
                    
{
                    "app": "Crmeb",
                    "timestamp":"2026-06-25 14:39:41.653",
                    "level": "DEBUG",
                    "thread": "http-nio-8169-exec-27",
                    "class": "o.s.w.s.m.m.a.RequestResponseBodyMethodProcessor",
                    "message": "Writing [com.zbkj.common.result.CommonResult@6a649350]" }
                    
{
                    "app": "Crmeb",
                    "timestamp":"2026-06-25 14:39:41.654",
                    "level": "DEBUG",
                    "thread": "http-nio-8169-exec-27",
                    "class": "o.s.web.servlet.DispatcherServlet",
                    "message": "Completed 200 OK" }
                    
{
                    "app": "Crmeb",
                    "timestamp":"2026-06-25 14:39:41.841",
                    "level": "DEBUG",
                    "thread": "http-nio-8169-exec-11",
                    "class": "o.s.web.servlet.DispatcherServlet",
                    "message": "GET "/api/admin/system/attachment/list?page=1&limit=18&pid=0&attType=jpg,jpeg,gif,png,bmp,PNG,JPG&temp=1782369581", parameters={masked}" }
                    
{
                    "app": "Crmeb",
                    "timestamp":"2026-06-25 14:39:41.841",
                    "level": "DEBUG",
                    "thread": "http-nio-8169-exec-11",
                    "class": "o.s.w.s.m.m.a.RequestMappingHandlerMapping",
                    "message": "Mapped to com.zbkj.admin.controller.SystemAttachmentController#getList(Integer, String, PageParamRequest)" }
                    
{
                    "app": "Crmeb",
                    "timestamp":"2026-06-25 14:39:41.865",
                    "level": "DEBUG",
                    "thread": "http-nio-8169-exec-6",
                    "class": "o.s.web.servlet.DispatcherServlet",
                    "message": "GET "/api/admin/category/list/tree?type=2&status=-1&temp=1782369581", parameters={masked}" }
                    
{
                    "app": "Crmeb",
                    "timestamp":"2026-06-25 14:39:41.865",
                    "level": "DEBUG",
                    "thread": "http-nio-8169-exec-7",
                    "class": "o.s.web.servlet.DispatcherServlet",
                    "message": "GET "/api/admin/copyright/get/info?temp=1782369581", parameters={masked}" }
                    
{
                    "app": "Crmeb",
                    "timestamp":"2026-06-25 14:39:41.866",
                    "level": "DEBUG",
                    "thread": "http-nio-8169-exec-6",
                    "class": "o.s.w.s.m.m.a.RequestMappingHandlerMapping",
                    "message": "Mapped to com.zbkj.admin.controller.CategoryController#getListTree(Integer, Integer, String)" }
                    
{
                    "app": "Crmeb",
                    "timestamp":"2026-06-25 14:39:41.867",
                    "level": "DEBUG",
                    "thread": "http-nio-8169-exec-7",
                    "class": "o.s.w.s.m.m.a.RequestMappingHandlerMapping",
                    "message": "Mapped to com.zbkj.admin.controller.CopyrightController#getInfo()" }
                    
{
                    "app": "Crmeb",
                    "timestamp":"2026-06-25 14:39:41.920",
                    "level": "DEBUG",
                    "thread": "http-nio-8169-exec-6",
                    "class": "o.s.w.s.m.m.a.RequestResponseBodyMethodProcessor",
                    "message": "Using 'application/json', given [application/json, text/plain, */*] and supported [application/json, application/*+json, application/json, application/*+json, application/cbor]" }
                    
{
                    "app": "Crmeb",
                    "timestamp":"2026-06-25 14:39:41.920",
                    "level": "DEBUG",
                    "thread": "http-nio-8169-exec-6",
                    "class": "o.s.w.s.m.m.a.RequestResponseBodyMethodProcessor",
                    "message": "Writing [com.zbkj.common.result.CommonResult@3f9bb1fd]" }
                    
{
                    "app": "Crmeb",
                    "timestamp":"2026-06-25 14:39:41.922",
                    "level": "DEBUG",
                    "thread": "http-nio-8169-exec-6",
                    "class": "o.s.web.servlet.DispatcherServlet",
                    "message": "Completed 200 OK" }
                    
{
                    "app": "Crmeb",
                    "timestamp":"2026-06-25 14:39:54.057",
                    "level": "DEBUG",
                    "thread": "http-nio-8169-exec-7",
                    "class": "o.s.web.client.RestTemplate",
                    "message": "HTTP POST https://authorize.crmeb.net/api/auth_cert_query?domain_name=https://jzk.wit.cn/&label=22&version=CRMEB-JAVA-KY-v1.4" }
                    
{
                    "app": "Crmeb",
                    "timestamp":"2026-06-25 14:39:56.027",
                    "level": "DEBUG",
                    "thread": "http-nio-8169-exec-7",
                    "class": "o.s.web.client.RestTemplate",
                    "message": "Accept=[application/json, application/cbor, application/*+json, text/plain, text/html]" }
                    
{
                    "app": "Crmeb",
                    "timestamp":"2026-06-25 14:40:21.945",
                    "level": "DEBUG",
                    "thread": "http-nio-8169-exec-11",
                    "class": "o.s.w.s.m.m.a.RequestResponseBodyMethodProcessor",
                    "message": "Using 'application/json', given [application/json, text/plain, */*] and supported [application/json, application/*+json, application/json, application/*+json, application/cbor]" }
                    
{
                    "app": "Crmeb",
                    "timestamp":"2026-06-25 14:40:21.945",
                    "level": "DEBUG",
                    "thread": "http-nio-8169-exec-11",
                    "class": "o.s.w.s.m.m.a.RequestResponseBodyMethodProcessor",
                    "message": "Writing [com.zbkj.common.result.CommonResult@4fa2abe8]" }
                    
{
                    "app": "Crmeb",
                    "timestamp":"2026-06-25 14:40:21.946",
                    "level": "DEBUG",
                    "thread": "http-nio-8169-exec-11",
                    "class": "o.s.web.servlet.DispatcherServlet",
                    "message": "Completed 200 OK" }
                    
{
                    "app": "Crmeb",
                    "timestamp":"2026-06-25 14:40:22.122",
                    "level": "DEBUG",
                    "thread": "http-nio-8169-exec-7",
                    "class": "o.s.web.client.RestTemplate",
                    "message": "Response 200 OK" }
                    
{
                    "app": "Crmeb",
                    "timestamp":"2026-06-25 14:40:22.124",
                    "level": "DEBUG",
                    "thread": "http-nio-8169-exec-7",
                    "class": "o.s.web.client.RestTemplate",
                    "message": "Reading to [com.alibaba.fastjson.JSONObject]" }
                    
{
                    "app": "Crmeb",
                    "timestamp":"2026-06-25 14:40:22.126",
                    "level": "DEBUG",
                    "thread": "http-nio-8169-exec-7",
                    "class": "o.s.w.s.m.m.a.RequestResponseBodyMethodProcessor",
                    "message": "Using 'application/json', given [application/json, text/plain, */*] and supported [application/json, application/*+json, application/json, application/*+json, application/cbor]" }
                    
{
                    "app": "Crmeb",
                    "timestamp":"2026-06-25 14:40:22.127",
                    "level": "DEBUG",
                    "thread": "http-nio-8169-exec-7",
                    "class": "o.s.w.s.m.m.a.RequestResponseBodyMethodProcessor",
                    "message": "Writing [com.zbkj.common.result.CommonResult@14b0be38]" }
                    
{
                    "app": "Crmeb",
                    "timestamp":"2026-06-25 14:40:22.127",
                    "level": "DEBUG",
                    "thread": "http-nio-8169-exec-7",
                    "class": "o.s.web.servlet.DispatcherServlet",
                    "message": "Completed 200 OK" }
                    
{
                    "app": "Crmeb",
                    "timestamp":"2026-06-25 14:40:41.319",
                    "level": "DEBUG",
                    "thread": "http-nio-8169-exec-4",
                    "class": "o.s.web.servlet.DispatcherServlet",
                    "message": "GET "/api/admin/getAdminInfoByToken?token=a06ead3991fe42c19fb9f0521091b1b7&temp=1782369641", parameters={masked}" }
                    
{
                    "app": "Crmeb",
                    "timestamp":"2026-06-25 14:40:41.321",
                    "level": "DEBUG",
                    "thread": "http-nio-8169-exec-4",
                    "class": "o.s.w.s.m.m.a.RequestMappingHandlerMapping",
                    "message": "Mapped to com.zbkj.admin.controller.AdminLoginController#getAdminInfo()" }
                    
{
                    "app": "Crmeb",
                    "timestamp":"2026-06-25 14:40:41.324",
                    "level": "DEBUG",
                    "thread": "http-nio-8169-exec-4",
                    "class": "o.s.w.s.m.m.a.RequestResponseBodyMethodProcessor",
                    "message": "Using 'application/json', given [application/json, text/plain, */*] and supported [application/json, application/*+json, application/json, application/*+json, application/cbor]" }
                    
{
                    "app": "Crmeb",
                    "timestamp":"2026-06-25 14:40:41.325",
                    "level": "DEBUG",
                    "thread": "http-nio-8169-exec-4",
                    "class": "o.s.w.s.m.m.a.RequestResponseBodyMethodProcessor",
                    "message": "Writing [com.zbkj.common.result.CommonResult@6550cfdf]" }
                    
{
                    "app": "Crmeb",
                    "timestamp":"2026-06-25 14:40:41.327",
                    "level": "DEBUG",
                    "thread": "http-nio-8169-exec-4",
                    "class": "o.s.web.servlet.DispatcherServlet",
                    "message": "Completed 200 OK" }
                    
{
                    "app": "Crmeb",
                    "timestamp":"2026-06-25 14:40:41.424",
                    "level": "DEBUG",
                    "thread": "http-nio-8169-exec-5",
                    "class": "o.s.web.servlet.DispatcherServlet",
                    "message": "GET "/api/admin/getMenus?temp=1782369641", parameters={masked}" }
                    
{
                    "app": "Crmeb",
                    "timestamp":"2026-06-25 14:40:41.425",
                    "level": "DEBUG",
                    "thread": "http-nio-8169-exec-5",
                    "class": "o.s.w.s.m.m.a.RequestMappingHandlerMapping",
                    "message": "Mapped to com.zbkj.admin.controller.AdminLoginController#getMenus()" }
                    
{
                    "app": "Crmeb",
                    "timestamp":"2026-06-25 14:40:41.553",
                    "level": "DEBUG",
                    "thread": "http-nio-8169-exec-5",
                    "class": "o.s.w.s.m.m.a.RequestResponseBodyMethodProcessor",
                    "message": "Using 'application/json', given [application/json, text/plain, */*] and supported [application/json, application/*+json, application/json, application/*+json, application/cbor]" }
                    
{
                    "app": "Crmeb",
                    "timestamp":"2026-06-25 14:40:41.553",
                    "level": "DEBUG",
                    "thread": "http-nio-8169-exec-5",
                    "class": "o.s.w.s.m.m.a.RequestResponseBodyMethodProcessor",
                    "message": "Writing [com.zbkj.common.result.CommonResult@13a3c24a]" }
                    
{
                    "app": "Crmeb",
                    "timestamp":"2026-06-25 14:40:41.554",
                    "level": "DEBUG",
                    "thread": "http-nio-8169-exec-5",
                    "class": "o.s.web.servlet.DispatcherServlet",
                    "message": "Completed 200 OK" }
                    
{
                    "app": "Crmeb",
                    "timestamp":"2026-06-25 14:40:41.742",
                    "level": "DEBUG",
                    "thread": "http-nio-8169-exec-17",
                    "class": "o.s.web.servlet.DispatcherServlet",
                    "message": "GET "/api/admin/copyright/get/info?temp=1782369641", parameters={masked}" }
                    
{
                    "app": "Crmeb",
                    "timestamp":"2026-06-25 14:40:41.744",
                    "level": "DEBUG",
                    "thread": "http-nio-8169-exec-17",
                    "class": "o.s.w.s.m.m.a.RequestMappingHandlerMapping",
                    "message": "Mapped to com.zbkj.admin.controller.CopyrightController#getInfo()" }
                    
{
                    "app": "Crmeb",
                    "timestamp":"2026-06-25 14:40:41.763",
                    "level": "DEBUG",
                    "thread": "http-nio-8169-exec-15",
                    "class": "o.s.web.servlet.DispatcherServlet",
                    "message": "GET "/api/admin/category/list/tree?type=2&status=-1&temp=1782369641", parameters={masked}" }
                    
{
                    "app": "Crmeb",
                    "timestamp":"2026-06-25 14:40:41.763",
                    "level": "DEBUG",
                    "thread": "http-nio-8169-exec-26",
                    "class": "o.s.web.servlet.DispatcherServlet",
                    "message": "GET "/api/admin/system/attachment/list?page=1&limit=18&pid=0&attType=jpg,jpeg,gif,png,bmp,PNG,JPG&temp=1782369641", parameters={masked}" }
                    
{
                    "app": "Crmeb",
                    "timestamp":"2026-06-25 14:40:41.764",
                    "level": "DEBUG",
                    "thread": "http-nio-8169-exec-15",
                    "class": "o.s.w.s.m.m.a.RequestMappingHandlerMapping",
                    "message": "Mapped to com.zbkj.admin.controller.CategoryController#getListTree(Integer, Integer, String)" }
                    
{
                    "app": "Crmeb",
                    "timestamp":"2026-06-25 14:40:41.765",
                    "level": "DEBUG",
                    "thread": "http-nio-8169-exec-26",
                    "class": "o.s.w.s.m.m.a.RequestMappingHandlerMapping",
                    "message": "Mapped to com.zbkj.admin.controller.SystemAttachmentController#getList(Integer, String, PageParamRequest)" }
                    
{
                    "app": "Crmeb",
                    "timestamp":"2026-06-25 14:40:41.818",
                    "level": "DEBUG",
                    "thread": "http-nio-8169-exec-15",
                    "class": "o.s.w.s.m.m.a.RequestResponseBodyMethodProcessor",
                    "message": "Using 'application/json', given [application/json, text/plain, */*] and supported [application/json, application/*+json, application/json, application/*+json, application/cbor]" }
                    
{
                    "app": "Crmeb",
                    "timestamp":"2026-06-25 14:40:41.818",
                    "level": "DEBUG",
                    "thread": "http-nio-8169-exec-15",
                    "class": "o.s.w.s.m.m.a.RequestResponseBodyMethodProcessor",
                    "message": "Writing [com.zbkj.common.result.CommonResult@36ef7691]" }
                    
{
                    "app": "Crmeb",
                    "timestamp":"2026-06-25 14:40:41.819",
                    "level": "DEBUG",
                    "thread": "http-nio-8169-exec-15",
                    "class": "o.s.web.servlet.DispatcherServlet",
                    "message": "Completed 200 OK" }
                    
{
                    "app": "Crmeb",
                    "timestamp":"2026-06-25 14:40:41.820",
                    "level": "DEBUG",
                    "thread": "http-nio-8169-exec-17",
                    "class": "o.s.web.client.RestTemplate",
                    "message": "HTTP POST https://authorize.crmeb.net/api/auth_cert_query?domain_name=https://jzk.wit.cn/&label=22&version=CRMEB-JAVA-KY-v1.4" }
                    
{
                    "app": "Crmeb",
                    "timestamp":"2026-06-25 14:40:41.820",
                    "level": "DEBUG",
                    "thread": "http-nio-8169-exec-17",
                    "class": "o.s.web.client.RestTemplate",
                    "message": "Accept=[application/json, application/cbor, application/*+json, text/plain, text/html]" }
                    
{
                    "app": "Crmeb",
                    "timestamp":"2026-06-25 14:41:01.074",
                    "level": "DEBUG",
                    "thread": "http-nio-8169-exec-26",
                    "class": "o.s.w.s.m.m.a.RequestResponseBodyMethodProcessor",
                    "message": "Using 'application/json', given [application/json, text/plain, */*] and supported [application/json, application/*+json, application/json, application/*+json, application/cbor]" }
                    
{
                    "app": "Crmeb",
                    "timestamp":"2026-06-25 14:41:01.075",
                    "level": "DEBUG",
                    "thread": "http-nio-8169-exec-26",
                    "class": "o.s.w.s.m.m.a.RequestResponseBodyMethodProcessor",
                    "message": "Writing [com.zbkj.common.result.CommonResult@431f5a89]" }
                    
{
                    "app": "Crmeb",
                    "timestamp":"2026-06-25 14:41:01.075",
                    "level": "DEBUG",
                    "thread": "http-nio-8169-exec-26",
                    "class": "o.s.web.servlet.DispatcherServlet",
                    "message": "Completed 200 OK" }
                    
{
                    "app": "Crmeb",
                    "timestamp":"2026-06-25 14:41:01.233",
                    "level": "DEBUG",
                    "thread": "http-nio-8169-exec-17",
                    "class": "o.s.web.client.RestTemplate",
                    "message": "Response 200 OK" }
                    
{
                    "app": "Crmeb",
                    "timestamp":"2026-06-25 14:41:01.233",
                    "level": "DEBUG",
                    "thread": "http-nio-8169-exec-17",
                    "class": "o.s.web.client.RestTemplate",
                    "message": "Reading to [com.alibaba.fastjson.JSONObject]" }
                    
{
                    "app": "Crmeb",
                    "timestamp":"2026-06-25 14:41:01.236",
                    "level": "DEBUG",
                    "thread": "http-nio-8169-exec-17",
                    "class": "o.s.w.s.m.m.a.RequestResponseBodyMethodProcessor",
                    "message": "Using 'application/json', given [application/json, text/plain, */*] and supported [application/json, application/*+json, application/json, application/*+json, application/cbor]" }
                    
{
                    "app": "Crmeb",
                    "timestamp":"2026-06-25 14:41:01.236",
                    "level": "DEBUG",
                    "thread": "http-nio-8169-exec-17",
                    "class": "o.s.w.s.m.m.a.RequestResponseBodyMethodProcessor",
                    "message": "Writing [com.zbkj.common.result.CommonResult@d475826]" }
                    
{
                    "app": "Crmeb",
                    "timestamp":"2026-06-25 14:41:01.236",
                    "level": "DEBUG",
                    "thread": "http-nio-8169-exec-17",
                    "class": "o.s.web.servlet.DispatcherServlet",
                    "message": "Completed 200 OK" }
                    
{
                    "app": "Crmeb",
                    "timestamp":"2026-06-25 14:41:49.563",
                    "level": "DEBUG",
                    "thread": "http-nio-8169-exec-22",
                    "class": "o.s.web.servlet.DispatcherServlet",
                    "message": "GET "/api/admin/getAdminInfoByToken?token=a06ead3991fe42c19fb9f0521091b1b7&temp=1782369709", parameters={masked}" }
                    
{
                    "app": "Crmeb",
                    "timestamp":"2026-06-25 14:41:49.564",
                    "level": "DEBUG",
                    "thread": "http-nio-8169-exec-22",
                    "class": "o.s.w.s.m.m.a.RequestMappingHandlerMapping",
                    "message": "Mapped to com.zbkj.admin.controller.AdminLoginController#getAdminInfo()" }
                    
{
                    "app": "Crmeb",
                    "timestamp":"2026-06-25 14:41:49.564",
                    "level": "DEBUG",
                    "thread": "http-nio-8169-exec-22",
                    "class": "o.s.w.s.m.m.a.RequestResponseBodyMethodProcessor",
                    "message": "Using 'application/json', given [application/json, text/plain, */*] and supported [application/json, application/*+json, application/json, application/*+json, application/cbor]" }
                    
{
                    "app": "Crmeb",
                    "timestamp":"2026-06-25 14:41:49.564",
                    "level": "DEBUG",
                    "thread": "http-nio-8169-exec-22",
                    "class": "o.s.w.s.m.m.a.RequestResponseBodyMethodProcessor",
                    "message": "Writing [com.zbkj.common.result.CommonResult@20ba4565]" }
                    
{
                    "app": "Crmeb",
                    "timestamp":"2026-06-25 14:41:49.565",
                    "level": "DEBUG",
                    "thread": "http-nio-8169-exec-22",
                    "class": "o.s.web.servlet.DispatcherServlet",
                    "message": "Completed 200 OK" }
                    
{
                    "app": "Crmeb",
                    "timestamp":"2026-06-25 14:41:49.595",
                    "level": "DEBUG",
                    "thread": "http-nio-8169-exec-28",
                    "class": "o.s.web.servlet.DispatcherServlet",
                    "message": "GET "/api/admin/getMenus?temp=1782369709", parameters={masked}" }
                    
{
                    "app": "Crmeb",
                    "timestamp":"2026-06-25 14:41:49.596",
                    "level": "DEBUG",
                    "thread": "http-nio-8169-exec-28",
                    "class": "o.s.w.s.m.m.a.RequestMappingHandlerMapping",
                    "message": "Mapped to com.zbkj.admin.controller.AdminLoginController#getMenus()" }
                    
{
                    "app": "Crmeb",
                    "timestamp":"2026-06-25 14:41:49.645",
                    "level": "DEBUG",
                    "thread": "http-nio-8169-exec-28",
                    "class": "o.s.w.s.m.m.a.RequestResponseBodyMethodProcessor",
                    "message": "Using 'application/json', given [application/json, text/plain, */*] and supported [application/json, application/*+json, application/json, application/*+json, application/cbor]" }
                    
{
                    "app": "Crmeb",
                    "timestamp":"2026-06-25 14:41:49.646",
                    "level": "DEBUG",
                    "thread": "http-nio-8169-exec-28",
                    "class": "o.s.w.s.m.m.a.RequestResponseBodyMethodProcessor",
                    "message": "Writing [com.zbkj.common.result.CommonResult@c7b0308]" }
                    
{
                    "app": "Crmeb",
                    "timestamp":"2026-06-25 14:41:49.647",
                    "level": "DEBUG",
                    "thread": "http-nio-8169-exec-28",
                    "class": "o.s.web.servlet.DispatcherServlet",
                    "message": "Completed 200 OK" }
                    
{
                    "app": "Crmeb",
                    "timestamp":"2026-06-25 14:41:49.767",
                    "level": "DEBUG",
                    "thread": "http-nio-8169-exec-20",
                    "class": "o.s.web.servlet.DispatcherServlet",
                    "message": "GET "/api/admin/category/list/tree?type=2&status=-1&temp=1782369709", parameters={masked}" }
                    
{
                    "app": "Crmeb",
                    "timestamp":"2026-06-25 14:41:49.767",
                    "level": "DEBUG",
                    "thread": "http-nio-8169-exec-20",
                    "class": "o.s.w.s.m.m.a.RequestMappingHandlerMapping",
                    "message": "Mapped to com.zbkj.admin.controller.CategoryController#getListTree(Integer, Integer, String)" }
                    
{
                    "app": "Crmeb",
                    "timestamp":"2026-06-25 14:41:49.815",
                    "level": "DEBUG",
                    "thread": "http-nio-8169-exec-20",
                    "class": "o.s.w.s.m.m.a.RequestResponseBodyMethodProcessor",
                    "message": "Using 'application/json', given [application/json, text/plain, */*] and supported [application/json, application/*+json, application/json, application/*+json, application/cbor]" }
                    
{
                    "app": "Crmeb",
                    "timestamp":"2026-06-25 14:41:49.815",
                    "level": "DEBUG",
                    "thread": "http-nio-8169-exec-20",
                    "class": "o.s.w.s.m.m.a.RequestResponseBodyMethodProcessor",
                    "message": "Writing [com.zbkj.common.result.CommonResult@47bcb76]" }
                    
{
                    "app": "Crmeb",
                    "timestamp":"2026-06-25 14:41:49.815",
                    "level": "DEBUG",
                    "thread": "http-nio-8169-exec-20",
                    "class": "o.s.web.servlet.DispatcherServlet",
                    "message": "Completed 200 OK" }
                    
{
                    "app": "Crmeb",
                    "timestamp":"2026-06-25 14:41:49.819",
                    "level": "DEBUG",
                    "thread": "http-nio-8169-exec-1",
                    "class": "o.s.web.servlet.DispatcherServlet",
                    "message": "GET "/api/admin/copyright/get/info?temp=1782369709", parameters={masked}" }
                    
{
                    "app": "Crmeb",
                    "timestamp":"2026-06-25 14:41:49.820",
                    "level": "DEBUG",
                    "thread": "http-nio-8169-exec-1",
                    "class": "o.s.w.s.m.m.a.RequestMappingHandlerMapping",
                    "message": "Mapped to com.zbkj.admin.controller.CopyrightController#getInfo()" }
                    
{
                    "app": "Crmeb",
                    "timestamp":"2026-06-25 14:41:49.828",
                    "level": "DEBUG",
                    "thread": "http-nio-8169-exec-19",
                    "class": "o.s.web.servlet.DispatcherServlet",
                    "message": "GET "/api/admin/system/attachment/list?page=1&limit=18&pid=0&attType=jpg,jpeg,gif,png,bmp,PNG,JPG&temp=1782369709", parameters={masked}" }
                    
{
                    "app": "Crmeb",
                    "timestamp":"2026-06-25 14:41:49.829",
                    "level": "DEBUG",
                    "thread": "http-nio-8169-exec-19",
                    "class": "o.s.w.s.m.m.a.RequestMappingHandlerMapping",
                    "message": "Mapped to com.zbkj.admin.controller.SystemAttachmentController#getList(Integer, String, PageParamRequest)" }
                    
{
                    "app": "Crmeb",
                    "timestamp":"2026-06-25 14:41:49.920",
                    "level": "DEBUG",
                    "thread": "http-nio-8169-exec-1",
                    "class": "o.s.web.client.RestTemplate",
                    "message": "HTTP POST https://authorize.crmeb.net/api/auth_cert_query?domain_name=https://jzk.wit.cn/&label=22&version=CRMEB-JAVA-KY-v1.4" }
                    
{
                    "app": "Crmeb",
                    "timestamp":"2026-06-25 14:41:49.920",
                    "level": "DEBUG",
                    "thread": "http-nio-8169-exec-1",
                    "class": "o.s.web.client.RestTemplate",
                    "message": "Accept=[application/json, application/cbor, application/*+json, text/plain, text/html]" }
                    
{
                    "app": "Crmeb",
                    "timestamp":"2026-06-25 14:41:49.928",
                    "level": "DEBUG",
                    "thread": "http-nio-8169-exec-19",
                    "class": "o.s.w.s.m.m.a.RequestResponseBodyMethodProcessor",
                    "message": "Using 'application/json', given [application/json, text/plain, */*] and supported [application/json, application/*+json, application/json, application/*+json, application/cbor]" }
                    
{
                    "app": "Crmeb",
                    "timestamp":"2026-06-25 14:41:49.928",
                    "level": "DEBUG",
                    "thread": "http-nio-8169-exec-19",
                    "class": "o.s.w.s.m.m.a.RequestResponseBodyMethodProcessor",
                    "message": "Writing [com.zbkj.common.result.CommonResult@1b6b0aa0]" }
                    
{
                    "app": "Crmeb",
                    "timestamp":"2026-06-25 14:41:49.929",
                    "level": "DEBUG",
                    "thread": "http-nio-8169-exec-19",
                    "class": "o.s.web.servlet.DispatcherServlet",
                    "message": "Completed 200 OK" }
                    
{
                    "app": "Crmeb",
                    "timestamp":"2026-06-25 14:41:50.118",
                    "level": "DEBUG",
                    "thread": "http-nio-8169-exec-1",
                    "class": "o.s.web.client.RestTemplate",
                    "message": "Response 200 OK" }
                    
{
                    "app": "Crmeb",
                    "timestamp":"2026-06-25 14:41:50.119",
                    "level": "DEBUG",
                    "thread": "http-nio-8169-exec-1",
                    "class": "o.s.web.client.RestTemplate",
                    "message": "Reading to [com.alibaba.fastjson.JSONObject]" }
                    
{
                    "app": "Crmeb",
                    "timestamp":"2026-06-25 14:41:50.120",
                    "level": "DEBUG",
                    "thread": "http-nio-8169-exec-1",
                    "class": "o.s.w.s.m.m.a.RequestResponseBodyMethodProcessor",
                    "message": "Using 'application/json', given [application/json, text/plain, */*] and supported [application/json, application/*+json, application/json, application/*+json, application/cbor]" }
                    
{
                    "app": "Crmeb",
                    "timestamp":"2026-06-25 14:41:50.121",
                    "level": "DEBUG",
                    "thread": "http-nio-8169-exec-1",
                    "class": "o.s.w.s.m.m.a.RequestResponseBodyMethodProcessor",
                    "message": "Writing [com.zbkj.common.result.CommonResult@79b2769e]" }
                    
{
                    "app": "Crmeb",
                    "timestamp":"2026-06-25 14:41:50.121",
                    "level": "DEBUG",
                    "thread": "http-nio-8169-exec-1",
                    "class": "o.s.web.servlet.DispatcherServlet",
                    "message": "Completed 200 OK" }
                    
{
                    "app": "Crmeb",
                    "timestamp":"2026-06-25 14:41:55.893",
                    "level": "DEBUG",
                    "thread": "http-nio-8169-exec-24",
                    "class": "o.s.web.servlet.DispatcherServlet",
                    "message": "GET "/api/admin/getAdminInfoByToken?token=a06ead3991fe42c19fb9f0521091b1b7&temp=1782369715", parameters={masked}" }
                    
{
                    "app": "Crmeb",
                    "timestamp":"2026-06-25 14:41:55.893",
                    "level": "DEBUG",
                    "thread": "http-nio-8169-exec-24",
                    "class": "o.s.w.s.m.m.a.RequestMappingHandlerMapping",
                    "message": "Mapped to com.zbkj.admin.controller.AdminLoginController#getAdminInfo()" }
                    
{
                    "app": "Crmeb",
                    "timestamp":"2026-06-25 14:41:55.895",
                    "level": "DEBUG",
                    "thread": "http-nio-8169-exec-24",
                    "class": "o.s.w.s.m.m.a.RequestResponseBodyMethodProcessor",
                    "message": "Using 'application/json', given [application/json, text/plain, */*] and supported [application/json, application/*+json, application/json, application/*+json, application/cbor]" }
                    
{
                    "app": "Crmeb",
                    "timestamp":"2026-06-25 14:41:55.895",
                    "level": "DEBUG",
                    "thread": "http-nio-8169-exec-24",
                    "class": "o.s.w.s.m.m.a.RequestResponseBodyMethodProcessor",
                    "message": "Writing [com.zbkj.common.result.CommonResult@5db1b81]" }
                    
{
                    "app": "Crmeb",
                    "timestamp":"2026-06-25 14:41:55.896",
                    "level": "DEBUG",
                    "thread": "http-nio-8169-exec-24",
                    "class": "o.s.web.servlet.DispatcherServlet",
                    "message": "Completed 200 OK" }
                    
{
                    "app": "Crmeb",
                    "timestamp":"2026-06-25 14:41:56.029",
                    "level": "DEBUG",
                    "thread": "http-nio-8169-exec-8",
                    "class": "o.s.web.servlet.DispatcherServlet",
                    "message": "GET "/api/admin/getMenus?temp=1782369715", parameters={masked}" }
                    
{
                    "app": "Crmeb",
                    "timestamp":"2026-06-25 14:41:56.030",
                    "level": "DEBUG",
                    "thread": "http-nio-8169-exec-8",
                    "class": "o.s.w.s.m.m.a.RequestMappingHandlerMapping",
                    "message": "Mapped to com.zbkj.admin.controller.AdminLoginController#getMenus()" }
                    
{
                    "app": "Crmeb",
                    "timestamp":"2026-06-25 14:41:56.081",
                    "level": "DEBUG",
                    "thread": "http-nio-8169-exec-8",
                    "class": "o.s.w.s.m.m.a.RequestResponseBodyMethodProcessor",
                    "message": "Using 'application/json', given [application/json, text/plain, */*] and supported [application/json, application/*+json, application/json, application/*+json, application/cbor]" }
                    
{
                    "app": "Crmeb",
                    "timestamp":"2026-06-25 14:41:56.081",
                    "level": "DEBUG",
                    "thread": "http-nio-8169-exec-8",
                    "class": "o.s.w.s.m.m.a.RequestResponseBodyMethodProcessor",
                    "message": "Writing [com.zbkj.common.result.CommonResult@490a256c]" }
                    
{
                    "app": "Crmeb",
                    "timestamp":"2026-06-25 14:41:56.081",
                    "level": "DEBUG",
                    "thread": "http-nio-8169-exec-8",
                    "class": "o.s.web.servlet.DispatcherServlet",
                    "message": "Completed 200 OK" }
                    
{
                    "app": "Crmeb",
                    "timestamp":"2026-06-25 14:41:56.212",
                    "level": "DEBUG",
                    "thread": "http-nio-8169-exec-10",
                    "class": "o.s.web.servlet.DispatcherServlet",
                    "message": "GET "/api/admin/system/attachment/list?page=1&limit=18&pid=0&attType=jpg,jpeg,gif,png,bmp,PNG,JPG&temp=1782369716", parameters={masked}" }
                    
{
                    "app": "Crmeb",
                    "timestamp":"2026-06-25 14:41:56.213",
                    "level": "DEBUG",
                    "thread": "http-nio-8169-exec-10",
                    "class": "o.s.w.s.m.m.a.RequestMappingHandlerMapping",
                    "message": "Mapped to com.zbkj.admin.controller.SystemAttachmentController#getList(Integer, String, PageParamRequest)" }
                    
{
                    "app": "Crmeb",
                    "timestamp":"2026-06-25 14:41:56.244",
                    "level": "DEBUG",
                    "thread": "http-nio-8169-exec-4",
                    "class": "o.s.web.servlet.DispatcherServlet",
                    "message": "GET "/api/admin/copyright/get/info?temp=1782369716", parameters={masked}" }
                    
{
                    "app": "Crmeb",
                    "timestamp":"2026-06-25 14:41:56.246",
                    "level": "DEBUG",
                    "thread": "http-nio-8169-exec-4",
                    "class": "o.s.w.s.m.m.a.RequestMappingHandlerMapping",
                    "message": "Mapped to com.zbkj.admin.controller.CopyrightController#getInfo()" }
                    
{
                    "app": "Crmeb",
                    "timestamp":"2026-06-25 14:41:56.267",
                    "level": "DEBUG",
                    "thread": "http-nio-8169-exec-7",
                    "class": "o.s.web.servlet.DispatcherServlet",
                    "message": "GET "/api/admin/category/list/tree?type=2&status=-1&temp=1782369716", parameters={masked}" }
                    
{
                    "app": "Crmeb",
                    "timestamp":"2026-06-25 14:41:56.268",
                    "level": "DEBUG",
                    "thread": "http-nio-8169-exec-7",
                    "class": "o.s.w.s.m.m.a.RequestMappingHandlerMapping",
                    "message": "Mapped to com.zbkj.admin.controller.CategoryController#getListTree(Integer, Integer, String)" }
                    
{
                    "app": "Crmeb",
                    "timestamp":"2026-06-25 14:41:56.307",
                    "level": "DEBUG",
                    "thread": "http-nio-8169-exec-10",
                    "class": "o.s.w.s.m.m.a.RequestResponseBodyMethodProcessor",
                    "message": "Using 'application/json', given [application/json, text/plain, */*] and supported [application/json, application/*+json, application/json, application/*+json, application/cbor]" }
                    
{
                    "app": "Crmeb",
                    "timestamp":"2026-06-25 14:41:56.308",
                    "level": "DEBUG",
                    "thread": "http-nio-8169-exec-10",
                    "class": "o.s.w.s.m.m.a.RequestResponseBodyMethodProcessor",
                    "message": "Writing [com.zbkj.common.result.CommonResult@74f076ef]" }
                    
{
                    "app": "Crmeb",
                    "timestamp":"2026-06-25 14:41:56.309",
                    "level": "DEBUG",
                    "thread": "http-nio-8169-exec-10",
                    "class": "o.s.web.servlet.DispatcherServlet",
                    "message": "Completed 200 OK" }
                    
{
                    "app": "Crmeb",
                    "timestamp":"2026-06-25 14:41:56.312",
                    "level": "DEBUG",
                    "thread": "http-nio-8169-exec-7",
                    "class": "o.s.w.s.m.m.a.RequestResponseBodyMethodProcessor",
                    "message": "Using 'application/json', given [application/json, text/plain, */*] and supported [application/json, application/*+json, application/json, application/*+json, application/cbor]" }
                    
{
                    "app": "Crmeb",
                    "timestamp":"2026-06-25 14:41:56.313",
                    "level": "DEBUG",
                    "thread": "http-nio-8169-exec-7",
                    "class": "o.s.w.s.m.m.a.RequestResponseBodyMethodProcessor",
                    "message": "Writing [com.zbkj.common.result.CommonResult@d5b8467]" }
                    
{
                    "app": "Crmeb",
                    "timestamp":"2026-06-25 14:41:56.313",
                    "level": "DEBUG",
                    "thread": "http-nio-8169-exec-7",
                    "class": "o.s.web.servlet.DispatcherServlet",
                    "message": "Completed 200 OK" }
                    
{
                    "app": "Crmeb",
                    "timestamp":"2026-06-25 14:41:56.314",
                    "level": "DEBUG",
                    "thread": "http-nio-8169-exec-4",
                    "class": "o.s.web.client.RestTemplate",
                    "message": "HTTP POST https://authorize.crmeb.net/api/auth_cert_query?domain_name=https://jzk.wit.cn/&label=22&version=CRMEB-JAVA-KY-v1.4" }
                    
{
                    "app": "Crmeb",
                    "timestamp":"2026-06-25 14:41:56.314",
                    "level": "DEBUG",
                    "thread": "http-nio-8169-exec-4",
                    "class": "o.s.web.client.RestTemplate",
                    "message": "Accept=[application/json, application/cbor, application/*+json, text/plain, text/html]" }
                    
{
                    "app": "Crmeb",
                    "timestamp":"2026-06-25 14:41:56.504",
                    "level": "DEBUG",
                    "thread": "http-nio-8169-exec-4",
                    "class": "o.s.web.client.RestTemplate",
                    "message": "Response 200 OK" }
                    
{
                    "app": "Crmeb",
                    "timestamp":"2026-06-25 14:41:56.504",
                    "level": "DEBUG",
                    "thread": "http-nio-8169-exec-4",
                    "class": "o.s.web.client.RestTemplate",
                    "message": "Reading to [com.alibaba.fastjson.JSONObject]" }
                    
{
                    "app": "Crmeb",
                    "timestamp":"2026-06-25 14:41:56.505",
                    "level": "DEBUG",
                    "thread": "http-nio-8169-exec-4",
                    "class": "o.s.w.s.m.m.a.RequestResponseBodyMethodProcessor",
                    "message": "Using 'application/json', given [application/json, text/plain, */*] and supported [application/json, application/*+json, application/json, application/*+json, application/cbor]" }
                    
{
                    "app": "Crmeb",
                    "timestamp":"2026-06-25 14:41:56.505",
                    "level": "DEBUG",
                    "thread": "http-nio-8169-exec-4",
                    "class": "o.s.w.s.m.m.a.RequestResponseBodyMethodProcessor",
                    "message": "Writing [com.zbkj.common.result.CommonResult@49e73b83]" }
                    
{
                    "app": "Crmeb",
                    "timestamp":"2026-06-25 14:41:56.507",
                    "level": "DEBUG",
                    "thread": "http-nio-8169-exec-4",
                    "class": "o.s.web.servlet.DispatcherServlet",
                    "message": "Completed 200 OK" }
                    
{
                    "app": "Crmeb",
                    "timestamp":"2026-06-25 14:42:17.133",
                    "level": "DEBUG",
                    "thread": "http-nio-8169-exec-14",
                    "class": "o.s.web.servlet.DispatcherServlet",
                    "message": "GET "/api/admin/getAdminInfoByToken?token=a06ead3991fe42c19fb9f0521091b1b7&temp=1782369737", parameters={masked}" }
                    
{
                    "app": "Crmeb",
                    "timestamp":"2026-06-25 14:42:17.134",
                    "level": "DEBUG",
                    "thread": "http-nio-8169-exec-14",
                    "class": "o.s.w.s.m.m.a.RequestMappingHandlerMapping",
                    "message": "Mapped to com.zbkj.admin.controller.AdminLoginController#getAdminInfo()" }
                    
{
                    "app": "Crmeb",
                    "timestamp":"2026-06-25 14:42:17.135",
                    "level": "DEBUG",
                    "thread": "http-nio-8169-exec-14",
                    "class": "o.s.w.s.m.m.a.RequestResponseBodyMethodProcessor",
                    "message": "Using 'application/json', given [application/json, text/plain, */*] and supported [application/json, application/*+json, application/json, application/*+json, application/cbor]" }
                    
{
                    "app": "Crmeb",
                    "timestamp":"2026-06-25 14:42:17.135",
                    "level": "DEBUG",
                    "thread": "http-nio-8169-exec-14",
                    "class": "o.s.w.s.m.m.a.RequestResponseBodyMethodProcessor",
                    "message": "Writing [com.zbkj.common.result.CommonResult@7c6cc92c]" }
                    
{
                    "app": "Crmeb",
                    "timestamp":"2026-06-25 14:42:17.135",
                    "level": "DEBUG",
                    "thread": "http-nio-8169-exec-14",
                    "class": "o.s.web.servlet.DispatcherServlet",
                    "message": "Completed 200 OK" }
                    
{
                    "app": "Crmeb",
                    "timestamp":"2026-06-25 14:42:17.205",
                    "level": "DEBUG",
                    "thread": "http-nio-8169-exec-18",
                    "class": "o.s.web.servlet.DispatcherServlet",
                    "message": "GET "/api/admin/getMenus?temp=1782369737", parameters={masked}" }
                    
{
                    "app": "Crmeb",
                    "timestamp":"2026-06-25 14:42:17.206",
                    "level": "DEBUG",
                    "thread": "http-nio-8169-exec-18",
                    "class": "o.s.w.s.m.m.a.RequestMappingHandlerMapping",
                    "message": "Mapped to com.zbkj.admin.controller.AdminLoginController#getMenus()" }
                    
{
                    "app": "Crmeb",
                    "timestamp":"2026-06-25 14:42:17.254",
                    "level": "DEBUG",
                    "thread": "http-nio-8169-exec-18",
                    "class": "o.s.w.s.m.m.a.RequestResponseBodyMethodProcessor",
                    "message": "Using 'application/json', given [application/json, text/plain, */*] and supported [application/json, application/*+json, application/json, application/*+json, application/cbor]" }
                    
{
                    "app": "Crmeb",
                    "timestamp":"2026-06-25 14:42:17.254",
                    "level": "DEBUG",
                    "thread": "http-nio-8169-exec-18",
                    "class": "o.s.w.s.m.m.a.RequestResponseBodyMethodProcessor",
                    "message": "Writing [com.zbkj.common.result.CommonResult@267d7782]" }
                    
{
                    "app": "Crmeb",
                    "timestamp":"2026-06-25 14:42:17.255",
                    "level": "DEBUG",
                    "thread": "http-nio-8169-exec-18",
                    "class": "o.s.web.servlet.DispatcherServlet",
                    "message": "Completed 200 OK" }
                    
{
                    "app": "Crmeb",
                    "timestamp":"2026-06-25 14:42:17.392",
                    "level": "DEBUG",
                    "thread": "http-nio-8169-exec-17",
                    "class": "o.s.web.servlet.DispatcherServlet",
                    "message": "GET "/api/admin/category/list/tree?type=2&status=-1&temp=1782369737", parameters={masked}" }
                    
{
                    "app": "Crmeb",
                    "timestamp":"2026-06-25 14:42:17.392",
                    "level": "DEBUG",
                    "thread": "http-nio-8169-exec-17",
                    "class": "o.s.w.s.m.m.a.RequestMappingHandlerMapping",
                    "message": "Mapped to com.zbkj.admin.controller.CategoryController#getListTree(Integer, Integer, String)" }
                    
{
                    "app": "Crmeb",
                    "timestamp":"2026-06-25 14:42:17.399",
                    "level": "DEBUG",
                    "thread": "http-nio-8169-exec-16",
                    "class": "o.s.web.servlet.DispatcherServlet",
                    "message": "GET "/api/admin/system/attachment/list?page=1&limit=18&pid=0&attType=jpg,jpeg,gif,png,bmp,PNG,JPG&temp=1782369737", parameters={masked}" }
                    
{
                    "app": "Crmeb",
                    "timestamp":"2026-06-25 14:42:17.400",
                    "level": "DEBUG",
                    "thread": "http-nio-8169-exec-16",
                    "class": "o.s.w.s.m.m.a.RequestMappingHandlerMapping",
                    "message": "Mapped to com.zbkj.admin.controller.SystemAttachmentController#getList(Integer, String, PageParamRequest)" }
                    
{
                    "app": "Crmeb",
                    "timestamp":"2026-06-25 14:42:17.413",
                    "level": "DEBUG",
                    "thread": "http-nio-8169-exec-21",
                    "class": "o.s.web.servlet.DispatcherServlet",
                    "message": "GET "/api/admin/copyright/get/info?temp=1782369737", parameters={masked}" }
                    
{
                    "app": "Crmeb",
                    "timestamp":"2026-06-25 14:42:17.413",
                    "level": "DEBUG",
                    "thread": "http-nio-8169-exec-21",
                    "class": "o.s.w.s.m.m.a.RequestMappingHandlerMapping",
                    "message": "Mapped to com.zbkj.admin.controller.CopyrightController#getInfo()" }
                    
{
                    "app": "Crmeb",
                    "timestamp":"2026-06-25 14:42:17.439",
                    "level": "DEBUG",
                    "thread": "http-nio-8169-exec-17",
                    "class": "o.s.w.s.m.m.a.RequestResponseBodyMethodProcessor",
                    "message": "Using 'application/json', given [application/json, text/plain, */*] and supported [application/json, application/*+json, application/json, application/*+json, application/cbor]" }
                    
{
                    "app": "Crmeb",
                    "timestamp":"2026-06-25 14:42:17.440",
                    "level": "DEBUG",
                    "thread": "http-nio-8169-exec-17",
                    "class": "o.s.w.s.m.m.a.RequestResponseBodyMethodProcessor",
                    "message": "Writing [com.zbkj.common.result.CommonResult@51f372b1]" }
                    
{
                    "app": "Crmeb",
                    "timestamp":"2026-06-25 14:42:17.441",
                    "level": "DEBUG",
                    "thread": "http-nio-8169-exec-17",
                    "class": "o.s.web.servlet.DispatcherServlet",
                    "message": "Completed 200 OK" }
                    
{
                    "app": "Crmeb",
                    "timestamp":"2026-06-25 14:42:17.494",
                    "level": "DEBUG",
                    "thread": "http-nio-8169-exec-16",
                    "class": "o.s.w.s.m.m.a.RequestResponseBodyMethodProcessor",
                    "message": "Using 'application/json', given [application/json, text/plain, */*] and supported [application/json, application/*+json, application/json, application/*+json, application/cbor]" }
                    
{
                    "app": "Crmeb",
                    "timestamp":"2026-06-25 14:42:17.494",
                    "level": "DEBUG",
                    "thread": "http-nio-8169-exec-16",
                    "class": "o.s.w.s.m.m.a.RequestResponseBodyMethodProcessor",
                    "message": "Writing [com.zbkj.common.result.CommonResult@3abf7a20]" }
                    
{
                    "app": "Crmeb",
                    "timestamp":"2026-06-25 14:42:17.494",
                    "level": "DEBUG",
                    "thread": "http-nio-8169-exec-16",
                    "class": "o.s.web.servlet.DispatcherServlet",
                    "message": "Completed 200 OK" }
                    
{
                    "app": "Crmeb",
                    "timestamp":"2026-06-25 14:42:17.518",
                    "level": "DEBUG",
                    "thread": "http-nio-8169-exec-21",
                    "class": "o.s.web.client.RestTemplate",
                    "message": "HTTP POST https://authorize.crmeb.net/api/auth_cert_query?domain_name=https://jzk.wit.cn/&label=22&version=CRMEB-JAVA-KY-v1.4" }
                    
{
                    "app": "Crmeb",
                    "timestamp":"2026-06-25 14:42:17.518",
                    "level": "DEBUG",
                    "thread": "http-nio-8169-exec-21",
                    "class": "o.s.web.client.RestTemplate",
                    "message": "Accept=[application/json, application/cbor, application/*+json, text/plain, text/html]" }
                    
{
                    "app": "Crmeb",
                    "timestamp":"2026-06-25 14:42:17.713",
                    "level": "DEBUG",
                    "thread": "http-nio-8169-exec-21",
                    "class": "o.s.web.client.RestTemplate",
                    "message": "Response 200 OK" }
                    
{
                    "app": "Crmeb",
                    "timestamp":"2026-06-25 14:42:17.714",
                    "level": "DEBUG",
                    "thread": "http-nio-8169-exec-21",
                    "class": "o.s.web.client.RestTemplate",
                    "message": "Reading to [com.alibaba.fastjson.JSONObject]" }
                    
{
                    "app": "Crmeb",
                    "timestamp":"2026-06-25 14:42:17.714",
                    "level": "DEBUG",
                    "thread": "http-nio-8169-exec-21",
                    "class": "o.s.w.s.m.m.a.RequestResponseBodyMethodProcessor",
                    "message": "Using 'application/json', given [application/json, text/plain, */*] and supported [application/json, application/*+json, application/json, application/*+json, application/cbor]" }
                    
{
                    "app": "Crmeb",
                    "timestamp":"2026-06-25 14:42:17.715",
                    "level": "DEBUG",
                    "thread": "http-nio-8169-exec-21",
                    "class": "o.s.w.s.m.m.a.RequestResponseBodyMethodProcessor",
                    "message": "Writing [com.zbkj.common.result.CommonResult@18f91a50]" }
                    
{
                    "app": "Crmeb",
                    "timestamp":"2026-06-25 14:42:17.715",
                    "level": "DEBUG",
                    "thread": "http-nio-8169-exec-21",
                    "class": "o.s.web.servlet.DispatcherServlet",
                    "message": "Completed 200 OK" }
                    
{
                    "app": "Crmeb",
                    "timestamp":"2026-06-25 14:42:23.128",
                    "level": "DEBUG",
                    "thread": "http-nio-8169-exec-30",
                    "class": "o.s.web.servlet.DispatcherServlet",
                    "message": "GET "/api/admin/getAdminInfoByToken?token=a06ead3991fe42c19fb9f0521091b1b7&temp=1782369743", parameters={masked}" }
                    
{
                    "app": "Crmeb",
                    "timestamp":"2026-06-25 14:42:23.129",
                    "level": "DEBUG",
                    "thread": "http-nio-8169-exec-30",
                    "class": "o.s.w.s.m.m.a.RequestMappingHandlerMapping",
                    "message": "Mapped to com.zbkj.admin.controller.AdminLoginController#getAdminInfo()" }
                    
{
                    "app": "Crmeb",
                    "timestamp":"2026-06-25 14:42:23.129",
                    "level": "DEBUG",
                    "thread": "http-nio-8169-exec-30",
                    "class": "o.s.w.s.m.m.a.RequestResponseBodyMethodProcessor",
                    "message": "Using 'application/json', given [application/json, text/plain, */*] and supported [application/json, application/*+json, application/json, application/*+json, application/cbor]" }
                    
{
                    "app": "Crmeb",
                    "timestamp":"2026-06-25 14:42:23.129",
                    "level": "DEBUG",
                    "thread": "http-nio-8169-exec-30",
                    "class": "o.s.w.s.m.m.a.RequestResponseBodyMethodProcessor",
                    "message": "Writing [com.zbkj.common.result.CommonResult@471e8273]" }
                    
{
                    "app": "Crmeb",
                    "timestamp":"2026-06-25 14:42:23.129",
                    "level": "DEBUG",
                    "thread": "http-nio-8169-exec-30",
                    "class": "o.s.web.servlet.DispatcherServlet",
                    "message": "Completed 200 OK" }
                    
{
                    "app": "Crmeb",
                    "timestamp":"2026-06-25 14:42:23.230",
                    "level": "DEBUG",
                    "thread": "http-nio-8169-exec-29",
                    "class": "o.s.web.servlet.DispatcherServlet",
                    "message": "GET "/api/admin/getMenus?temp=1782369743", parameters={masked}" }
                    
{
                    "app": "Crmeb",
                    "timestamp":"2026-06-25 14:42:23.232",
                    "level": "DEBUG",
                    "thread": "http-nio-8169-exec-29",
                    "class": "o.s.w.s.m.m.a.RequestMappingHandlerMapping",
                    "message": "Mapped to com.zbkj.admin.controller.AdminLoginController#getMenus()" }
                    
{
                    "app": "Crmeb",
                    "timestamp":"2026-06-25 14:42:23.282",
                    "level": "DEBUG",
                    "thread": "http-nio-8169-exec-29",
                    "class": "o.s.w.s.m.m.a.RequestResponseBodyMethodProcessor",
                    "message": "Using 'application/json', given [application/json, text/plain, */*] and supported [application/json, application/*+json, application/json, application/*+json, application/cbor]" }
                    
{
                    "app": "Crmeb",
                    "timestamp":"2026-06-25 14:42:23.283",
                    "level": "DEBUG",
                    "thread": "http-nio-8169-exec-29",
                    "class": "o.s.w.s.m.m.a.RequestResponseBodyMethodProcessor",
                    "message": "Writing [com.zbkj.common.result.CommonResult@5d27675c]" }
                    
{
                    "app": "Crmeb",
                    "timestamp":"2026-06-25 14:42:23.283",
                    "level": "DEBUG",
                    "thread": "http-nio-8169-exec-29",
                    "class": "o.s.web.servlet.DispatcherServlet",
                    "message": "Completed 200 OK" }
                    
{
                    "app": "Crmeb",
                    "timestamp":"2026-06-25 14:42:23.504",
                    "level": "DEBUG",
                    "thread": "http-nio-8169-exec-3",
                    "class": "o.s.web.servlet.DispatcherServlet",
                    "message": "GET "/api/admin/copyright/get/info?temp=1782369743", parameters={masked}" }
                    
{
                    "app": "Crmeb",
                    "timestamp":"2026-06-25 14:42:23.504",
                    "level": "DEBUG",
                    "thread": "http-nio-8169-exec-27",
                    "class": "o.s.web.servlet.DispatcherServlet",
                    "message": "GET "/api/admin/system/attachment/list?page=1&limit=18&pid=0&attType=jpg,jpeg,gif,png,bmp,PNG,JPG&temp=1782369743", parameters={masked}" }
                    
{
                    "app": "Crmeb",
                    "timestamp":"2026-06-25 14:42:23.504",
                    "level": "DEBUG",
                    "thread": "http-nio-8169-exec-3",
                    "class": "o.s.w.s.m.m.a.RequestMappingHandlerMapping",
                    "message": "Mapped to com.zbkj.admin.controller.CopyrightController#getInfo()" }
                    
{
                    "app": "Crmeb",
                    "timestamp":"2026-06-25 14:42:23.505",
                    "level": "DEBUG",
                    "thread": "http-nio-8169-exec-27",
                    "class": "o.s.w.s.m.m.a.RequestMappingHandlerMapping",
                    "message": "Mapped to com.zbkj.admin.controller.SystemAttachmentController#getList(Integer, String, PageParamRequest)" }
                    
{
                    "app": "Crmeb",
                    "timestamp":"2026-06-25 14:42:23.516",
                    "level": "DEBUG",
                    "thread": "http-nio-8169-exec-1",
                    "class": "o.s.web.servlet.DispatcherServlet",
                    "message": "GET "/api/admin/category/list/tree?type=2&status=-1&temp=1782369743", parameters={masked}" }
                    
{
                    "app": "Crmeb",
                    "timestamp":"2026-06-25 14:42:23.517",
                    "level": "DEBUG",
                    "thread": "http-nio-8169-exec-1",
                    "class": "o.s.w.s.m.m.a.RequestMappingHandlerMapping",
                    "message": "Mapped to com.zbkj.admin.controller.CategoryController#getListTree(Integer, Integer, String)" }
                    
{
                    "app": "Crmeb",
                    "timestamp":"2026-06-25 14:42:23.565",
                    "level": "DEBUG",
                    "thread": "http-nio-8169-exec-1",
                    "class": "o.s.w.s.m.m.a.RequestResponseBodyMethodProcessor",
                    "message": "Using 'application/json', given [application/json, text/plain, */*] and supported [application/json, application/*+json, application/json, application/*+json, application/cbor]" }
                    
{
                    "app": "Crmeb",
                    "timestamp":"2026-06-25 14:42:23.565",
                    "level": "DEBUG",
                    "thread": "http-nio-8169-exec-1",
                    "class": "o.s.w.s.m.m.a.RequestResponseBodyMethodProcessor",
                    "message": "Writing [com.zbkj.common.result.CommonResult@1715421d]" }
                    
{
                    "app": "Crmeb",
                    "timestamp":"2026-06-25 14:42:23.567",
                    "level": "DEBUG",
                    "thread": "http-nio-8169-exec-1",
                    "class": "o.s.web.servlet.DispatcherServlet",
                    "message": "Completed 200 OK" }
                    
{
                    "app": "Crmeb",
                    "timestamp":"2026-06-25 14:42:23.591",
                    "level": "DEBUG",
                    "thread": "http-nio-8169-exec-3",
                    "class": "o.s.web.client.RestTemplate",
                    "message": "HTTP POST https://authorize.crmeb.net/api/auth_cert_query?domain_name=https://jzk.wit.cn/&label=22&version=CRMEB-JAVA-KY-v1.4" }
                    
{
                    "app": "Crmeb",
                    "timestamp":"2026-06-25 14:42:23.591",
                    "level": "DEBUG",
                    "thread": "http-nio-8169-exec-3",
                    "class": "o.s.web.client.RestTemplate",
                    "message": "Accept=[application/json, application/cbor, application/*+json, text/plain, text/html]" }
                    
{
                    "app": "Crmeb",
                    "timestamp":"2026-06-25 14:42:23.604",
                    "level": "DEBUG",
                    "thread": "http-nio-8169-exec-27",
                    "class": "o.s.w.s.m.m.a.RequestResponseBodyMethodProcessor",
                    "message": "Using 'application/json', given [application/json, text/plain, */*] and supported [application/json, application/*+json, application/json, application/*+json, application/cbor]" }
                    
{
                    "app": "Crmeb",
                    "timestamp":"2026-06-25 14:42:23.604",
                    "level": "DEBUG",
                    "thread": "http-nio-8169-exec-27",
                    "class": "o.s.w.s.m.m.a.RequestResponseBodyMethodProcessor",
                    "message": "Writing [com.zbkj.common.result.CommonResult@2ba20332]" }
                    
{
                    "app": "Crmeb",
                    "timestamp":"2026-06-25 14:42:23.604",
                    "level": "DEBUG",
                    "thread": "http-nio-8169-exec-27",
                    "class": "o.s.web.servlet.DispatcherServlet",
                    "message": "Completed 200 OK" }
                    
{
                    "app": "Crmeb",
                    "timestamp":"2026-06-25 14:42:23.798",
                    "level": "DEBUG",
                    "thread": "http-nio-8169-exec-3",
                    "class": "o.s.web.client.RestTemplate",
                    "message": "Response 200 OK" }
                    
{
                    "app": "Crmeb",
                    "timestamp":"2026-06-25 14:42:23.798",
                    "level": "DEBUG",
                    "thread": "http-nio-8169-exec-3",
                    "class": "o.s.web.client.RestTemplate",
                    "message": "Reading to [com.alibaba.fastjson.JSONObject]" }
                    
{
                    "app": "Crmeb",
                    "timestamp":"2026-06-25 14:42:23.801",
                    "level": "DEBUG",
                    "thread": "http-nio-8169-exec-3",
                    "class": "o.s.w.s.m.m.a.RequestResponseBodyMethodProcessor",
                    "message": "Using 'application/json', given [application/json, text/plain, */*] and supported [application/json, application/*+json, application/json, application/*+json, application/cbor]" }
                    
{
                    "app": "Crmeb",
                    "timestamp":"2026-06-25 14:42:23.801",
                    "level": "DEBUG",
                    "thread": "http-nio-8169-exec-3",
                    "class": "o.s.w.s.m.m.a.RequestResponseBodyMethodProcessor",
                    "message": "Writing [com.zbkj.common.result.CommonResult@1fcf8b36]" }
                    
{
                    "app": "Crmeb",
                    "timestamp":"2026-06-25 14:42:23.815",
                    "level": "DEBUG",
                    "thread": "http-nio-8169-exec-3",
                    "class": "o.s.web.servlet.DispatcherServlet",
                    "message": "Completed 200 OK" }
                    
{
                    "app": "Crmeb",
                    "timestamp":"2026-06-25 14:43:00.538",
                    "level": "DEBUG",
                    "thread": "http-nio-8169-exec-6",
                    "class": "o.s.web.servlet.DispatcherServlet",
                    "message": "GET "/api/admin/getAdminInfoByToken?token=a06ead3991fe42c19fb9f0521091b1b7&temp=1782369780", parameters={masked}" }
                    
{
                    "app": "Crmeb",
                    "timestamp":"2026-06-25 14:43:00.540",
                    "level": "DEBUG",
                    "thread": "http-nio-8169-exec-6",
                    "class": "o.s.w.s.m.m.a.RequestMappingHandlerMapping",
                    "message": "Mapped to com.zbkj.admin.controller.AdminLoginController#getAdminInfo()" }
                    
{
                    "app": "Crmeb",
                    "timestamp":"2026-06-25 14:43:00.540",
                    "level": "DEBUG",
                    "thread": "http-nio-8169-exec-6",
                    "class": "o.s.w.s.m.m.a.RequestResponseBodyMethodProcessor",
                    "message": "Using 'application/json', given [application/json, text/plain, */*] and supported [application/json, application/*+json, application/json, application/*+json, application/cbor]" }
                    
{
                    "app": "Crmeb",
                    "timestamp":"2026-06-25 14:43:00.540",
                    "level": "DEBUG",
                    "thread": "http-nio-8169-exec-6",
                    "class": "o.s.w.s.m.m.a.RequestResponseBodyMethodProcessor",
                    "message": "Writing [com.zbkj.common.result.CommonResult@23f18509]" }
                    
{
                    "app": "Crmeb",
                    "timestamp":"2026-06-25 14:43:00.542",
                    "level": "DEBUG",
                    "thread": "http-nio-8169-exec-6",
                    "class": "o.s.web.servlet.DispatcherServlet",
                    "message": "Completed 200 OK" }
                    
{
                    "app": "Crmeb",
                    "timestamp":"2026-06-25 14:43:00.613",
                    "level": "DEBUG",
                    "thread": "http-nio-8169-exec-11",
                    "class": "o.s.web.servlet.DispatcherServlet",
                    "message": "GET "/api/admin/getMenus?temp=1782369780", parameters={masked}" }
                    
{
                    "app": "Crmeb",
                    "timestamp":"2026-06-25 14:43:00.615",
                    "level": "DEBUG",
                    "thread": "http-nio-8169-exec-11",
                    "class": "o.s.w.s.m.m.a.RequestMappingHandlerMapping",
                    "message": "Mapped to com.zbkj.admin.controller.AdminLoginController#getMenus()" }
                    
{
                    "app": "Crmeb",
                    "timestamp":"2026-06-25 14:43:00.661",
                    "level": "DEBUG",
                    "thread": "http-nio-8169-exec-11",
                    "class": "o.s.w.s.m.m.a.RequestResponseBodyMethodProcessor",
                    "message": "Using 'application/json', given [application/json, text/plain, */*] and supported [application/json, application/*+json, application/json, application/*+json, application/cbor]" }
                    
{
                    "app": "Crmeb",
                    "timestamp":"2026-06-25 14:43:00.662",
                    "level": "DEBUG",
                    "thread": "http-nio-8169-exec-11",
                    "class": "o.s.w.s.m.m.a.RequestResponseBodyMethodProcessor",
                    "message": "Writing [com.zbkj.common.result.CommonResult@57836d00]" }
                    
{
                    "app": "Crmeb",
                    "timestamp":"2026-06-25 14:43:00.662",
                    "level": "DEBUG",
                    "thread": "http-nio-8169-exec-11",
                    "class": "o.s.web.servlet.DispatcherServlet",
                    "message": "Completed 200 OK" }
                    
{
                    "app": "Crmeb",
                    "timestamp":"2026-06-25 14:43:00.845",
                    "level": "DEBUG",
                    "thread": "http-nio-8169-exec-4",
                    "class": "o.s.web.servlet.DispatcherServlet",
                    "message": "GET "/api/admin/system/attachment/list?page=1&limit=18&pid=0&attType=jpg,jpeg,gif,png,bmp,PNG,JPG&temp=1782369780", parameters={masked}" }
                    
{
                    "app": "Crmeb",
                    "timestamp":"2026-06-25 14:43:00.846",
                    "level": "DEBUG",
                    "thread": "http-nio-8169-exec-4",
                    "class": "o.s.w.s.m.m.a.RequestMappingHandlerMapping",
                    "message": "Mapped to com.zbkj.admin.controller.SystemAttachmentController#getList(Integer, String, PageParamRequest)" }
                    
{
                    "app": "Crmeb",
                    "timestamp":"2026-06-25 14:43:00.859",
                    "level": "DEBUG",
                    "thread": "http-nio-8169-exec-12",
                    "class": "o.s.web.servlet.DispatcherServlet",
                    "message": "GET "/api/admin/copyright/get/info?temp=1782369780", parameters={masked}" }
                    
{
                    "app": "Crmeb",
                    "timestamp":"2026-06-25 14:43:00.860",
                    "level": "DEBUG",
                    "thread": "http-nio-8169-exec-12",
                    "class": "o.s.w.s.m.m.a.RequestMappingHandlerMapping",
                    "message": "Mapped to com.zbkj.admin.controller.CopyrightController#getInfo()" }
                    
{
                    "app": "Crmeb",
                    "timestamp":"2026-06-25 14:43:00.871",
                    "level": "DEBUG",
                    "thread": "http-nio-8169-exec-5",
                    "class": "o.s.web.servlet.DispatcherServlet",
                    "message": "GET "/api/admin/category/list/tree?type=2&status=-1&temp=1782369780", parameters={masked}" }
                    
{
                    "app": "Crmeb",
                    "timestamp":"2026-06-25 14:43:00.872",
                    "level": "DEBUG",
                    "thread": "http-nio-8169-exec-5",
                    "class": "o.s.w.s.m.m.a.RequestMappingHandlerMapping",
                    "message": "Mapped to com.zbkj.admin.controller.CategoryController#getListTree(Integer, Integer, String)" }
                    
{
                    "app": "Crmeb",
                    "timestamp":"2026-06-25 14:43:00.928",
                    "level": "DEBUG",
                    "thread": "http-nio-8169-exec-12",
                    "class": "o.s.web.client.RestTemplate",
                    "message": "HTTP POST https://authorize.crmeb.net/api/auth_cert_query?domain_name=https://jzk.wit.cn/&label=22&version=CRMEB-JAVA-KY-v1.4" }
                    
{
                    "app": "Crmeb",
                    "timestamp":"2026-06-25 14:43:00.928",
                    "level": "DEBUG",
                    "thread": "http-nio-8169-exec-12",
                    "class": "o.s.web.client.RestTemplate",
                    "message": "Accept=[application/json, application/cbor, application/*+json, text/plain, text/html]" }
                    
{
                    "app": "Crmeb",
                    "timestamp":"2026-06-25 14:43:00.942",
                    "level": "DEBUG",
                    "thread": "http-nio-8169-exec-4",
                    "class": "o.s.w.s.m.m.a.RequestResponseBodyMethodProcessor",
                    "message": "Using 'application/json', given [application/json, text/plain, */*] and supported [application/json, application/*+json, application/json, application/*+json, application/cbor]" }
                    
{
                    "app": "Crmeb",
                    "timestamp":"2026-06-25 14:43:00.942",
                    "level": "DEBUG",
                    "thread": "http-nio-8169-exec-4",
                    "class": "o.s.w.s.m.m.a.RequestResponseBodyMethodProcessor",
                    "message": "Writing [com.zbkj.common.result.CommonResult@77b6dc14]" }
                    
{
                    "app": "Crmeb",
                    "timestamp":"2026-06-25 14:43:00.943",
                    "level": "DEBUG",
                    "thread": "http-nio-8169-exec-4",
                    "class": "o.s.web.servlet.DispatcherServlet",
                    "message": "Completed 200 OK" }
                    
{
                    "app": "Crmeb",
                    "timestamp":"2026-06-25 14:43:00.986",
                    "level": "DEBUG",
                    "thread": "http-nio-8169-exec-5",
                    "class": "o.s.w.s.m.m.a.RequestResponseBodyMethodProcessor",
                    "message": "Using 'application/json', given [application/json, text/plain, */*] and supported [application/json, application/*+json, application/json, application/*+json, application/cbor]" }
                    
{
                    "app": "Crmeb",
                    "timestamp":"2026-06-25 14:43:00.986",
                    "level": "DEBUG",
                    "thread": "http-nio-8169-exec-5",
                    "class": "o.s.w.s.m.m.a.RequestResponseBodyMethodProcessor",
                    "message": "Writing [com.zbkj.common.result.CommonResult@38594b83]" }
                    
{
                    "app": "Crmeb",
                    "timestamp":"2026-06-25 14:43:00.986",
                    "level": "DEBUG",
                    "thread": "http-nio-8169-exec-5",
                    "class": "o.s.web.servlet.DispatcherServlet",
                    "message": "Completed 200 OK" }
                    
{
                    "app": "Crmeb",
                    "timestamp":"2026-06-25 14:43:01.126",
                    "level": "DEBUG",
                    "thread": "http-nio-8169-exec-12",
                    "class": "o.s.web.client.RestTemplate",
                    "message": "Response 200 OK" }
                    
{
                    "app": "Crmeb",
                    "timestamp":"2026-06-25 14:43:01.127",
                    "level": "DEBUG",
                    "thread": "http-nio-8169-exec-12",
                    "class": "o.s.web.client.RestTemplate",
                    "message": "Reading to [com.alibaba.fastjson.JSONObject]" }
                    
{
                    "app": "Crmeb",
                    "timestamp":"2026-06-25 14:43:01.128",
                    "level": "DEBUG",
                    "thread": "http-nio-8169-exec-12",
                    "class": "o.s.w.s.m.m.a.RequestResponseBodyMethodProcessor",
                    "message": "Using 'application/json', given [application/json, text/plain, */*] and supported [application/json, application/*+json, application/json, application/*+json, application/cbor]" }
                    
{
                    "app": "Crmeb",
                    "timestamp":"2026-06-25 14:43:01.128",
                    "level": "DEBUG",
                    "thread": "http-nio-8169-exec-12",
                    "class": "o.s.w.s.m.m.a.RequestResponseBodyMethodProcessor",
                    "message": "Writing [com.zbkj.common.result.CommonResult@43535bb]" }
                    
{
                    "app": "Crmeb",
                    "timestamp":"2026-06-25 14:43:01.129",
                    "level": "DEBUG",
                    "thread": "http-nio-8169-exec-12",
                    "class": "o.s.web.servlet.DispatcherServlet",
                    "message": "Completed 200 OK" }
                    
{
                    "app": "Crmeb",
                    "timestamp":"2026-06-25 14:44:32.772",
                    "level": "DEBUG",
                    "thread": "http-nio-8169-exec-26",
                    "class": "o.s.web.servlet.DispatcherServlet",
                    "message": "GET "/api/admin/getAdminInfoByToken?token=a06ead3991fe42c19fb9f0521091b1b7&temp=1782369872", parameters={masked}" }
                    
{
                    "app": "Crmeb",
                    "timestamp":"2026-06-25 14:44:32.773",
                    "level": "DEBUG",
                    "thread": "http-nio-8169-exec-26",
                    "class": "o.s.w.s.m.m.a.RequestMappingHandlerMapping",
                    "message": "Mapped to com.zbkj.admin.controller.AdminLoginController#getAdminInfo()" }
                    
{
                    "app": "Crmeb",
                    "timestamp":"2026-06-25 14:44:32.774",
                    "level": "DEBUG",
                    "thread": "http-nio-8169-exec-26",
                    "class": "o.s.w.s.m.m.a.RequestResponseBodyMethodProcessor",
                    "message": "Using 'application/json', given [application/json, text/plain, */*] and supported [application/json, application/*+json, application/json, application/*+json, application/cbor]" }
                    
{
                    "app": "Crmeb",
                    "timestamp":"2026-06-25 14:44:32.774",
                    "level": "DEBUG",
                    "thread": "http-nio-8169-exec-26",
                    "class": "o.s.w.s.m.m.a.RequestResponseBodyMethodProcessor",
                    "message": "Writing [com.zbkj.common.result.CommonResult@4e765518]" }
                    
{
                    "app": "Crmeb",
                    "timestamp":"2026-06-25 14:44:32.775",
                    "level": "DEBUG",
                    "thread": "http-nio-8169-exec-26",
                    "class": "o.s.web.servlet.DispatcherServlet",
                    "message": "Completed 200 OK" }
                    
{
                    "app": "Crmeb",
                    "timestamp":"2026-06-25 14:44:32.916",
                    "level": "DEBUG",
                    "thread": "http-nio-8169-exec-22",
                    "class": "o.s.web.servlet.DispatcherServlet",
                    "message": "GET "/api/admin/getMenus?temp=1782369872", parameters={masked}" }
                    
{
                    "app": "Crmeb",
                    "timestamp":"2026-06-25 14:44:32.917",
                    "level": "DEBUG",
                    "thread": "http-nio-8169-exec-22",
                    "class": "o.s.w.s.m.m.a.RequestMappingHandlerMapping",
                    "message": "Mapped to com.zbkj.admin.controller.AdminLoginController#getMenus()" }
                    
{
                    "app": "Crmeb",
                    "timestamp":"2026-06-25 14:44:32.971",
                    "level": "DEBUG",
                    "thread": "http-nio-8169-exec-22",
                    "class": "o.s.w.s.m.m.a.RequestResponseBodyMethodProcessor",
                    "message": "Using 'application/json', given [application/json, text/plain, */*] and supported [application/json, application/*+json, application/json, application/*+json, application/cbor]" }
                    
{
                    "app": "Crmeb",
                    "timestamp":"2026-06-25 14:44:32.971",
                    "level": "DEBUG",
                    "thread": "http-nio-8169-exec-22",
                    "class": "o.s.w.s.m.m.a.RequestResponseBodyMethodProcessor",
                    "message": "Writing [com.zbkj.common.result.CommonResult@1c98a3c0]" }
                    
{
                    "app": "Crmeb",
                    "timestamp":"2026-06-25 14:44:32.972",
                    "level": "DEBUG",
                    "thread": "http-nio-8169-exec-22",
                    "class": "o.s.web.servlet.DispatcherServlet",
                    "message": "Completed 200 OK" }
                    
{
                    "app": "Crmeb",
                    "timestamp":"2026-06-25 14:44:33.180",
                    "level": "DEBUG",
                    "thread": "http-nio-8169-exec-21",
                    "class": "o.s.web.servlet.DispatcherServlet",
                    "message": "GET "/api/admin/category/list/tree?type=2&status=-1&temp=1782369873", parameters={masked}" }
                    
{
                    "app": "Crmeb",
                    "timestamp":"2026-06-25 14:44:33.181",
                    "level": "DEBUG",
                    "thread": "http-nio-8169-exec-21",
                    "class": "o.s.w.s.m.m.a.RequestMappingHandlerMapping",
                    "message": "Mapped to com.zbkj.admin.controller.CategoryController#getListTree(Integer, Integer, String)" }
                    
{
                    "app": "Crmeb",
                    "timestamp":"2026-06-25 14:44:33.208",
                    "level": "DEBUG",
                    "thread": "http-nio-8169-exec-25",
                    "class": "o.s.web.servlet.DispatcherServlet",
                    "message": "GET "/api/admin/copyright/get/info?temp=1782369873", parameters={masked}" }
                    
{
                    "app": "Crmeb",
                    "timestamp":"2026-06-25 14:44:33.208",
                    "level": "DEBUG",
                    "thread": "http-nio-8169-exec-25",
                    "class": "o.s.w.s.m.m.a.RequestMappingHandlerMapping",
                    "message": "Mapped to com.zbkj.admin.controller.CopyrightController#getInfo()" }
                    
{
                    "app": "Crmeb",
                    "timestamp":"2026-06-25 14:44:33.242",
                    "level": "DEBUG",
                    "thread": "http-nio-8169-exec-21",
                    "class": "o.s.w.s.m.m.a.RequestResponseBodyMethodProcessor",
                    "message": "Using 'application/json', given [application/json, text/plain, */*] and supported [application/json, application/*+json, application/json, application/*+json, application/cbor]" }
                    
{
                    "app": "Crmeb",
                    "timestamp":"2026-06-25 14:44:33.243",
                    "level": "DEBUG",
                    "thread": "http-nio-8169-exec-21",
                    "class": "o.s.w.s.m.m.a.RequestResponseBodyMethodProcessor",
                    "message": "Writing [com.zbkj.common.result.CommonResult@47194e6]" }
                    
{
                    "app": "Crmeb",
                    "timestamp":"2026-06-25 14:44:33.244",
                    "level": "DEBUG",
                    "thread": "http-nio-8169-exec-21",
                    "class": "o.s.web.servlet.DispatcherServlet",
                    "message": "Completed 200 OK" }
                    
{
                    "app": "Crmeb",
                    "timestamp":"2026-06-25 14:44:33.245",
                    "level": "DEBUG",
                    "thread": "http-nio-8169-exec-28",
                    "class": "o.s.web.servlet.DispatcherServlet",
                    "message": "GET "/api/admin/system/attachment/list?page=1&limit=18&pid=0&attType=jpg,jpeg,gif,png,bmp,PNG,JPG&temp=1782369873", parameters={masked}" }
                    
{
                    "app": "Crmeb",
                    "timestamp":"2026-06-25 14:44:33.246",
                    "level": "DEBUG",
                    "thread": "http-nio-8169-exec-28",
                    "class": "o.s.w.s.m.m.a.RequestMappingHandlerMapping",
                    "message": "Mapped to com.zbkj.admin.controller.SystemAttachmentController#getList(Integer, String, PageParamRequest)" }
                    
{
                    "app": "Crmeb",
                    "timestamp":"2026-06-25 14:44:33.297",
                    "level": "DEBUG",
                    "thread": "http-nio-8169-exec-25",
                    "class": "o.s.web.client.RestTemplate",
                    "message": "HTTP POST https://authorize.crmeb.net/api/auth_cert_query?domain_name=https://jzk.wit.cn/&label=22&version=CRMEB-JAVA-KY-v1.4" }
                    
{
                    "app": "Crmeb",
                    "timestamp":"2026-06-25 14:44:33.298",
                    "level": "DEBUG",
                    "thread": "http-nio-8169-exec-25",
                    "class": "o.s.web.client.RestTemplate",
                    "message": "Accept=[application/json, application/cbor, application/*+json, text/plain, text/html]" }
                    
{
                    "app": "Crmeb",
                    "timestamp":"2026-06-25 14:44:33.349",
                    "level": "DEBUG",
                    "thread": "http-nio-8169-exec-28",
                    "class": "o.s.w.s.m.m.a.RequestResponseBodyMethodProcessor",
                    "message": "Using 'application/json', given [application/json, text/plain, */*] and supported [application/json, application/*+json, application/json, application/*+json, application/cbor]" }
                    
{
                    "app": "Crmeb",
                    "timestamp":"2026-06-25 14:44:33.349",
                    "level": "DEBUG",
                    "thread": "http-nio-8169-exec-28",
                    "class": "o.s.w.s.m.m.a.RequestResponseBodyMethodProcessor",
                    "message": "Writing [com.zbkj.common.result.CommonResult@5d04548]" }
                    
{
                    "app": "Crmeb",
                    "timestamp":"2026-06-25 14:44:33.350",
                    "level": "DEBUG",
                    "thread": "http-nio-8169-exec-28",
                    "class": "o.s.web.servlet.DispatcherServlet",
                    "message": "Completed 200 OK" }
                    
{
                    "app": "Crmeb",
                    "timestamp":"2026-06-25 14:44:33.492",
                    "level": "DEBUG",
                    "thread": "http-nio-8169-exec-25",
                    "class": "o.s.web.client.RestTemplate",
                    "message": "Response 200 OK" }
                    
{
                    "app": "Crmeb",
                    "timestamp":"2026-06-25 14:44:33.492",
                    "level": "DEBUG",
                    "thread": "http-nio-8169-exec-25",
                    "class": "o.s.web.client.RestTemplate",
                    "message": "Reading to [com.alibaba.fastjson.JSONObject]" }
                    
{
                    "app": "Crmeb",
                    "timestamp":"2026-06-25 14:44:33.494",
                    "level": "DEBUG",
                    "thread": "http-nio-8169-exec-25",
                    "class": "o.s.w.s.m.m.a.RequestResponseBodyMethodProcessor",
                    "message": "Using 'application/json', given [application/json, text/plain, */*] and supported [application/json, application/*+json, application/json, application/*+json, application/cbor]" }
                    
{
                    "app": "Crmeb",
                    "timestamp":"2026-06-25 14:44:33.494",
                    "level": "DEBUG",
                    "thread": "http-nio-8169-exec-25",
                    "class": "o.s.w.s.m.m.a.RequestResponseBodyMethodProcessor",
                    "message": "Writing [com.zbkj.common.result.CommonResult@614fa8a0]" }
                    
{
                    "app": "Crmeb",
                    "timestamp":"2026-06-25 14:44:33.495",
                    "level": "DEBUG",
                    "thread": "http-nio-8169-exec-25",
                    "class": "o.s.web.servlet.DispatcherServlet",
                    "message": "Completed 200 OK" }
                    
{
                    "app": "Crmeb",
                    "timestamp":"2026-06-25 14:49:02.070",
                    "level": "DEBUG",
                    "thread": "http-nio-8169-exec-1",
                    "class": "o.s.web.servlet.DispatcherServlet",
                    "message": "GET "/api/admin/getAdminInfoByToken?token=a06ead3991fe42c19fb9f0521091b1b7&temp=1782370141", parameters={masked}" }
                    
{
                    "app": "Crmeb",
                    "timestamp":"2026-06-25 14:49:02.071",
                    "level": "DEBUG",
                    "thread": "http-nio-8169-exec-1",
                    "class": "o.s.w.s.m.m.a.RequestMappingHandlerMapping",
                    "message": "Mapped to com.zbkj.admin.controller.AdminLoginController#getAdminInfo()" }
                    
{
                    "app": "Crmeb",
                    "timestamp":"2026-06-25 14:49:02.071",
                    "level": "DEBUG",
                    "thread": "http-nio-8169-exec-1",
                    "class": "o.s.w.s.m.m.a.RequestResponseBodyMethodProcessor",
                    "message": "Using 'application/json', given [application/json, text/plain, */*] and supported [application/json, application/*+json, application/json, application/*+json, application/cbor]" }
                    
{
                    "app": "Crmeb",
                    "timestamp":"2026-06-25 14:49:02.072",
                    "level": "DEBUG",
                    "thread": "http-nio-8169-exec-1",
                    "class": "o.s.w.s.m.m.a.RequestResponseBodyMethodProcessor",
                    "message": "Writing [com.zbkj.common.result.CommonResult@1377b25d]" }
                    
{
                    "app": "Crmeb",
                    "timestamp":"2026-06-25 14:49:02.073",
                    "level": "DEBUG",
                    "thread": "http-nio-8169-exec-1",
                    "class": "o.s.web.servlet.DispatcherServlet",
                    "message": "Completed 200 OK" }
                    
{
                    "app": "Crmeb",
                    "timestamp":"2026-06-25 14:49:02.145",
                    "level": "DEBUG",
                    "thread": "http-nio-8169-exec-3",
                    "class": "o.s.web.servlet.DispatcherServlet",
                    "message": "GET "/api/admin/getMenus?temp=1782370142", parameters={masked}" }
                    
{
                    "app": "Crmeb",
                    "timestamp":"2026-06-25 14:49:02.146",
                    "level": "DEBUG",
                    "thread": "http-nio-8169-exec-3",
                    "class": "o.s.w.s.m.m.a.RequestMappingHandlerMapping",
                    "message": "Mapped to com.zbkj.admin.controller.AdminLoginController#getMenus()" }
                    
{
                    "app": "Crmeb",
                    "timestamp":"2026-06-25 14:49:02.199",
                    "level": "DEBUG",
                    "thread": "http-nio-8169-exec-3",
                    "class": "o.s.w.s.m.m.a.RequestResponseBodyMethodProcessor",
                    "message": "Using 'application/json', given [application/json, text/plain, */*] and supported [application/json, application/*+json, application/json, application/*+json, application/cbor]" }
                    
{
                    "app": "Crmeb",
                    "timestamp":"2026-06-25 14:49:02.199",
                    "level": "DEBUG",
                    "thread": "http-nio-8169-exec-3",
                    "class": "o.s.w.s.m.m.a.RequestResponseBodyMethodProcessor",
                    "message": "Writing [com.zbkj.common.result.CommonResult@7f4b1782]" }
                    
{
                    "app": "Crmeb",
                    "timestamp":"2026-06-25 14:49:02.200",
                    "level": "DEBUG",
                    "thread": "http-nio-8169-exec-3",
                    "class": "o.s.web.servlet.DispatcherServlet",
                    "message": "Completed 200 OK" }
                    
{
                    "app": "Crmeb",
                    "timestamp":"2026-06-25 14:49:02.357",
                    "level": "DEBUG",
                    "thread": "http-nio-8169-exec-2",
                    "class": "o.s.web.servlet.DispatcherServlet",
                    "message": "GET "/api/admin/category/list/tree?type=2&status=-1&temp=1782370142", parameters={masked}" }
                    
{
                    "app": "Crmeb",
                    "timestamp":"2026-06-25 14:49:02.358",
                    "level": "DEBUG",
                    "thread": "http-nio-8169-exec-2",
                    "class": "o.s.w.s.m.m.a.RequestMappingHandlerMapping",
                    "message": "Mapped to com.zbkj.admin.controller.CategoryController#getListTree(Integer, Integer, String)" }
                    
{
                    "app": "Crmeb",
                    "timestamp":"2026-06-25 14:49:02.366",
                    "level": "DEBUG",
                    "thread": "http-nio-8169-exec-7",
                    "class": "o.s.web.servlet.DispatcherServlet",
                    "message": "GET "/api/admin/copyright/get/info?temp=1782370142", parameters={masked}" }
                    
{
                    "app": "Crmeb",
                    "timestamp":"2026-06-25 14:49:02.367",
                    "level": "DEBUG",
                    "thread": "http-nio-8169-exec-7",
                    "class": "o.s.w.s.m.m.a.RequestMappingHandlerMapping",
                    "message": "Mapped to com.zbkj.admin.controller.CopyrightController#getInfo()" }
                    
{
                    "app": "Crmeb",
                    "timestamp":"2026-06-25 14:49:02.385",
                    "level": "DEBUG",
                    "thread": "http-nio-8169-exec-11",
                    "class": "o.s.web.servlet.DispatcherServlet",
                    "message": "GET "/api/admin/system/attachment/list?page=1&limit=18&pid=0&attType=jpg,jpeg,gif,png,bmp,PNG,JPG&temp=1782370142", parameters={masked}" }
                    
{
                    "app": "Crmeb",
                    "timestamp":"2026-06-25 14:49:02.385",
                    "level": "DEBUG",
                    "thread": "http-nio-8169-exec-11",
                    "class": "o.s.w.s.m.m.a.RequestMappingHandlerMapping",
                    "message": "Mapped to com.zbkj.admin.controller.SystemAttachmentController#getList(Integer, String, PageParamRequest)" }
                    
{
                    "app": "Crmeb",
                    "timestamp":"2026-06-25 14:49:02.404",
                    "level": "DEBUG",
                    "thread": "http-nio-8169-exec-2",
                    "class": "o.s.w.s.m.m.a.RequestResponseBodyMethodProcessor",
                    "message": "Using 'application/json', given [application/json, text/plain, */*] and supported [application/json, application/*+json, application/json, application/*+json, application/cbor]" }
                    
{
                    "app": "Crmeb",
                    "timestamp":"2026-06-25 14:49:02.404",
                    "level": "DEBUG",
                    "thread": "http-nio-8169-exec-2",
                    "class": "o.s.w.s.m.m.a.RequestResponseBodyMethodProcessor",
                    "message": "Writing [com.zbkj.common.result.CommonResult@62b1da60]" }
                    
{
                    "app": "Crmeb",
                    "timestamp":"2026-06-25 14:49:02.404",
                    "level": "DEBUG",
                    "thread": "http-nio-8169-exec-2",
                    "class": "o.s.web.servlet.DispatcherServlet",
                    "message": "Completed 200 OK" }
                    
{
                    "app": "Crmeb",
                    "timestamp":"2026-06-25 14:49:02.439",
                    "level": "DEBUG",
                    "thread": "http-nio-8169-exec-7",
                    "class": "o.s.web.client.RestTemplate",
                    "message": "HTTP POST https://authorize.crmeb.net/api/auth_cert_query?domain_name=https://jzk.wit.cn/&label=22&version=CRMEB-JAVA-KY-v1.4" }
                    
{
                    "app": "Crmeb",
                    "timestamp":"2026-06-25 14:49:02.439",
                    "level": "DEBUG",
                    "thread": "http-nio-8169-exec-7",
                    "class": "o.s.web.client.RestTemplate",
                    "message": "Accept=[application/json, application/cbor, application/*+json, text/plain, text/html]" }
                    
{
                    "app": "Crmeb",
                    "timestamp":"2026-06-25 14:49:02.498",
                    "level": "DEBUG",
                    "thread": "http-nio-8169-exec-11",
                    "class": "o.s.w.s.m.m.a.RequestResponseBodyMethodProcessor",
                    "message": "Using 'application/json', given [application/json, text/plain, */*] and supported [application/json, application/*+json, application/json, application/*+json, application/cbor]" }
                    
{
                    "app": "Crmeb",
                    "timestamp":"2026-06-25 14:49:02.498",
                    "level": "DEBUG",
                    "thread": "http-nio-8169-exec-11",
                    "class": "o.s.w.s.m.m.a.RequestResponseBodyMethodProcessor",
                    "message": "Writing [com.zbkj.common.result.CommonResult@7ef979e6]" }
                    
{
                    "app": "Crmeb",
                    "timestamp":"2026-06-25 14:49:02.499",
                    "level": "DEBUG",
                    "thread": "http-nio-8169-exec-11",
                    "class": "o.s.web.servlet.DispatcherServlet",
                    "message": "Completed 200 OK" }
                    
{
                    "app": "Crmeb",
                    "timestamp":"2026-06-25 14:49:02.861",
                    "level": "DEBUG",
                    "thread": "http-nio-8169-exec-7",
                    "class": "o.s.web.client.RestTemplate",
                    "message": "Response 200 OK" }
                    
{
                    "app": "Crmeb",
                    "timestamp":"2026-06-25 14:49:02.862",
                    "level": "DEBUG",
                    "thread": "http-nio-8169-exec-7",
                    "class": "o.s.web.client.RestTemplate",
                    "message": "Reading to [com.alibaba.fastjson.JSONObject]" }
                    
{
                    "app": "Crmeb",
                    "timestamp":"2026-06-25 14:49:02.862",
                    "level": "DEBUG",
                    "thread": "http-nio-8169-exec-7",
                    "class": "o.s.w.s.m.m.a.RequestResponseBodyMethodProcessor",
                    "message": "Using 'application/json', given [application/json, text/plain, */*] and supported [application/json, application/*+json, application/json, application/*+json, application/cbor]" }
                    
{
                    "app": "Crmeb",
                    "timestamp":"2026-06-25 14:49:02.863",
                    "level": "DEBUG",
                    "thread": "http-nio-8169-exec-7",
                    "class": "o.s.w.s.m.m.a.RequestResponseBodyMethodProcessor",
                    "message": "Writing [com.zbkj.common.result.CommonResult@37dfdc4]" }
                    
{
                    "app": "Crmeb",
                    "timestamp":"2026-06-25 14:49:02.863",
                    "level": "DEBUG",
                    "thread": "http-nio-8169-exec-7",
                    "class": "o.s.web.servlet.DispatcherServlet",
                    "message": "Completed 200 OK" }
                    
{
                    "app": "Crmeb",
                    "timestamp":"2026-06-25 15:04:16.646",
                    "level": "DEBUG",
                    "thread": "http-nio-8169-exec-15",
                    "class": "o.s.web.servlet.DispatcherServlet",
                    "message": "GET "/api/admin/getAdminInfoByToken?token=a06ead3991fe42c19fb9f0521091b1b7&temp=1782371056", parameters={masked}" }
                    
{
                    "app": "Crmeb",
                    "timestamp":"2026-06-25 15:04:16.649",
                    "level": "DEBUG",
                    "thread": "http-nio-8169-exec-15",
                    "class": "o.s.w.s.m.m.a.RequestMappingHandlerMapping",
                    "message": "Mapped to com.zbkj.admin.controller.AdminLoginController#getAdminInfo()" }
                    
{
                    "app": "Crmeb",
                    "timestamp":"2026-06-25 15:04:16.654",
                    "level": "DEBUG",
                    "thread": "http-nio-8169-exec-15",
                    "class": "o.s.w.s.m.m.a.RequestResponseBodyMethodProcessor",
                    "message": "Using 'application/json', given [application/json, text/plain, */*] and supported [application/json, application/*+json, application/json, application/*+json, application/cbor]" }
                    
{
                    "app": "Crmeb",
                    "timestamp":"2026-06-25 15:04:16.655",
                    "level": "DEBUG",
                    "thread": "http-nio-8169-exec-15",
                    "class": "o.s.w.s.m.m.a.RequestResponseBodyMethodProcessor",
                    "message": "Writing [com.zbkj.common.result.CommonResult@693ee110]" }
                    
{
                    "app": "Crmeb",
                    "timestamp":"2026-06-25 15:04:16.656",
                    "level": "DEBUG",
                    "thread": "http-nio-8169-exec-15",
                    "class": "o.s.web.servlet.DispatcherServlet",
                    "message": "Completed 200 OK" }
                    
{
                    "app": "Crmeb",
                    "timestamp":"2026-06-25 15:04:16.694",
                    "level": "DEBUG",
                    "thread": "http-nio-8169-exec-13",
                    "class": "o.s.web.servlet.DispatcherServlet",
                    "message": "GET "/api/admin/getMenus?temp=1782371056", parameters={masked}" }
                    
{
                    "app": "Crmeb",
                    "timestamp":"2026-06-25 15:04:16.695",
                    "level": "DEBUG",
                    "thread": "http-nio-8169-exec-13",
                    "class": "o.s.w.s.m.m.a.RequestMappingHandlerMapping",
                    "message": "Mapped to com.zbkj.admin.controller.AdminLoginController#getMenus()" }
                    
{
                    "app": "Crmeb",
                    "timestamp":"2026-06-25 15:04:16.746",
                    "level": "DEBUG",
                    "thread": "http-nio-8169-exec-13",
                    "class": "o.s.w.s.m.m.a.RequestResponseBodyMethodProcessor",
                    "message": "Using 'application/json', given [application/json, text/plain, */*] and supported [application/json, application/*+json, application/json, application/*+json, application/cbor]" }
                    
{
                    "app": "Crmeb",
                    "timestamp":"2026-06-25 15:04:16.746",
                    "level": "DEBUG",
                    "thread": "http-nio-8169-exec-13",
                    "class": "o.s.w.s.m.m.a.RequestResponseBodyMethodProcessor",
                    "message": "Writing [com.zbkj.common.result.CommonResult@24f73965]" }
                    
{
                    "app": "Crmeb",
                    "timestamp":"2026-06-25 15:04:16.747",
                    "level": "DEBUG",
                    "thread": "http-nio-8169-exec-13",
                    "class": "o.s.web.servlet.DispatcherServlet",
                    "message": "Completed 200 OK" }
                    
{
                    "app": "Crmeb",
                    "timestamp":"2026-06-25 15:04:16.897",
                    "level": "DEBUG",
                    "thread": "http-nio-8169-exec-23",
                    "class": "o.s.web.servlet.DispatcherServlet",
                    "message": "GET "/api/admin/category/list/tree?type=2&status=-1&temp=1782371056", parameters={masked}" }
                    
{
                    "app": "Crmeb",
                    "timestamp":"2026-06-25 15:04:16.897",
                    "level": "DEBUG",
                    "thread": "http-nio-8169-exec-23",
                    "class": "o.s.w.s.m.m.a.RequestMappingHandlerMapping",
                    "message": "Mapped to com.zbkj.admin.controller.CategoryController#getListTree(Integer, Integer, String)" }
                    
{
                    "app": "Crmeb",
                    "timestamp":"2026-06-25 15:04:16.947",
                    "level": "DEBUG",
                    "thread": "http-nio-8169-exec-16",
                    "class": "o.s.web.servlet.DispatcherServlet",
                    "message": "GET "/api/admin/copyright/get/info?temp=1782371056", parameters={masked}" }
                    
{
                    "app": "Crmeb",
                    "timestamp":"2026-06-25 15:04:16.947",
                    "level": "DEBUG",
                    "thread": "http-nio-8169-exec-16",
                    "class": "o.s.w.s.m.m.a.RequestMappingHandlerMapping",
                    "message": "Mapped to com.zbkj.admin.controller.CopyrightController#getInfo()" }
                    
{
                    "app": "Crmeb",
                    "timestamp":"2026-06-25 15:04:16.953",
                    "level": "DEBUG",
                    "thread": "http-nio-8169-exec-23",
                    "class": "o.s.w.s.m.m.a.RequestResponseBodyMethodProcessor",
                    "message": "Using 'application/json', given [application/json, text/plain, */*] and supported [application/json, application/*+json, application/json, application/*+json, application/cbor]" }
                    
{
                    "app": "Crmeb",
                    "timestamp":"2026-06-25 15:04:16.953",
                    "level": "DEBUG",
                    "thread": "http-nio-8169-exec-23",
                    "class": "o.s.w.s.m.m.a.RequestResponseBodyMethodProcessor",
                    "message": "Writing [com.zbkj.common.result.CommonResult@2e61f2a3]" }
                    
{
                    "app": "Crmeb",
                    "timestamp":"2026-06-25 15:04:16.954",
                    "level": "DEBUG",
                    "thread": "http-nio-8169-exec-23",
                    "class": "o.s.web.servlet.DispatcherServlet",
                    "message": "Completed 200 OK" }
                    
{
                    "app": "Crmeb",
                    "timestamp":"2026-06-25 15:04:16.954",
                    "level": "DEBUG",
                    "thread": "http-nio-8169-exec-22",
                    "class": "o.s.web.servlet.DispatcherServlet",
                    "message": "GET "/api/admin/system/attachment/list?page=1&limit=18&pid=0&attType=jpg,jpeg,gif,png,bmp,PNG,JPG&temp=1782371056", parameters={masked}" }
                    
{
                    "app": "Crmeb",
                    "timestamp":"2026-06-25 15:04:16.955",
                    "level": "DEBUG",
                    "thread": "http-nio-8169-exec-22",
                    "class": "o.s.w.s.m.m.a.RequestMappingHandlerMapping",
                    "message": "Mapped to com.zbkj.admin.controller.SystemAttachmentController#getList(Integer, String, PageParamRequest)" }
                    
{
                    "app": "Crmeb",
                    "timestamp":"2026-06-25 15:04:17.030",
                    "level": "DEBUG",
                    "thread": "http-nio-8169-exec-16",
                    "class": "o.s.web.client.RestTemplate",
                    "message": "HTTP POST https://authorize.crmeb.net/api/auth_cert_query?domain_name=https://jzk.wit.cn/&label=22&version=CRMEB-JAVA-KY-v1.4" }
                    
{
                    "app": "Crmeb",
                    "timestamp":"2026-06-25 15:04:17.030",
                    "level": "DEBUG",
                    "thread": "http-nio-8169-exec-16",
                    "class": "o.s.web.client.RestTemplate",
                    "message": "Accept=[application/json, application/cbor, application/*+json, text/plain, text/html]" }
                    
{
                    "app": "Crmeb",
                    "timestamp":"2026-06-25 15:04:17.053",
                    "level": "DEBUG",
                    "thread": "http-nio-8169-exec-22",
                    "class": "o.s.w.s.m.m.a.RequestResponseBodyMethodProcessor",
                    "message": "Using 'application/json', given [application/json, text/plain, */*] and supported [application/json, application/*+json, application/json, application/*+json, application/cbor]" }
                    
{
                    "app": "Crmeb",
                    "timestamp":"2026-06-25 15:04:17.054",
                    "level": "DEBUG",
                    "thread": "http-nio-8169-exec-22",
                    "class": "o.s.w.s.m.m.a.RequestResponseBodyMethodProcessor",
                    "message": "Writing [com.zbkj.common.result.CommonResult@3ac2d8ab]" }
                    
{
                    "app": "Crmeb",
                    "timestamp":"2026-06-25 15:04:17.054",
                    "level": "DEBUG",
                    "thread": "http-nio-8169-exec-22",
                    "class": "o.s.web.servlet.DispatcherServlet",
                    "message": "Completed 200 OK" }
                    
{
                    "app": "Crmeb",
                    "timestamp":"2026-06-25 15:04:17.314",
                    "level": "DEBUG",
                    "thread": "http-nio-8169-exec-16",
                    "class": "o.s.web.client.RestTemplate",
                    "message": "Response 200 OK" }
                    
{
                    "app": "Crmeb",
                    "timestamp":"2026-06-25 15:04:17.315",
                    "level": "DEBUG",
                    "thread": "http-nio-8169-exec-16",
                    "class": "o.s.web.client.RestTemplate",
                    "message": "Reading to [com.alibaba.fastjson.JSONObject]" }
                    
{
                    "app": "Crmeb",
                    "timestamp":"2026-06-25 15:04:17.316",
                    "level": "DEBUG",
                    "thread": "http-nio-8169-exec-16",
                    "class": "o.s.w.s.m.m.a.RequestResponseBodyMethodProcessor",
                    "message": "Using 'application/json', given [application/json, text/plain, */*] and supported [application/json, application/*+json, application/json, application/*+json, application/cbor]" }
                    
{
                    "app": "Crmeb",
                    "timestamp":"2026-06-25 15:04:17.316",
                    "level": "DEBUG",
                    "thread": "http-nio-8169-exec-16",
                    "class": "o.s.w.s.m.m.a.RequestResponseBodyMethodProcessor",
                    "message": "Writing [com.zbkj.common.result.CommonResult@3b7b07db]" }
                    
{
                    "app": "Crmeb",
                    "timestamp":"2026-06-25 15:04:17.317",
                    "level": "DEBUG",
                    "thread": "http-nio-8169-exec-16",
                    "class": "o.s.web.servlet.DispatcherServlet",
                    "message": "Completed 200 OK" }
                    
{
                    "app": "Crmeb",
                    "timestamp":"2026-06-25 15:04:22.974",
                    "level": "DEBUG",
                    "thread": "http-nio-8169-exec-28",
                    "class": "o.s.web.servlet.DispatcherServlet",
                    "message": "GET "/api/admin/category/list/tree?type=6&status=1&temp=1782371062", parameters={masked}" }
                    
{
                    "app": "Crmeb",
                    "timestamp":"2026-06-25 15:04:22.975",
                    "level": "DEBUG",
                    "thread": "http-nio-8169-exec-28",
                    "class": "o.s.w.s.m.m.a.RequestMappingHandlerMapping",
                    "message": "Mapped to com.zbkj.admin.controller.CategoryController#getListTree(Integer, Integer, String)" }
                    
{
                    "app": "Crmeb",
                    "timestamp":"2026-06-25 15:04:22.981",
                    "level": "DEBUG",
                    "thread": "http-nio-8169-exec-25",
                    "class": "o.s.web.servlet.DispatcherServlet",
                    "message": "GET "/api/admin/system/config/get/upload/type?temp=1782371062", parameters={masked}" }
                    
{
                    "app": "Crmeb",
                    "timestamp":"2026-06-25 15:04:22.982",
                    "level": "DEBUG",
                    "thread": "http-nio-8169-exec-25",
                    "class": "o.s.w.s.m.m.a.RequestMappingHandlerMapping",
                    "message": "Mapped to com.zbkj.admin.controller.SystemConfigController#getFileUploadType()" }
                    
{
                    "app": "Crmeb",
                    "timestamp":"2026-06-25 15:04:23.046",
                    "level": "DEBUG",
                    "thread": "http-nio-8169-exec-28",
                    "class": "o.s.w.s.m.m.a.RequestResponseBodyMethodProcessor",
                    "message": "Using 'application/json', given [application/json, text/plain, */*] and supported [application/json, application/*+json, application/json, application/*+json, application/cbor]" }
                    
{
                    "app": "Crmeb",
                    "timestamp":"2026-06-25 15:04:23.046",
                    "level": "DEBUG",
                    "thread": "http-nio-8169-exec-28",
                    "class": "o.s.w.s.m.m.a.RequestResponseBodyMethodProcessor",
                    "message": "Writing [com.zbkj.common.result.CommonResult@33cc7094]" }
                    
{
                    "app": "Crmeb",
                    "timestamp":"2026-06-25 15:04:23.048",
                    "level": "DEBUG",
                    "thread": "http-nio-8169-exec-28",
                    "class": "o.s.web.servlet.DispatcherServlet",
                    "message": "Completed 200 OK" }
                    
{
                    "app": "Crmeb",
                    "timestamp":"2026-06-25 15:04:23.088",
                    "level": "DEBUG",
                    "thread": "http-nio-8169-exec-25",
                    "class": "o.s.w.s.m.m.a.RequestResponseBodyMethodProcessor",
                    "message": "Using 'application/json', given [application/json, text/plain, */*] and supported [application/json, application/*+json, application/json, application/*+json, application/cbor]" }
                    
{
                    "app": "Crmeb",
                    "timestamp":"2026-06-25 15:04:23.088",
                    "level": "DEBUG",
                    "thread": "http-nio-8169-exec-25",
                    "class": "o.s.w.s.m.m.a.RequestResponseBodyMethodProcessor",
                    "message": "Writing [com.zbkj.common.result.CommonResult@1e042693]" }
                    
{
                    "app": "Crmeb",
                    "timestamp":"2026-06-25 15:04:23.097",
                    "level": "DEBUG",
                    "thread": "http-nio-8169-exec-29",
                    "class": "o.s.web.servlet.DispatcherServlet",
                    "message": "GET "/api/admin/system/form/temp/info?id=77&temp=1782371063", parameters={masked}" }
                    
{
                    "app": "Crmeb",
                    "timestamp":"2026-06-25 15:04:23.106",
                    "level": "DEBUG",
                    "thread": "http-nio-8169-exec-29",
                    "class": "o.s.w.s.m.m.a.RequestMappingHandlerMapping",
                    "message": "Mapped to com.zbkj.admin.controller.SystemFormTempController#info(Integer)" }
                    
{
                    "app": "Crmeb",
                    "timestamp":"2026-06-25 15:04:23.129",
                    "level": "DEBUG",
                    "thread": "http-nio-8169-exec-25",
                    "class": "o.s.web.servlet.DispatcherServlet",
                    "message": "Completed 200 OK" }
                    
{
                    "app": "Crmeb",
                    "timestamp":"2026-06-25 15:04:23.307",
                    "level": "DEBUG",
                    "thread": "http-nio-8169-exec-29",
                    "class": "o.s.w.s.m.m.a.RequestResponseBodyMethodProcessor",
                    "message": "Using 'application/json', given [application/json, text/plain, */*] and supported [application/json, application/*+json, application/json, application/*+json, application/cbor]" }
                    
{
                    "app": "Crmeb",
                    "timestamp":"2026-06-25 15:04:23.308",
                    "level": "DEBUG",
                    "thread": "http-nio-8169-exec-29",
                    "class": "o.s.w.s.m.m.a.RequestResponseBodyMethodProcessor",
                    "message": "Writing [com.zbkj.common.result.CommonResult@7bf42be5]" }
                    
{
                    "app": "Crmeb",
                    "timestamp":"2026-06-25 15:04:23.309",
                    "level": "DEBUG",
                    "thread": "http-nio-8169-exec-29",
                    "class": "o.s.web.servlet.DispatcherServlet",
                    "message": "Completed 200 OK" }
                    
{
                    "app": "Crmeb",
                    "timestamp":"2026-06-25 15:04:23.341",
                    "level": "DEBUG",
                    "thread": "http-nio-8169-exec-24",
                    "class": "o.s.web.servlet.DispatcherServlet",
                    "message": "GET "/api/admin/system/config/info?formId=77&temp=1782371063", parameters={masked}" }
                    
{
                    "app": "Crmeb",
                    "timestamp":"2026-06-25 15:04:23.342",
                    "level": "DEBUG",
                    "thread": "http-nio-8169-exec-24",
                    "class": "o.s.w.s.m.m.a.RequestMappingHandlerMapping",
                    "message": "Mapped to com.zbkj.admin.controller.SystemConfigController#info(Integer)" }
                    
{
                    "app": "Crmeb",
                    "timestamp":"2026-06-25 15:04:23.425",
                    "level": "DEBUG",
                    "thread": "http-nio-8169-exec-24",
                    "class": "o.s.w.s.m.m.a.RequestResponseBodyMethodProcessor",
                    "message": "Using 'application/json', given [application/json, text/plain, */*] and supported [application/json, application/*+json, application/json, application/*+json, application/cbor]" }
                    
{
                    "app": "Crmeb",
                    "timestamp":"2026-06-25 15:04:23.425",
                    "level": "DEBUG",
                    "thread": "http-nio-8169-exec-24",
                    "class": "o.s.w.s.m.m.a.RequestResponseBodyMethodProcessor",
                    "message": "Writing [com.zbkj.common.result.CommonResult@3eaf1b9f]" }
                    
{
                    "app": "Crmeb",
                    "timestamp":"2026-06-25 15:04:23.443",
                    "level": "DEBUG",
                    "thread": "http-nio-8169-exec-24",
                    "class": "o.s.web.servlet.DispatcherServlet",
                    "message": "Completed 200 OK" }
                    
{
                    "app": "Crmeb",
                    "timestamp":"2026-06-25 15:04:25.630",
                    "level": "DEBUG",
                    "thread": "http-nio-8169-exec-27",
                    "class": "o.s.web.servlet.DispatcherServlet",
                    "message": "GET "/api/admin/system/form/temp/info?id=64&temp=1782371065", parameters={masked}" }
                    
{
                    "app": "Crmeb",
                    "timestamp":"2026-06-25 15:04:25.631",
                    "level": "DEBUG",
                    "thread": "http-nio-8169-exec-27",
                    "class": "o.s.w.s.m.m.a.RequestMappingHandlerMapping",
                    "message": "Mapped to com.zbkj.admin.controller.SystemFormTempController#info(Integer)" }
                    
{
                    "app": "Crmeb",
                    "timestamp":"2026-06-25 15:04:25.679",
                    "level": "DEBUG",
                    "thread": "http-nio-8169-exec-27",
                    "class": "o.s.w.s.m.m.a.RequestResponseBodyMethodProcessor",
                    "message": "Using 'application/json', given [application/json, text/plain, */*] and supported [application/json, application/*+json, application/json, application/*+json, application/cbor]" }
                    
{
                    "app": "Crmeb",
                    "timestamp":"2026-06-25 15:04:25.679",
                    "level": "DEBUG",
                    "thread": "http-nio-8169-exec-27",
                    "class": "o.s.w.s.m.m.a.RequestResponseBodyMethodProcessor",
                    "message": "Writing [com.zbkj.common.result.CommonResult@422cb0ae]" }
                    
{
                    "app": "Crmeb",
                    "timestamp":"2026-06-25 15:04:25.680",
                    "level": "DEBUG",
                    "thread": "http-nio-8169-exec-27",
                    "class": "o.s.web.servlet.DispatcherServlet",
                    "message": "Completed 200 OK" }
                    
{
                    "app": "Crmeb",
                    "timestamp":"2026-06-25 15:04:25.725",
                    "level": "DEBUG",
                    "thread": "http-nio-8169-exec-6",
                    "class": "o.s.web.servlet.DispatcherServlet",
                    "message": "GET "/api/admin/system/config/info?formId=64&temp=1782371065", parameters={masked}" }
                    
{
                    "app": "Crmeb",
                    "timestamp":"2026-06-25 15:04:25.726",
                    "level": "DEBUG",
                    "thread": "http-nio-8169-exec-6",
                    "class": "o.s.w.s.m.m.a.RequestMappingHandlerMapping",
                    "message": "Mapped to com.zbkj.admin.controller.SystemConfigController#info(Integer)" }
                    
{
                    "app": "Crmeb",
                    "timestamp":"2026-06-25 15:04:25.786",
                    "level": "DEBUG",
                    "thread": "http-nio-8169-exec-6",
                    "class": "o.s.w.s.m.m.a.RequestResponseBodyMethodProcessor",
                    "message": "Using 'application/json', given [application/json, text/plain, */*] and supported [application/json, application/*+json, application/json, application/*+json, application/cbor]" }
                    
{
                    "app": "Crmeb",
                    "timestamp":"2026-06-25 15:04:25.786",
                    "level": "DEBUG",
                    "thread": "http-nio-8169-exec-6",
                    "class": "o.s.w.s.m.m.a.RequestResponseBodyMethodProcessor",
                    "message": "Writing [com.zbkj.common.result.CommonResult@223ff74]" }
                    
{
                    "app": "Crmeb",
                    "timestamp":"2026-06-25 15:04:25.787",
                    "level": "DEBUG",
                    "thread": "http-nio-8169-exec-6",
                    "class": "o.s.web.servlet.DispatcherServlet",
                    "message": "Completed 200 OK" }
                    
{
                    "app": "Crmeb",
                    "timestamp":"2026-06-25 15:04:28.920",
                    "level": "DEBUG",
                    "thread": "http-nio-8169-exec-10",
                    "class": "o.s.web.servlet.DispatcherServlet",
                    "message": "GET "/api/admin/system/form/temp/info?id=108&temp=1782371068", parameters={masked}" }
                    
{
                    "app": "Crmeb",
                    "timestamp":"2026-06-25 15:04:28.920",
                    "level": "DEBUG",
                    "thread": "http-nio-8169-exec-10",
                    "class": "o.s.w.s.m.m.a.RequestMappingHandlerMapping",
                    "message": "Mapped to com.zbkj.admin.controller.SystemFormTempController#info(Integer)" }
                    
{
                    "app": "Crmeb",
                    "timestamp":"2026-06-25 15:04:28.965",
                    "level": "DEBUG",
                    "thread": "http-nio-8169-exec-10",
                    "class": "o.s.w.s.m.m.a.RequestResponseBodyMethodProcessor",
                    "message": "Using 'application/json', given [application/json, text/plain, */*] and supported [application/json, application/*+json, application/json, application/*+json, application/cbor]" }
                    
{
                    "app": "Crmeb",
                    "timestamp":"2026-06-25 15:04:28.966",
                    "level": "DEBUG",
                    "thread": "http-nio-8169-exec-10",
                    "class": "o.s.w.s.m.m.a.RequestResponseBodyMethodProcessor",
                    "message": "Writing [com.zbkj.common.result.CommonResult@6cfea12e]" }
                    
{
                    "app": "Crmeb",
                    "timestamp":"2026-06-25 15:04:28.966",
                    "level": "DEBUG",
                    "thread": "http-nio-8169-exec-10",
                    "class": "o.s.web.servlet.DispatcherServlet",
                    "message": "Completed 200 OK" }
                    
{
                    "app": "Crmeb",
                    "timestamp":"2026-06-25 15:04:29.003",
                    "level": "DEBUG",
                    "thread": "http-nio-8169-exec-11",
                    "class": "o.s.web.servlet.DispatcherServlet",
                    "message": "GET "/api/admin/system/config/info?formId=108&temp=1782371068", parameters={masked}" }
                    
{
                    "app": "Crmeb",
                    "timestamp":"2026-06-25 15:04:29.003",
                    "level": "DEBUG",
                    "thread": "http-nio-8169-exec-11",
                    "class": "o.s.w.s.m.m.a.RequestMappingHandlerMapping",
                    "message": "Mapped to com.zbkj.admin.controller.SystemConfigController#info(Integer)" }
                    
{
                    "app": "Crmeb",
                    "timestamp":"2026-06-25 15:04:29.050",
                    "level": "DEBUG",
                    "thread": "http-nio-8169-exec-11",
                    "class": "o.s.w.s.m.m.a.RequestResponseBodyMethodProcessor",
                    "message": "Using 'application/json', given [application/json, text/plain, */*] and supported [application/json, application/*+json, application/json, application/*+json, application/cbor]" }
                    
{
                    "app": "Crmeb",
                    "timestamp":"2026-06-25 15:04:29.050",
                    "level": "DEBUG",
                    "thread": "http-nio-8169-exec-11",
                    "class": "o.s.w.s.m.m.a.RequestResponseBodyMethodProcessor",
                    "message": "Writing [com.zbkj.common.result.CommonResult@7afb5e17]" }
                    
{
                    "app": "Crmeb",
                    "timestamp":"2026-06-25 15:04:29.050",
                    "level": "DEBUG",
                    "thread": "http-nio-8169-exec-11",
                    "class": "o.s.web.servlet.DispatcherServlet",
                    "message": "Completed 200 OK" }
                    
{
                    "app": "Crmeb",
                    "timestamp":"2026-06-25 15:04:48.156",
                    "level": "DEBUG",
                    "thread": "http-nio-8169-exec-5",
                    "class": "o.s.web.servlet.DispatcherServlet",
                    "message": "POST "/api/admin/system/config/save/form", parameters={}" }
                    
{
                    "app": "Crmeb",
                    "timestamp":"2026-06-25 15:04:48.156",
                    "level": "DEBUG",
                    "thread": "http-nio-8169-exec-5",
                    "class": "o.s.w.s.m.m.a.RequestMappingHandlerMapping",
                    "message": "Mapped to com.zbkj.admin.controller.SystemConfigController#saveFrom(SystemFormCheckRequest)" }
                    
{
                    "app": "Crmeb",
                    "timestamp":"2026-06-25 15:04:48.179",
                    "level": "DEBUG",
                    "thread": "http-nio-8169-exec-5",
                    "class": "o.s.w.s.m.m.a.RequestResponseBodyMethodProcessor",
                    "message": "Read "application/json;charset=UTF-8" to [SystemFormCheckRequest(id=108, sort=0, status=true, fields=[SystemFormItemCheckRequest(name=localUpl (truncated)...]" }
                    
{
                    "app": "Crmeb",
                    "timestamp":"2026-06-25 15:04:50.875",
                    "level": "DEBUG",
                    "thread": "http-nio-8169-exec-5",
                    "class": "o.s.w.s.m.m.a.RequestResponseBodyMethodProcessor",
                    "message": "Using 'application/json', given [application/json, text/plain, */*] and supported [application/json, application/*+json, application/json, application/*+json, application/cbor]" }
                    
{
                    "app": "Crmeb",
                    "timestamp":"2026-06-25 15:04:50.875",
                    "level": "DEBUG",
                    "thread": "http-nio-8169-exec-5",
                    "class": "o.s.w.s.m.m.a.RequestResponseBodyMethodProcessor",
                    "message": "Writing [com.zbkj.common.result.CommonResult@391d9704]" }
                    
{
                    "app": "Crmeb",
                    "timestamp":"2026-06-25 15:04:50.875",
                    "level": "DEBUG",
                    "thread": "http-nio-8169-exec-5",
                    "class": "o.s.web.servlet.DispatcherServlet",
                    "message": "Completed 200 OK" }
                    
{
                    "app": "Crmeb",
                    "timestamp":"2026-06-25 15:04:51.189",
                    "level": "DEBUG",
                    "thread": "http-nio-8169-exec-4",
                    "class": "o.s.web.servlet.DispatcherServlet",
                    "message": "POST "/api/admin/system/config/save/form", parameters={}" }
                    
{
                    "app": "Crmeb",
                    "timestamp":"2026-06-25 15:04:51.189",
                    "level": "DEBUG",
                    "thread": "http-nio-8169-exec-4",
                    "class": "o.s.w.s.m.m.a.RequestMappingHandlerMapping",
                    "message": "Mapped to com.zbkj.admin.controller.SystemConfigController#saveFrom(SystemFormCheckRequest)" }
                    
{
                    "app": "Crmeb",
                    "timestamp":"2026-06-25 15:04:51.189",
                    "level": "DEBUG",
                    "thread": "http-nio-8169-exec-4",
                    "class": "o.s.w.s.m.m.a.RequestResponseBodyMethodProcessor",
                    "message": "Read "application/json;charset=UTF-8" to [SystemFormCheckRequest(id=108, sort=0, status=true, fields=[SystemFormItemCheckRequest(name=localUpl (truncated)...]" }
                    
{
                    "app": "Crmeb",
                    "timestamp":"2026-06-25 15:04:53.399",
                    "level": "DEBUG",
                    "thread": "http-nio-8169-exec-4",
                    "class": "o.s.w.s.m.m.a.RequestResponseBodyMethodProcessor",
                    "message": "Using 'application/json', given [application/json, text/plain, */*] and supported [application/json, application/*+json, application/json, application/*+json, application/cbor]" }
                    
{
                    "app": "Crmeb",
                    "timestamp":"2026-06-25 15:04:53.400",
                    "level": "DEBUG",
                    "thread": "http-nio-8169-exec-4",
                    "class": "o.s.w.s.m.m.a.RequestResponseBodyMethodProcessor",
                    "message": "Writing [com.zbkj.common.result.CommonResult@344b7f64]" }
                    
{
                    "app": "Crmeb",
                    "timestamp":"2026-06-25 15:04:53.400",
                    "level": "DEBUG",
                    "thread": "http-nio-8169-exec-4",
                    "class": "o.s.web.servlet.DispatcherServlet",
                    "message": "Completed 200 OK" }
                    
{
                    "app": "Crmeb",
                    "timestamp":"2026-06-25 15:04:54.143",
                    "level": "DEBUG",
                    "thread": "http-nio-8169-exec-12",
                    "class": "o.s.web.servlet.DispatcherServlet",
                    "message": "GET "/api/admin/getAdminInfoByToken?token=a06ead3991fe42c19fb9f0521091b1b7&temp=1782371094", parameters={masked}" }
                    
{
                    "app": "Crmeb",
                    "timestamp":"2026-06-25 15:04:54.143",
                    "level": "DEBUG",
                    "thread": "http-nio-8169-exec-12",
                    "class": "o.s.w.s.m.m.a.RequestMappingHandlerMapping",
                    "message": "Mapped to com.zbkj.admin.controller.AdminLoginController#getAdminInfo()" }
                    
{
                    "app": "Crmeb",
                    "timestamp":"2026-06-25 15:04:54.144",
                    "level": "DEBUG",
                    "thread": "http-nio-8169-exec-12",
                    "class": "o.s.w.s.m.m.a.RequestResponseBodyMethodProcessor",
                    "message": "Using 'application/json', given [application/json, text/plain, */*] and supported [application/json, application/*+json, application/json, application/*+json, application/cbor]" }
                    
{
                    "app": "Crmeb",
                    "timestamp":"2026-06-25 15:04:54.144",
                    "level": "DEBUG",
                    "thread": "http-nio-8169-exec-12",
                    "class": "o.s.w.s.m.m.a.RequestResponseBodyMethodProcessor",
                    "message": "Writing [com.zbkj.common.result.CommonResult@5f3ee7d]" }
                    
{
                    "app": "Crmeb",
                    "timestamp":"2026-06-25 15:04:54.144",
                    "level": "DEBUG",
                    "thread": "http-nio-8169-exec-12",
                    "class": "o.s.web.servlet.DispatcherServlet",
                    "message": "Completed 200 OK" }
                    
{
                    "app": "Crmeb",
                    "timestamp":"2026-06-25 15:04:54.188",
                    "level": "DEBUG",
                    "thread": "http-nio-8169-exec-14",
                    "class": "o.s.web.servlet.DispatcherServlet",
                    "message": "GET "/api/admin/getMenus?temp=1782371094", parameters={masked}" }
                    
{
                    "app": "Crmeb",
                    "timestamp":"2026-06-25 15:04:54.189",
                    "level": "DEBUG",
                    "thread": "http-nio-8169-exec-14",
                    "class": "o.s.w.s.m.m.a.RequestMappingHandlerMapping",
                    "message": "Mapped to com.zbkj.admin.controller.AdminLoginController#getMenus()" }
                    
{
                    "app": "Crmeb",
                    "timestamp":"2026-06-25 15:04:54.239",
                    "level": "DEBUG",
                    "thread": "http-nio-8169-exec-14",
                    "class": "o.s.w.s.m.m.a.RequestResponseBodyMethodProcessor",
                    "message": "Using 'application/json', given [application/json, text/plain, */*] and supported [application/json, application/*+json, application/json, application/*+json, application/cbor]" }
                    
{
                    "app": "Crmeb",
                    "timestamp":"2026-06-25 15:04:54.239",
                    "level": "DEBUG",
                    "thread": "http-nio-8169-exec-14",
                    "class": "o.s.w.s.m.m.a.RequestResponseBodyMethodProcessor",
                    "message": "Writing [com.zbkj.common.result.CommonResult@51baa41a]" }
                    
{
                    "app": "Crmeb",
                    "timestamp":"2026-06-25 15:04:54.248",
                    "level": "DEBUG",
                    "thread": "http-nio-8169-exec-14",
                    "class": "o.s.web.servlet.DispatcherServlet",
                    "message": "Completed 200 OK" }
                    
{
                    "app": "Crmeb",
                    "timestamp":"2026-06-25 15:04:54.373",
                    "level": "DEBUG",
                    "thread": "http-nio-8169-exec-17",
                    "class": "o.s.web.servlet.DispatcherServlet",
                    "message": "GET "/api/admin/system/config/get/upload/type?temp=1782371094", parameters={masked}" }
                    
{
                    "app": "Crmeb",
                    "timestamp":"2026-06-25 15:04:54.374",
                    "level": "DEBUG",
                    "thread": "http-nio-8169-exec-17",
                    "class": "o.s.w.s.m.m.a.RequestMappingHandlerMapping",
                    "message": "Mapped to com.zbkj.admin.controller.SystemConfigController#getFileUploadType()" }
                    
{
                    "app": "Crmeb",
                    "timestamp":"2026-06-25 15:04:54.399",
                    "level": "DEBUG",
                    "thread": "http-nio-8169-exec-22",
                    "class": "o.s.web.servlet.DispatcherServlet",
                    "message": "GET "/api/admin/copyright/get/info?temp=1782371094", parameters={masked}" }
                    
{
                    "app": "Crmeb",
                    "timestamp":"2026-06-25 15:04:54.399",
                    "level": "DEBUG",
                    "thread": "http-nio-8169-exec-22",
                    "class": "o.s.w.s.m.m.a.RequestMappingHandlerMapping",
                    "message": "Mapped to com.zbkj.admin.controller.CopyrightController#getInfo()" }
                    
{
                    "app": "Crmeb",
                    "timestamp":"2026-06-25 15:04:54.408",
                    "level": "DEBUG",
                    "thread": "http-nio-8169-exec-23",
                    "class": "o.s.web.servlet.DispatcherServlet",
                    "message": "GET "/api/admin/category/list/tree?type=6&status=1&temp=1782371094", parameters={masked}" }
                    
{
                    "app": "Crmeb",
                    "timestamp":"2026-06-25 15:04:54.408",
                    "level": "DEBUG",
                    "thread": "http-nio-8169-exec-23",
                    "class": "o.s.w.s.m.m.a.RequestMappingHandlerMapping",
                    "message": "Mapped to com.zbkj.admin.controller.CategoryController#getListTree(Integer, Integer, String)" }
                    
{
                    "app": "Crmeb",
                    "timestamp":"2026-06-25 15:04:54.459",
                    "level": "DEBUG",
                    "thread": "http-nio-8169-exec-23",
                    "class": "o.s.w.s.m.m.a.RequestResponseBodyMethodProcessor",
                    "message": "Using 'application/json', given [application/json, text/plain, */*] and supported [application/json, application/*+json, application/json, application/*+json, application/cbor]" }
                    
{
                    "app": "Crmeb",
                    "timestamp":"2026-06-25 15:04:54.459",
                    "level": "DEBUG",
                    "thread": "http-nio-8169-exec-23",
                    "class": "o.s.w.s.m.m.a.RequestResponseBodyMethodProcessor",
                    "message": "Writing [com.zbkj.common.result.CommonResult@2f3f58bf]" }
                    
{
                    "app": "Crmeb",
                    "timestamp":"2026-06-25 15:04:54.460",
                    "level": "DEBUG",
                    "thread": "http-nio-8169-exec-23",
                    "class": "o.s.web.servlet.DispatcherServlet",
                    "message": "Completed 200 OK" }
                    
{
                    "app": "Crmeb",
                    "timestamp":"2026-06-25 15:04:54.485",
                    "level": "DEBUG",
                    "thread": "http-nio-8169-exec-17",
                    "class": "o.s.w.s.m.m.a.RequestResponseBodyMethodProcessor",
                    "message": "Using 'application/json', given [application/json, text/plain, */*] and supported [application/json, application/*+json, application/json, application/*+json, application/cbor]" }
                    
{
                    "app": "Crmeb",
                    "timestamp":"2026-06-25 15:04:54.486",
                    "level": "DEBUG",
                    "thread": "http-nio-8169-exec-17",
                    "class": "o.s.w.s.m.m.a.RequestResponseBodyMethodProcessor",
                    "message": "Writing [com.zbkj.common.result.CommonResult@245023c7]" }
                    
{
                    "app": "Crmeb",
                    "timestamp":"2026-06-25 15:04:54.487",
                    "level": "DEBUG",
                    "thread": "http-nio-8169-exec-17",
                    "class": "o.s.web.servlet.DispatcherServlet",
                    "message": "Completed 200 OK" }
                    
{
                    "app": "Crmeb",
                    "timestamp":"2026-06-25 15:04:54.494",
                    "level": "DEBUG",
                    "thread": "http-nio-8169-exec-22",
                    "class": "o.s.web.client.RestTemplate",
                    "message": "HTTP POST https://authorize.crmeb.net/api/auth_cert_query?domain_name=https://jzk.wit.cn/&label=22&version=CRMEB-JAVA-KY-v1.4" }
                    
{
                    "app": "Crmeb",
                    "timestamp":"2026-06-25 15:04:54.495",
                    "level": "DEBUG",
                    "thread": "http-nio-8169-exec-22",
                    "class": "o.s.web.client.RestTemplate",
                    "message": "Accept=[application/json, application/cbor, application/*+json, text/plain, text/html]" }
                    
{
                    "app": "Crmeb",
                    "timestamp":"2026-06-25 15:04:54.502",
                    "level": "DEBUG",
                    "thread": "http-nio-8169-exec-30",
                    "class": "o.s.web.servlet.DispatcherServlet",
                    "message": "GET "/api/admin/system/form/temp/info?id=77&temp=1782371094", parameters={masked}" }
                    
{
                    "app": "Crmeb",
                    "timestamp":"2026-06-25 15:04:54.503",
                    "level": "DEBUG",
                    "thread": "http-nio-8169-exec-30",
                    "class": "o.s.w.s.m.m.a.RequestMappingHandlerMapping",
                    "message": "Mapped to com.zbkj.admin.controller.SystemFormTempController#info(Integer)" }
                    
{
                    "app": "Crmeb",
                    "timestamp":"2026-06-25 15:04:54.548",
                    "level": "DEBUG",
                    "thread": "http-nio-8169-exec-30",
                    "class": "o.s.w.s.m.m.a.RequestResponseBodyMethodProcessor",
                    "message": "Using 'application/json', given [application/json, text/plain, */*] and supported [application/json, application/*+json, application/json, application/*+json, application/cbor]" }
                    
{
                    "app": "Crmeb",
                    "timestamp":"2026-06-25 15:04:54.549",
                    "level": "DEBUG",
                    "thread": "http-nio-8169-exec-30",
                    "class": "o.s.w.s.m.m.a.RequestResponseBodyMethodProcessor",
                    "message": "Writing [com.zbkj.common.result.CommonResult@12c33404]" }
                    
{
                    "app": "Crmeb",
                    "timestamp":"2026-06-25 15:04:54.549",
                    "level": "DEBUG",
                    "thread": "http-nio-8169-exec-30",
                    "class": "o.s.web.servlet.DispatcherServlet",
                    "message": "Completed 200 OK" }
                    
{
                    "app": "Crmeb",
                    "timestamp":"2026-06-25 15:04:54.583",
                    "level": "DEBUG",
                    "thread": "http-nio-8169-exec-28",
                    "class": "o.s.web.servlet.DispatcherServlet",
                    "message": "GET "/api/admin/system/config/info?formId=77&temp=1782371094", parameters={masked}" }
                    
{
                    "app": "Crmeb",
                    "timestamp":"2026-06-25 15:04:54.583",
                    "level": "DEBUG",
                    "thread": "http-nio-8169-exec-28",
                    "class": "o.s.w.s.m.m.a.RequestMappingHandlerMapping",
                    "message": "Mapped to com.zbkj.admin.controller.SystemConfigController#info(Integer)" }
                    
{
                    "app": "Crmeb",
                    "timestamp":"2026-06-25 15:04:54.627",
                    "level": "DEBUG",
                    "thread": "http-nio-8169-exec-28",
                    "class": "o.s.w.s.m.m.a.RequestResponseBodyMethodProcessor",
                    "message": "Using 'application/json', given [application/json, text/plain, */*] and supported [application/json, application/*+json, application/json, application/*+json, application/cbor]" }
                    
{
                    "app": "Crmeb",
                    "timestamp":"2026-06-25 15:04:54.627",
                    "level": "DEBUG",
                    "thread": "http-nio-8169-exec-28",
                    "class": "o.s.w.s.m.m.a.RequestResponseBodyMethodProcessor",
                    "message": "Writing [com.zbkj.common.result.CommonResult@64652933]" }
                    
{
                    "app": "Crmeb",
                    "timestamp":"2026-06-25 15:04:54.628",
                    "level": "DEBUG",
                    "thread": "http-nio-8169-exec-28",
                    "class": "o.s.web.servlet.DispatcherServlet",
                    "message": "Completed 200 OK" }
                    
{
                    "app": "Crmeb",
                    "timestamp":"2026-06-25 15:04:54.695",
                    "level": "DEBUG",
                    "thread": "http-nio-8169-exec-22",
                    "class": "o.s.web.client.RestTemplate",
                    "message": "Response 200 OK" }
                    
{
                    "app": "Crmeb",
                    "timestamp":"2026-06-25 15:04:54.696",
                    "level": "DEBUG",
                    "thread": "http-nio-8169-exec-22",
                    "class": "o.s.web.client.RestTemplate",
                    "message": "Reading to [com.alibaba.fastjson.JSONObject]" }
                    
{
                    "app": "Crmeb",
                    "timestamp":"2026-06-25 15:04:54.696",
                    "level": "DEBUG",
                    "thread": "http-nio-8169-exec-22",
                    "class": "o.s.w.s.m.m.a.RequestResponseBodyMethodProcessor",
                    "message": "Using 'application/json', given [application/json, text/plain, */*] and supported [application/json, application/*+json, application/json, application/*+json, application/cbor]" }
                    
{
                    "app": "Crmeb",
                    "timestamp":"2026-06-25 15:04:54.696",
                    "level": "DEBUG",
                    "thread": "http-nio-8169-exec-22",
                    "class": "o.s.w.s.m.m.a.RequestResponseBodyMethodProcessor",
                    "message": "Writing [com.zbkj.common.result.CommonResult@78251eb2]" }
                    
{
                    "app": "Crmeb",
                    "timestamp":"2026-06-25 15:04:54.696",
                    "level": "DEBUG",
                    "thread": "http-nio-8169-exec-22",
                    "class": "o.s.web.servlet.DispatcherServlet",
                    "message": "Completed 200 OK" }
                    
{
                    "app": "Crmeb",
                    "timestamp":"2026-06-25 15:04:58.310",
                    "level": "DEBUG",
                    "thread": "http-nio-8169-exec-25",
                    "class": "o.s.web.servlet.DispatcherServlet",
                    "message": "GET "/api/admin/category/list/tree?type=6&status=-1&temp=1782371098", parameters={masked}" }
                    
{
                    "app": "Crmeb",
                    "timestamp":"2026-06-25 15:04:58.311",
                    "level": "DEBUG",
                    "thread": "http-nio-8169-exec-25",
                    "class": "o.s.w.s.m.m.a.RequestMappingHandlerMapping",
                    "message": "Mapped to com.zbkj.admin.controller.CategoryController#getListTree(Integer, Integer, String)" }
                    
{
                    "app": "Crmeb",
                    "timestamp":"2026-06-25 15:04:58.356",
                    "level": "DEBUG",
                    "thread": "http-nio-8169-exec-25",
                    "class": "o.s.w.s.m.m.a.RequestResponseBodyMethodProcessor",
                    "message": "Using 'application/json', given [application/json, text/plain, */*] and supported [application/json, application/*+json, application/json, application/*+json, application/cbor]" }
                    
{
                    "app": "Crmeb",
                    "timestamp":"2026-06-25 15:04:58.356",
                    "level": "DEBUG",
                    "thread": "http-nio-8169-exec-25",
                    "class": "o.s.w.s.m.m.a.RequestResponseBodyMethodProcessor",
                    "message": "Writing [com.zbkj.common.result.CommonResult@7d4a2f34]" }
                    
{
                    "app": "Crmeb",
                    "timestamp":"2026-06-25 15:04:58.357",
                    "level": "DEBUG",
                    "thread": "http-nio-8169-exec-25",
                    "class": "o.s.web.servlet.DispatcherServlet",
                    "message": "Completed 200 OK" }
                    
{
                    "app": "Crmeb",
                    "timestamp":"2026-06-25 15:04:59.764",
                    "level": "DEBUG",
                    "thread": "http-nio-8169-exec-1",
                    "class": "o.s.web.servlet.DispatcherServlet",
                    "message": "GET "/api/admin/category/list/tree?type=2&status=-1&temp=1782371099", parameters={masked}" }
                    
{
                    "app": "Crmeb",
                    "timestamp":"2026-06-25 15:04:59.764",
                    "level": "DEBUG",
                    "thread": "http-nio-8169-exec-1",
                    "class": "o.s.w.s.m.m.a.RequestMappingHandlerMapping",
                    "message": "Mapped to com.zbkj.admin.controller.CategoryController#getListTree(Integer, Integer, String)" }
                    
{
                    "app": "Crmeb",
                    "timestamp":"2026-06-25 15:04:59.786",
                    "level": "DEBUG",
                    "thread": "http-nio-8169-exec-24",
                    "class": "o.s.web.servlet.DispatcherServlet",
                    "message": "GET "/api/admin/system/attachment/list?page=1&limit=18&pid=0&attType=jpg,jpeg,gif,png,bmp,PNG,JPG&temp=1782371099", parameters={masked}" }
                    
{
                    "app": "Crmeb",
                    "timestamp":"2026-06-25 15:04:59.786",
                    "level": "DEBUG",
                    "thread": "http-nio-8169-exec-24",
                    "class": "o.s.w.s.m.m.a.RequestMappingHandlerMapping",
                    "message": "Mapped to com.zbkj.admin.controller.SystemAttachmentController#getList(Integer, String, PageParamRequest)" }
                    
{
                    "app": "Crmeb",
                    "timestamp":"2026-06-25 15:04:59.809",
                    "level": "DEBUG",
                    "thread": "http-nio-8169-exec-1",
                    "class": "o.s.w.s.m.m.a.RequestResponseBodyMethodProcessor",
                    "message": "Using 'application/json', given [application/json, text/plain, */*] and supported [application/json, application/*+json, application/json, application/*+json, application/cbor]" }
                    
{
                    "app": "Crmeb",
                    "timestamp":"2026-06-25 15:04:59.809",
                    "level": "DEBUG",
                    "thread": "http-nio-8169-exec-1",
                    "class": "o.s.w.s.m.m.a.RequestResponseBodyMethodProcessor",
                    "message": "Writing [com.zbkj.common.result.CommonResult@29cb39d5]" }
                    
{
                    "app": "Crmeb",
                    "timestamp":"2026-06-25 15:04:59.810",
                    "level": "DEBUG",
                    "thread": "http-nio-8169-exec-1",
                    "class": "o.s.web.servlet.DispatcherServlet",
                    "message": "Completed 200 OK" }
                    
{
                    "app": "Crmeb",
                    "timestamp":"2026-06-25 15:04:59.879",
                    "level": "DEBUG",
                    "thread": "http-nio-8169-exec-24",
                    "class": "o.s.w.s.m.m.a.RequestResponseBodyMethodProcessor",
                    "message": "Using 'application/json', given [application/json, text/plain, */*] and supported [application/json, application/*+json, application/json, application/*+json, application/cbor]" }
                    
{
                    "app": "Crmeb",
                    "timestamp":"2026-06-25 15:04:59.879",
                    "level": "DEBUG",
                    "thread": "http-nio-8169-exec-24",
                    "class": "o.s.w.s.m.m.a.RequestResponseBodyMethodProcessor",
                    "message": "Writing [com.zbkj.common.result.CommonResult@62508cfe]" }
                    
{
                    "app": "Crmeb",
                    "timestamp":"2026-06-25 15:04:59.882",
                    "level": "DEBUG",
                    "thread": "http-nio-8169-exec-24",
                    "class": "o.s.web.servlet.DispatcherServlet",
                    "message": "Completed 200 OK" }
                    
{
                    "app": "Crmeb",
                    "timestamp":"2026-06-25 15:05:07.565",
                    "level": "DEBUG",
                    "thread": "http-nio-8169-exec-3",
                    "class": "o.s.web.servlet.DispatcherServlet",
                    "message": "GET "/api/admin/system/attachment/delete/1573?temp=1782371107", parameters={masked}" }
                    
{
                    "app": "Crmeb",
                    "timestamp":"2026-06-25 15:05:07.602",
                    "level": "DEBUG",
                    "thread": "http-nio-8169-exec-3",
                    "class": "o.s.w.s.m.m.a.RequestMappingHandlerMapping",
                    "message": "Mapped to com.zbkj.admin.controller.SystemAttachmentController#delete(String)" }
                    
{
                    "app": "Crmeb",
                    "timestamp":"2026-06-25 15:05:07.796",
                    "level": "DEBUG",
                    "thread": "http-nio-8169-exec-3",
                    "class": "o.s.w.s.m.m.a.RequestResponseBodyMethodProcessor",
                    "message": "Using 'application/json', given [application/json, text/plain, */*] and supported [application/json, application/*+json, application/json, application/*+json, application/cbor]" }
                    
{
                    "app": "Crmeb",
                    "timestamp":"2026-06-25 15:05:07.796",
                    "level": "DEBUG",
                    "thread": "http-nio-8169-exec-3",
                    "class": "o.s.w.s.m.m.a.RequestResponseBodyMethodProcessor",
                    "message": "Writing [com.zbkj.common.result.CommonResult@2c902981]" }
                    
{
                    "app": "Crmeb",
                    "timestamp":"2026-06-25 15:05:07.796",
                    "level": "DEBUG",
                    "thread": "http-nio-8169-exec-3",
                    "class": "o.s.web.servlet.DispatcherServlet",
                    "message": "Completed 200 OK" }
                    
{
                    "app": "Crmeb",
                    "timestamp":"2026-06-25 15:05:07.871",
                    "level": "DEBUG",
                    "thread": "http-nio-8169-exec-8",
                    "class": "o.s.web.servlet.DispatcherServlet",
                    "message": "GET "/api/admin/system/attachment/list?page=1&limit=18&pid=0&attType=jpg,jpeg,gif,png,bmp,PNG,JPG&temp=1782371107", parameters={masked}" }
                    
{
                    "app": "Crmeb",
                    "timestamp":"2026-06-25 15:05:07.872",
                    "level": "DEBUG",
                    "thread": "http-nio-8169-exec-8",
                    "class": "o.s.w.s.m.m.a.RequestMappingHandlerMapping",
                    "message": "Mapped to com.zbkj.admin.controller.SystemAttachmentController#getList(Integer, String, PageParamRequest)" }
                    
{
                    "app": "Crmeb",
                    "timestamp":"2026-06-25 15:05:07.961",
                    "level": "DEBUG",
                    "thread": "http-nio-8169-exec-8",
                    "class": "o.s.w.s.m.m.a.RequestResponseBodyMethodProcessor",
                    "message": "Using 'application/json', given [application/json, text/plain, */*] and supported [application/json, application/*+json, application/json, application/*+json, application/cbor]" }
                    
{
                    "app": "Crmeb",
                    "timestamp":"2026-06-25 15:05:07.962",
                    "level": "DEBUG",
                    "thread": "http-nio-8169-exec-8",
                    "class": "o.s.w.s.m.m.a.RequestResponseBodyMethodProcessor",
                    "message": "Writing [com.zbkj.common.result.CommonResult@6513d41c]" }
                    
{
                    "app": "Crmeb",
                    "timestamp":"2026-06-25 15:05:07.963",
                    "level": "DEBUG",
                    "thread": "http-nio-8169-exec-8",
                    "class": "o.s.web.servlet.DispatcherServlet",
                    "message": "Completed 200 OK" }
                    
{
                    "app": "Crmeb",
                    "timestamp":"2026-06-25 15:06:37.694",
                    "level": "DEBUG",
                    "thread": "http-nio-8169-exec-5",
                    "class": "o.s.web.servlet.DispatcherServlet",
                    "message": "GET "/api/admin/getAdminInfoByToken?token=a06ead3991fe42c19fb9f0521091b1b7&temp=1782371197", parameters={masked}" }
                    
{
                    "app": "Crmeb",
                    "timestamp":"2026-06-25 15:06:37.694",
                    "level": "DEBUG",
                    "thread": "http-nio-8169-exec-5",
                    "class": "o.s.w.s.m.m.a.RequestMappingHandlerMapping",
                    "message": "Mapped to com.zbkj.admin.controller.AdminLoginController#getAdminInfo()" }
                    
{
                    "app": "Crmeb",
                    "timestamp":"2026-06-25 15:06:37.695",
                    "level": "DEBUG",
                    "thread": "http-nio-8169-exec-5",
                    "class": "o.s.w.s.m.m.a.RequestResponseBodyMethodProcessor",
                    "message": "Using 'application/json', given [application/json, text/plain, */*] and supported [application/json, application/*+json, application/json, application/*+json, application/cbor]" }
                    
{
                    "app": "Crmeb",
                    "timestamp":"2026-06-25 15:06:37.695",
                    "level": "DEBUG",
                    "thread": "http-nio-8169-exec-5",
                    "class": "o.s.w.s.m.m.a.RequestResponseBodyMethodProcessor",
                    "message": "Writing [com.zbkj.common.result.CommonResult@47154ddb]" }
                    
{
                    "app": "Crmeb",
                    "timestamp":"2026-06-25 15:06:37.696",
                    "level": "DEBUG",
                    "thread": "http-nio-8169-exec-5",
                    "class": "o.s.web.servlet.DispatcherServlet",
                    "message": "Completed 200 OK" }
                    
{
                    "app": "Crmeb",
                    "timestamp":"2026-06-25 15:06:37.755",
                    "level": "DEBUG",
                    "thread": "http-nio-8169-exec-9",
                    "class": "o.s.web.servlet.DispatcherServlet",
                    "message": "GET "/api/admin/getMenus?temp=1782371197", parameters={masked}" }
                    
{
                    "app": "Crmeb",
                    "timestamp":"2026-06-25 15:06:37.756",
                    "level": "DEBUG",
                    "thread": "http-nio-8169-exec-9",
                    "class": "o.s.w.s.m.m.a.RequestMappingHandlerMapping",
                    "message": "Mapped to com.zbkj.admin.controller.AdminLoginController#getMenus()" }
                    
{
                    "app": "Crmeb",
                    "timestamp":"2026-06-25 15:06:37.807",
                    "level": "DEBUG",
                    "thread": "http-nio-8169-exec-9",
                    "class": "o.s.w.s.m.m.a.RequestResponseBodyMethodProcessor",
                    "message": "Using 'application/json', given [application/json, text/plain, */*] and supported [application/json, application/*+json, application/json, application/*+json, application/cbor]" }
                    
{
                    "app": "Crmeb",
                    "timestamp":"2026-06-25 15:06:37.807",
                    "level": "DEBUG",
                    "thread": "http-nio-8169-exec-9",
                    "class": "o.s.w.s.m.m.a.RequestResponseBodyMethodProcessor",
                    "message": "Writing [com.zbkj.common.result.CommonResult@49fb18d4]" }
                    
{
                    "app": "Crmeb",
                    "timestamp":"2026-06-25 15:06:37.807",
                    "level": "DEBUG",
                    "thread": "http-nio-8169-exec-9",
                    "class": "o.s.web.servlet.DispatcherServlet",
                    "message": "Completed 200 OK" }
                    
{
                    "app": "Crmeb",
                    "timestamp":"2026-06-25 15:06:37.976",
                    "level": "DEBUG",
                    "thread": "http-nio-8169-exec-14",
                    "class": "o.s.web.servlet.DispatcherServlet",
                    "message": "GET "/api/admin/category/list/tree?type=2&status=-1&temp=1782371197", parameters={masked}" }
                    
{
                    "app": "Crmeb",
                    "timestamp":"2026-06-25 15:06:37.976",
                    "level": "DEBUG",
                    "thread": "http-nio-8169-exec-14",
                    "class": "o.s.w.s.m.m.a.RequestMappingHandlerMapping",
                    "message": "Mapped to com.zbkj.admin.controller.CategoryController#getListTree(Integer, Integer, String)" }
                    
{
                    "app": "Crmeb",
                    "timestamp":"2026-06-25 15:06:38.000",
                    "level": "DEBUG",
                    "thread": "http-nio-8169-exec-13",
                    "class": "o.s.web.servlet.DispatcherServlet",
                    "message": "GET "/api/admin/system/attachment/list?page=1&limit=18&pid=0&attType=jpg,jpeg,gif,png,bmp,PNG,JPG&temp=1782371197", parameters={masked}" }
                    
{
                    "app": "Crmeb",
                    "timestamp":"2026-06-25 15:06:38.002",
                    "level": "DEBUG",
                    "thread": "http-nio-8169-exec-13",
                    "class": "o.s.w.s.m.m.a.RequestMappingHandlerMapping",
                    "message": "Mapped to com.zbkj.admin.controller.SystemAttachmentController#getList(Integer, String, PageParamRequest)" }
                    
{
                    "app": "Crmeb",
                    "timestamp":"2026-06-25 15:06:38.009",
                    "level": "DEBUG",
                    "thread": "http-nio-8169-exec-26",
                    "class": "o.s.web.servlet.DispatcherServlet",
                    "message": "GET "/api/admin/copyright/get/info?temp=1782371197", parameters={masked}" }
                    
{
                    "app": "Crmeb",
                    "timestamp":"2026-06-25 15:06:38.010",
                    "level": "DEBUG",
                    "thread": "http-nio-8169-exec-26",
                    "class": "o.s.w.s.m.m.a.RequestMappingHandlerMapping",
                    "message": "Mapped to com.zbkj.admin.controller.CopyrightController#getInfo()" }
                    
{
                    "app": "Crmeb",
                    "timestamp":"2026-06-25 15:06:38.025",
                    "level": "DEBUG",
                    "thread": "http-nio-8169-exec-14",
                    "class": "o.s.w.s.m.m.a.RequestResponseBodyMethodProcessor",
                    "message": "Using 'application/json', given [application/json, text/plain, */*] and supported [application/json, application/*+json, application/json, application/*+json, application/cbor]" }
                    
{
                    "app": "Crmeb",
                    "timestamp":"2026-06-25 15:06:38.026",
                    "level": "DEBUG",
                    "thread": "http-nio-8169-exec-14",
                    "class": "o.s.w.s.m.m.a.RequestResponseBodyMethodProcessor",
                    "message": "Writing [com.zbkj.common.result.CommonResult@36deee81]" }
                    
{
                    "app": "Crmeb",
                    "timestamp":"2026-06-25 15:06:38.026",
                    "level": "DEBUG",
                    "thread": "http-nio-8169-exec-14",
                    "class": "o.s.web.servlet.DispatcherServlet",
                    "message": "Completed 200 OK" }
                    
{
                    "app": "Crmeb",
                    "timestamp":"2026-06-25 15:06:38.094",
                    "level": "DEBUG",
                    "thread": "http-nio-8169-exec-13",
                    "class": "o.s.w.s.m.m.a.RequestResponseBodyMethodProcessor",
                    "message": "Using 'application/json', given [application/json, text/plain, */*] and supported [application/json, application/*+json, application/json, application/*+json, application/cbor]" }
                    
{
                    "app": "Crmeb",
                    "timestamp":"2026-06-25 15:06:38.095",
                    "level": "DEBUG",
                    "thread": "http-nio-8169-exec-13",
                    "class": "o.s.w.s.m.m.a.RequestResponseBodyMethodProcessor",
                    "message": "Writing [com.zbkj.common.result.CommonResult@9d4477d]" }
                    
{
                    "app": "Crmeb",
                    "timestamp":"2026-06-25 15:06:38.096",
                    "level": "DEBUG",
                    "thread": "http-nio-8169-exec-26",
                    "class": "o.s.web.client.RestTemplate",
                    "message": "HTTP POST https://authorize.crmeb.net/api/auth_cert_query?domain_name=https://jzk.wit.cn/&label=22&version=CRMEB-JAVA-KY-v1.4" }
                    
{
                    "app": "Crmeb",
                    "timestamp":"2026-06-25 15:06:38.096",
                    "level": "DEBUG",
                    "thread": "http-nio-8169-exec-26",
                    "class": "o.s.web.client.RestTemplate",
                    "message": "Accept=[application/json, application/cbor, application/*+json, text/plain, text/html]" }
                    
{
                    "app": "Crmeb",
                    "timestamp":"2026-06-25 15:06:38.097",
                    "level": "DEBUG",
                    "thread": "http-nio-8169-exec-13",
                    "class": "o.s.web.servlet.DispatcherServlet",
                    "message": "Completed 200 OK" }
                    
{
                    "app": "Crmeb",
                    "timestamp":"2026-06-25 15:06:38.307",
                    "level": "DEBUG",
                    "thread": "http-nio-8169-exec-26",
                    "class": "o.s.web.client.RestTemplate",
                    "message": "Response 200 OK" }
                    
{
                    "app": "Crmeb",
                    "timestamp":"2026-06-25 15:06:38.308",
                    "level": "DEBUG",
                    "thread": "http-nio-8169-exec-26",
                    "class": "o.s.web.client.RestTemplate",
                    "message": "Reading to [com.alibaba.fastjson.JSONObject]" }
                    
{
                    "app": "Crmeb",
                    "timestamp":"2026-06-25 15:06:38.310",
                    "level": "DEBUG",
                    "thread": "http-nio-8169-exec-26",
                    "class": "o.s.w.s.m.m.a.RequestResponseBodyMethodProcessor",
                    "message": "Using 'application/json', given [application/json, text/plain, */*] and supported [application/json, application/*+json, application/json, application/*+json, application/cbor]" }
                    
{
                    "app": "Crmeb",
                    "timestamp":"2026-06-25 15:06:38.311",
                    "level": "DEBUG",
                    "thread": "http-nio-8169-exec-26",
                    "class": "o.s.w.s.m.m.a.RequestResponseBodyMethodProcessor",
                    "message": "Writing [com.zbkj.common.result.CommonResult@2efac29e]" }
                    
{
                    "app": "Crmeb",
                    "timestamp":"2026-06-25 15:06:38.312",
                    "level": "DEBUG",
                    "thread": "http-nio-8169-exec-26",
                    "class": "o.s.web.servlet.DispatcherServlet",
                    "message": "Completed 200 OK" }
                    
{
                    "app": "Crmeb",
                    "timestamp":"2026-06-25 15:07:10.480",
                    "level": "DEBUG",
                    "thread": "http-nio-8169-exec-28",
                    "class": "o.s.web.servlet.DispatcherServlet",
                    "message": "GET "/api/admin/system/config/get/upload/type?temp=1782371230", parameters={masked}" }
                    
{
                    "app": "Crmeb",
                    "timestamp":"2026-06-25 15:07:10.481",
                    "level": "DEBUG",
                    "thread": "http-nio-8169-exec-28",
                    "class": "o.s.w.s.m.m.a.RequestMappingHandlerMapping",
                    "message": "Mapped to com.zbkj.admin.controller.SystemConfigController#getFileUploadType()" }
                    
{
                    "app": "Crmeb",
                    "timestamp":"2026-06-25 15:07:10.492",
                    "level": "DEBUG",
                    "thread": "http-nio-8169-exec-22",
                    "class": "o.s.web.servlet.DispatcherServlet",
                    "message": "GET "/api/admin/category/list/tree?type=6&status=1&temp=1782371230", parameters={masked}" }
                    
{
                    "app": "Crmeb",
                    "timestamp":"2026-06-25 15:07:10.493",
                    "level": "DEBUG",
                    "thread": "http-nio-8169-exec-22",
                    "class": "o.s.w.s.m.m.a.RequestMappingHandlerMapping",
                    "message": "Mapped to com.zbkj.admin.controller.CategoryController#getListTree(Integer, Integer, String)" }
                    
{
                    "app": "Crmeb",
                    "timestamp":"2026-06-25 15:07:10.514",
                    "level": "DEBUG",
                    "thread": "http-nio-8169-exec-28",
                    "class": "o.s.w.s.m.m.a.RequestResponseBodyMethodProcessor",
                    "message": "Using 'application/json', given [application/json, text/plain, */*] and supported [application/json, application/*+json, application/json, application/*+json, application/cbor]" }
                    
{
                    "app": "Crmeb",
                    "timestamp":"2026-06-25 15:07:10.514",
                    "level": "DEBUG",
                    "thread": "http-nio-8169-exec-28",
                    "class": "o.s.w.s.m.m.a.RequestResponseBodyMethodProcessor",
                    "message": "Writing [com.zbkj.common.result.CommonResult@4a9d5370]" }
                    
{
                    "app": "Crmeb",
                    "timestamp":"2026-06-25 15:07:10.515",
                    "level": "DEBUG",
                    "thread": "http-nio-8169-exec-28",
                    "class": "o.s.web.servlet.DispatcherServlet",
                    "message": "Completed 200 OK" }
                    
{
                    "app": "Crmeb",
                    "timestamp":"2026-06-25 15:07:10.545",
                    "level": "DEBUG",
                    "thread": "http-nio-8169-exec-22",
                    "class": "o.s.w.s.m.m.a.RequestResponseBodyMethodProcessor",
                    "message": "Using 'application/json', given [application/json, text/plain, */*] and supported [application/json, application/*+json, application/json, application/*+json, application/cbor]" }
                    
{
                    "app": "Crmeb",
                    "timestamp":"2026-06-25 15:07:10.546",
                    "level": "DEBUG",
                    "thread": "http-nio-8169-exec-22",
                    "class": "o.s.w.s.m.m.a.RequestResponseBodyMethodProcessor",
                    "message": "Writing [com.zbkj.common.result.CommonResult@16891e64]" }
                    
{
                    "app": "Crmeb",
                    "timestamp":"2026-06-25 15:07:10.546",
                    "level": "DEBUG",
                    "thread": "http-nio-8169-exec-22",
                    "class": "o.s.web.servlet.DispatcherServlet",
                    "message": "Completed 200 OK" }
                    
{
                    "app": "Crmeb",
                    "timestamp":"2026-06-25 15:07:10.591",
                    "level": "DEBUG",
                    "thread": "http-nio-8169-exec-25",
                    "class": "o.s.web.servlet.DispatcherServlet",
                    "message": "GET "/api/admin/system/form/temp/info?id=77&temp=1782371230", parameters={masked}" }
                    
{
                    "app": "Crmeb",
                    "timestamp":"2026-06-25 15:07:10.592",
                    "level": "DEBUG",
                    "thread": "http-nio-8169-exec-25",
                    "class": "o.s.w.s.m.m.a.RequestMappingHandlerMapping",
                    "message": "Mapped to com.zbkj.admin.controller.SystemFormTempController#info(Integer)" }
                    
{
                    "app": "Crmeb",
                    "timestamp":"2026-06-25 15:07:10.638",
                    "level": "DEBUG",
                    "thread": "http-nio-8169-exec-25",
                    "class": "o.s.w.s.m.m.a.RequestResponseBodyMethodProcessor",
                    "message": "Using 'application/json', given [application/json, text/plain, */*] and supported [application/json, application/*+json, application/json, application/*+json, application/cbor]" }
                    
{
                    "app": "Crmeb",
                    "timestamp":"2026-06-25 15:07:10.638",
                    "level": "DEBUG",
                    "thread": "http-nio-8169-exec-25",
                    "class": "o.s.w.s.m.m.a.RequestResponseBodyMethodProcessor",
                    "message": "Writing [com.zbkj.common.result.CommonResult@eb1a49b]" }
                    
{
                    "app": "Crmeb",
                    "timestamp":"2026-06-25 15:07:10.639",
                    "level": "DEBUG",
                    "thread": "http-nio-8169-exec-25",
                    "class": "o.s.web.servlet.DispatcherServlet",
                    "message": "Completed 200 OK" }
                    
{
                    "app": "Crmeb",
                    "timestamp":"2026-06-25 15:07:10.672",
                    "level": "DEBUG",
                    "thread": "http-nio-8169-exec-19",
                    "class": "o.s.web.servlet.DispatcherServlet",
                    "message": "GET "/api/admin/system/config/info?formId=77&temp=1782371230", parameters={masked}" }
                    
{
                    "app": "Crmeb",
                    "timestamp":"2026-06-25 15:07:10.673",
                    "level": "DEBUG",
                    "thread": "http-nio-8169-exec-19",
                    "class": "o.s.w.s.m.m.a.RequestMappingHandlerMapping",
                    "message": "Mapped to com.zbkj.admin.controller.SystemConfigController#info(Integer)" }
                    
{
                    "app": "Crmeb",
                    "timestamp":"2026-06-25 15:07:10.719",
                    "level": "DEBUG",
                    "thread": "http-nio-8169-exec-19",
                    "class": "o.s.w.s.m.m.a.RequestResponseBodyMethodProcessor",
                    "message": "Using 'application/json', given [application/json, text/plain, */*] and supported [application/json, application/*+json, application/json, application/*+json, application/cbor]" }
                    
{
                    "app": "Crmeb",
                    "timestamp":"2026-06-25 15:07:10.719",
                    "level": "DEBUG",
                    "thread": "http-nio-8169-exec-19",
                    "class": "o.s.w.s.m.m.a.RequestResponseBodyMethodProcessor",
                    "message": "Writing [com.zbkj.common.result.CommonResult@49f2d6ff]" }
                    
{
                    "app": "Crmeb",
                    "timestamp":"2026-06-25 15:07:10.720",
                    "level": "DEBUG",
                    "thread": "http-nio-8169-exec-19",
                    "class": "o.s.web.servlet.DispatcherServlet",
                    "message": "Completed 200 OK" }
                    
{
                    "app": "Crmeb",
                    "timestamp":"2026-06-25 15:07:12.124",
                    "level": "DEBUG",
                    "thread": "http-nio-8169-exec-24",
                    "class": "o.s.web.servlet.DispatcherServlet",
                    "message": "GET "/api/admin/system/form/temp/info?id=108&temp=1782371232", parameters={masked}" }
                    
{
                    "app": "Crmeb",
                    "timestamp":"2026-06-25 15:07:12.125",
                    "level": "DEBUG",
                    "thread": "http-nio-8169-exec-24",
                    "class": "o.s.w.s.m.m.a.RequestMappingHandlerMapping",
                    "message": "Mapped to com.zbkj.admin.controller.SystemFormTempController#info(Integer)" }
                    
{
                    "app": "Crmeb",
                    "timestamp":"2026-06-25 15:07:12.168",
                    "level": "DEBUG",
                    "thread": "http-nio-8169-exec-24",
                    "class": "o.s.w.s.m.m.a.RequestResponseBodyMethodProcessor",
                    "message": "Using 'application/json', given [application/json, text/plain, */*] and supported [application/json, application/*+json, application/json, application/*+json, application/cbor]" }
                    
{
                    "app": "Crmeb",
                    "timestamp":"2026-06-25 15:07:12.168",
                    "level": "DEBUG",
                    "thread": "http-nio-8169-exec-24",
                    "class": "o.s.w.s.m.m.a.RequestResponseBodyMethodProcessor",
                    "message": "Writing [com.zbkj.common.result.CommonResult@4cf30e3d]" }
                    
{
                    "app": "Crmeb",
                    "timestamp":"2026-06-25 15:07:12.169",
                    "level": "DEBUG",
                    "thread": "http-nio-8169-exec-24",
                    "class": "o.s.web.servlet.DispatcherServlet",
                    "message": "Completed 200 OK" }
                    
{
                    "app": "Crmeb",
                    "timestamp":"2026-06-25 15:07:12.263",
                    "level": "DEBUG",
                    "thread": "http-nio-8169-exec-3",
                    "class": "o.s.web.servlet.DispatcherServlet",
                    "message": "GET "/api/admin/system/config/info?formId=108&temp=1782371232", parameters={masked}" }
                    
{
                    "app": "Crmeb",
                    "timestamp":"2026-06-25 15:07:12.264",
                    "level": "DEBUG",
                    "thread": "http-nio-8169-exec-3",
                    "class": "o.s.w.s.m.m.a.RequestMappingHandlerMapping",
                    "message": "Mapped to com.zbkj.admin.controller.SystemConfigController#info(Integer)" }
                    
{
                    "app": "Crmeb",
                    "timestamp":"2026-06-25 15:07:12.310",
                    "level": "DEBUG",
                    "thread": "http-nio-8169-exec-3",
                    "class": "o.s.w.s.m.m.a.RequestResponseBodyMethodProcessor",
                    "message": "Using 'application/json', given [application/json, text/plain, */*] and supported [application/json, application/*+json, application/json, application/*+json, application/cbor]" }
                    
{
                    "app": "Crmeb",
                    "timestamp":"2026-06-25 15:07:12.310",
                    "level": "DEBUG",
                    "thread": "http-nio-8169-exec-3",
                    "class": "o.s.w.s.m.m.a.RequestResponseBodyMethodProcessor",
                    "message": "Writing [com.zbkj.common.result.CommonResult@4508a936]" }
                    
{
                    "app": "Crmeb",
                    "timestamp":"2026-06-25 15:07:12.310",
                    "level": "DEBUG",
                    "thread": "http-nio-8169-exec-3",
                    "class": "o.s.web.servlet.DispatcherServlet",
                    "message": "Completed 200 OK" }
                    
{
                    "app": "Crmeb",
                    "timestamp":"2026-06-25 15:07:45.427",
                    "level": "DEBUG",
                    "thread": "http-nio-8169-exec-8",
                    "class": "o.s.web.servlet.DispatcherServlet",
                    "message": "POST "/api/admin/system/config/save/form", parameters={}" }
                    
{
                    "app": "Crmeb",
                    "timestamp":"2026-06-25 15:07:45.428",
                    "level": "DEBUG",
                    "thread": "http-nio-8169-exec-8",
                    "class": "o.s.w.s.m.m.a.RequestMappingHandlerMapping",
                    "message": "Mapped to com.zbkj.admin.controller.SystemConfigController#saveFrom(SystemFormCheckRequest)" }
                    
{
                    "app": "Crmeb",
                    "timestamp":"2026-06-25 15:07:45.429",
                    "level": "DEBUG",
                    "thread": "http-nio-8169-exec-8",
                    "class": "o.s.w.s.m.m.a.RequestResponseBodyMethodProcessor",
                    "message": "Read "application/json;charset=UTF-8" to [SystemFormCheckRequest(id=108, sort=0, status=true, fields=[SystemFormItemCheckRequest(name=localUpl (truncated)...]" }
                    
{
                    "app": "Crmeb",
                    "timestamp":"2026-06-25 15:07:47.036",
                    "level": "DEBUG",
                    "thread": "http-nio-8169-exec-8",
                    "class": "o.s.w.s.m.m.a.RequestResponseBodyMethodProcessor",
                    "message": "Using 'application/json', given [application/json, text/plain, */*] and supported [application/json, application/*+json, application/json, application/*+json, application/cbor]" }
                    
{
                    "app": "Crmeb",
                    "timestamp":"2026-06-25 15:07:47.037",
                    "level": "DEBUG",
                    "thread": "http-nio-8169-exec-8",
                    "class": "o.s.w.s.m.m.a.RequestResponseBodyMethodProcessor",
                    "message": "Writing [com.zbkj.common.result.CommonResult@7d2f086b]" }
                    
{
                    "app": "Crmeb",
                    "timestamp":"2026-06-25 15:07:47.037",
                    "level": "DEBUG",
                    "thread": "http-nio-8169-exec-8",
                    "class": "o.s.web.servlet.DispatcherServlet",
                    "message": "Completed 200 OK" }
                    
{
                    "app": "Crmeb",
                    "timestamp":"2026-06-25 15:07:50.592",
                    "level": "DEBUG",
                    "thread": "http-nio-8169-exec-10",
                    "class": "o.s.web.servlet.DispatcherServlet",
                    "message": "GET "/api/admin/getAdminInfoByToken?token=a06ead3991fe42c19fb9f0521091b1b7&temp=1782371270", parameters={masked}" }
                    
{
                    "app": "Crmeb",
                    "timestamp":"2026-06-25 15:07:50.592",
                    "level": "DEBUG",
                    "thread": "http-nio-8169-exec-10",
                    "class": "o.s.w.s.m.m.a.RequestMappingHandlerMapping",
                    "message": "Mapped to com.zbkj.admin.controller.AdminLoginController#getAdminInfo()" }
                    
{
                    "app": "Crmeb",
                    "timestamp":"2026-06-25 15:07:50.594",
                    "level": "DEBUG",
                    "thread": "http-nio-8169-exec-10",
                    "class": "o.s.w.s.m.m.a.RequestResponseBodyMethodProcessor",
                    "message": "Using 'application/json', given [application/json, text/plain, */*] and supported [application/json, application/*+json, application/json, application/*+json, application/cbor]" }
                    
{
                    "app": "Crmeb",
                    "timestamp":"2026-06-25 15:07:50.594",
                    "level": "DEBUG",
                    "thread": "http-nio-8169-exec-10",
                    "class": "o.s.w.s.m.m.a.RequestResponseBodyMethodProcessor",
                    "message": "Writing [com.zbkj.common.result.CommonResult@216c780a]" }
                    
{
                    "app": "Crmeb",
                    "timestamp":"2026-06-25 15:07:50.595",
                    "level": "DEBUG",
                    "thread": "http-nio-8169-exec-10",
                    "class": "o.s.web.servlet.DispatcherServlet",
                    "message": "Completed 200 OK" }
                    
{
                    "app": "Crmeb",
                    "timestamp":"2026-06-25 15:07:50.731",
                    "level": "DEBUG",
                    "thread": "http-nio-8169-exec-7",
                    "class": "o.s.web.servlet.DispatcherServlet",
                    "message": "GET "/api/admin/getMenus?temp=1782371270", parameters={masked}" }
                    
{
                    "app": "Crmeb",
                    "timestamp":"2026-06-25 15:07:50.731",
                    "level": "DEBUG",
                    "thread": "http-nio-8169-exec-7",
                    "class": "o.s.w.s.m.m.a.RequestMappingHandlerMapping",
                    "message": "Mapped to com.zbkj.admin.controller.AdminLoginController#getMenus()" }
                    
{
                    "app": "Crmeb",
                    "timestamp":"2026-06-25 15:07:50.779",
                    "level": "DEBUG",
                    "thread": "http-nio-8169-exec-7",
                    "class": "o.s.w.s.m.m.a.RequestResponseBodyMethodProcessor",
                    "message": "Using 'application/json', given [application/json, text/plain, */*] and supported [application/json, application/*+json, application/json, application/*+json, application/cbor]" }
                    
{
                    "app": "Crmeb",
                    "timestamp":"2026-06-25 15:07:50.780",
                    "level": "DEBUG",
                    "thread": "http-nio-8169-exec-7",
                    "class": "o.s.w.s.m.m.a.RequestResponseBodyMethodProcessor",
                    "message": "Writing [com.zbkj.common.result.CommonResult@3de7534a]" }
                    
{
                    "app": "Crmeb",
                    "timestamp":"2026-06-25 15:07:50.780",
                    "level": "DEBUG",
                    "thread": "http-nio-8169-exec-7",
                    "class": "o.s.web.servlet.DispatcherServlet",
                    "message": "Completed 200 OK" }
                    
{
                    "app": "Crmeb",
                    "timestamp":"2026-06-25 15:07:50.972",
                    "level": "DEBUG",
                    "thread": "http-nio-8169-exec-15",
                    "class": "o.s.web.servlet.DispatcherServlet",
                    "message": "GET "/api/admin/category/list/tree?type=6&status=1&temp=1782371270", parameters={masked}" }
                    
{
                    "app": "Crmeb",
                    "timestamp":"2026-06-25 15:07:50.972",
                    "level": "DEBUG",
                    "thread": "http-nio-8169-exec-15",
                    "class": "o.s.w.s.m.m.a.RequestMappingHandlerMapping",
                    "message": "Mapped to com.zbkj.admin.controller.CategoryController#getListTree(Integer, Integer, String)" }
                    
{
                    "app": "Crmeb",
                    "timestamp":"2026-06-25 15:07:51.000",
                    "level": "DEBUG",
                    "thread": "http-nio-8169-exec-12",
                    "class": "o.s.web.servlet.DispatcherServlet",
                    "message": "GET "/api/admin/system/config/get/upload/type?temp=1782371270", parameters={masked}" }
                    
{
                    "app": "Crmeb",
                    "timestamp":"2026-06-25 15:07:51.000",
                    "level": "DEBUG",
                    "thread": "http-nio-8169-exec-12",
                    "class": "o.s.w.s.m.m.a.RequestMappingHandlerMapping",
                    "message": "Mapped to com.zbkj.admin.controller.SystemConfigController#getFileUploadType()" }
                    
{
                    "app": "Crmeb",
                    "timestamp":"2026-06-25 15:07:51.016",
                    "level": "DEBUG",
                    "thread": "http-nio-8169-exec-15",
                    "class": "o.s.w.s.m.m.a.RequestResponseBodyMethodProcessor",
                    "message": "Using 'application/json', given [application/json, text/plain, */*] and supported [application/json, application/*+json, application/json, application/*+json, application/cbor]" }
                    
{
                    "app": "Crmeb",
                    "timestamp":"2026-06-25 15:07:51.016",
                    "level": "DEBUG",
                    "thread": "http-nio-8169-exec-15",
                    "class": "o.s.w.s.m.m.a.RequestResponseBodyMethodProcessor",
                    "message": "Writing [com.zbkj.common.result.CommonResult@3cb0bbdb]" }
                    
{
                    "app": "Crmeb",
                    "timestamp":"2026-06-25 15:07:51.016",
                    "level": "DEBUG",
                    "thread": "http-nio-8169-exec-15",
                    "class": "o.s.web.servlet.DispatcherServlet",
                    "message": "Completed 200 OK" }
                    
{
                    "app": "Crmeb",
                    "timestamp":"2026-06-25 15:07:51.033",
                    "level": "DEBUG",
                    "thread": "http-nio-8169-exec-18",
                    "class": "o.s.web.servlet.DispatcherServlet",
                    "message": "GET "/api/admin/copyright/get/info?temp=1782371270", parameters={masked}" }
                    
{
                    "app": "Crmeb",
                    "timestamp":"2026-06-25 15:07:51.034",
                    "level": "DEBUG",
                    "thread": "http-nio-8169-exec-18",
                    "class": "o.s.w.s.m.m.a.RequestMappingHandlerMapping",
                    "message": "Mapped to com.zbkj.admin.controller.CopyrightController#getInfo()" }
                    
{
                    "app": "Crmeb",
                    "timestamp":"2026-06-25 15:07:51.085",
                    "level": "DEBUG",
                    "thread": "http-nio-8169-exec-13",
                    "class": "o.s.web.servlet.DispatcherServlet",
                    "message": "GET "/api/admin/system/form/temp/info?id=77&temp=1782371271", parameters={masked}" }
                    
{
                    "app": "Crmeb",
                    "timestamp":"2026-06-25 15:07:51.086",
                    "level": "DEBUG",
                    "thread": "http-nio-8169-exec-13",
                    "class": "o.s.w.s.m.m.a.RequestMappingHandlerMapping",
                    "message": "Mapped to com.zbkj.admin.controller.SystemFormTempController#info(Integer)" }
                    
{
                    "app": "Crmeb",
                    "timestamp":"2026-06-25 15:07:51.116",
                    "level": "DEBUG",
                    "thread": "http-nio-8169-exec-12",
                    "class": "o.s.w.s.m.m.a.RequestResponseBodyMethodProcessor",
                    "message": "Using 'application/json', given [application/json, text/plain, */*] and supported [application/json, application/*+json, application/json, application/*+json, application/cbor]" }
                    
{
                    "app": "Crmeb",
                    "timestamp":"2026-06-25 15:07:51.116",
                    "level": "DEBUG",
                    "thread": "http-nio-8169-exec-12",
                    "class": "o.s.w.s.m.m.a.RequestResponseBodyMethodProcessor",
                    "message": "Writing [com.zbkj.common.result.CommonResult@57cb4a74]" }
                    
{
                    "app": "Crmeb",
                    "timestamp":"2026-06-25 15:07:51.117",
                    "level": "DEBUG",
                    "thread": "http-nio-8169-exec-12",
                    "class": "o.s.web.servlet.DispatcherServlet",
                    "message": "Completed 200 OK" }
                    
{
                    "app": "Crmeb",
                    "timestamp":"2026-06-25 15:07:51.125",
                    "level": "DEBUG",
                    "thread": "http-nio-8169-exec-18",
                    "class": "o.s.web.client.RestTemplate",
                    "message": "HTTP POST https://authorize.crmeb.net/api/auth_cert_query?domain_name=https://jzk.wit.cn/&label=22&version=CRMEB-JAVA-KY-v1.4" }
                    
{
                    "app": "Crmeb",
                    "timestamp":"2026-06-25 15:07:51.126",
                    "level": "DEBUG",
                    "thread": "http-nio-8169-exec-18",
                    "class": "o.s.web.client.RestTemplate",
                    "message": "Accept=[application/json, application/cbor, application/*+json, text/plain, text/html]" }
                    
{
                    "app": "Crmeb",
                    "timestamp":"2026-06-25 15:07:51.131",
                    "level": "DEBUG",
                    "thread": "http-nio-8169-exec-13",
                    "class": "o.s.w.s.m.m.a.RequestResponseBodyMethodProcessor",
                    "message": "Using 'application/json', given [application/json, text/plain, */*] and supported [application/json, application/*+json, application/json, application/*+json, application/cbor]" }
                    
{
                    "app": "Crmeb",
                    "timestamp":"2026-06-25 15:07:51.131",
                    "level": "DEBUG",
                    "thread": "http-nio-8169-exec-13",
                    "class": "o.s.w.s.m.m.a.RequestResponseBodyMethodProcessor",
                    "message": "Writing [com.zbkj.common.result.CommonResult@4e8274d9]" }
                    
{
                    "app": "Crmeb",
                    "timestamp":"2026-06-25 15:07:51.132",
                    "level": "DEBUG",
                    "thread": "http-nio-8169-exec-13",
                    "class": "o.s.web.servlet.DispatcherServlet",
                    "message": "Completed 200 OK" }
                    
{
                    "app": "Crmeb",
                    "timestamp":"2026-06-25 15:07:51.183",
                    "level": "DEBUG",
                    "thread": "http-nio-8169-exec-17",
                    "class": "o.s.web.servlet.DispatcherServlet",
                    "message": "GET "/api/admin/system/config/info?formId=77&temp=1782371271", parameters={masked}" }
                    
{
                    "app": "Crmeb",
                    "timestamp":"2026-06-25 15:07:51.183",
                    "level": "DEBUG",
                    "thread": "http-nio-8169-exec-17",
                    "class": "o.s.w.s.m.m.a.RequestMappingHandlerMapping",
                    "message": "Mapped to com.zbkj.admin.controller.SystemConfigController#info(Integer)" }
                    
{
                    "app": "Crmeb",
                    "timestamp":"2026-06-25 15:07:51.233",
                    "level": "DEBUG",
                    "thread": "http-nio-8169-exec-17",
                    "class": "o.s.w.s.m.m.a.RequestResponseBodyMethodProcessor",
                    "message": "Using 'application/json', given [application/json, text/plain, */*] and supported [application/json, application/*+json, application/json, application/*+json, application/cbor]" }
                    
{
                    "app": "Crmeb",
                    "timestamp":"2026-06-25 15:07:51.233",
                    "level": "DEBUG",
                    "thread": "http-nio-8169-exec-17",
                    "class": "o.s.w.s.m.m.a.RequestResponseBodyMethodProcessor",
                    "message": "Writing [com.zbkj.common.result.CommonResult@44f0a191]" }
                    
{
                    "app": "Crmeb",
                    "timestamp":"2026-06-25 15:07:51.233",
                    "level": "DEBUG",
                    "thread": "http-nio-8169-exec-17",
                    "class": "o.s.web.servlet.DispatcherServlet",
                    "message": "Completed 200 OK" }
                    
{
                    "app": "Crmeb",
                    "timestamp":"2026-06-25 15:07:51.326",
                    "level": "DEBUG",
                    "thread": "http-nio-8169-exec-18",
                    "class": "o.s.web.client.RestTemplate",
                    "message": "Response 200 OK" }
                    
{
                    "app": "Crmeb",
                    "timestamp":"2026-06-25 15:07:51.327",
                    "level": "DEBUG",
                    "thread": "http-nio-8169-exec-18",
                    "class": "o.s.web.client.RestTemplate",
                    "message": "Reading to [com.alibaba.fastjson.JSONObject]" }
                    
{
                    "app": "Crmeb",
                    "timestamp":"2026-06-25 15:07:51.328",
                    "level": "DEBUG",
                    "thread": "http-nio-8169-exec-18",
                    "class": "o.s.w.s.m.m.a.RequestResponseBodyMethodProcessor",
                    "message": "Using 'application/json', given [application/json, text/plain, */*] and supported [application/json, application/*+json, application/json, application/*+json, application/cbor]" }
                    
{
                    "app": "Crmeb",
                    "timestamp":"2026-06-25 15:07:51.328",
                    "level": "DEBUG",
                    "thread": "http-nio-8169-exec-18",
                    "class": "o.s.w.s.m.m.a.RequestResponseBodyMethodProcessor",
                    "message": "Writing [com.zbkj.common.result.CommonResult@73c1c36f]" }
                    
{
                    "app": "Crmeb",
                    "timestamp":"2026-06-25 15:07:51.328",
                    "level": "DEBUG",
                    "thread": "http-nio-8169-exec-18",
                    "class": "o.s.web.servlet.DispatcherServlet",
                    "message": "Completed 200 OK" }
                    
{
                    "app": "Crmeb",
                    "timestamp":"2026-06-25 15:07:52.000",
                    "level": "DEBUG",
                    "thread": "http-nio-8169-exec-23",
                    "class": "o.s.web.servlet.DispatcherServlet",
                    "message": "GET "/api/admin/category/list/tree?type=6&status=-1&temp=1782371271", parameters={masked}" }
                    
{
                    "app": "Crmeb",
                    "timestamp":"2026-06-25 15:07:52.001",
                    "level": "DEBUG",
                    "thread": "http-nio-8169-exec-23",
                    "class": "o.s.w.s.m.m.a.RequestMappingHandlerMapping",
                    "message": "Mapped to com.zbkj.admin.controller.CategoryController#getListTree(Integer, Integer, String)" }
                    
{
                    "app": "Crmeb",
                    "timestamp":"2026-06-25 15:07:52.051",
                    "level": "DEBUG",
                    "thread": "http-nio-8169-exec-23",
                    "class": "o.s.w.s.m.m.a.RequestResponseBodyMethodProcessor",
                    "message": "Using 'application/json', given [application/json, text/plain, */*] and supported [application/json, application/*+json, application/json, application/*+json, application/cbor]" }
                    
{
                    "app": "Crmeb",
                    "timestamp":"2026-06-25 15:07:52.051",
                    "level": "DEBUG",
                    "thread": "http-nio-8169-exec-23",
                    "class": "o.s.w.s.m.m.a.RequestResponseBodyMethodProcessor",
                    "message": "Writing [com.zbkj.common.result.CommonResult@68f76e8f]" }
                    
{
                    "app": "Crmeb",
                    "timestamp":"2026-06-25 15:07:52.052",
                    "level": "DEBUG",
                    "thread": "http-nio-8169-exec-23",
                    "class": "o.s.web.servlet.DispatcherServlet",
                    "message": "Completed 200 OK" }
                    
{
                    "app": "Crmeb",
                    "timestamp":"2026-06-25 15:07:53.268",
                    "level": "DEBUG",
                    "thread": "http-nio-8169-exec-28",
                    "class": "o.s.web.servlet.DispatcherServlet",
                    "message": "GET "/api/admin/system/attachment/list?page=1&limit=18&pid=0&attType=jpg,jpeg,gif,png,bmp,PNG,JPG&temp=1782371273", parameters={masked}" }
                    
{
                    "app": "Crmeb",
                    "timestamp":"2026-06-25 15:07:53.268",
                    "level": "DEBUG",
                    "thread": "http-nio-8169-exec-28",
                    "class": "o.s.w.s.m.m.a.RequestMappingHandlerMapping",
                    "message": "Mapped to com.zbkj.admin.controller.SystemAttachmentController#getList(Integer, String, PageParamRequest)" }
                    
{
                    "app": "Crmeb",
                    "timestamp":"2026-06-25 15:07:53.279",
                    "level": "DEBUG",
                    "thread": "http-nio-8169-exec-22",
                    "class": "o.s.web.servlet.DispatcherServlet",
                    "message": "GET "/api/admin/category/list/tree?type=2&status=-1&temp=1782371273", parameters={masked}" }
                    
{
                    "app": "Crmeb",
                    "timestamp":"2026-06-25 15:07:53.279",
                    "level": "DEBUG",
                    "thread": "http-nio-8169-exec-22",
                    "class": "o.s.w.s.m.m.a.RequestMappingHandlerMapping",
                    "message": "Mapped to com.zbkj.admin.controller.CategoryController#getListTree(Integer, Integer, String)" }
                    
{
                    "app": "Crmeb",
                    "timestamp":"2026-06-25 15:07:53.321",
                    "level": "DEBUG",
                    "thread": "http-nio-8169-exec-22",
                    "class": "o.s.w.s.m.m.a.RequestResponseBodyMethodProcessor",
                    "message": "Using 'application/json', given [application/json, text/plain, */*] and supported [application/json, application/*+json, application/json, application/*+json, application/cbor]" }
                    
{
                    "app": "Crmeb",
                    "timestamp":"2026-06-25 15:07:53.321",
                    "level": "DEBUG",
                    "thread": "http-nio-8169-exec-22",
                    "class": "o.s.w.s.m.m.a.RequestResponseBodyMethodProcessor",
                    "message": "Writing [com.zbkj.common.result.CommonResult@4967579]" }
                    
{
                    "app": "Crmeb",
                    "timestamp":"2026-06-25 15:07:53.322",
                    "level": "DEBUG",
                    "thread": "http-nio-8169-exec-22",
                    "class": "o.s.web.servlet.DispatcherServlet",
                    "message": "Completed 200 OK" }
                    
{
                    "app": "Crmeb",
                    "timestamp":"2026-06-25 15:07:53.366",
                    "level": "DEBUG",
                    "thread": "http-nio-8169-exec-28",
                    "class": "o.s.w.s.m.m.a.RequestResponseBodyMethodProcessor",
                    "message": "Using 'application/json', given [application/json, text/plain, */*] and supported [application/json, application/*+json, application/json, application/*+json, application/cbor]" }
                    
{
                    "app": "Crmeb",
                    "timestamp":"2026-06-25 15:07:53.367",
                    "level": "DEBUG",
                    "thread": "http-nio-8169-exec-28",
                    "class": "o.s.w.s.m.m.a.RequestResponseBodyMethodProcessor",
                    "message": "Writing [com.zbkj.common.result.CommonResult@391492c3]" }
                    
{
                    "app": "Crmeb",
                    "timestamp":"2026-06-25 15:07:53.369",
                    "level": "DEBUG",
                    "thread": "http-nio-8169-exec-28",
                    "class": "o.s.web.servlet.DispatcherServlet",
                    "message": "Completed 200 OK" }
                    
{
                    "app": "Crmeb",
                    "timestamp":"2026-06-25 15:42:17.734",
                    "level": "DEBUG",
                    "thread": "http-nio-8169-exec-27",
                    "class": "o.s.web.servlet.DispatcherServlet",
                    "message": "GET "/api/admin/system/config/get/upload/type?temp=1782373337", parameters={masked}" }
                    
{
                    "app": "Crmeb",
                    "timestamp":"2026-06-25 15:42:17.736",
                    "level": "DEBUG",
                    "thread": "http-nio-8169-exec-27",
                    "class": "o.s.w.s.m.m.a.RequestMappingHandlerMapping",
                    "message": "Mapped to com.zbkj.admin.controller.SystemConfigController#getFileUploadType()" }
                    
{
                    "app": "Crmeb",
                    "timestamp":"2026-06-25 15:42:17.759",
                    "level": "DEBUG",
                    "thread": "http-nio-8169-exec-24",
                    "class": "o.s.web.servlet.DispatcherServlet",
                    "message": "GET "/api/admin/category/list/tree?type=6&status=1&temp=1782373337", parameters={masked}" }
                    
{
                    "app": "Crmeb",
                    "timestamp":"2026-06-25 15:42:17.759",
                    "level": "DEBUG",
                    "thread": "http-nio-8169-exec-24",
                    "class": "o.s.w.s.m.m.a.RequestMappingHandlerMapping",
                    "message": "Mapped to com.zbkj.admin.controller.CategoryController#getListTree(Integer, Integer, String)" }
                    
{
                    "app": "Crmeb",
                    "timestamp":"2026-06-25 15:42:17.789",
                    "level": "DEBUG",
                    "thread": "http-nio-8169-exec-27",
                    "class": "o.s.w.s.m.m.a.RequestResponseBodyMethodProcessor",
                    "message": "Using 'application/json', given [application/json, text/plain, */*] and supported [application/json, application/*+json, application/json, application/*+json, application/cbor]" }
                    
{
                    "app": "Crmeb",
                    "timestamp":"2026-06-25 15:42:17.789",
                    "level": "DEBUG",
                    "thread": "http-nio-8169-exec-27",
                    "class": "o.s.w.s.m.m.a.RequestResponseBodyMethodProcessor",
                    "message": "Writing [com.zbkj.common.result.CommonResult@3d304660]" }
                    
{
                    "app": "Crmeb",
                    "timestamp":"2026-06-25 15:42:17.790",
                    "level": "DEBUG",
                    "thread": "http-nio-8169-exec-27",
                    "class": "o.s.web.servlet.DispatcherServlet",
                    "message": "Completed 200 OK" }
                    
{
                    "app": "Crmeb",
                    "timestamp":"2026-06-25 15:42:17.817",
                    "level": "DEBUG",
                    "thread": "http-nio-8169-exec-24",
                    "class": "o.s.w.s.m.m.a.RequestResponseBodyMethodProcessor",
                    "message": "Using 'application/json', given [application/json, text/plain, */*] and supported [application/json, application/*+json, application/json, application/*+json, application/cbor]" }
                    
{
                    "app": "Crmeb",
                    "timestamp":"2026-06-25 15:42:17.817",
                    "level": "DEBUG",
                    "thread": "http-nio-8169-exec-24",
                    "class": "o.s.w.s.m.m.a.RequestResponseBodyMethodProcessor",
                    "message": "Writing [com.zbkj.common.result.CommonResult@570f8a3a]" }
                    
{
                    "app": "Crmeb",
                    "timestamp":"2026-06-25 15:42:17.818",
                    "level": "DEBUG",
                    "thread": "http-nio-8169-exec-24",
                    "class": "o.s.web.servlet.DispatcherServlet",
                    "message": "Completed 200 OK" }
                    
{
                    "app": "Crmeb",
                    "timestamp":"2026-06-25 15:42:17.874",
                    "level": "DEBUG",
                    "thread": "http-nio-8169-exec-6",
                    "class": "o.s.web.servlet.DispatcherServlet",
                    "message": "GET "/api/admin/system/form/temp/info?id=77&temp=1782373337", parameters={masked}" }
                    
{
                    "app": "Crmeb",
                    "timestamp":"2026-06-25 15:42:17.875",
                    "level": "DEBUG",
                    "thread": "http-nio-8169-exec-6",
                    "class": "o.s.w.s.m.m.a.RequestMappingHandlerMapping",
                    "message": "Mapped to com.zbkj.admin.controller.SystemFormTempController#info(Integer)" }
                    
{
                    "app": "Crmeb",
                    "timestamp":"2026-06-25 15:42:17.931",
                    "level": "DEBUG",
                    "thread": "http-nio-8169-exec-6",
                    "class": "o.s.w.s.m.m.a.RequestResponseBodyMethodProcessor",
                    "message": "Using 'application/json', given [application/json, text/plain, */*] and supported [application/json, application/*+json, application/json, application/*+json, application/cbor]" }
                    
{
                    "app": "Crmeb",
                    "timestamp":"2026-06-25 15:42:17.931",
                    "level": "DEBUG",
                    "thread": "http-nio-8169-exec-6",
                    "class": "o.s.w.s.m.m.a.RequestResponseBodyMethodProcessor",
                    "message": "Writing [com.zbkj.common.result.CommonResult@1e4f9392]" }
                    
{
                    "app": "Crmeb",
                    "timestamp":"2026-06-25 15:42:17.931",
                    "level": "DEBUG",
                    "thread": "http-nio-8169-exec-6",
                    "class": "o.s.web.servlet.DispatcherServlet",
                    "message": "Completed 200 OK" }
                    
{
                    "app": "Crmeb",
                    "timestamp":"2026-06-25 15:42:17.985",
                    "level": "DEBUG",
                    "thread": "http-nio-8169-exec-2",
                    "class": "o.s.web.servlet.DispatcherServlet",
                    "message": "GET "/api/admin/system/config/info?formId=77&temp=1782373337", parameters={masked}" }
                    
{
                    "app": "Crmeb",
                    "timestamp":"2026-06-25 15:42:17.985",
                    "level": "DEBUG",
                    "thread": "http-nio-8169-exec-2",
                    "class": "o.s.w.s.m.m.a.RequestMappingHandlerMapping",
                    "message": "Mapped to com.zbkj.admin.controller.SystemConfigController#info(Integer)" }
                    
{
                    "app": "Crmeb",
                    "timestamp":"2026-06-25 15:42:18.037",
                    "level": "DEBUG",
                    "thread": "http-nio-8169-exec-2",
                    "class": "o.s.w.s.m.m.a.RequestResponseBodyMethodProcessor",
                    "message": "Using 'application/json', given [application/json, text/plain, */*] and supported [application/json, application/*+json, application/json, application/*+json, application/cbor]" }
                    
{
                    "app": "Crmeb",
                    "timestamp":"2026-06-25 15:42:18.037",
                    "level": "DEBUG",
                    "thread": "http-nio-8169-exec-2",
                    "class": "o.s.w.s.m.m.a.RequestResponseBodyMethodProcessor",
                    "message": "Writing [com.zbkj.common.result.CommonResult@4e5e17ba]" }
                    
{
                    "app": "Crmeb",
                    "timestamp":"2026-06-25 15:42:18.038",
                    "level": "DEBUG",
                    "thread": "http-nio-8169-exec-2",
                    "class": "o.s.web.servlet.DispatcherServlet",
                    "message": "Completed 200 OK" }
                    
{
                    "app": "Crmeb",
                    "timestamp":"2026-06-25 15:42:28.606",
                    "level": "DEBUG",
                    "thread": "http-nio-8169-exec-4",
                    "class": "o.s.web.servlet.DispatcherServlet",
                    "message": "GET "/api/admin/system/form/temp/info?id=64&temp=1782373348", parameters={masked}" }
                    
{
                    "app": "Crmeb",
                    "timestamp":"2026-06-25 15:42:28.606",
                    "level": "DEBUG",
                    "thread": "http-nio-8169-exec-4",
                    "class": "o.s.w.s.m.m.a.RequestMappingHandlerMapping",
                    "message": "Mapped to com.zbkj.admin.controller.SystemFormTempController#info(Integer)" }
                    
{
                    "app": "Crmeb",
                    "timestamp":"2026-06-25 15:42:28.654",
                    "level": "DEBUG",
                    "thread": "http-nio-8169-exec-4",
                    "class": "o.s.w.s.m.m.a.RequestResponseBodyMethodProcessor",
                    "message": "Using 'application/json', given [application/json, text/plain, */*] and supported [application/json, application/*+json, application/json, application/*+json, application/cbor]" }
                    
{
                    "app": "Crmeb",
                    "timestamp":"2026-06-25 15:42:28.654",
                    "level": "DEBUG",
                    "thread": "http-nio-8169-exec-4",
                    "class": "o.s.w.s.m.m.a.RequestResponseBodyMethodProcessor",
                    "message": "Writing [com.zbkj.common.result.CommonResult@102091de]" }
                    
{
                    "app": "Crmeb",
                    "timestamp":"2026-06-25 15:42:28.654",
                    "level": "DEBUG",
                    "thread": "http-nio-8169-exec-4",
                    "class": "o.s.web.servlet.DispatcherServlet",
                    "message": "Completed 200 OK" }
                    
{
                    "app": "Crmeb",
                    "timestamp":"2026-06-25 15:42:28.709",
                    "level": "DEBUG",
                    "thread": "http-nio-8169-exec-9",
                    "class": "o.s.web.servlet.DispatcherServlet",
                    "message": "GET "/api/admin/system/config/info?formId=64&temp=1782373348", parameters={masked}" }
                    
{
                    "app": "Crmeb",
                    "timestamp":"2026-06-25 15:42:28.710",
                    "level": "DEBUG",
                    "thread": "http-nio-8169-exec-9",
                    "class": "o.s.w.s.m.m.a.RequestMappingHandlerMapping",
                    "message": "Mapped to com.zbkj.admin.controller.SystemConfigController#info(Integer)" }
                    
{
                    "app": "Crmeb",
                    "timestamp":"2026-06-25 15:42:28.757",
                    "level": "DEBUG",
                    "thread": "http-nio-8169-exec-9",
                    "class": "o.s.w.s.m.m.a.RequestResponseBodyMethodProcessor",
                    "message": "Using 'application/json', given [application/json, text/plain, */*] and supported [application/json, application/*+json, application/json, application/*+json, application/cbor]" }
                    
{
                    "app": "Crmeb",
                    "timestamp":"2026-06-25 15:42:28.757",
                    "level": "DEBUG",
                    "thread": "http-nio-8169-exec-9",
                    "class": "o.s.w.s.m.m.a.RequestResponseBodyMethodProcessor",
                    "message": "Writing [com.zbkj.common.result.CommonResult@f230ccf]" }
                    
{
                    "app": "Crmeb",
                    "timestamp":"2026-06-25 15:42:28.758",
                    "level": "DEBUG",
                    "thread": "http-nio-8169-exec-9",
                    "class": "o.s.web.servlet.DispatcherServlet",
                    "message": "Completed 200 OK" }
                    
{
                    "app": "Crmeb",
                    "timestamp":"2026-06-25 15:42:31.453",
                    "level": "DEBUG",
                    "thread": "http-nio-8169-exec-14",
                    "class": "o.s.web.servlet.DispatcherServlet",
                    "message": "GET "/api/admin/system/form/temp/info?id=108&temp=1782373351", parameters={masked}" }
                    
{
                    "app": "Crmeb",
                    "timestamp":"2026-06-25 15:42:31.453",
                    "level": "DEBUG",
                    "thread": "http-nio-8169-exec-14",
                    "class": "o.s.w.s.m.m.a.RequestMappingHandlerMapping",
                    "message": "Mapped to com.zbkj.admin.controller.SystemFormTempController#info(Integer)" }
                    
{
                    "app": "Crmeb",
                    "timestamp":"2026-06-25 15:42:31.503",
                    "level": "DEBUG",
                    "thread": "http-nio-8169-exec-14",
                    "class": "o.s.w.s.m.m.a.RequestResponseBodyMethodProcessor",
                    "message": "Using 'application/json', given [application/json, text/plain, */*] and supported [application/json, application/*+json, application/json, application/*+json, application/cbor]" }
                    
{
                    "app": "Crmeb",
                    "timestamp":"2026-06-25 15:42:31.503",
                    "level": "DEBUG",
                    "thread": "http-nio-8169-exec-14",
                    "class": "o.s.w.s.m.m.a.RequestResponseBodyMethodProcessor",
                    "message": "Writing [com.zbkj.common.result.CommonResult@5c2c9a3b]" }
                    
{
                    "app": "Crmeb",
                    "timestamp":"2026-06-25 15:42:31.504",
                    "level": "DEBUG",
                    "thread": "http-nio-8169-exec-14",
                    "class": "o.s.web.servlet.DispatcherServlet",
                    "message": "Completed 200 OK" }
                    
{
                    "app": "Crmeb",
                    "timestamp":"2026-06-25 15:42:31.564",
                    "level": "DEBUG",
                    "thread": "http-nio-8169-exec-13",
                    "class": "o.s.web.servlet.DispatcherServlet",
                    "message": "GET "/api/admin/system/config/info?formId=108&temp=1782373351", parameters={masked}" }
                    
{
                    "app": "Crmeb",
                    "timestamp":"2026-06-25 15:42:31.565",
                    "level": "DEBUG",
                    "thread": "http-nio-8169-exec-13",
                    "class": "o.s.w.s.m.m.a.RequestMappingHandlerMapping",
                    "message": "Mapped to com.zbkj.admin.controller.SystemConfigController#info(Integer)" }
                    
{
                    "app": "Crmeb",
                    "timestamp":"2026-06-25 15:42:31.613",
                    "level": "DEBUG",
                    "thread": "http-nio-8169-exec-13",
                    "class": "o.s.w.s.m.m.a.RequestResponseBodyMethodProcessor",
                    "message": "Using 'application/json', given [application/json, text/plain, */*] and supported [application/json, application/*+json, application/json, application/*+json, application/cbor]" }
                    
{
                    "app": "Crmeb",
                    "timestamp":"2026-06-25 15:42:31.614",
                    "level": "DEBUG",
                    "thread": "http-nio-8169-exec-13",
                    "class": "o.s.w.s.m.m.a.RequestResponseBodyMethodProcessor",
                    "message": "Writing [com.zbkj.common.result.CommonResult@5c6e758e]" }
                    
{
                    "app": "Crmeb",
                    "timestamp":"2026-06-25 15:42:31.615",
                    "level": "DEBUG",
                    "thread": "http-nio-8169-exec-13",
                    "class": "o.s.web.servlet.DispatcherServlet",
                    "message": "Completed 200 OK" }
                    
{
                    "app": "Crmeb",
                    "timestamp":"2026-06-25 15:42:36.660",
                    "level": "DEBUG",
                    "thread": "http-nio-8169-exec-18",
                    "class": "o.s.web.servlet.DispatcherServlet",
                    "message": "POST "/api/admin/system/config/save/form", parameters={}" }
                    
{
                    "app": "Crmeb",
                    "timestamp":"2026-06-25 15:42:36.660",
                    "level": "DEBUG",
                    "thread": "http-nio-8169-exec-18",
                    "class": "o.s.w.s.m.m.a.RequestMappingHandlerMapping",
                    "message": "Mapped to com.zbkj.admin.controller.SystemConfigController#saveFrom(SystemFormCheckRequest)" }
                    
{
                    "app": "Crmeb",
                    "timestamp":"2026-06-25 15:42:36.662",
                    "level": "DEBUG",
                    "thread": "http-nio-8169-exec-18",
                    "class": "o.s.w.s.m.m.a.RequestResponseBodyMethodProcessor",
                    "message": "Read "application/json;charset=UTF-8" to [SystemFormCheckRequest(id=108, sort=0, status=true, fields=[SystemFormItemCheckRequest(name=localUpl (truncated)...]" }
                    
{
                    "app": "Crmeb",
                    "timestamp":"2026-06-25 15:42:38.517",
                    "level": "DEBUG",
                    "thread": "http-nio-8169-exec-18",
                    "class": "o.s.w.s.m.m.a.RequestResponseBodyMethodProcessor",
                    "message": "Using 'application/json', given [application/json, text/plain, */*] and supported [application/json, application/*+json, application/json, application/*+json, application/cbor]" }
                    
{
                    "app": "Crmeb",
                    "timestamp":"2026-06-25 15:42:38.518",
                    "level": "DEBUG",
                    "thread": "http-nio-8169-exec-18",
                    "class": "o.s.w.s.m.m.a.RequestResponseBodyMethodProcessor",
                    "message": "Writing [com.zbkj.common.result.CommonResult@3fc75593]" }
                    
{
                    "app": "Crmeb",
                    "timestamp":"2026-06-25 15:42:38.518",
                    "level": "DEBUG",
                    "thread": "http-nio-8169-exec-18",
                    "class": "o.s.web.servlet.DispatcherServlet",
                    "message": "Completed 200 OK" }
                    
{
                    "app": "Crmeb",
                    "timestamp":"2026-06-25 15:42:41.882",
                    "level": "DEBUG",
                    "thread": "http-nio-8169-exec-16",
                    "class": "o.s.web.servlet.DispatcherServlet",
                    "message": "GET "/api/admin/getAdminInfoByToken?token=a06ead3991fe42c19fb9f0521091b1b7&temp=1782373361", parameters={masked}" }
                    
{
                    "app": "Crmeb",
                    "timestamp":"2026-06-25 15:42:41.883",
                    "level": "DEBUG",
                    "thread": "http-nio-8169-exec-16",
                    "class": "o.s.w.s.m.m.a.RequestMappingHandlerMapping",
                    "message": "Mapped to com.zbkj.admin.controller.AdminLoginController#getAdminInfo()" }
                    
{
                    "app": "Crmeb",
                    "timestamp":"2026-06-25 15:42:41.899",
                    "level": "DEBUG",
                    "thread": "http-nio-8169-exec-16",
                    "class": "o.s.w.s.m.m.a.RequestResponseBodyMethodProcessor",
                    "message": "Using 'application/json', given [application/json, text/plain, */*] and supported [application/json, application/*+json, application/json, application/*+json, application/cbor]" }
                    
{
                    "app": "Crmeb",
                    "timestamp":"2026-06-25 15:42:41.899",
                    "level": "DEBUG",
                    "thread": "http-nio-8169-exec-16",
                    "class": "o.s.w.s.m.m.a.RequestResponseBodyMethodProcessor",
                    "message": "Writing [com.zbkj.common.result.CommonResult@19d3ffad]" }
                    
{
                    "app": "Crmeb",
                    "timestamp":"2026-06-25 15:42:41.902",
                    "level": "DEBUG",
                    "thread": "http-nio-8169-exec-16",
                    "class": "o.s.web.servlet.DispatcherServlet",
                    "message": "Completed 200 OK" }
                    
{
                    "app": "Crmeb",
                    "timestamp":"2026-06-25 15:42:41.959",
                    "level": "DEBUG",
                    "thread": "http-nio-8169-exec-21",
                    "class": "o.s.web.servlet.DispatcherServlet",
                    "message": "GET "/api/admin/getMenus?temp=1782373361", parameters={masked}" }
                    
{
                    "app": "Crmeb",
                    "timestamp":"2026-06-25 15:42:41.960",
                    "level": "DEBUG",
                    "thread": "http-nio-8169-exec-21",
                    "class": "o.s.w.s.m.m.a.RequestMappingHandlerMapping",
                    "message": "Mapped to com.zbkj.admin.controller.AdminLoginController#getMenus()" }
                    
{
                    "app": "Crmeb",
                    "timestamp":"2026-06-25 15:42:42.011",
                    "level": "DEBUG",
                    "thread": "http-nio-8169-exec-21",
                    "class": "o.s.w.s.m.m.a.RequestResponseBodyMethodProcessor",
                    "message": "Using 'application/json', given [application/json, text/plain, */*] and supported [application/json, application/*+json, application/json, application/*+json, application/cbor]" }
                    
{
                    "app": "Crmeb",
                    "timestamp":"2026-06-25 15:42:42.012",
                    "level": "DEBUG",
                    "thread": "http-nio-8169-exec-21",
                    "class": "o.s.w.s.m.m.a.RequestResponseBodyMethodProcessor",
                    "message": "Writing [com.zbkj.common.result.CommonResult@18042c66]" }
                    
{
                    "app": "Crmeb",
                    "timestamp":"2026-06-25 15:42:42.012",
                    "level": "DEBUG",
                    "thread": "http-nio-8169-exec-21",
                    "class": "o.s.web.servlet.DispatcherServlet",
                    "message": "Completed 200 OK" }
                    
{
                    "app": "Crmeb",
                    "timestamp":"2026-06-25 15:42:42.170",
                    "level": "DEBUG",
                    "thread": "http-nio-8169-exec-20",
                    "class": "o.s.web.servlet.DispatcherServlet",
                    "message": "GET "/api/admin/category/list/tree?type=6&status=1&temp=1782373362", parameters={masked}" }
                    
{
                    "app": "Crmeb",
                    "timestamp":"2026-06-25 15:42:42.171",
                    "level": "DEBUG",
                    "thread": "http-nio-8169-exec-20",
                    "class": "o.s.w.s.m.m.a.RequestMappingHandlerMapping",
                    "message": "Mapped to com.zbkj.admin.controller.CategoryController#getListTree(Integer, Integer, String)" }
                    
{
                    "app": "Crmeb",
                    "timestamp":"2026-06-25 15:42:42.200",
                    "level": "DEBUG",
                    "thread": "http-nio-8169-exec-25",
                    "class": "o.s.web.servlet.DispatcherServlet",
                    "message": "GET "/api/admin/system/config/get/upload/type?temp=1782373362", parameters={masked}" }
                    
{
                    "app": "Crmeb",
                    "timestamp":"2026-06-25 15:42:42.201",
                    "level": "DEBUG",
                    "thread": "http-nio-8169-exec-25",
                    "class": "o.s.w.s.m.m.a.RequestMappingHandlerMapping",
                    "message": "Mapped to com.zbkj.admin.controller.SystemConfigController#getFileUploadType()" }
                    
{
                    "app": "Crmeb",
                    "timestamp":"2026-06-25 15:42:42.229",
                    "level": "DEBUG",
                    "thread": "http-nio-8169-exec-29",
                    "class": "o.s.web.servlet.DispatcherServlet",
                    "message": "GET "/api/admin/copyright/get/info?temp=1782373362", parameters={masked}" }
                    
{
                    "app": "Crmeb",
                    "timestamp":"2026-06-25 15:42:42.230",
                    "level": "DEBUG",
                    "thread": "http-nio-8169-exec-29",
                    "class": "o.s.w.s.m.m.a.RequestMappingHandlerMapping",
                    "message": "Mapped to com.zbkj.admin.controller.CopyrightController#getInfo()" }
                    
{
                    "app": "Crmeb",
                    "timestamp":"2026-06-25 15:42:42.231",
                    "level": "DEBUG",
                    "thread": "http-nio-8169-exec-20",
                    "class": "o.s.w.s.m.m.a.RequestResponseBodyMethodProcessor",
                    "message": "Using 'application/json', given [application/json, text/plain, */*] and supported [application/json, application/*+json, application/json, application/*+json, application/cbor]" }
                    
{
                    "app": "Crmeb",
                    "timestamp":"2026-06-25 15:42:42.231",
                    "level": "DEBUG",
                    "thread": "http-nio-8169-exec-20",
                    "class": "o.s.w.s.m.m.a.RequestResponseBodyMethodProcessor",
                    "message": "Writing [com.zbkj.common.result.CommonResult@14ee445]" }
                    
{
                    "app": "Crmeb",
                    "timestamp":"2026-06-25 15:42:42.233",
                    "level": "DEBUG",
                    "thread": "http-nio-8169-exec-20",
                    "class": "o.s.web.servlet.DispatcherServlet",
                    "message": "Completed 200 OK" }
                    
{
                    "app": "Crmeb",
                    "timestamp":"2026-06-25 15:42:42.286",
                    "level": "DEBUG",
                    "thread": "http-nio-8169-exec-19",
                    "class": "o.s.web.servlet.DispatcherServlet",
                    "message": "GET "/api/admin/system/form/temp/info?id=77&temp=1782373362", parameters={masked}" }
                    
{
                    "app": "Crmeb",
                    "timestamp":"2026-06-25 15:42:42.286",
                    "level": "DEBUG",
                    "thread": "http-nio-8169-exec-19",
                    "class": "o.s.w.s.m.m.a.RequestMappingHandlerMapping",
                    "message": "Mapped to com.zbkj.admin.controller.SystemFormTempController#info(Integer)" }
                    
{
                    "app": "Crmeb",
                    "timestamp":"2026-06-25 15:42:42.310",
                    "level": "DEBUG",
                    "thread": "http-nio-8169-exec-25",
                    "class": "o.s.w.s.m.m.a.RequestResponseBodyMethodProcessor",
                    "message": "Using 'application/json', given [application/json, text/plain, */*] and supported [application/json, application/*+json, application/json, application/*+json, application/cbor]" }
                    
{
                    "app": "Crmeb",
                    "timestamp":"2026-06-25 15:42:42.310",
                    "level": "DEBUG",
                    "thread": "http-nio-8169-exec-25",
                    "class": "o.s.w.s.m.m.a.RequestResponseBodyMethodProcessor",
                    "message": "Writing [com.zbkj.common.result.CommonResult@370a95c6]" }
                    
{
                    "app": "Crmeb",
                    "timestamp":"2026-06-25 15:42:42.311",
                    "level": "DEBUG",
                    "thread": "http-nio-8169-exec-25",
                    "class": "o.s.web.servlet.DispatcherServlet",
                    "message": "Completed 200 OK" }
                    
{
                    "app": "Crmeb",
                    "timestamp":"2026-06-25 15:42:42.332",
                    "level": "DEBUG",
                    "thread": "http-nio-8169-exec-29",
                    "class": "o.s.web.client.RestTemplate",
                    "message": "HTTP POST https://authorize.crmeb.net/api/auth_cert_query?domain_name=https://jzk.wit.cn/&label=22&version=CRMEB-JAVA-KY-v1.4" }
                    
{
                    "app": "Crmeb",
                    "timestamp":"2026-06-25 15:42:42.333",
                    "level": "DEBUG",
                    "thread": "http-nio-8169-exec-29",
                    "class": "o.s.web.client.RestTemplate",
                    "message": "Accept=[application/json, application/cbor, application/*+json, text/plain, text/html]" }
                    
{
                    "app": "Crmeb",
                    "timestamp":"2026-06-25 15:42:42.360",
                    "level": "DEBUG",
                    "thread": "http-nio-8169-exec-19",
                    "class": "o.s.w.s.m.m.a.RequestResponseBodyMethodProcessor",
                    "message": "Using 'application/json', given [application/json, text/plain, */*] and supported [application/json, application/*+json, application/json, application/*+json, application/cbor]" }
                    
{
                    "app": "Crmeb",
                    "timestamp":"2026-06-25 15:42:42.361",
                    "level": "DEBUG",
                    "thread": "http-nio-8169-exec-19",
                    "class": "o.s.w.s.m.m.a.RequestResponseBodyMethodProcessor",
                    "message": "Writing [com.zbkj.common.result.CommonResult@27a3035]" }
                    
{
                    "app": "Crmeb",
                    "timestamp":"2026-06-25 15:42:42.361",
                    "level": "DEBUG",
                    "thread": "http-nio-8169-exec-19",
                    "class": "o.s.web.servlet.DispatcherServlet",
                    "message": "Completed 200 OK" }
                    
{
                    "app": "Crmeb",
                    "timestamp":"2026-06-25 15:42:42.423",
                    "level": "DEBUG",
                    "thread": "http-nio-8169-exec-24",
                    "class": "o.s.web.servlet.DispatcherServlet",
                    "message": "GET "/api/admin/system/config/info?formId=77&temp=1782373362", parameters={masked}" }
                    
{
                    "app": "Crmeb",
                    "timestamp":"2026-06-25 15:42:42.424",
                    "level": "DEBUG",
                    "thread": "http-nio-8169-exec-24",
                    "class": "o.s.w.s.m.m.a.RequestMappingHandlerMapping",
                    "message": "Mapped to com.zbkj.admin.controller.SystemConfigController#info(Integer)" }
                    
{
                    "app": "Crmeb",
                    "timestamp":"2026-06-25 15:42:42.546",
                    "level": "DEBUG",
                    "thread": "http-nio-8169-exec-24",
                    "class": "o.s.w.s.m.m.a.RequestResponseBodyMethodProcessor",
                    "message": "Using 'application/json', given [application/json, text/plain, */*] and supported [application/json, application/*+json, application/json, application/*+json, application/cbor]" }
                    
{
                    "app": "Crmeb",
                    "timestamp":"2026-06-25 15:42:42.546",
                    "level": "DEBUG",
                    "thread": "http-nio-8169-exec-24",
                    "class": "o.s.w.s.m.m.a.RequestResponseBodyMethodProcessor",
                    "message": "Writing [com.zbkj.common.result.CommonResult@6f787ed8]" }
                    
{
                    "app": "Crmeb",
                    "timestamp":"2026-06-25 15:42:42.546",
                    "level": "DEBUG",
                    "thread": "http-nio-8169-exec-24",
                    "class": "o.s.web.servlet.DispatcherServlet",
                    "message": "Completed 200 OK" }
                    
{
                    "app": "Crmeb",
                    "timestamp":"2026-06-25 15:42:42.680",
                    "level": "DEBUG",
                    "thread": "http-nio-8169-exec-29",
                    "class": "o.s.web.client.RestTemplate",
                    "message": "Response 200 OK" }
                    
{
                    "app": "Crmeb",
                    "timestamp":"2026-06-25 15:42:42.680",
                    "level": "DEBUG",
                    "thread": "http-nio-8169-exec-29",
                    "class": "o.s.web.client.RestTemplate",
                    "message": "Reading to [com.alibaba.fastjson.JSONObject]" }
                    
{
                    "app": "Crmeb",
                    "timestamp":"2026-06-25 15:42:42.681",
                    "level": "DEBUG",
                    "thread": "http-nio-8169-exec-29",
                    "class": "o.s.w.s.m.m.a.RequestResponseBodyMethodProcessor",
                    "message": "Using 'application/json', given [application/json, text/plain, */*] and supported [application/json, application/*+json, application/json, application/*+json, application/cbor]" }
                    
{
                    "app": "Crmeb",
                    "timestamp":"2026-06-25 15:42:42.682",
                    "level": "DEBUG",
                    "thread": "http-nio-8169-exec-29",
                    "class": "o.s.w.s.m.m.a.RequestResponseBodyMethodProcessor",
                    "message": "Writing [com.zbkj.common.result.CommonResult@5a79f4e4]" }
                    
{
                    "app": "Crmeb",
                    "timestamp":"2026-06-25 15:42:42.683",
                    "level": "DEBUG",
                    "thread": "http-nio-8169-exec-29",
                    "class": "o.s.web.servlet.DispatcherServlet",
                    "message": "Completed 200 OK" }
                    
{
                    "app": "Crmeb",
                    "timestamp":"2026-06-25 15:57:24.496",
                    "level": "DEBUG",
                    "thread": "http-nio-8169-exec-10",
                    "class": "o.s.web.servlet.DispatcherServlet",
                    "message": "GET "/api/admin/system/form/temp/info?id=108&temp=1782374244", parameters={masked}" }
                    
{
                    "app": "Crmeb",
                    "timestamp":"2026-06-25 15:57:24.496",
                    "level": "DEBUG",
                    "thread": "http-nio-8169-exec-10",
                    "class": "o.s.w.s.m.m.a.RequestMappingHandlerMapping",
                    "message": "Mapped to com.zbkj.admin.controller.SystemFormTempController#info(Integer)" }
                    
{
                    "app": "Crmeb",
                    "timestamp":"2026-06-25 15:57:24.766",
                    "level": "DEBUG",
                    "thread": "http-nio-8169-exec-10",
                    "class": "o.s.w.s.m.m.a.RequestResponseBodyMethodProcessor",
                    "message": "Using 'application/json', given [application/json, text/plain, */*] and supported [application/json, application/*+json, application/json, application/*+json, application/cbor]" }
                    
{
                    "app": "Crmeb",
                    "timestamp":"2026-06-25 15:57:24.766",
                    "level": "DEBUG",
                    "thread": "http-nio-8169-exec-10",
                    "class": "o.s.w.s.m.m.a.RequestResponseBodyMethodProcessor",
                    "message": "Writing [com.zbkj.common.result.CommonResult@6963df91]" }
                    
{
                    "app": "Crmeb",
                    "timestamp":"2026-06-25 15:57:24.767",
                    "level": "DEBUG",
                    "thread": "http-nio-8169-exec-10",
                    "class": "o.s.web.servlet.DispatcherServlet",
                    "message": "Completed 200 OK" }
                    
{
                    "app": "Crmeb",
                    "timestamp":"2026-06-25 15:57:24.836",
                    "level": "DEBUG",
                    "thread": "http-nio-8169-exec-7",
                    "class": "o.s.web.servlet.DispatcherServlet",
                    "message": "GET "/api/admin/system/config/info?formId=108&temp=1782374244", parameters={masked}" }
                    
{
                    "app": "Crmeb",
                    "timestamp":"2026-06-25 15:57:24.837",
                    "level": "DEBUG",
                    "thread": "http-nio-8169-exec-7",
                    "class": "o.s.w.s.m.m.a.RequestMappingHandlerMapping",
                    "message": "Mapped to com.zbkj.admin.controller.SystemConfigController#info(Integer)" }
                    
{
                    "app": "Crmeb",
                    "timestamp":"2026-06-25 15:57:24.889",
                    "level": "DEBUG",
                    "thread": "http-nio-8169-exec-7",
                    "class": "o.s.w.s.m.m.a.RequestResponseBodyMethodProcessor",
                    "message": "Using 'application/json', given [application/json, text/plain, */*] and supported [application/json, application/*+json, application/json, application/*+json, application/cbor]" }
                    
{
                    "app": "Crmeb",
                    "timestamp":"2026-06-25 15:57:24.889",
                    "level": "DEBUG",
                    "thread": "http-nio-8169-exec-7",
                    "class": "o.s.w.s.m.m.a.RequestResponseBodyMethodProcessor",
                    "message": "Writing [com.zbkj.common.result.CommonResult@76bb7376]" }
                    
{
                    "app": "Crmeb",
                    "timestamp":"2026-06-25 15:57:24.889",
                    "level": "DEBUG",
                    "thread": "http-nio-8169-exec-7",
                    "class": "o.s.web.servlet.DispatcherServlet",
                    "message": "Completed 200 OK" }
                    
{
                    "app": "Crmeb",
                    "timestamp":"2026-06-25 15:57:29.865",
                    "level": "DEBUG",
                    "thread": "http-nio-8169-exec-9",
                    "class": "o.s.web.servlet.DispatcherServlet",
                    "message": "POST "/api/admin/system/config/save/form", parameters={}" }
                    
{
                    "app": "Crmeb",
                    "timestamp":"2026-06-25 15:57:29.865",
                    "level": "DEBUG",
                    "thread": "http-nio-8169-exec-9",
                    "class": "o.s.w.s.m.m.a.RequestMappingHandlerMapping",
                    "message": "Mapped to com.zbkj.admin.controller.SystemConfigController#saveFrom(SystemFormCheckRequest)" }
                    
{
                    "app": "Crmeb",
                    "timestamp":"2026-06-25 15:57:29.866",
                    "level": "DEBUG",
                    "thread": "http-nio-8169-exec-9",
                    "class": "o.s.w.s.m.m.a.RequestResponseBodyMethodProcessor",
                    "message": "Read "application/json;charset=UTF-8" to [SystemFormCheckRequest(id=108, sort=0, status=true, fields=[SystemFormItemCheckRequest(name=localUpl (truncated)...]" }
                    
{
                    "app": "Crmeb",
                    "timestamp":"2026-06-25 15:57:32.060",
                    "level": "DEBUG",
                    "thread": "http-nio-8169-exec-9",
                    "class": "o.s.w.s.m.m.a.RequestResponseBodyMethodProcessor",
                    "message": "Using 'application/json', given [application/json, text/plain, */*] and supported [application/json, application/*+json, application/json, application/*+json, application/cbor]" }
                    
{
                    "app": "Crmeb",
                    "timestamp":"2026-06-25 15:57:32.060",
                    "level": "DEBUG",
                    "thread": "http-nio-8169-exec-9",
                    "class": "o.s.w.s.m.m.a.RequestResponseBodyMethodProcessor",
                    "message": "Writing [com.zbkj.common.result.CommonResult@7fa50dea]" }
                    
{
                    "app": "Crmeb",
                    "timestamp":"2026-06-25 15:57:32.061",
                    "level": "DEBUG",
                    "thread": "http-nio-8169-exec-9",
                    "class": "o.s.web.servlet.DispatcherServlet",
                    "message": "Completed 200 OK" }
                    
{
                    "app": "Crmeb",
                    "timestamp":"2026-06-25 15:57:34.971",
                    "level": "DEBUG",
                    "thread": "http-nio-8169-exec-14",
                    "class": "o.s.web.servlet.DispatcherServlet",
                    "message": "GET "/api/admin/getAdminInfoByToken?token=a06ead3991fe42c19fb9f0521091b1b7&temp=1782374254", parameters={masked}" }
                    
{
                    "app": "Crmeb",
                    "timestamp":"2026-06-25 15:57:34.971",
                    "level": "DEBUG",
                    "thread": "http-nio-8169-exec-14",
                    "class": "o.s.w.s.m.m.a.RequestMappingHandlerMapping",
                    "message": "Mapped to com.zbkj.admin.controller.AdminLoginController#getAdminInfo()" }
                    
{
                    "app": "Crmeb",
                    "timestamp":"2026-06-25 15:57:34.977",
                    "level": "DEBUG",
                    "thread": "http-nio-8169-exec-14",
                    "class": "o.s.w.s.m.m.a.RequestResponseBodyMethodProcessor",
                    "message": "Using 'application/json', given [application/json, text/plain, */*] and supported [application/json, application/*+json, application/json, application/*+json, application/cbor]" }
                    
{
                    "app": "Crmeb",
                    "timestamp":"2026-06-25 15:57:34.978",
                    "level": "DEBUG",
                    "thread": "http-nio-8169-exec-14",
                    "class": "o.s.w.s.m.m.a.RequestResponseBodyMethodProcessor",
                    "message": "Writing [com.zbkj.common.result.CommonResult@23bc2494]" }
                    
{
                    "app": "Crmeb",
                    "timestamp":"2026-06-25 15:57:34.989",
                    "level": "DEBUG",
                    "thread": "http-nio-8169-exec-14",
                    "class": "o.s.web.servlet.DispatcherServlet",
                    "message": "Completed 200 OK" }
                    
{
                    "app": "Crmeb",
                    "timestamp":"2026-06-25 15:57:35.023",
                    "level": "DEBUG",
                    "thread": "http-nio-8169-exec-13",
                    "class": "o.s.web.servlet.DispatcherServlet",
                    "message": "GET "/api/admin/getMenus?temp=1782374254", parameters={masked}" }
                    
{
                    "app": "Crmeb",
                    "timestamp":"2026-06-25 15:57:35.023",
                    "level": "DEBUG",
                    "thread": "http-nio-8169-exec-13",
                    "class": "o.s.w.s.m.m.a.RequestMappingHandlerMapping",
                    "message": "Mapped to com.zbkj.admin.controller.AdminLoginController#getMenus()" }
                    
{
                    "app": "Crmeb",
                    "timestamp":"2026-06-25 15:57:35.076",
                    "level": "DEBUG",
                    "thread": "http-nio-8169-exec-13",
                    "class": "o.s.w.s.m.m.a.RequestResponseBodyMethodProcessor",
                    "message": "Using 'application/json', given [application/json, text/plain, */*] and supported [application/json, application/*+json, application/json, application/*+json, application/cbor]" }
                    
{
                    "app": "Crmeb",
                    "timestamp":"2026-06-25 15:57:35.076",
                    "level": "DEBUG",
                    "thread": "http-nio-8169-exec-13",
                    "class": "o.s.w.s.m.m.a.RequestResponseBodyMethodProcessor",
                    "message": "Writing [com.zbkj.common.result.CommonResult@4860b863]" }
                    
{
                    "app": "Crmeb",
                    "timestamp":"2026-06-25 15:57:35.077",
                    "level": "DEBUG",
                    "thread": "http-nio-8169-exec-13",
                    "class": "o.s.web.servlet.DispatcherServlet",
                    "message": "Completed 200 OK" }
                    
{
                    "app": "Crmeb",
                    "timestamp":"2026-06-25 15:57:35.214",
                    "level": "DEBUG",
                    "thread": "http-nio-8169-exec-23",
                    "class": "o.s.web.servlet.DispatcherServlet",
                    "message": "GET "/api/admin/system/config/get/upload/type?temp=1782374255", parameters={masked}" }
                    
{
                    "app": "Crmeb",
                    "timestamp":"2026-06-25 15:57:35.215",
                    "level": "DEBUG",
                    "thread": "http-nio-8169-exec-23",
                    "class": "o.s.w.s.m.m.a.RequestMappingHandlerMapping",
                    "message": "Mapped to com.zbkj.admin.controller.SystemConfigController#getFileUploadType()" }
                    
{
                    "app": "Crmeb",
                    "timestamp":"2026-06-25 15:57:35.244",
                    "level": "DEBUG",
                    "thread": "http-nio-8169-exec-16",
                    "class": "o.s.web.servlet.DispatcherServlet",
                    "message": "GET "/api/admin/category/list/tree?type=6&status=1&temp=1782374255", parameters={masked}" }
                    
{
                    "app": "Crmeb",
                    "timestamp":"2026-06-25 15:57:35.272",
                    "level": "DEBUG",
                    "thread": "http-nio-8169-exec-16",
                    "class": "o.s.w.s.m.m.a.RequestMappingHandlerMapping",
                    "message": "Mapped to com.zbkj.admin.controller.CategoryController#getListTree(Integer, Integer, String)" }
                    
{
                    "app": "Crmeb",
                    "timestamp":"2026-06-25 15:57:35.292",
                    "level": "DEBUG",
                    "thread": "http-nio-8169-exec-21",
                    "class": "o.s.web.servlet.DispatcherServlet",
                    "message": "GET "/api/admin/copyright/get/info?temp=1782374255", parameters={masked}" }
                    
{
                    "app": "Crmeb",
                    "timestamp":"2026-06-25 15:57:35.292",
                    "level": "DEBUG",
                    "thread": "http-nio-8169-exec-21",
                    "class": "o.s.w.s.m.m.a.RequestMappingHandlerMapping",
                    "message": "Mapped to com.zbkj.admin.controller.CopyrightController#getInfo()" }
                    
{
                    "app": "Crmeb",
                    "timestamp":"2026-06-25 15:57:35.362",
                    "level": "DEBUG",
                    "thread": "http-nio-8169-exec-16",
                    "class": "o.s.w.s.m.m.a.RequestResponseBodyMethodProcessor",
                    "message": "Using 'application/json', given [application/json, text/plain, */*] and supported [application/json, application/*+json, application/json, application/*+json, application/cbor]" }
                    
{
                    "app": "Crmeb",
                    "timestamp":"2026-06-25 15:57:35.363",
                    "level": "DEBUG",
                    "thread": "http-nio-8169-exec-16",
                    "class": "o.s.w.s.m.m.a.RequestResponseBodyMethodProcessor",
                    "message": "Writing [com.zbkj.common.result.CommonResult@4ce98981]" }
                    
{
                    "app": "Crmeb",
                    "timestamp":"2026-06-25 15:57:35.363",
                    "level": "DEBUG",
                    "thread": "http-nio-8169-exec-16",
                    "class": "o.s.web.servlet.DispatcherServlet",
                    "message": "Completed 200 OK" }
                    
{
                    "app": "Crmeb",
                    "timestamp":"2026-06-25 15:57:35.378",
                    "level": "DEBUG",
                    "thread": "http-nio-8169-exec-23",
                    "class": "o.s.w.s.m.m.a.RequestResponseBodyMethodProcessor",
                    "message": "Using 'application/json', given [application/json, text/plain, */*] and supported [application/json, application/*+json, application/json, application/*+json, application/cbor]" }
                    
{
                    "app": "Crmeb",
                    "timestamp":"2026-06-25 15:57:35.378",
                    "level": "DEBUG",
                    "thread": "http-nio-8169-exec-23",
                    "class": "o.s.w.s.m.m.a.RequestResponseBodyMethodProcessor",
                    "message": "Writing [com.zbkj.common.result.CommonResult@5eb9518c]" }
                    
{
                    "app": "Crmeb",
                    "timestamp":"2026-06-25 15:57:35.379",
                    "level": "DEBUG",
                    "thread": "http-nio-8169-exec-23",
                    "class": "o.s.web.servlet.DispatcherServlet",
                    "message": "Completed 200 OK" }
                    
{
                    "app": "Crmeb",
                    "timestamp":"2026-06-25 15:57:35.429",
                    "level": "DEBUG",
                    "thread": "http-nio-8169-exec-21",
                    "class": "o.s.web.client.RestTemplate",
                    "message": "HTTP POST https://authorize.crmeb.net/api/auth_cert_query?domain_name=https://jzk.wit.cn/&label=22&version=CRMEB-JAVA-KY-v1.4" }
                    
{
                    "app": "Crmeb",
                    "timestamp":"2026-06-25 15:57:35.429",
                    "level": "DEBUG",
                    "thread": "http-nio-8169-exec-21",
                    "class": "o.s.web.client.RestTemplate",
                    "message": "Accept=[application/json, application/cbor, application/*+json, text/plain, text/html]" }
                    
{
                    "app": "Crmeb",
                    "timestamp":"2026-06-25 15:57:35.461",
                    "level": "DEBUG",
                    "thread": "http-nio-8169-exec-22",
                    "class": "o.s.web.servlet.DispatcherServlet",
                    "message": "GET "/api/admin/system/form/temp/info?id=77&temp=1782374255", parameters={masked}" }
                    
{
                    "app": "Crmeb",
                    "timestamp":"2026-06-25 15:57:35.463",
                    "level": "DEBUG",
                    "thread": "http-nio-8169-exec-22",
                    "class": "o.s.w.s.m.m.a.RequestMappingHandlerMapping",
                    "message": "Mapped to com.zbkj.admin.controller.SystemFormTempController#info(Integer)" }
                    
{
                    "app": "Crmeb",
                    "timestamp":"2026-06-25 15:57:35.506",
                    "level": "DEBUG",
                    "thread": "http-nio-8169-exec-22",
                    "class": "o.s.w.s.m.m.a.RequestResponseBodyMethodProcessor",
                    "message": "Using 'application/json', given [application/json, text/plain, */*] and supported [application/json, application/*+json, application/json, application/*+json, application/cbor]" }
                    
{
                    "app": "Crmeb",
                    "timestamp":"2026-06-25 15:57:35.506",
                    "level": "DEBUG",
                    "thread": "http-nio-8169-exec-22",
                    "class": "o.s.w.s.m.m.a.RequestResponseBodyMethodProcessor",
                    "message": "Writing [com.zbkj.common.result.CommonResult@6626cbee]" }
                    
{
                    "app": "Crmeb",
                    "timestamp":"2026-06-25 15:57:35.507",
                    "level": "DEBUG",
                    "thread": "http-nio-8169-exec-22",
                    "class": "o.s.web.servlet.DispatcherServlet",
                    "message": "Completed 200 OK" }
                    
{
                    "app": "Crmeb",
                    "timestamp":"2026-06-25 15:57:35.574",
                    "level": "DEBUG",
                    "thread": "http-nio-8169-exec-20",
                    "class": "o.s.web.servlet.DispatcherServlet",
                    "message": "GET "/api/admin/system/config/info?formId=77&temp=1782374255", parameters={masked}" }
                    
{
                    "app": "Crmeb",
                    "timestamp":"2026-06-25 15:57:35.574",
                    "level": "DEBUG",
                    "thread": "http-nio-8169-exec-20",
                    "class": "o.s.w.s.m.m.a.RequestMappingHandlerMapping",
                    "message": "Mapped to com.zbkj.admin.controller.SystemConfigController#info(Integer)" }
                    
{
                    "app": "Crmeb",
                    "timestamp":"2026-06-25 15:57:35.621",
                    "level": "DEBUG",
                    "thread": "http-nio-8169-exec-20",
                    "class": "o.s.w.s.m.m.a.RequestResponseBodyMethodProcessor",
                    "message": "Using 'application/json', given [application/json, text/plain, */*] and supported [application/json, application/*+json, application/json, application/*+json, application/cbor]" }
                    
{
                    "app": "Crmeb",
                    "timestamp":"2026-06-25 15:57:35.621",
                    "level": "DEBUG",
                    "thread": "http-nio-8169-exec-20",
                    "class": "o.s.w.s.m.m.a.RequestResponseBodyMethodProcessor",
                    "message": "Writing [com.zbkj.common.result.CommonResult@4bd1bbdf]" }
                    
{
                    "app": "Crmeb",
                    "timestamp":"2026-06-25 15:57:35.622",
                    "level": "DEBUG",
                    "thread": "http-nio-8169-exec-20",
                    "class": "o.s.web.servlet.DispatcherServlet",
                    "message": "Completed 200 OK" }
                    
{
                    "app": "Crmeb",
                    "timestamp":"2026-06-25 15:57:35.711",
                    "level": "DEBUG",
                    "thread": "http-nio-8169-exec-21",
                    "class": "o.s.web.client.RestTemplate",
                    "message": "Response 200 OK" }
                    
{
                    "app": "Crmeb",
                    "timestamp":"2026-06-25 15:57:35.719",
                    "level": "DEBUG",
                    "thread": "http-nio-8169-exec-21",
                    "class": "o.s.web.client.RestTemplate",
                    "message": "Reading to [com.alibaba.fastjson.JSONObject]" }
                    
{
                    "app": "Crmeb",
                    "timestamp":"2026-06-25 15:57:35.720",
                    "level": "DEBUG",
                    "thread": "http-nio-8169-exec-21",
                    "class": "o.s.w.s.m.m.a.RequestResponseBodyMethodProcessor",
                    "message": "Using 'application/json', given [application/json, text/plain, */*] and supported [application/json, application/*+json, application/json, application/*+json, application/cbor]" }
                    
{
                    "app": "Crmeb",
                    "timestamp":"2026-06-25 15:57:35.720",
                    "level": "DEBUG",
                    "thread": "http-nio-8169-exec-21",
                    "class": "o.s.w.s.m.m.a.RequestResponseBodyMethodProcessor",
                    "message": "Writing [com.zbkj.common.result.CommonResult@7804dab]" }
                    
{
                    "app": "Crmeb",
                    "timestamp":"2026-06-25 15:57:35.736",
                    "level": "DEBUG",
                    "thread": "http-nio-8169-exec-21",
                    "class": "o.s.web.servlet.DispatcherServlet",
                    "message": "Completed 200 OK" }
                    
{
                    "app": "Crmeb",
                    "timestamp":"2026-06-25 15:57:38.869",
                    "level": "DEBUG",
                    "thread": "http-nio-8169-exec-29",
                    "class": "o.s.web.servlet.DispatcherServlet",
                    "message": "GET "/api/admin/store/product/list?page=1&limit=20&cateId=&keywords=&type=1&temp=1782374258", parameters={masked}" }
                    
{
                    "app": "Crmeb",
                    "timestamp":"2026-06-25 15:57:38.888",
                    "level": "DEBUG",
                    "thread": "http-nio-8169-exec-27",
                    "class": "o.s.web.servlet.DispatcherServlet",
                    "message": "GET "/api/admin/store/product/tabs/headers?page=1&limit=20&cateId=&keywords=&type=1&temp=1782374258", parameters={masked}" }
                    
{
                    "app": "Crmeb",
                    "timestamp":"2026-06-25 15:57:38.889",
                    "level": "DEBUG",
                    "thread": "http-nio-8169-exec-24",
                    "class": "o.s.web.servlet.DispatcherServlet",
                    "message": "GET "/api/admin/category/list/tree?status=-1&type=1&temp=1782374258", parameters={masked}" }
                    
{
                    "app": "Crmeb",
                    "timestamp":"2026-06-25 15:57:38.889",
                    "level": "DEBUG",
                    "thread": "http-nio-8169-exec-24",
                    "class": "o.s.w.s.m.m.a.RequestMappingHandlerMapping",
                    "message": "Mapped to com.zbkj.admin.controller.CategoryController#getListTree(Integer, Integer, String)" }
                    
{
                    "app": "Crmeb",
                    "timestamp":"2026-06-25 15:57:38.905",
                    "level": "DEBUG",
                    "thread": "http-nio-8169-exec-27",
                    "class": "o.s.w.s.m.m.a.RequestMappingHandlerMapping",
                    "message": "Mapped to com.zbkj.admin.controller.StoreProductController#getTabsHeader(StoreProductHeaderRequest)" }
                    
{
                    "app": "Crmeb",
                    "timestamp":"2026-06-25 15:57:38.906",
                    "level": "DEBUG",
                    "thread": "http-nio-8169-exec-29",
                    "class": "o.s.w.s.m.m.a.RequestMappingHandlerMapping",
                    "message": "Mapped to com.zbkj.admin.controller.StoreProductController#getList(StoreProductSearchRequest, PageParamRequest)" }
                    
{
                    "app": "Crmeb",
                    "timestamp":"2026-06-25 15:57:38.957",
                    "level": "DEBUG",
                    "thread": "http-nio-8169-exec-24",
                    "class": "o.s.w.s.m.m.a.RequestResponseBodyMethodProcessor",
                    "message": "Using 'application/json', given [application/json, text/plain, */*] and supported [application/json, application/*+json, application/json, application/*+json, application/cbor]" }
                    
{
                    "app": "Crmeb",
                    "timestamp":"2026-06-25 15:57:38.958",
                    "level": "DEBUG",
                    "thread": "http-nio-8169-exec-24",
                    "class": "o.s.w.s.m.m.a.RequestResponseBodyMethodProcessor",
                    "message": "Writing [com.zbkj.common.result.CommonResult@292ccd45]" }
                    
{
                    "app": "Crmeb",
                    "timestamp":"2026-06-25 15:57:38.958",
                    "level": "DEBUG",
                    "thread": "http-nio-8169-exec-24",
                    "class": "o.s.web.servlet.DispatcherServlet",
                    "message": "Completed 200 OK" }
                    
{
                    "app": "Crmeb",
                    "timestamp":"2026-06-25 15:57:40.429",
                    "level": "DEBUG",
                    "thread": "http-nio-8169-exec-27",
                    "class": "o.s.w.s.m.m.a.RequestResponseBodyMethodProcessor",
                    "message": "Using 'application/json', given [application/json, text/plain, */*] and supported [application/json, application/*+json, application/json, application/*+json, application/cbor]" }
                    
{
                    "app": "Crmeb",
                    "timestamp":"2026-06-25 15:57:40.430",
                    "level": "DEBUG",
                    "thread": "http-nio-8169-exec-27",
                    "class": "o.s.w.s.m.m.a.RequestResponseBodyMethodProcessor",
                    "message": "Writing [com.zbkj.common.result.CommonResult@2926c99a]" }
                    
{
                    "app": "Crmeb",
                    "timestamp":"2026-06-25 15:57:40.432",
                    "level": "DEBUG",
                    "thread": "http-nio-8169-exec-27",
                    "class": "o.s.web.servlet.DispatcherServlet",
                    "message": "Completed 200 OK" }
                    
{
                    "app": "Crmeb",
                    "timestamp":"2026-06-25 15:57:41.987",
                    "level": "DEBUG",
                    "thread": "http-nio-8169-exec-29",
                    "class": "o.s.w.s.m.m.a.RequestResponseBodyMethodProcessor",
                    "message": "Using 'application/json', given [application/json, text/plain, */*] and supported [application/json, application/*+json, application/json, application/*+json, application/cbor]" }
                    
{
                    "app": "Crmeb",
                    "timestamp":"2026-06-25 15:57:41.987",
                    "level": "DEBUG",
                    "thread": "http-nio-8169-exec-29",
                    "class": "o.s.w.s.m.m.a.RequestResponseBodyMethodProcessor",
                    "message": "Writing [com.zbkj.common.result.CommonResult@192a88ea]" }
                    
{
                    "app": "Crmeb",
                    "timestamp":"2026-06-25 15:57:42.128",
                    "level": "DEBUG",
                    "thread": "http-nio-8169-exec-29",
                    "class": "o.s.web.servlet.DispatcherServlet",
                    "message": "Completed 200 OK" }
                    
{
                    "app": "Crmeb",
                    "timestamp":"2026-06-25 15:57:45.776",
                    "level": "DEBUG",
                    "thread": "http-nio-8169-exec-10",
                    "class": "o.s.web.servlet.DispatcherServlet",
                    "message": "GET "/api/admin/category/list/tree?type=1&status=-1&name=&temp=1782374265", parameters={masked}" }
                    
{
                    "app": "Crmeb",
                    "timestamp":"2026-06-25 15:57:45.777",
                    "level": "DEBUG",
                    "thread": "http-nio-8169-exec-10",
                    "class": "o.s.w.s.m.m.a.RequestMappingHandlerMapping",
                    "message": "Mapped to com.zbkj.admin.controller.CategoryController#getListTree(Integer, Integer, String)" }
                    
{
                    "app": "Crmeb",
                    "timestamp":"2026-06-25 15:57:45.826",
                    "level": "DEBUG",
                    "thread": "http-nio-8169-exec-10",
                    "class": "o.s.w.s.m.m.a.RequestResponseBodyMethodProcessor",
                    "message": "Using 'application/json', given [application/json, text/plain, */*] and supported [application/json, application/*+json, application/json, application/*+json, application/cbor]" }
                    
{
                    "app": "Crmeb",
                    "timestamp":"2026-06-25 15:57:45.827",
                    "level": "DEBUG",
                    "thread": "http-nio-8169-exec-10",
                    "class": "o.s.w.s.m.m.a.RequestResponseBodyMethodProcessor",
                    "message": "Writing [com.zbkj.common.result.CommonResult@5dc7ac97]" }
                    
{
                    "app": "Crmeb",
                    "timestamp":"2026-06-25 15:57:45.827",
                    "level": "DEBUG",
                    "thread": "http-nio-8169-exec-10",
                    "class": "o.s.web.servlet.DispatcherServlet",
                    "message": "Completed 200 OK" }
                    
{
                    "app": "Crmeb",
                    "timestamp":"2026-06-25 15:57:48.879",
                    "level": "DEBUG",
                    "thread": "http-nio-8169-exec-15",
                    "class": "o.s.web.servlet.DispatcherServlet",
                    "message": "GET "/api/admin/store/product/list?page=1&limit=20&cateId=&keywords=&type=1&temp=1782374268", parameters={masked}" }
                    
{
                    "app": "Crmeb",
                    "timestamp":"2026-06-25 15:57:48.880",
                    "level": "DEBUG",
                    "thread": "http-nio-8169-exec-15",
                    "class": "o.s.w.s.m.m.a.RequestMappingHandlerMapping",
                    "message": "Mapped to com.zbkj.admin.controller.StoreProductController#getList(StoreProductSearchRequest, PageParamRequest)" }
                    
{
                    "app": "Crmeb",
                    "timestamp":"2026-06-25 15:57:48.883",
                    "level": "DEBUG",
                    "thread": "http-nio-8169-exec-5",
                    "class": "o.s.web.servlet.DispatcherServlet",
                    "message": "GET "/api/admin/store/product/tabs/headers?page=1&limit=20&cateId=&keywords=&type=1&temp=1782374268", parameters={masked}" }
                    
{
                    "app": "Crmeb",
                    "timestamp":"2026-06-25 15:57:48.883",
                    "level": "DEBUG",
                    "thread": "http-nio-8169-exec-5",
                    "class": "o.s.w.s.m.m.a.RequestMappingHandlerMapping",
                    "message": "Mapped to com.zbkj.admin.controller.StoreProductController#getTabsHeader(StoreProductHeaderRequest)" }
                    
{
                    "app": "Crmeb",
                    "timestamp":"2026-06-25 15:57:48.894",
                    "level": "DEBUG",
                    "thread": "http-nio-8169-exec-9",
                    "class": "o.s.web.servlet.DispatcherServlet",
                    "message": "GET "/api/admin/category/list/tree?status=-1&type=1&temp=1782374268", parameters={masked}" }
                    
{
                    "app": "Crmeb",
                    "timestamp":"2026-06-25 15:57:48.894",
                    "level": "DEBUG",
                    "thread": "http-nio-8169-exec-9",
                    "class": "o.s.w.s.m.m.a.RequestMappingHandlerMapping",
                    "message": "Mapped to com.zbkj.admin.controller.CategoryController#getListTree(Integer, Integer, String)" }
                    
{
                    "app": "Crmeb",
                    "timestamp":"2026-06-25 15:57:48.940",
                    "level": "DEBUG",
                    "thread": "http-nio-8169-exec-9",
                    "class": "o.s.w.s.m.m.a.RequestResponseBodyMethodProcessor",
                    "message": "Using 'application/json', given [application/json, text/plain, */*] and supported [application/json, application/*+json, application/json, application/*+json, application/cbor]" }
                    
{
                    "app": "Crmeb",
                    "timestamp":"2026-06-25 15:57:48.940",
                    "level": "DEBUG",
                    "thread": "http-nio-8169-exec-9",
                    "class": "o.s.w.s.m.m.a.RequestResponseBodyMethodProcessor",
                    "message": "Writing [com.zbkj.common.result.CommonResult@1f234d39]" }
                    
{
                    "app": "Crmeb",
                    "timestamp":"2026-06-25 15:57:48.941",
                    "level": "DEBUG",
                    "thread": "http-nio-8169-exec-9",
                    "class": "o.s.web.servlet.DispatcherServlet",
                    "message": "Completed 200 OK" }
                    
{
                    "app": "Crmeb",
                    "timestamp":"2026-06-25 15:57:49.185",
                    "level": "DEBUG",
                    "thread": "http-nio-8169-exec-15",
                    "class": "o.s.w.s.m.m.a.RequestResponseBodyMethodProcessor",
                    "message": "Using 'application/json', given [application/json, text/plain, */*] and supported [application/json, application/*+json, application/json, application/*+json, application/cbor]" }
                    
{
                    "app": "Crmeb",
                    "timestamp":"2026-06-25 15:57:49.185",
                    "level": "DEBUG",
                    "thread": "http-nio-8169-exec-15",
                    "class": "o.s.w.s.m.m.a.RequestResponseBodyMethodProcessor",
                    "message": "Writing [com.zbkj.common.result.CommonResult@a7572da]" }
                    
{
                    "app": "Crmeb",
                    "timestamp":"2026-06-25 15:57:49.195",
                    "level": "DEBUG",
                    "thread": "http-nio-8169-exec-15",
                    "class": "o.s.web.servlet.DispatcherServlet",
                    "message": "Completed 200 OK" }
                    
{
                    "app": "Crmeb",
                    "timestamp":"2026-06-25 15:57:49.214",
                    "level": "DEBUG",
                    "thread": "http-nio-8169-exec-5",
                    "class": "o.s.w.s.m.m.a.RequestResponseBodyMethodProcessor",
                    "message": "Using 'application/json', given [application/json, text/plain, */*] and supported [application/json, application/*+json, application/json, application/*+json, application/cbor]" }
                    
{
                    "app": "Crmeb",
                    "timestamp":"2026-06-25 15:57:49.215",
                    "level": "DEBUG",
                    "thread": "http-nio-8169-exec-5",
                    "class": "o.s.w.s.m.m.a.RequestResponseBodyMethodProcessor",
                    "message": "Writing [com.zbkj.common.result.CommonResult@2bd5ed8e]" }
                    
{
                    "app": "Crmeb",
                    "timestamp":"2026-06-25 15:57:49.215",
                    "level": "DEBUG",
                    "thread": "http-nio-8169-exec-5",
                    "class": "o.s.web.servlet.DispatcherServlet",
                    "message": "Completed 200 OK" }
                    
{
                    "app": "Crmeb",
                    "timestamp":"2026-06-25 15:58:25.202",
                    "level": "DEBUG",
                    "thread": "http-nio-8169-exec-12",
                    "class": "o.s.web.servlet.DispatcherServlet",
                    "message": "GET "/api/admin/category/list/tree?type=1&status=-1&name=&temp=1782374305", parameters={masked}" }
                    
{
                    "app": "Crmeb",
                    "timestamp":"2026-06-25 15:58:25.203",
                    "level": "DEBUG",
                    "thread": "http-nio-8169-exec-12",
                    "class": "o.s.w.s.m.m.a.RequestMappingHandlerMapping",
                    "message": "Mapped to com.zbkj.admin.controller.CategoryController#getListTree(Integer, Integer, String)" }
                    
{
                    "app": "Crmeb",
                    "timestamp":"2026-06-25 15:58:25.251",
                    "level": "DEBUG",
                    "thread": "http-nio-8169-exec-12",
                    "class": "o.s.w.s.m.m.a.RequestResponseBodyMethodProcessor",
                    "message": "Using 'application/json', given [application/json, text/plain, */*] and supported [application/json, application/*+json, application/json, application/*+json, application/cbor]" }
                    
{
                    "app": "Crmeb",
                    "timestamp":"2026-06-25 15:58:25.251",
                    "level": "DEBUG",
                    "thread": "http-nio-8169-exec-12",
                    "class": "o.s.w.s.m.m.a.RequestResponseBodyMethodProcessor",
                    "message": "Writing [com.zbkj.common.result.CommonResult@6a180b88]" }
                    
{
                    "app": "Crmeb",
                    "timestamp":"2026-06-25 15:58:25.252",
                    "level": "DEBUG",
                    "thread": "http-nio-8169-exec-12",
                    "class": "o.s.web.servlet.DispatcherServlet",
                    "message": "Completed 200 OK" }
                    
{
                    "app": "Crmeb",
                    "timestamp":"2026-06-25 15:59:13.193",
                    "level": "DEBUG",
                    "thread": "http-nio-8169-exec-30",
                    "class": "o.s.web.servlet.DispatcherServlet",
                    "message": "GET "/api/admin/pass/shipment/express?temp=1782374353", parameters={masked}" }
                    
{
                    "app": "Crmeb",
                    "timestamp":"2026-06-25 15:59:13.195",
                    "level": "DEBUG",
                    "thread": "http-nio-8169-exec-30",
                    "class": "o.s.w.s.m.m.a.RequestMappingHandlerMapping",
                    "message": "Mapped to com.zbkj.admin.controller.OnePassController#onePassShipmentExpress()" }
                    
{
                    "app": "Crmeb",
                    "timestamp":"2026-06-25 15:59:13.202",
                    "level": "DEBUG",
                    "thread": "http-nio-8169-exec-28",
                    "class": "o.s.web.servlet.DispatcherServlet",
                    "message": "GET "/api/admin/store/order/status/num?dateLimit=&type=2&orderId=&temp=1782374353", parameters={masked}" }
                    
{
                    "app": "Crmeb",
                    "timestamp":"2026-06-25 15:59:13.208",
                    "level": "DEBUG",
                    "thread": "http-nio-8169-exec-28",
                    "class": "o.s.w.s.m.m.a.RequestMappingHandlerMapping",
                    "message": "Mapped to com.zbkj.admin.controller.StoreOrderController#getOrderStatusNum(String, Integer, String)" }
                    
{
                    "app": "Crmeb",
                    "timestamp":"2026-06-25 15:59:13.212",
                    "level": "DEBUG",
                    "thread": "http-nio-8169-exec-22",
                    "class": "o.s.web.servlet.DispatcherServlet",
                    "message": "GET "/api/admin/store/order/list?status=all&dateLimit=&orderNo=&page=1&limit=20&type=2&temp=1782374353", parameters={masked}" }
                    
{
                    "app": "Crmeb",
                    "timestamp":"2026-06-25 15:59:13.223",
                    "level": "DEBUG",
                    "thread": "http-nio-8169-exec-22",
                    "class": "o.s.w.s.m.m.a.RequestMappingHandlerMapping",
                    "message": "Mapped to com.zbkj.admin.controller.StoreOrderController#getList(StoreOrderSearchRequest, PageParamRequest)" }
                    
{
                    "app": "Crmeb",
                    "timestamp":"2026-06-25 15:59:13.624",
                    "level": "DEBUG",
                    "thread": "http-nio-8169-exec-30",
                    "class": "o.s.web.client.RestTemplate",
                    "message": "HTTP POST https://sms.crmeb.net/api/v2/user/login" }
                    
{
                    "app": "Crmeb",
                    "timestamp":"2026-06-25 15:59:13.625",
                    "level": "DEBUG",
                    "thread": "http-nio-8169-exec-30",
                    "class": "o.s.web.client.RestTemplate",
                    "message": "Accept=[text/plain, application/json, application/cbor, application/*+json, text/html, */*]" }
                    
{
                    "app": "Crmeb",
                    "timestamp":"2026-06-25 15:59:13.644",
                    "level": "DEBUG",
                    "thread": "http-nio-8169-exec-30",
                    "class": "o.s.web.client.RestTemplate",
                    "message": "Writing [{access_key=[11111], secret_key=[11111]}] as "application/x-www-form-urlencoded"" }
                    
{
                    "app": "Crmeb",
                    "timestamp":"2026-06-25 15:59:13.905",
                    "level": "DEBUG",
                    "thread": "http-nio-8169-exec-30",
                    "class": "o.s.web.client.RestTemplate",
                    "message": "Response 200 OK" }
                    
{
                    "app": "Crmeb",
                    "timestamp":"2026-06-25 15:59:13.906",
                    "level": "DEBUG",
                    "thread": "http-nio-8169-exec-30",
                    "class": "o.s.web.client.RestTemplate",
                    "message": "Reading to [java.lang.String] as "application/json"" }
                    
{
                    "app": "Crmeb",
                    "timestamp":"2026-06-25 15:59:13.959",
                    "level": "DEBUG",
                    "thread": "http-nio-8169-exec-28",
                    "class": "o.s.w.s.m.m.a.RequestResponseBodyMethodProcessor",
                    "message": "Using 'application/json', given [application/json, text/plain, */*] and supported [application/json, application/*+json, application/json, application/*+json, application/cbor]" }
                    
{
                    "app": "Crmeb",
                    "timestamp":"2026-06-25 15:59:13.959",
                    "level": "DEBUG",
                    "thread": "http-nio-8169-exec-28",
                    "class": "o.s.w.s.m.m.a.RequestResponseBodyMethodProcessor",
                    "message": "Writing [com.zbkj.common.result.CommonResult@4573d7ea]" }
                    
{
                    "app": "Crmeb",
                    "timestamp":"2026-06-25 15:59:13.961",
                    "level": "DEBUG",
                    "thread": "http-nio-8169-exec-28",
                    "class": "o.s.web.servlet.DispatcherServlet",
                    "message": "Completed 200 OK" }
                    
{
                    "app": "Crmeb",
                    "timestamp":"2026-06-25 15:59:14.271",
                    "level": "DEBUG",
                    "thread": "http-nio-8169-exec-30",
                    "class": "o.s.w.s.m.m.a.ExceptionHandlerExceptionResolver",
                    "message": "Using @ExceptionHandler com.zbkj.service.exception.GlobalExceptionHandler#defaultExceptionHandler(HttpServletRequest, Exception)" }
                    
{
                    "app": "Crmeb",
                    "timestamp":"2026-06-25 15:59:14.294",
                    "level": "DEBUG",
                    "thread": "http-nio-8169-exec-22",
                    "class": "o.s.w.s.m.m.a.RequestResponseBodyMethodProcessor",
                    "message": "Using 'application/json', given [application/json, text/plain, */*] and supported [application/json, application/*+json, application/json, application/*+json, application/cbor]" }
                    
{
                    "app": "Crmeb",
                    "timestamp":"2026-06-25 15:59:14.294",
                    "level": "DEBUG",
                    "thread": "http-nio-8169-exec-22",
                    "class": "o.s.w.s.m.m.a.RequestResponseBodyMethodProcessor",
                    "message": "Writing [com.zbkj.common.result.CommonResult@21010211]" }
                    
{
                    "app": "Crmeb",
                    "timestamp":"2026-06-25 15:59:14.340",
                    "level": "DEBUG",
                    "thread": "http-nio-8169-exec-22",
                    "class": "o.s.web.servlet.DispatcherServlet",
                    "message": "Completed 200 OK" }
                    
{
                    "app": "Crmeb",
                    "timestamp":"2026-06-25 15:59:14.681",
                    "level": "DEBUG",
                    "thread": "http-nio-8169-exec-30",
                    "class": "o.s.w.s.m.m.a.RequestResponseBodyMethodProcessor",
                    "message": "Using 'application/json', given [application/json, text/plain, */*] and supported [application/json, application/*+json, application/json, application/*+json, application/cbor]" }
                    
{
                    "app": "Crmeb",
                    "timestamp":"2026-06-25 15:59:14.682",
                    "level": "DEBUG",
                    "thread": "http-nio-8169-exec-30",
                    "class": "o.s.w.s.m.m.a.RequestResponseBodyMethodProcessor",
                    "message": "Writing [com.zbkj.common.result.CommonResult@77a7b53a]" }
                    
{
                    "app": "Crmeb",
                    "timestamp":"2026-06-25 15:59:14.716",
                    "level": "DEBUG",
                    "thread": "http-nio-8169-exec-30",
                    "class": "o.s.w.s.m.m.a.ExceptionHandlerExceptionResolver",
                    "message": "Resolved [com.zbkj.common.exception.CrmebException: 一号通平台接口接口请求失败:accessKey或者secretKey不正确]" }
                    
{
                    "app": "Crmeb",
                    "timestamp":"2026-06-25 15:59:14.716",
                    "level": "DEBUG",
                    "thread": "http-nio-8169-exec-30",
                    "class": "o.s.web.servlet.DispatcherServlet",
                    "message": "Completed 200 OK" }
                    
{
                    "app": "Crmeb",
                    "timestamp":"2026-06-25 16:00:38.478",
                    "level": "DEBUG",
                    "thread": "http-nio-8169-exec-27",
                    "class": "o.s.web.servlet.DispatcherServlet",
                    "message": "GET "/api/admin/store/order/list?status=unPaid&dateLimit=&orderNo=&page=1&limit=20&type=2&temp=1782374438", parameters={masked}" }
                    
{
                    "app": "Crmeb",
                    "timestamp":"2026-06-25 16:00:38.479",
                    "level": "DEBUG",
                    "thread": "http-nio-8169-exec-27",
                    "class": "o.s.w.s.m.m.a.RequestMappingHandlerMapping",
                    "message": "Mapped to com.zbkj.admin.controller.StoreOrderController#getList(StoreOrderSearchRequest, PageParamRequest)" }
                    
{
                    "app": "Crmeb",
                    "timestamp":"2026-06-25 16:00:38.484",
                    "level": "DEBUG",
                    "thread": "http-nio-8169-exec-24",
                    "class": "o.s.web.servlet.DispatcherServlet",
                    "message": "GET "/api/admin/store/order/status/num?dateLimit=&type=2&orderId=&temp=1782374438", parameters={masked}" }
                    
{
                    "app": "Crmeb",
                    "timestamp":"2026-06-25 16:00:38.484",
                    "level": "DEBUG",
                    "thread": "http-nio-8169-exec-24",
                    "class": "o.s.w.s.m.m.a.RequestMappingHandlerMapping",
                    "message": "Mapped to com.zbkj.admin.controller.StoreOrderController#getOrderStatusNum(String, Integer, String)" }
                    
{
                    "app": "Crmeb",
                    "timestamp":"2026-06-25 16:00:38.544",
                    "level": "DEBUG",
                    "thread": "http-nio-8169-exec-27",
                    "class": "o.s.w.s.m.m.a.RequestResponseBodyMethodProcessor",
                    "message": "Using 'application/json', given [application/json, text/plain, */*] and supported [application/json, application/*+json, application/json, application/*+json, application/cbor]" }
                    
{
                    "app": "Crmeb",
                    "timestamp":"2026-06-25 16:00:38.544",
                    "level": "DEBUG",
                    "thread": "http-nio-8169-exec-27",
                    "class": "o.s.w.s.m.m.a.RequestResponseBodyMethodProcessor",
                    "message": "Writing [com.zbkj.common.result.CommonResult@5083ef0a]" }
                    
{
                    "app": "Crmeb",
                    "timestamp":"2026-06-25 16:00:38.544",
                    "level": "DEBUG",
                    "thread": "http-nio-8169-exec-27",
                    "class": "o.s.web.servlet.DispatcherServlet",
                    "message": "Completed 200 OK" }
                    
{
                    "app": "Crmeb",
                    "timestamp":"2026-06-25 16:00:38.967",
                    "level": "DEBUG",
                    "thread": "http-nio-8169-exec-24",
                    "class": "o.s.w.s.m.m.a.RequestResponseBodyMethodProcessor",
                    "message": "Using 'application/json', given [application/json, text/plain, */*] and supported [application/json, application/*+json, application/json, application/*+json, application/cbor]" }
                    
{
                    "app": "Crmeb",
                    "timestamp":"2026-06-25 16:00:38.967",
                    "level": "DEBUG",
                    "thread": "http-nio-8169-exec-24",
                    "class": "o.s.w.s.m.m.a.RequestResponseBodyMethodProcessor",
                    "message": "Writing [com.zbkj.common.result.CommonResult@2510319b]" }
                    
{
                    "app": "Crmeb",
                    "timestamp":"2026-06-25 16:00:38.967",
                    "level": "DEBUG",
                    "thread": "http-nio-8169-exec-24",
                    "class": "o.s.web.servlet.DispatcherServlet",
                    "message": "Completed 200 OK" }
                    
{
                    "app": "Crmeb",
                    "timestamp":"2026-06-25 16:00:39.399",
                    "level": "DEBUG",
                    "thread": "http-nio-8169-exec-3",
                    "class": "o.s.web.servlet.DispatcherServlet",
                    "message": "GET "/api/admin/store/order/list?status=notShipped&dateLimit=&orderNo=&page=1&limit=20&type=2&temp=1782374439", parameters={masked}" }
                    
{
                    "app": "Crmeb",
                    "timestamp":"2026-06-25 16:00:39.400",
                    "level": "DEBUG",
                    "thread": "http-nio-8169-exec-3",
                    "class": "o.s.w.s.m.m.a.RequestMappingHandlerMapping",
                    "message": "Mapped to com.zbkj.admin.controller.StoreOrderController#getList(StoreOrderSearchRequest, PageParamRequest)" }
                    
{
                    "app": "Crmeb",
                    "timestamp":"2026-06-25 16:00:39.401",
                    "level": "DEBUG",
                    "thread": "http-nio-8169-exec-29",
                    "class": "o.s.web.servlet.DispatcherServlet",
                    "message": "GET "/api/admin/store/order/status/num?dateLimit=&type=2&orderId=&temp=1782374439", parameters={masked}" }
                    
{
                    "app": "Crmeb",
                    "timestamp":"2026-06-25 16:00:39.401",
                    "level": "DEBUG",
                    "thread": "http-nio-8169-exec-29",
                    "class": "o.s.w.s.m.m.a.RequestMappingHandlerMapping",
                    "message": "Mapped to com.zbkj.admin.controller.StoreOrderController#getOrderStatusNum(String, Integer, String)" }
                    
{
                    "app": "Crmeb",
                    "timestamp":"2026-06-25 16:00:39.622",
                    "level": "DEBUG",
                    "thread": "http-nio-8169-exec-3",
                    "class": "o.s.w.s.m.m.a.RequestResponseBodyMethodProcessor",
                    "message": "Using 'application/json', given [application/json, text/plain, */*] and supported [application/json, application/*+json, application/json, application/*+json, application/cbor]" }
                    
{
                    "app": "Crmeb",
                    "timestamp":"2026-06-25 16:00:39.622",
                    "level": "DEBUG",
                    "thread": "http-nio-8169-exec-3",
                    "class": "o.s.w.s.m.m.a.RequestResponseBodyMethodProcessor",
                    "message": "Writing [com.zbkj.common.result.CommonResult@1aad15f3]" }
                    
{
                    "app": "Crmeb",
                    "timestamp":"2026-06-25 16:00:39.623",
                    "level": "DEBUG",
                    "thread": "http-nio-8169-exec-3",
                    "class": "o.s.web.servlet.DispatcherServlet",
                    "message": "Completed 200 OK" }
                    
{
                    "app": "Crmeb",
                    "timestamp":"2026-06-25 16:00:39.914",
                    "level": "DEBUG",
                    "thread": "http-nio-8169-exec-29",
                    "class": "o.s.w.s.m.m.a.RequestResponseBodyMethodProcessor",
                    "message": "Using 'application/json', given [application/json, text/plain, */*] and supported [application/json, application/*+json, application/json, application/*+json, application/cbor]" }
                    
{
                    "app": "Crmeb",
                    "timestamp":"2026-06-25 16:00:39.914",
                    "level": "DEBUG",
                    "thread": "http-nio-8169-exec-29",
                    "class": "o.s.w.s.m.m.a.RequestResponseBodyMethodProcessor",
                    "message": "Writing [com.zbkj.common.result.CommonResult@34672ee]" }
                    
{
                    "app": "Crmeb",
                    "timestamp":"2026-06-25 16:00:39.915",
                    "level": "DEBUG",
                    "thread": "http-nio-8169-exec-29",
                    "class": "o.s.web.servlet.DispatcherServlet",
                    "message": "Completed 200 OK" }
                    
{
                    "app": "Crmeb",
                    "timestamp":"2026-06-25 16:00:40.628",
                    "level": "DEBUG",
                    "thread": "http-nio-8169-exec-11",
                    "class": "o.s.web.servlet.DispatcherServlet",
                    "message": "GET "/api/admin/store/order/status/num?dateLimit=&type=2&orderId=&temp=1782374440", parameters={masked}" }
                    
{
                    "app": "Crmeb",
                    "timestamp":"2026-06-25 16:00:40.628",
                    "level": "DEBUG",
                    "thread": "http-nio-8169-exec-11",
                    "class": "o.s.w.s.m.m.a.RequestMappingHandlerMapping",
                    "message": "Mapped to com.zbkj.admin.controller.StoreOrderController#getOrderStatusNum(String, Integer, String)" }
                    
{
                    "app": "Crmeb",
                    "timestamp":"2026-06-25 16:00:40.647",
                    "level": "DEBUG",
                    "thread": "http-nio-8169-exec-4",
                    "class": "o.s.web.servlet.DispatcherServlet",
                    "message": "GET "/api/admin/store/order/list?status=spike&dateLimit=&orderNo=&page=1&limit=20&type=2&temp=1782374440", parameters={masked}" }
                    
{
                    "app": "Crmeb",
                    "timestamp":"2026-06-25 16:00:40.647",
                    "level": "DEBUG",
                    "thread": "http-nio-8169-exec-4",
                    "class": "o.s.w.s.m.m.a.RequestMappingHandlerMapping",
                    "message": "Mapped to com.zbkj.admin.controller.StoreOrderController#getList(StoreOrderSearchRequest, PageParamRequest)" }
                    
{
                    "app": "Crmeb",
                    "timestamp":"2026-06-25 16:00:40.697",
                    "level": "DEBUG",
                    "thread": "http-nio-8169-exec-4",
                    "class": "o.s.w.s.m.m.a.RequestResponseBodyMethodProcessor",
                    "message": "Using 'application/json', given [application/json, text/plain, */*] and supported [application/json, application/*+json, application/json, application/*+json, application/cbor]" }
                    
{
                    "app": "Crmeb",
                    "timestamp":"2026-06-25 16:00:40.697",
                    "level": "DEBUG",
                    "thread": "http-nio-8169-exec-4",
                    "class": "o.s.w.s.m.m.a.RequestResponseBodyMethodProcessor",
                    "message": "Writing [com.zbkj.common.result.CommonResult@3157345f]" }
                    
{
                    "app": "Crmeb",
                    "timestamp":"2026-06-25 16:00:40.697",
                    "level": "DEBUG",
                    "thread": "http-nio-8169-exec-4",
                    "class": "o.s.web.servlet.DispatcherServlet",
                    "message": "Completed 200 OK" }
                    
{
                    "app": "Crmeb",
                    "timestamp":"2026-06-25 16:00:41.065",
                    "level": "DEBUG",
                    "thread": "http-nio-8169-exec-11",
                    "class": "o.s.w.s.m.m.a.RequestResponseBodyMethodProcessor",
                    "message": "Using 'application/json', given [application/json, text/plain, */*] and supported [application/json, application/*+json, application/json, application/*+json, application/cbor]" }
                    
{
                    "app": "Crmeb",
                    "timestamp":"2026-06-25 16:00:41.065",
                    "level": "DEBUG",
                    "thread": "http-nio-8169-exec-11",
                    "class": "o.s.w.s.m.m.a.RequestResponseBodyMethodProcessor",
                    "message": "Writing [com.zbkj.common.result.CommonResult@64f041fb]" }
                    
{
                    "app": "Crmeb",
                    "timestamp":"2026-06-25 16:00:41.065",
                    "level": "DEBUG",
                    "thread": "http-nio-8169-exec-11",
                    "class": "o.s.web.servlet.DispatcherServlet",
                    "message": "Completed 200 OK" }
                    
{
                    "app": "Crmeb",
                    "timestamp":"2026-06-25 16:00:41.707",
                    "level": "DEBUG",
                    "thread": "http-nio-8169-exec-15",
                    "class": "o.s.web.servlet.DispatcherServlet",
                    "message": "GET "/api/admin/store/order/status/num?dateLimit=&type=2&orderId=&temp=1782374441", parameters={masked}" }
                    
{
                    "app": "Crmeb",
                    "timestamp":"2026-06-25 16:00:41.707",
                    "level": "DEBUG",
                    "thread": "http-nio-8169-exec-5",
                    "class": "o.s.web.servlet.DispatcherServlet",
                    "message": "GET "/api/admin/store/order/list?status=bargain&dateLimit=&orderNo=&page=1&limit=20&type=2&temp=1782374441", parameters={masked}" }
                    
{
                    "app": "Crmeb",
                    "timestamp":"2026-06-25 16:00:41.707",
                    "level": "DEBUG",
                    "thread": "http-nio-8169-exec-15",
                    "class": "o.s.w.s.m.m.a.RequestMappingHandlerMapping",
                    "message": "Mapped to com.zbkj.admin.controller.StoreOrderController#getOrderStatusNum(String, Integer, String)" }
                    
{
                    "app": "Crmeb",
                    "timestamp":"2026-06-25 16:00:41.707",
                    "level": "DEBUG",
                    "thread": "http-nio-8169-exec-5",
                    "class": "o.s.w.s.m.m.a.RequestMappingHandlerMapping",
                    "message": "Mapped to com.zbkj.admin.controller.StoreOrderController#getList(StoreOrderSearchRequest, PageParamRequest)" }
                    
{
                    "app": "Crmeb",
                    "timestamp":"2026-06-25 16:00:41.847",
                    "level": "DEBUG",
                    "thread": "http-nio-8169-exec-5",
                    "class": "o.s.w.s.m.m.a.RequestResponseBodyMethodProcessor",
                    "message": "Using 'application/json', given [application/json, text/plain, */*] and supported [application/json, application/*+json, application/json, application/*+json, application/cbor]" }
                    
{
                    "app": "Crmeb",
                    "timestamp":"2026-06-25 16:00:41.847",
                    "level": "DEBUG",
                    "thread": "http-nio-8169-exec-5",
                    "class": "o.s.w.s.m.m.a.RequestResponseBodyMethodProcessor",
                    "message": "Writing [com.zbkj.common.result.CommonResult@31a750f8]" }
                    
{
                    "app": "Crmeb",
                    "timestamp":"2026-06-25 16:00:41.848",
                    "level": "DEBUG",
                    "thread": "http-nio-8169-exec-5",
                    "class": "o.s.web.servlet.DispatcherServlet",
                    "message": "Completed 200 OK" }
                    
{
                    "app": "Crmeb",
                    "timestamp":"2026-06-25 16:00:42.140",
                    "level": "DEBUG",
                    "thread": "http-nio-8169-exec-15",
                    "class": "o.s.w.s.m.m.a.RequestResponseBodyMethodProcessor",
                    "message": "Using 'application/json', given [application/json, text/plain, */*] and supported [application/json, application/*+json, application/json, application/*+json, application/cbor]" }
                    
{
                    "app": "Crmeb",
                    "timestamp":"2026-06-25 16:00:42.140",
                    "level": "DEBUG",
                    "thread": "http-nio-8169-exec-15",
                    "class": "o.s.w.s.m.m.a.RequestResponseBodyMethodProcessor",
                    "message": "Writing [com.zbkj.common.result.CommonResult@5e723d92]" }
                    
{
                    "app": "Crmeb",
                    "timestamp":"2026-06-25 16:00:42.140",
                    "level": "DEBUG",
                    "thread": "http-nio-8169-exec-15",
                    "class": "o.s.web.servlet.DispatcherServlet",
                    "message": "Completed 200 OK" }
                    
{
                    "app": "Crmeb",
                    "timestamp":"2026-06-25 16:00:42.539",
                    "level": "DEBUG",
                    "thread": "http-nio-8169-exec-13",
                    "class": "o.s.web.servlet.DispatcherServlet",
                    "message": "GET "/api/admin/store/order/list?status=complete&dateLimit=&orderNo=&page=1&limit=20&type=2&temp=1782374442", parameters={masked}" }
                    
{
                    "app": "Crmeb",
                    "timestamp":"2026-06-25 16:00:42.539",
                    "level": "DEBUG",
                    "thread": "http-nio-8169-exec-13",
                    "class": "o.s.w.s.m.m.a.RequestMappingHandlerMapping",
                    "message": "Mapped to com.zbkj.admin.controller.StoreOrderController#getList(StoreOrderSearchRequest, PageParamRequest)" }
                    
{
                    "app": "Crmeb",
                    "timestamp":"2026-06-25 16:00:42.546",
                    "level": "DEBUG",
                    "thread": "http-nio-8169-exec-26",
                    "class": "o.s.web.servlet.DispatcherServlet",
                    "message": "GET "/api/admin/store/order/status/num?dateLimit=&type=2&orderId=&temp=1782374442", parameters={masked}" }
                    
{
                    "app": "Crmeb",
                    "timestamp":"2026-06-25 16:00:42.548",
                    "level": "DEBUG",
                    "thread": "http-nio-8169-exec-26",
                    "class": "o.s.w.s.m.m.a.RequestMappingHandlerMapping",
                    "message": "Mapped to com.zbkj.admin.controller.StoreOrderController#getOrderStatusNum(String, Integer, String)" }
                    
{
                    "app": "Crmeb",
                    "timestamp":"2026-06-25 16:00:42.669",
                    "level": "DEBUG",
                    "thread": "http-nio-8169-exec-13",
                    "class": "o.s.w.s.m.m.a.RequestResponseBodyMethodProcessor",
                    "message": "Using 'application/json', given [application/json, text/plain, */*] and supported [application/json, application/*+json, application/json, application/*+json, application/cbor]" }
                    
{
                    "app": "Crmeb",
                    "timestamp":"2026-06-25 16:00:42.670",
                    "level": "DEBUG",
                    "thread": "http-nio-8169-exec-13",
                    "class": "o.s.w.s.m.m.a.RequestResponseBodyMethodProcessor",
                    "message": "Writing [com.zbkj.common.result.CommonResult@73661af2]" }
                    
{
                    "app": "Crmeb",
                    "timestamp":"2026-06-25 16:00:42.670",
                    "level": "DEBUG",
                    "thread": "http-nio-8169-exec-13",
                    "class": "o.s.web.servlet.DispatcherServlet",
                    "message": "Completed 200 OK" }
                    
{
                    "app": "Crmeb",
                    "timestamp":"2026-06-25 16:00:43.015",
                    "level": "DEBUG",
                    "thread": "http-nio-8169-exec-26",
                    "class": "o.s.w.s.m.m.a.RequestResponseBodyMethodProcessor",
                    "message": "Using 'application/json', given [application/json, text/plain, */*] and supported [application/json, application/*+json, application/json, application/*+json, application/cbor]" }
                    
{
                    "app": "Crmeb",
                    "timestamp":"2026-06-25 16:00:43.015",
                    "level": "DEBUG",
                    "thread": "http-nio-8169-exec-26",
                    "class": "o.s.w.s.m.m.a.RequestResponseBodyMethodProcessor",
                    "message": "Writing [com.zbkj.common.result.CommonResult@7dc7b23c]" }
                    
{
                    "app": "Crmeb",
                    "timestamp":"2026-06-25 16:00:43.016",
                    "level": "DEBUG",
                    "thread": "http-nio-8169-exec-26",
                    "class": "o.s.web.servlet.DispatcherServlet",
                    "message": "Completed 200 OK" }
                    
{
                    "app": "Crmeb",
                    "timestamp":"2026-06-25 16:00:43.303",
                    "level": "DEBUG",
                    "thread": "http-nio-8169-exec-23",
                    "class": "o.s.web.servlet.DispatcherServlet",
                    "message": "GET "/api/admin/store/order/list?status=toBeWrittenOff&dateLimit=&orderNo=&page=1&limit=20&type=2&temp=1782374443", parameters={masked}" }
                    
{
                    "app": "Crmeb",
                    "timestamp":"2026-06-25 16:00:43.303",
                    "level": "DEBUG",
                    "thread": "http-nio-8169-exec-23",
                    "class": "o.s.w.s.m.m.a.RequestMappingHandlerMapping",
                    "message": "Mapped to com.zbkj.admin.controller.StoreOrderController#getList(StoreOrderSearchRequest, PageParamRequest)" }
                    
{
                    "app": "Crmeb",
                    "timestamp":"2026-06-25 16:00:43.319",
                    "level": "DEBUG",
                    "thread": "http-nio-8169-exec-16",
                    "class": "o.s.web.servlet.DispatcherServlet",
                    "message": "GET "/api/admin/store/order/status/num?dateLimit=&type=2&orderId=&temp=1782374443", parameters={masked}" }
                    
{
                    "app": "Crmeb",
                    "timestamp":"2026-06-25 16:00:43.320",
                    "level": "DEBUG",
                    "thread": "http-nio-8169-exec-16",
                    "class": "o.s.w.s.m.m.a.RequestMappingHandlerMapping",
                    "message": "Mapped to com.zbkj.admin.controller.StoreOrderController#getOrderStatusNum(String, Integer, String)" }
                    
{
                    "app": "Crmeb",
                    "timestamp":"2026-06-25 16:00:43.379",
                    "level": "DEBUG",
                    "thread": "http-nio-8169-exec-23",
                    "class": "o.s.w.s.m.m.a.RequestResponseBodyMethodProcessor",
                    "message": "Using 'application/json', given [application/json, text/plain, */*] and supported [application/json, application/*+json, application/json, application/*+json, application/cbor]" }
                    
{
                    "app": "Crmeb",
                    "timestamp":"2026-06-25 16:00:43.379",
                    "level": "DEBUG",
                    "thread": "http-nio-8169-exec-23",
                    "class": "o.s.w.s.m.m.a.RequestResponseBodyMethodProcessor",
                    "message": "Writing [com.zbkj.common.result.CommonResult@563cc72c]" }
                    
{
                    "app": "Crmeb",
                    "timestamp":"2026-06-25 16:00:43.380",
                    "level": "DEBUG",
                    "thread": "http-nio-8169-exec-23",
                    "class": "o.s.web.servlet.DispatcherServlet",
                    "message": "Completed 200 OK" }
                    
{
                    "app": "Crmeb",
                    "timestamp":"2026-06-25 16:00:43.774",
                    "level": "DEBUG",
                    "thread": "http-nio-8169-exec-16",
                    "class": "o.s.w.s.m.m.a.RequestResponseBodyMethodProcessor",
                    "message": "Using 'application/json', given [application/json, text/plain, */*] and supported [application/json, application/*+json, application/json, application/*+json, application/cbor]" }
                    
{
                    "app": "Crmeb",
                    "timestamp":"2026-06-25 16:00:43.774",
                    "level": "DEBUG",
                    "thread": "http-nio-8169-exec-16",
                    "class": "o.s.w.s.m.m.a.RequestResponseBodyMethodProcessor",
                    "message": "Writing [com.zbkj.common.result.CommonResult@6ab64557]" }
                    
{
                    "app": "Crmeb",
                    "timestamp":"2026-06-25 16:00:43.774",
                    "level": "DEBUG",
                    "thread": "http-nio-8169-exec-16",
                    "class": "o.s.web.servlet.DispatcherServlet",
                    "message": "Completed 200 OK" }
                    
{
                    "app": "Crmeb",
                    "timestamp":"2026-06-25 16:00:43.836",
                    "level": "DEBUG",
                    "thread": "http-nio-8169-exec-30",
                    "class": "o.s.web.servlet.DispatcherServlet",
                    "message": "GET "/api/admin/store/order/status/num?dateLimit=&type=2&orderId=&temp=1782374443", parameters={masked}" }
                    
{
                    "app": "Crmeb",
                    "timestamp":"2026-06-25 16:00:43.836",
                    "level": "DEBUG",
                    "thread": "http-nio-8169-exec-22",
                    "class": "o.s.web.servlet.DispatcherServlet",
                    "message": "GET "/api/admin/store/order/list?status=refunding&dateLimit=&orderNo=&page=1&limit=20&type=2&temp=1782374443", parameters={masked}" }
                    
{
                    "app": "Crmeb",
                    "timestamp":"2026-06-25 16:00:43.837",
                    "level": "DEBUG",
                    "thread": "http-nio-8169-exec-22",
                    "class": "o.s.w.s.m.m.a.RequestMappingHandlerMapping",
                    "message": "Mapped to com.zbkj.admin.controller.StoreOrderController#getList(StoreOrderSearchRequest, PageParamRequest)" }
                    
{
                    "app": "Crmeb",
                    "timestamp":"2026-06-25 16:00:43.837",
                    "level": "DEBUG",
                    "thread": "http-nio-8169-exec-30",
                    "class": "o.s.w.s.m.m.a.RequestMappingHandlerMapping",
                    "message": "Mapped to com.zbkj.admin.controller.StoreOrderController#getOrderStatusNum(String, Integer, String)" }
                    
{
                    "app": "Crmeb",
                    "timestamp":"2026-06-25 16:00:44.138",
                    "level": "DEBUG",
                    "thread": "http-nio-8169-exec-22",
                    "class": "o.s.w.s.m.m.a.RequestResponseBodyMethodProcessor",
                    "message": "Using 'application/json', given [application/json, text/plain, */*] and supported [application/json, application/*+json, application/json, application/*+json, application/cbor]" }
                    
{
                    "app": "Crmeb",
                    "timestamp":"2026-06-25 16:00:44.138",
                    "level": "DEBUG",
                    "thread": "http-nio-8169-exec-22",
                    "class": "o.s.w.s.m.m.a.RequestResponseBodyMethodProcessor",
                    "message": "Writing [com.zbkj.common.result.CommonResult@35bf4884]" }
                    
{
                    "app": "Crmeb",
                    "timestamp":"2026-06-25 16:00:44.139",
                    "level": "DEBUG",
                    "thread": "http-nio-8169-exec-22",
                    "class": "o.s.web.servlet.DispatcherServlet",
                    "message": "Completed 200 OK" }
                    
{
                    "app": "Crmeb",
                    "timestamp":"2026-06-25 16:00:44.283",
                    "level": "DEBUG",
                    "thread": "http-nio-8169-exec-30",
                    "class": "o.s.w.s.m.m.a.RequestResponseBodyMethodProcessor",
                    "message": "Using 'application/json', given [application/json, text/plain, */*] and supported [application/json, application/*+json, application/json, application/*+json, application/cbor]" }
                    
{
                    "app": "Crmeb",
                    "timestamp":"2026-06-25 16:00:44.283",
                    "level": "DEBUG",
                    "thread": "http-nio-8169-exec-30",
                    "class": "o.s.w.s.m.m.a.RequestResponseBodyMethodProcessor",
                    "message": "Writing [com.zbkj.common.result.CommonResult@6ea37b13]" }
                    
{
                    "app": "Crmeb",
                    "timestamp":"2026-06-25 16:00:44.284",
                    "level": "DEBUG",
                    "thread": "http-nio-8169-exec-30",
                    "class": "o.s.web.servlet.DispatcherServlet",
                    "message": "Completed 200 OK" }
                    
{
                    "app": "Crmeb",
                    "timestamp":"2026-06-25 16:00:44.465",
                    "level": "DEBUG",
                    "thread": "http-nio-8169-exec-21",
                    "class": "o.s.web.servlet.DispatcherServlet",
                    "message": "GET "/api/admin/store/order/status/num?dateLimit=&type=2&orderId=&temp=1782374444", parameters={masked}" }
                    
{
                    "app": "Crmeb",
                    "timestamp":"2026-06-25 16:00:44.466",
                    "level": "DEBUG",
                    "thread": "http-nio-8169-exec-21",
                    "class": "o.s.w.s.m.m.a.RequestMappingHandlerMapping",
                    "message": "Mapped to com.zbkj.admin.controller.StoreOrderController#getOrderStatusNum(String, Integer, String)" }
                    
{
                    "app": "Crmeb",
                    "timestamp":"2026-06-25 16:00:44.478",
                    "level": "DEBUG",
                    "thread": "http-nio-8169-exec-19",
                    "class": "o.s.web.servlet.DispatcherServlet",
                    "message": "GET "/api/admin/store/order/list?status=refunded&dateLimit=&orderNo=&page=1&limit=20&type=2&temp=1782374444", parameters={masked}" }
                    
{
                    "app": "Crmeb",
                    "timestamp":"2026-06-25 16:00:44.478",
                    "level": "DEBUG",
                    "thread": "http-nio-8169-exec-19",
                    "class": "o.s.w.s.m.m.a.RequestMappingHandlerMapping",
                    "message": "Mapped to com.zbkj.admin.controller.StoreOrderController#getList(StoreOrderSearchRequest, PageParamRequest)" }
                    
{
                    "app": "Crmeb",
                    "timestamp":"2026-06-25 16:00:44.621",
                    "level": "DEBUG",
                    "thread": "http-nio-8169-exec-19",
                    "class": "o.s.w.s.m.m.a.RequestResponseBodyMethodProcessor",
                    "message": "Using 'application/json', given [application/json, text/plain, */*] and supported [application/json, application/*+json, application/json, application/*+json, application/cbor]" }
                    
{
                    "app": "Crmeb",
                    "timestamp":"2026-06-25 16:00:44.621",
                    "level": "DEBUG",
                    "thread": "http-nio-8169-exec-19",
                    "class": "o.s.w.s.m.m.a.RequestResponseBodyMethodProcessor",
                    "message": "Writing [com.zbkj.common.result.CommonResult@a6e3ba7]" }
                    
{
                    "app": "Crmeb",
                    "timestamp":"2026-06-25 16:00:44.622",
                    "level": "DEBUG",
                    "thread": "http-nio-8169-exec-19",
                    "class": "o.s.web.servlet.DispatcherServlet",
                    "message": "Completed 200 OK" }
                    
{
                    "app": "Crmeb",
                    "timestamp":"2026-06-25 16:00:44.850",
                    "level": "DEBUG",
                    "thread": "http-nio-8169-exec-27",
                    "class": "o.s.web.servlet.DispatcherServlet",
                    "message": "GET "/api/admin/store/order/list?status=deleted&dateLimit=&orderNo=&page=1&limit=20&type=2&temp=1782374444", parameters={masked}" }
                    
{
                    "app": "Crmeb",
                    "timestamp":"2026-06-25 16:00:44.851",
                    "level": "DEBUG",
                    "thread": "http-nio-8169-exec-27",
                    "class": "o.s.w.s.m.m.a.RequestMappingHandlerMapping",
                    "message": "Mapped to com.zbkj.admin.controller.StoreOrderController#getList(StoreOrderSearchRequest, PageParamRequest)" }
                    
{
                    "app": "Crmeb",
                    "timestamp":"2026-06-25 16:00:44.893",
                    "level": "DEBUG",
                    "thread": "http-nio-8169-exec-27",
                    "class": "o.s.w.s.m.m.a.RequestResponseBodyMethodProcessor",
                    "message": "Using 'application/json', given [application/json, text/plain, */*] and supported [application/json, application/*+json, application/json, application/*+json, application/cbor]" }
                    
{
                    "app": "Crmeb",
                    "timestamp":"2026-06-25 16:00:44.893",
                    "level": "DEBUG",
                    "thread": "http-nio-8169-exec-27",
                    "class": "o.s.w.s.m.m.a.RequestResponseBodyMethodProcessor",
                    "message": "Writing [com.zbkj.common.result.CommonResult@6c27f91]" }
                    
{
                    "app": "Crmeb",
                    "timestamp":"2026-06-25 16:00:44.893",
                    "level": "DEBUG",
                    "thread": "http-nio-8169-exec-27",
                    "class": "o.s.web.servlet.DispatcherServlet",
                    "message": "Completed 200 OK" }
                    
{
                    "app": "Crmeb",
                    "timestamp":"2026-06-25 16:00:44.929",
                    "level": "DEBUG",
                    "thread": "http-nio-8169-exec-21",
                    "class": "o.s.w.s.m.m.a.RequestResponseBodyMethodProcessor",
                    "message": "Using 'application/json', given [application/json, text/plain, */*] and supported [application/json, application/*+json, application/json, application/*+json, application/cbor]" }
                    
{
                    "app": "Crmeb",
                    "timestamp":"2026-06-25 16:00:44.930",
                    "level": "DEBUG",
                    "thread": "http-nio-8169-exec-21",
                    "class": "o.s.w.s.m.m.a.RequestResponseBodyMethodProcessor",
                    "message": "Writing [com.zbkj.common.result.CommonResult@630a4e46]" }
                    
{
                    "app": "Crmeb",
                    "timestamp":"2026-06-25 16:00:44.931",
                    "level": "DEBUG",
                    "thread": "http-nio-8169-exec-21",
                    "class": "o.s.web.servlet.DispatcherServlet",
                    "message": "Completed 200 OK" }
                    
{
                    "app": "Crmeb",
                    "timestamp":"2026-06-25 16:00:44.961",
                    "level": "DEBUG",
                    "thread": "http-nio-8169-exec-24",
                    "class": "o.s.web.servlet.DispatcherServlet",
                    "message": "GET "/api/admin/store/order/status/num?dateLimit=&type=2&orderId=&temp=1782374444", parameters={masked}" }
                    
{
                    "app": "Crmeb",
                    "timestamp":"2026-06-25 16:00:44.961",
                    "level": "DEBUG",
                    "thread": "http-nio-8169-exec-24",
                    "class": "o.s.w.s.m.m.a.RequestMappingHandlerMapping",
                    "message": "Mapped to com.zbkj.admin.controller.StoreOrderController#getOrderStatusNum(String, Integer, String)" }
                    
{
                    "app": "Crmeb",
                    "timestamp":"2026-06-25 16:00:45.429",
                    "level": "DEBUG",
                    "thread": "http-nio-8169-exec-24",
                    "class": "o.s.w.s.m.m.a.RequestResponseBodyMethodProcessor",
                    "message": "Using 'application/json', given [application/json, text/plain, */*] and supported [application/json, application/*+json, application/json, application/*+json, application/cbor]" }
                    
{
                    "app": "Crmeb",
                    "timestamp":"2026-06-25 16:00:45.429",
                    "level": "DEBUG",
                    "thread": "http-nio-8169-exec-24",
                    "class": "o.s.w.s.m.m.a.RequestResponseBodyMethodProcessor",
                    "message": "Writing [com.zbkj.common.result.CommonResult@3fa02cd2]" }
                    
{
                    "app": "Crmeb",
                    "timestamp":"2026-06-25 16:00:45.429",
                    "level": "DEBUG",
                    "thread": "http-nio-8169-exec-24",
                    "class": "o.s.web.servlet.DispatcherServlet",
                    "message": "Completed 200 OK" }
                    
{
                    "app": "Crmeb",
                    "timestamp":"2026-06-25 16:00:47.866",
                    "level": "DEBUG",
                    "thread": "http-nio-8169-exec-29",
                    "class": "o.s.web.servlet.DispatcherServlet",
                    "message": "GET "/api/admin/store/order/status/num?dateLimit=&type=2&orderId=&temp=1782374447", parameters={masked}" }
                    
{
                    "app": "Crmeb",
                    "timestamp":"2026-06-25 16:00:47.867",
                    "level": "DEBUG",
                    "thread": "http-nio-8169-exec-29",
                    "class": "o.s.w.s.m.m.a.RequestMappingHandlerMapping",
                    "message": "Mapped to com.zbkj.admin.controller.StoreOrderController#getOrderStatusNum(String, Integer, String)" }
                    
{
                    "app": "Crmeb",
                    "timestamp":"2026-06-25 16:00:47.876",
                    "level": "DEBUG",
                    "thread": "http-nio-8169-exec-3",
                    "class": "o.s.web.servlet.DispatcherServlet",
                    "message": "GET "/api/admin/store/order/list?status=all&dateLimit=&orderNo=&page=1&limit=20&type=2&temp=1782374447", parameters={masked}" }
                    
{
                    "app": "Crmeb",
                    "timestamp":"2026-06-25 16:00:47.876",
                    "level": "DEBUG",
                    "thread": "http-nio-8169-exec-3",
                    "class": "o.s.w.s.m.m.a.RequestMappingHandlerMapping",
                    "message": "Mapped to com.zbkj.admin.controller.StoreOrderController#getList(StoreOrderSearchRequest, PageParamRequest)" }
                    
{
                    "app": "Crmeb",
                    "timestamp":"2026-06-25 16:00:48.204",
                    "level": "DEBUG",
                    "thread": "http-nio-8169-exec-3",
                    "class": "o.s.w.s.m.m.a.RequestResponseBodyMethodProcessor",
                    "message": "Using 'application/json', given [application/json, text/plain, */*] and supported [application/json, application/*+json, application/json, application/*+json, application/cbor]" }
                    
{
                    "app": "Crmeb",
                    "timestamp":"2026-06-25 16:00:48.204",
                    "level": "DEBUG",
                    "thread": "http-nio-8169-exec-3",
                    "class": "o.s.w.s.m.m.a.RequestResponseBodyMethodProcessor",
                    "message": "Writing [com.zbkj.common.result.CommonResult@2c6d7fdb]" }
                    
{
                    "app": "Crmeb",
                    "timestamp":"2026-06-25 16:00:48.205",
                    "level": "DEBUG",
                    "thread": "http-nio-8169-exec-3",
                    "class": "o.s.web.servlet.DispatcherServlet",
                    "message": "Completed 200 OK" }
                    
{
                    "app": "Crmeb",
                    "timestamp":"2026-06-25 16:00:48.317",
                    "level": "DEBUG",
                    "thread": "http-nio-8169-exec-29",
                    "class": "o.s.w.s.m.m.a.RequestResponseBodyMethodProcessor",
                    "message": "Using 'application/json', given [application/json, text/plain, */*] and supported [application/json, application/*+json, application/json, application/*+json, application/cbor]" }
                    
{
                    "app": "Crmeb",
                    "timestamp":"2026-06-25 16:00:48.317",
                    "level": "DEBUG",
                    "thread": "http-nio-8169-exec-29",
                    "class": "o.s.w.s.m.m.a.RequestResponseBodyMethodProcessor",
                    "message": "Writing [com.zbkj.common.result.CommonResult@2394942]" }
                    
{
                    "app": "Crmeb",
                    "timestamp":"2026-06-25 16:00:48.319",
                    "level": "DEBUG",
                    "thread": "http-nio-8169-exec-29",
                    "class": "o.s.web.servlet.DispatcherServlet",
                    "message": "Completed 200 OK" }
                    
{
                    "app": "Crmeb",
                    "timestamp":"2026-06-25 16:01:07.384",
                    "level": "DEBUG",
                    "thread": "http-nio-8169-exec-5",
                    "class": "o.s.web.servlet.DispatcherServlet",
                    "message": "GET "/api/admin/system/user/level/list?temp=1782374467", parameters={masked}" }
                    
{
                    "app": "Crmeb",
                    "timestamp":"2026-06-25 16:01:07.392",
                    "level": "DEBUG",
                    "thread": "http-nio-8169-exec-7",
                    "class": "o.s.web.servlet.DispatcherServlet",
                    "message": "GET "/api/admin/user/group/list?page=1&limit=9999&temp=1782374467", parameters={masked}" }
                    
{
                    "app": "Crmeb",
                    "timestamp":"2026-06-25 16:01:07.400",
                    "level": "DEBUG",
                    "thread": "http-nio-8169-exec-4",
                    "class": "o.s.web.servlet.DispatcherServlet",
                    "message": "GET "/api/admin/user/list?labelId=&userType=&sex=&isPromoter=&country=&payCount=&accessType=0&dateLimit=&keywords=&province=&city=&page=1&limit=20&level=&groupId=&temp=1782374467", parameters={masked}" }
                    
{
                    "app": "Crmeb",
                    "timestamp":"2026-06-25 16:01:07.410",
                    "level": "DEBUG",
                    "thread": "http-nio-8169-exec-5",
                    "class": "o.s.w.s.m.m.a.RequestMappingHandlerMapping",
                    "message": "Mapped to com.zbkj.admin.controller.SystemUserLevelController#getList()" }
                    
{
                    "app": "Crmeb",
                    "timestamp":"2026-06-25 16:01:07.411",
                    "level": "DEBUG",
                    "thread": "http-nio-8169-exec-4",
                    "class": "o.s.w.s.m.m.a.RequestMappingHandlerMapping",
                    "message": "Mapped to com.zbkj.admin.controller.UserController#getList(UserSearchRequest, PageParamRequest)" }
                    
{
                    "app": "Crmeb",
                    "timestamp":"2026-06-25 16:01:07.414",
                    "level": "DEBUG",
                    "thread": "http-nio-8169-exec-7",
                    "class": "o.s.w.s.m.m.a.RequestMappingHandlerMapping",
                    "message": "Mapped to com.zbkj.admin.controller.UserGroupController#getList(PageParamRequest)" }
                    
{
                    "app": "Crmeb",
                    "timestamp":"2026-06-25 16:01:07.418",
                    "level": "DEBUG",
                    "thread": "http-nio-8169-exec-15",
                    "class": "o.s.web.servlet.DispatcherServlet",
                    "message": "GET "/api/admin/user/tag/list?page=1&limit=9999&temp=1782374467", parameters={masked}" }
                    
{
                    "app": "Crmeb",
                    "timestamp":"2026-06-25 16:01:07.418",
                    "level": "DEBUG",
                    "thread": "http-nio-8169-exec-15",
                    "class": "o.s.w.s.m.m.a.RequestMappingHandlerMapping",
                    "message": "Mapped to com.zbkj.admin.controller.UserTagController#getList(PageParamRequest)" }
                    
{
                    "app": "Crmeb",
                    "timestamp":"2026-06-25 16:01:07.436",
                    "level": "DEBUG",
                    "thread": "http-nio-8169-exec-14",
                    "class": "o.s.web.servlet.DispatcherServlet",
                    "message": "GET "/api/admin/system/city/list/tree?temp=1782374467", parameters={masked}" }
                    
{
                    "app": "Crmeb",
                    "timestamp":"2026-06-25 16:01:07.443",
                    "level": "DEBUG",
                    "thread": "http-nio-8169-exec-14",
                    "class": "o.s.w.s.m.m.a.RequestMappingHandlerMapping",
                    "message": "Mapped to com.zbkj.admin.controller.SystemCityController#getListTree()" }
                    
{
                    "app": "Crmeb",
                    "timestamp":"2026-06-25 16:01:08.125",
                    "level": "DEBUG",
                    "thread": "http-nio-8169-exec-5",
                    "class": "o.s.w.s.m.m.a.RequestResponseBodyMethodProcessor",
                    "message": "Using 'application/json', given [application/json, text/plain, */*] and supported [application/json, application/*+json, application/json, application/*+json, application/cbor]" }
                    
{
                    "app": "Crmeb",
                    "timestamp":"2026-06-25 16:01:08.125",
                    "level": "DEBUG",
                    "thread": "http-nio-8169-exec-5",
                    "class": "o.s.w.s.m.m.a.RequestResponseBodyMethodProcessor",
                    "message": "Writing [com.zbkj.common.result.CommonResult@b3f9ac5]" }
                    
{
                    "app": "Crmeb",
                    "timestamp":"2026-06-25 16:01:08.135",
                    "level": "DEBUG",
                    "thread": "http-nio-8169-exec-7",
                    "class": "o.s.w.s.m.m.a.RequestResponseBodyMethodProcessor",
                    "message": "Using 'application/json', given [application/json, text/plain, */*] and supported [application/json, application/*+json, application/json, application/*+json, application/cbor]" }
                    
{
                    "app": "Crmeb",
                    "timestamp":"2026-06-25 16:01:08.135",
                    "level": "DEBUG",
                    "thread": "http-nio-8169-exec-7",
                    "class": "o.s.w.s.m.m.a.RequestResponseBodyMethodProcessor",
                    "message": "Writing [com.zbkj.common.result.CommonResult@154e212b]" }
                    
{
                    "app": "Crmeb",
                    "timestamp":"2026-06-25 16:01:08.150",
                    "level": "DEBUG",
                    "thread": "http-nio-8169-exec-15",
                    "class": "o.s.w.s.m.m.a.RequestResponseBodyMethodProcessor",
                    "message": "Using 'application/json', given [application/json, text/plain, */*] and supported [application/json, application/*+json, application/json, application/*+json, application/cbor]" }
                    
{
                    "app": "Crmeb",
                    "timestamp":"2026-06-25 16:01:08.150",
                    "level": "DEBUG",
                    "thread": "http-nio-8169-exec-15",
                    "class": "o.s.w.s.m.m.a.RequestResponseBodyMethodProcessor",
                    "message": "Writing [com.zbkj.common.result.CommonResult@51369356]" }
                    
{
                    "app": "Crmeb",
                    "timestamp":"2026-06-25 16:01:08.246",
                    "level": "DEBUG",
                    "thread": "http-nio-8169-exec-5",
                    "class": "o.s.web.servlet.DispatcherServlet",
                    "message": "Completed 200 OK" }
                    
{
                    "app": "Crmeb",
                    "timestamp":"2026-06-25 16:01:08.266",
                    "level": "DEBUG",
                    "thread": "http-nio-8169-exec-15",
                    "class": "o.s.web.servlet.DispatcherServlet",
                    "message": "Completed 200 OK" }
                    
{
                    "app": "Crmeb",
                    "timestamp":"2026-06-25 16:01:08.267",
                    "level": "DEBUG",
                    "thread": "http-nio-8169-exec-7",
                    "class": "o.s.web.servlet.DispatcherServlet",
                    "message": "Completed 200 OK" }
                    
{
                    "app": "Crmeb",
                    "timestamp":"2026-06-25 16:01:08.368",
                    "level": "DEBUG",
                    "thread": "http-nio-8169-exec-14",
                    "class": "o.s.w.s.m.m.a.RequestResponseBodyMethodProcessor",
                    "message": "Using 'application/json', given [application/json, text/plain, */*] and supported [application/json, application/*+json, application/json, application/*+json, application/cbor]" }
                    
{
                    "app": "Crmeb",
                    "timestamp":"2026-06-25 16:01:08.368",
                    "level": "DEBUG",
                    "thread": "http-nio-8169-exec-14",
                    "class": "o.s.w.s.m.m.a.RequestResponseBodyMethodProcessor",
                    "message": "Writing [com.zbkj.common.result.CommonResult@339c796c]" }
                    
{
                    "app": "Crmeb",
                    "timestamp":"2026-06-25 16:01:08.390",
                    "level": "DEBUG",
                    "thread": "http-nio-8169-exec-14",
                    "class": "o.s.web.servlet.DispatcherServlet",
                    "message": "Completed 200 OK" }
                    
{
                    "app": "Crmeb",
                    "timestamp":"2026-06-25 16:01:09.789",
                    "level": "DEBUG",
                    "thread": "http-nio-8169-exec-4",
                    "class": "o.s.w.s.m.m.a.RequestResponseBodyMethodProcessor",
                    "message": "Using 'application/json', given [application/json, text/plain, */*] and supported [application/json, application/*+json, application/json, application/*+json, application/cbor]" }
                    
{
                    "app": "Crmeb",
                    "timestamp":"2026-06-25 16:01:09.789",
                    "level": "DEBUG",
                    "thread": "http-nio-8169-exec-4",
                    "class": "o.s.w.s.m.m.a.RequestResponseBodyMethodProcessor",
                    "message": "Writing [com.zbkj.common.result.CommonResult@18caf4e7]" }
                    
{
                    "app": "Crmeb",
                    "timestamp":"2026-06-25 16:01:09.819",
                    "level": "DEBUG",
                    "thread": "http-nio-8169-exec-4",
                    "class": "o.s.web.servlet.DispatcherServlet",
                    "message": "Completed 200 OK" }
                    
{
                    "app": "Crmeb",
                    "timestamp":"2026-06-25 16:01:19.486",
                    "level": "DEBUG",
                    "thread": "http-nio-8169-exec-13",
                    "class": "o.s.web.servlet.DispatcherServlet",
                    "message": "GET "/api/admin/user/list?labelId=&userType=routine&sex=&isPromoter=&country=&payCount=&accessType=0&dateLimit=&keywords=&province=&city=&page=1&limit=20&level=&groupId=&temp=1782374479", parameters={masked}" }
                    
{
                    "app": "Crmeb",
                    "timestamp":"2026-06-25 16:01:19.487",
                    "level": "DEBUG",
                    "thread": "http-nio-8169-exec-13",
                    "class": "o.s.w.s.m.m.a.RequestMappingHandlerMapping",
                    "message": "Mapped to com.zbkj.admin.controller.UserController#getList(UserSearchRequest, PageParamRequest)" }
                    
{
                    "app": "Crmeb",
                    "timestamp":"2026-06-25 16:01:19.571",
                    "level": "DEBUG",
                    "thread": "http-nio-8169-exec-13",
                    "class": "o.s.w.s.m.m.a.RequestResponseBodyMethodProcessor",
                    "message": "Using 'application/json', given [application/json, text/plain, */*] and supported [application/json, application/*+json, application/json, application/*+json, application/cbor]" }
                    
{
                    "app": "Crmeb",
                    "timestamp":"2026-06-25 16:01:19.572",
                    "level": "DEBUG",
                    "thread": "http-nio-8169-exec-13",
                    "class": "o.s.w.s.m.m.a.RequestResponseBodyMethodProcessor",
                    "message": "Writing [com.zbkj.common.result.CommonResult@46296002]" }
                    
{
                    "app": "Crmeb",
                    "timestamp":"2026-06-25 16:01:19.572",
                    "level": "DEBUG",
                    "thread": "http-nio-8169-exec-13",
                    "class": "o.s.web.servlet.DispatcherServlet",
                    "message": "Completed 200 OK" }
                    
{
                    "app": "Crmeb",
                    "timestamp":"2026-06-25 16:01:20.324",
                    "level": "DEBUG",
                    "thread": "http-nio-8169-exec-18",
                    "class": "o.s.web.servlet.DispatcherServlet",
                    "message": "GET "/api/admin/user/list?labelId=&userType=wechat&sex=&isPromoter=&country=&payCount=&accessType=0&dateLimit=&keywords=&province=&city=&page=1&limit=20&level=&groupId=&temp=1782374480", parameters={masked}" }
                    
{
                    "app": "Crmeb",
                    "timestamp":"2026-06-25 16:01:20.325",
                    "level": "DEBUG",
                    "thread": "http-nio-8169-exec-18",
                    "class": "o.s.w.s.m.m.a.RequestMappingHandlerMapping",
                    "message": "Mapped to com.zbkj.admin.controller.UserController#getList(UserSearchRequest, PageParamRequest)" }
                    
{
                    "app": "Crmeb",
                    "timestamp":"2026-06-25 16:01:20.370",
                    "level": "DEBUG",
                    "thread": "http-nio-8169-exec-18",
                    "class": "o.s.w.s.m.m.a.RequestResponseBodyMethodProcessor",
                    "message": "Using 'application/json', given [application/json, text/plain, */*] and supported [application/json, application/*+json, application/json, application/*+json, application/cbor]" }
                    
{
                    "app": "Crmeb",
                    "timestamp":"2026-06-25 16:01:20.370",
                    "level": "DEBUG",
                    "thread": "http-nio-8169-exec-18",
                    "class": "o.s.w.s.m.m.a.RequestResponseBodyMethodProcessor",
                    "message": "Writing [com.zbkj.common.result.CommonResult@7c64acc]" }
                    
{
                    "app": "Crmeb",
                    "timestamp":"2026-06-25 16:01:20.370",
                    "level": "DEBUG",
                    "thread": "http-nio-8169-exec-18",
                    "class": "o.s.web.servlet.DispatcherServlet",
                    "message": "Completed 200 OK" }
                    
{
                    "app": "Crmeb",
                    "timestamp":"2026-06-25 16:01:20.948",
                    "level": "DEBUG",
                    "thread": "http-nio-8169-exec-23",
                    "class": "o.s.web.servlet.DispatcherServlet",
                    "message": "GET "/api/admin/user/list?labelId=&userType=&sex=&isPromoter=&country=&payCount=&accessType=0&dateLimit=&keywords=&province=&city=&page=1&limit=20&level=&groupId=&temp=1782374480", parameters={masked}" }
                    
{
                    "app": "Crmeb",
                    "timestamp":"2026-06-25 16:01:20.948",
                    "level": "DEBUG",
                    "thread": "http-nio-8169-exec-23",
                    "class": "o.s.w.s.m.m.a.RequestMappingHandlerMapping",
                    "message": "Mapped to com.zbkj.admin.controller.UserController#getList(UserSearchRequest, PageParamRequest)" }
                    
{
                    "app": "Crmeb",
                    "timestamp":"2026-06-25 16:01:21.213",
                    "level": "DEBUG",
                    "thread": "http-nio-8169-exec-23",
                    "class": "o.s.w.s.m.m.a.RequestResponseBodyMethodProcessor",
                    "message": "Using 'application/json', given [application/json, text/plain, */*] and supported [application/json, application/*+json, application/json, application/*+json, application/cbor]" }
                    
{
                    "app": "Crmeb",
                    "timestamp":"2026-06-25 16:01:21.213",
                    "level": "DEBUG",
                    "thread": "http-nio-8169-exec-23",
                    "class": "o.s.w.s.m.m.a.RequestResponseBodyMethodProcessor",
                    "message": "Writing [com.zbkj.common.result.CommonResult@548d1196]" }
                    
{
                    "app": "Crmeb",
                    "timestamp":"2026-06-25 16:01:21.214",
                    "level": "DEBUG",
                    "thread": "http-nio-8169-exec-23",
                    "class": "o.s.web.servlet.DispatcherServlet",
                    "message": "Completed 200 OK" }
                    
{
                    "app": "Crmeb",
                    "timestamp":"2026-06-25 16:01:26.343",
                    "level": "DEBUG",
                    "thread": "http-nio-8169-exec-16",
                    "class": "o.s.web.servlet.DispatcherServlet",
                    "message": "GET "/api/admin/marketing/coupon/send/list?page=1&limit=10&keywords=&type=1&temp=1782374486", parameters={masked}" }
                    
{
                    "app": "Crmeb",
                    "timestamp":"2026-06-25 16:01:26.344",
                    "level": "DEBUG",
                    "thread": "http-nio-8169-exec-16",
                    "class": "o.s.w.s.m.m.a.RequestMappingHandlerMapping",
                    "message": "Mapped to com.zbkj.admin.controller.StoreCouponController#getSendList(SearchAndPageRequest)" }
                    
{
                    "app": "Crmeb",
                    "timestamp":"2026-06-25 16:01:26.792",
                    "level": "DEBUG",
                    "thread": "http-nio-8169-exec-16",
                    "class": "o.s.w.s.m.m.a.RequestResponseBodyMethodProcessor",
                    "message": "Using 'application/json', given [application/json, text/plain, */*] and supported [application/json, application/*+json, application/json, application/*+json, application/cbor]" }
                    
{
                    "app": "Crmeb",
                    "timestamp":"2026-06-25 16:01:26.793",
                    "level": "DEBUG",
                    "thread": "http-nio-8169-exec-16",
                    "class": "o.s.w.s.m.m.a.RequestResponseBodyMethodProcessor",
                    "message": "Writing [com.zbkj.common.result.CommonResult@52581efb]" }
                    
{
                    "app": "Crmeb",
                    "timestamp":"2026-06-25 16:01:26.815",
                    "level": "DEBUG",
                    "thread": "http-nio-8169-exec-16",
                    "class": "o.s.web.servlet.DispatcherServlet",
                    "message": "Completed 200 OK" }
                    
{
                    "app": "Crmeb",
                    "timestamp":"2026-06-25 16:01:40.704",
                    "level": "DEBUG",
                    "thread": "http-nio-8169-exec-27",
                    "class": "o.s.web.servlet.DispatcherServlet",
                    "message": "GET "/api/admin/user/list?labelId=&userType=wechat&sex=&isPromoter=&country=&payCount=&accessType=0&dateLimit=&keywords=&province=&city=&page=1&limit=20&level=&groupId=&temp=1782374500", parameters={masked}" }
                    
{
                    "app": "Crmeb",
                    "timestamp":"2026-06-25 16:01:40.705",
                    "level": "DEBUG",
                    "thread": "http-nio-8169-exec-27",
                    "class": "o.s.w.s.m.m.a.RequestMappingHandlerMapping",
                    "message": "Mapped to com.zbkj.admin.controller.UserController#getList(UserSearchRequest, PageParamRequest)" }
                    
{
                    "app": "Crmeb",
                    "timestamp":"2026-06-25 16:01:40.761",
                    "level": "DEBUG",
                    "thread": "http-nio-8169-exec-27",
                    "class": "o.s.w.s.m.m.a.RequestResponseBodyMethodProcessor",
                    "message": "Using 'application/json', given [application/json, text/plain, */*] and supported [application/json, application/*+json, application/json, application/*+json, application/cbor]" }
                    
{
                    "app": "Crmeb",
                    "timestamp":"2026-06-25 16:01:40.761",
                    "level": "DEBUG",
                    "thread": "http-nio-8169-exec-27",
                    "class": "o.s.w.s.m.m.a.RequestResponseBodyMethodProcessor",
                    "message": "Writing [com.zbkj.common.result.CommonResult@46f960a8]" }
                    
{
                    "app": "Crmeb",
                    "timestamp":"2026-06-25 16:01:40.761",
                    "level": "DEBUG",
                    "thread": "http-nio-8169-exec-27",
                    "class": "o.s.web.servlet.DispatcherServlet",
                    "message": "Completed 200 OK" }
                    
{
                    "app": "Crmeb",
                    "timestamp":"2026-06-25 16:01:41.617",
                    "level": "DEBUG",
                    "thread": "http-nio-8169-exec-24",
                    "class": "o.s.web.servlet.DispatcherServlet",
                    "message": "GET "/api/admin/user/list?labelId=&userType=routine&sex=&isPromoter=&country=&payCount=&accessType=0&dateLimit=&keywords=&province=&city=&page=1&limit=20&level=&groupId=&temp=1782374501", parameters={masked}" }
                    
{
                    "app": "Crmeb",
                    "timestamp":"2026-06-25 16:01:41.617",
                    "level": "DEBUG",
                    "thread": "http-nio-8169-exec-24",
                    "class": "o.s.w.s.m.m.a.RequestMappingHandlerMapping",
                    "message": "Mapped to com.zbkj.admin.controller.UserController#getList(UserSearchRequest, PageParamRequest)" }
                    
{
                    "app": "Crmeb",
                    "timestamp":"2026-06-25 16:01:41.662",
                    "level": "DEBUG",
                    "thread": "http-nio-8169-exec-24",
                    "class": "o.s.w.s.m.m.a.RequestResponseBodyMethodProcessor",
                    "message": "Using 'application/json', given [application/json, text/plain, */*] and supported [application/json, application/*+json, application/json, application/*+json, application/cbor]" }
                    
{
                    "app": "Crmeb",
                    "timestamp":"2026-06-25 16:01:41.662",
                    "level": "DEBUG",
                    "thread": "http-nio-8169-exec-24",
                    "class": "o.s.w.s.m.m.a.RequestResponseBodyMethodProcessor",
                    "message": "Writing [com.zbkj.common.result.CommonResult@25877be1]" }
                    
{
                    "app": "Crmeb",
                    "timestamp":"2026-06-25 16:01:41.663",
                    "level": "DEBUG",
                    "thread": "http-nio-8169-exec-24",
                    "class": "o.s.web.servlet.DispatcherServlet",
                    "message": "Completed 200 OK" }
                    
{
                    "app": "Crmeb",
                    "timestamp":"2026-06-25 16:01:42.348",
                    "level": "DEBUG",
                    "thread": "http-nio-8169-exec-29",
                    "class": "o.s.web.servlet.DispatcherServlet",
                    "message": "GET "/api/admin/user/list?labelId=&userType=h5&sex=&isPromoter=&country=&payCount=&accessType=0&dateLimit=&keywords=&province=&city=&page=1&limit=20&level=&groupId=&temp=1782374502", parameters={masked}" }
                    
{
                    "app": "Crmeb",
                    "timestamp":"2026-06-25 16:01:42.348",
                    "level": "DEBUG",
                    "thread": "http-nio-8169-exec-29",
                    "class": "o.s.w.s.m.m.a.RequestMappingHandlerMapping",
                    "message": "Mapped to com.zbkj.admin.controller.UserController#getList(UserSearchRequest, PageParamRequest)" }
                    
{
                    "app": "Crmeb",
                    "timestamp":"2026-06-25 16:01:42.600",
                    "level": "DEBUG",
                    "thread": "http-nio-8169-exec-29",
                    "class": "o.s.w.s.m.m.a.RequestResponseBodyMethodProcessor",
                    "message": "Using 'application/json', given [application/json, text/plain, */*] and supported [application/json, application/*+json, application/json, application/*+json, application/cbor]" }
                    
{
                    "app": "Crmeb",
                    "timestamp":"2026-06-25 16:01:42.600",
                    "level": "DEBUG",
                    "thread": "http-nio-8169-exec-29",
                    "class": "o.s.w.s.m.m.a.RequestResponseBodyMethodProcessor",
                    "message": "Writing [com.zbkj.common.result.CommonResult@1e300d11]" }
                    
{
                    "app": "Crmeb",
                    "timestamp":"2026-06-25 16:01:42.600",
                    "level": "DEBUG",
                    "thread": "http-nio-8169-exec-29",
                    "class": "o.s.web.servlet.DispatcherServlet",
                    "message": "Completed 200 OK" }
                    
{
                    "app": "Crmeb",
                    "timestamp":"2026-06-25 16:01:43.585",
                    "level": "DEBUG",
                    "thread": "http-nio-8169-exec-10",
                    "class": "o.s.web.servlet.DispatcherServlet",
                    "message": "GET "/api/admin/user/list?labelId=&userType=&sex=&isPromoter=&country=&payCount=&accessType=0&dateLimit=&keywords=&province=&city=&page=1&limit=20&level=&groupId=&temp=1782374503", parameters={masked}" }
                    
{
                    "app": "Crmeb",
                    "timestamp":"2026-06-25 16:01:43.585",
                    "level": "DEBUG",
                    "thread": "http-nio-8169-exec-10",
                    "class": "o.s.w.s.m.m.a.RequestMappingHandlerMapping",
                    "message": "Mapped to com.zbkj.admin.controller.UserController#getList(UserSearchRequest, PageParamRequest)" }
                    
{
                    "app": "Crmeb",
                    "timestamp":"2026-06-25 16:01:43.854",
                    "level": "DEBUG",
                    "thread": "http-nio-8169-exec-10",
                    "class": "o.s.w.s.m.m.a.RequestResponseBodyMethodProcessor",
                    "message": "Using 'application/json', given [application/json, text/plain, */*] and supported [application/json, application/*+json, application/json, application/*+json, application/cbor]" }
                    
{
                    "app": "Crmeb",
                    "timestamp":"2026-06-25 16:01:43.854",
                    "level": "DEBUG",
                    "thread": "http-nio-8169-exec-10",
                    "class": "o.s.w.s.m.m.a.RequestResponseBodyMethodProcessor",
                    "message": "Writing [com.zbkj.common.result.CommonResult@46bc5288]" }
                    
{
                    "app": "Crmeb",
                    "timestamp":"2026-06-25 16:01:43.854",
                    "level": "DEBUG",
                    "thread": "http-nio-8169-exec-10",
                    "class": "o.s.web.servlet.DispatcherServlet",
                    "message": "Completed 200 OK" }
                    
{
                    "app": "Crmeb",
                    "timestamp":"2026-06-25 16:01:46.012",
                    "level": "DEBUG",
                    "thread": "http-nio-8169-exec-2",
                    "class": "o.s.web.servlet.DispatcherServlet",
                    "message": "GET "/api/admin/system/user/level/list?temp=1782374505", parameters={masked}" }
                    
{
                    "app": "Crmeb",
                    "timestamp":"2026-06-25 16:01:46.013",
                    "level": "DEBUG",
                    "thread": "http-nio-8169-exec-2",
                    "class": "o.s.w.s.m.m.a.RequestMappingHandlerMapping",
                    "message": "Mapped to com.zbkj.admin.controller.SystemUserLevelController#getList()" }
                    
{
                    "app": "Crmeb",
                    "timestamp":"2026-06-25 16:01:46.055",
                    "level": "DEBUG",
                    "thread": "http-nio-8169-exec-2",
                    "class": "o.s.w.s.m.m.a.RequestResponseBodyMethodProcessor",
                    "message": "Using 'application/json', given [application/json, text/plain, */*] and supported [application/json, application/*+json, application/json, application/*+json, application/cbor]" }
                    
{
                    "app": "Crmeb",
                    "timestamp":"2026-06-25 16:01:46.055",
                    "level": "DEBUG",
                    "thread": "http-nio-8169-exec-2",
                    "class": "o.s.w.s.m.m.a.RequestResponseBodyMethodProcessor",
                    "message": "Writing [com.zbkj.common.result.CommonResult@2038ab2]" }
                    
{
                    "app": "Crmeb",
                    "timestamp":"2026-06-25 16:01:46.056",
                    "level": "DEBUG",
                    "thread": "http-nio-8169-exec-2",
                    "class": "o.s.web.servlet.DispatcherServlet",
                    "message": "Completed 200 OK" }
                    
{
                    "app": "Crmeb",
                    "timestamp":"2026-06-25 16:01:48.038",
                    "level": "DEBUG",
                    "thread": "http-nio-8169-exec-7",
                    "class": "o.s.web.servlet.DispatcherServlet",
                    "message": "GET "/api/admin/user/tag/list?page=1&limit=20&temp=1782374507", parameters={masked}" }
                    
{
                    "app": "Crmeb",
                    "timestamp":"2026-06-25 16:01:48.039",
                    "level": "DEBUG",
                    "thread": "http-nio-8169-exec-7",
                    "class": "o.s.w.s.m.m.a.RequestMappingHandlerMapping",
                    "message": "Mapped to com.zbkj.admin.controller.UserTagController#getList(PageParamRequest)" }
                    
{
                    "app": "Crmeb",
                    "timestamp":"2026-06-25 16:01:48.122",
                    "level": "DEBUG",
                    "thread": "http-nio-8169-exec-7",
                    "class": "o.s.w.s.m.m.a.RequestResponseBodyMethodProcessor",
                    "message": "Using 'application/json', given [application/json, text/plain, */*] and supported [application/json, application/*+json, application/json, application/*+json, application/cbor]" }
                    
{
                    "app": "Crmeb",
                    "timestamp":"2026-06-25 16:01:48.122",
                    "level": "DEBUG",
                    "thread": "http-nio-8169-exec-7",
                    "class": "o.s.w.s.m.m.a.RequestResponseBodyMethodProcessor",
                    "message": "Writing [com.zbkj.common.result.CommonResult@ce56a99]" }
                    
{
                    "app": "Crmeb",
                    "timestamp":"2026-06-25 16:01:48.122",
                    "level": "DEBUG",
                    "thread": "http-nio-8169-exec-7",
                    "class": "o.s.web.servlet.DispatcherServlet",
                    "message": "Completed 200 OK" }
                    
{
                    "app": "Crmeb",
                    "timestamp":"2026-06-25 16:01:50.854",
                    "level": "DEBUG",
                    "thread": "http-nio-8169-exec-5",
                    "class": "o.s.web.servlet.DispatcherServlet",
                    "message": "GET "/api/admin/category/list?name=&pid=0&status=-1&type=3&temp=1782374510", parameters={masked}" }
                    
{
                    "app": "Crmeb",
                    "timestamp":"2026-06-25 16:01:50.855",
                    "level": "DEBUG",
                    "thread": "http-nio-8169-exec-5",
                    "class": "o.s.w.s.m.m.a.RequestMappingHandlerMapping",
                    "message": "Mapped to com.zbkj.admin.controller.CategoryController#getList(CategorySearchRequest)" }
                    
{
                    "app": "Crmeb",
                    "timestamp":"2026-06-25 16:01:50.956",
                    "level": "DEBUG",
                    "thread": "http-nio-8169-exec-5",
                    "class": "o.s.w.s.m.m.a.RequestResponseBodyMethodProcessor",
                    "message": "Using 'application/json', given [application/json, text/plain, */*] and supported [application/json, application/*+json, application/json, application/*+json, application/cbor]" }
                    
{
                    "app": "Crmeb",
                    "timestamp":"2026-06-25 16:01:50.956",
                    "level": "DEBUG",
                    "thread": "http-nio-8169-exec-5",
                    "class": "o.s.w.s.m.m.a.RequestResponseBodyMethodProcessor",
                    "message": "Writing [com.zbkj.common.result.CommonResult@79059319]" }
                    
{
                    "app": "Crmeb",
                    "timestamp":"2026-06-25 16:01:50.957",
                    "level": "DEBUG",
                    "thread": "http-nio-8169-exec-5",
                    "class": "o.s.web.servlet.DispatcherServlet",
                    "message": "Completed 200 OK" }
                    
{
                    "app": "Crmeb",
                    "timestamp":"2026-06-25 16:01:53.470",
                    "level": "DEBUG",
                    "thread": "http-nio-8169-exec-13",
                    "class": "o.s.web.servlet.DispatcherServlet",
                    "message": "GET "/api/admin/category/list?status=&type=3&temp=1782374513", parameters={masked}" }
                    
{
                    "app": "Crmeb",
                    "timestamp":"2026-06-25 16:01:53.470",
                    "level": "DEBUG",
                    "thread": "http-nio-8169-exec-12",
                    "class": "o.s.web.servlet.DispatcherServlet",
                    "message": "GET "/api/admin/article/list?page=1&limit=20&temp=1782374513", parameters={masked}" }
                    
{
                    "app": "Crmeb",
                    "timestamp":"2026-06-25 16:01:53.471",
                    "level": "DEBUG",
                    "thread": "http-nio-8169-exec-13",
                    "class": "o.s.w.s.m.m.a.RequestMappingHandlerMapping",
                    "message": "Mapped to com.zbkj.admin.controller.CategoryController#getList(CategorySearchRequest)" }
                    
{
                    "app": "Crmeb",
                    "timestamp":"2026-06-25 16:01:53.471",
                    "level": "DEBUG",
                    "thread": "http-nio-8169-exec-12",
                    "class": "o.s.w.s.m.m.a.RequestMappingHandlerMapping",
                    "message": "Mapped to com.zbkj.admin.controller.ArticleController#getList(ArticleSearchRequest, PageParamRequest)" }
                    
{
                    "app": "Crmeb",
                    "timestamp":"2026-06-25 16:01:53.511",
                    "level": "DEBUG",
                    "thread": "http-nio-8169-exec-13",
                    "class": "o.s.w.s.m.m.a.RequestResponseBodyMethodProcessor",
                    "message": "Using 'application/json', given [application/json, text/plain, */*] and supported [application/json, application/*+json, application/json, application/*+json, application/cbor]" }
                    
{
                    "app": "Crmeb",
                    "timestamp":"2026-06-25 16:01:53.511",
                    "level": "DEBUG",
                    "thread": "http-nio-8169-exec-13",
                    "class": "o.s.w.s.m.m.a.RequestResponseBodyMethodProcessor",
                    "message": "Writing [com.zbkj.common.result.CommonResult@3148536]" }
                    
{
                    "app": "Crmeb",
                    "timestamp":"2026-06-25 16:01:53.512",
                    "level": "DEBUG",
                    "thread": "http-nio-8169-exec-13",
                    "class": "o.s.web.servlet.DispatcherServlet",
                    "message": "Completed 200 OK" }
                    
{
                    "app": "Crmeb",
                    "timestamp":"2026-06-25 16:01:53.842",
                    "level": "DEBUG",
                    "thread": "http-nio-8169-exec-12",
                    "class": "o.s.w.s.m.m.a.RequestResponseBodyMethodProcessor",
                    "message": "Using 'application/json', given [application/json, text/plain, */*] and supported [application/json, application/*+json, application/json, application/*+json, application/cbor]" }
                    
{
                    "app": "Crmeb",
                    "timestamp":"2026-06-25 16:01:53.842",
                    "level": "DEBUG",
                    "thread": "http-nio-8169-exec-12",
                    "class": "o.s.w.s.m.m.a.RequestResponseBodyMethodProcessor",
                    "message": "Writing [com.zbkj.common.result.CommonResult@25085731]" }
                    
{
                    "app": "Crmeb",
                    "timestamp":"2026-06-25 16:01:53.900",
                    "level": "DEBUG",
                    "thread": "http-nio-8169-exec-12",
                    "class": "o.s.web.servlet.DispatcherServlet",
                    "message": "Completed 200 OK" }
                    
{
                    "app": "Crmeb",
                    "timestamp":"2026-06-25 16:02:06.929",
                    "level": "DEBUG",
                    "thread": "http-nio-8169-exec-18",
                    "class": "o.s.web.servlet.DispatcherServlet",
                    "message": "GET "/api/admin/article/delete?id=2&temp=1782374526", parameters={masked}" }
                    
{
                    "app": "Crmeb",
                    "timestamp":"2026-06-25 16:02:06.930",
                    "level": "DEBUG",
                    "thread": "http-nio-8169-exec-18",
                    "class": "o.s.w.s.m.m.a.RequestMappingHandlerMapping",
                    "message": "Mapped to com.zbkj.admin.controller.ArticleController#delete(Integer)" }
                    
{
                    "app": "Crmeb",
                    "timestamp":"2026-06-25 16:02:07.041",
                    "level": "DEBUG",
                    "thread": "http-nio-8169-exec-18",
                    "class": "o.s.w.s.m.m.a.RequestResponseBodyMethodProcessor",
                    "message": "Using 'application/json', given [application/json, text/plain, */*] and supported [application/json, application/*+json, application/json, application/*+json, application/cbor]" }
                    
{
                    "app": "Crmeb",
                    "timestamp":"2026-06-25 16:02:07.041",
                    "level": "DEBUG",
                    "thread": "http-nio-8169-exec-18",
                    "class": "o.s.w.s.m.m.a.RequestResponseBodyMethodProcessor",
                    "message": "Writing [com.zbkj.common.result.CommonResult@4bc97fe5]" }
                    
{
                    "app": "Crmeb",
                    "timestamp":"2026-06-25 16:02:07.042",
                    "level": "DEBUG",
                    "thread": "http-nio-8169-exec-18",
                    "class": "o.s.web.servlet.DispatcherServlet",
                    "message": "Completed 200 OK" }
                    
{
                    "app": "Crmeb",
                    "timestamp":"2026-06-25 16:02:07.075",
                    "level": "DEBUG",
                    "thread": "http-nio-8169-exec-23",
                    "class": "o.s.web.servlet.DispatcherServlet",
                    "message": "GET "/api/admin/article/list?page=1&limit=20&temp=1782374527", parameters={masked}" }
                    
{
                    "app": "Crmeb",
                    "timestamp":"2026-06-25 16:02:07.076",
                    "level": "DEBUG",
                    "thread": "http-nio-8169-exec-23",
                    "class": "o.s.w.s.m.m.a.RequestMappingHandlerMapping",
                    "message": "Mapped to com.zbkj.admin.controller.ArticleController#getList(ArticleSearchRequest, PageParamRequest)" }
                    
{
                    "app": "Crmeb",
                    "timestamp":"2026-06-25 16:02:07.224",
                    "level": "DEBUG",
                    "thread": "http-nio-8169-exec-23",
                    "class": "o.s.w.s.m.m.a.RequestResponseBodyMethodProcessor",
                    "message": "Using 'application/json', given [application/json, text/plain, */*] and supported [application/json, application/*+json, application/json, application/*+json, application/cbor]" }
                    
{
                    "app": "Crmeb",
                    "timestamp":"2026-06-25 16:02:07.225",
                    "level": "DEBUG",
                    "thread": "http-nio-8169-exec-23",
                    "class": "o.s.w.s.m.m.a.RequestResponseBodyMethodProcessor",
                    "message": "Writing [com.zbkj.common.result.CommonResult@29b528d5]" }
                    
{
                    "app": "Crmeb",
                    "timestamp":"2026-06-25 16:02:07.226",
                    "level": "DEBUG",
                    "thread": "http-nio-8169-exec-23",
                    "class": "o.s.web.servlet.DispatcherServlet",
                    "message": "Completed 200 OK" }
                    
{
                    "app": "Crmeb",
                    "timestamp":"2026-06-25 16:02:10.184",
                    "level": "DEBUG",
                    "thread": "http-nio-8169-exec-16",
                    "class": "o.s.web.servlet.DispatcherServlet",
                    "message": "GET "/api/admin/article/delete?id=3&temp=1782374530", parameters={masked}" }
                    
{
                    "app": "Crmeb",
                    "timestamp":"2026-06-25 16:02:10.185",
                    "level": "DEBUG",
                    "thread": "http-nio-8169-exec-16",
                    "class": "o.s.w.s.m.m.a.RequestMappingHandlerMapping",
                    "message": "Mapped to com.zbkj.admin.controller.ArticleController#delete(Integer)" }
                    
{
                    "app": "Crmeb",
                    "timestamp":"2026-06-25 16:02:10.272",
                    "level": "DEBUG",
                    "thread": "http-nio-8169-exec-16",
                    "class": "o.s.w.s.m.m.a.RequestResponseBodyMethodProcessor",
                    "message": "Using 'application/json', given [application/json, text/plain, */*] and supported [application/json, application/*+json, application/json, application/*+json, application/cbor]" }
                    
{
                    "app": "Crmeb",
                    "timestamp":"2026-06-25 16:02:10.272",
                    "level": "DEBUG",
                    "thread": "http-nio-8169-exec-16",
                    "class": "o.s.w.s.m.m.a.RequestResponseBodyMethodProcessor",
                    "message": "Writing [com.zbkj.common.result.CommonResult@6f9bb8bc]" }
                    
{
                    "app": "Crmeb",
                    "timestamp":"2026-06-25 16:02:10.273",
                    "level": "DEBUG",
                    "thread": "http-nio-8169-exec-16",
                    "class": "o.s.web.servlet.DispatcherServlet",
                    "message": "Completed 200 OK" }
                    
{
                    "app": "Crmeb",
                    "timestamp":"2026-06-25 16:02:10.306",
                    "level": "DEBUG",
                    "thread": "http-nio-8169-exec-20",
                    "class": "o.s.web.servlet.DispatcherServlet",
                    "message": "GET "/api/admin/article/list?page=1&limit=20&temp=1782374530", parameters={masked}" }
                    
{
                    "app": "Crmeb",
                    "timestamp":"2026-06-25 16:02:10.307",
                    "level": "DEBUG",
                    "thread": "http-nio-8169-exec-20",
                    "class": "o.s.w.s.m.m.a.RequestMappingHandlerMapping",
                    "message": "Mapped to com.zbkj.admin.controller.ArticleController#getList(ArticleSearchRequest, PageParamRequest)" }
                    
{
                    "app": "Crmeb",
                    "timestamp":"2026-06-25 16:02:10.422",
                    "level": "DEBUG",
                    "thread": "http-nio-8169-exec-20",
                    "class": "o.s.w.s.m.m.a.RequestResponseBodyMethodProcessor",
                    "message": "Using 'application/json', given [application/json, text/plain, */*] and supported [application/json, application/*+json, application/json, application/*+json, application/cbor]" }
                    
{
                    "app": "Crmeb",
                    "timestamp":"2026-06-25 16:02:10.422",
                    "level": "DEBUG",
                    "thread": "http-nio-8169-exec-20",
                    "class": "o.s.w.s.m.m.a.RequestResponseBodyMethodProcessor",
                    "message": "Writing [com.zbkj.common.result.CommonResult@30a24fe9]" }
                    
{
                    "app": "Crmeb",
                    "timestamp":"2026-06-25 16:02:10.422",
                    "level": "DEBUG",
                    "thread": "http-nio-8169-exec-20",
                    "class": "o.s.web.servlet.DispatcherServlet",
                    "message": "Completed 200 OK" }
                    
{
                    "app": "Crmeb",
                    "timestamp":"2026-06-25 16:02:18.501",
                    "level": "DEBUG",
                    "thread": "http-nio-8169-exec-1",
                    "class": "o.s.web.servlet.DispatcherServlet",
                    "message": "GET "/api/admin/article/delete?id=5&temp=1782374538", parameters={masked}" }
                    
{
                    "app": "Crmeb",
                    "timestamp":"2026-06-25 16:02:18.503",
                    "level": "DEBUG",
                    "thread": "http-nio-8169-exec-1",
                    "class": "o.s.w.s.m.m.a.RequestMappingHandlerMapping",
                    "message": "Mapped to com.zbkj.admin.controller.ArticleController#delete(Integer)" }
                    
{
                    "app": "Crmeb",
                    "timestamp":"2026-06-25 16:02:18.598",
                    "level": "DEBUG",
                    "thread": "http-nio-8169-exec-1",
                    "class": "o.s.w.s.m.m.a.RequestResponseBodyMethodProcessor",
                    "message": "Using 'application/json', given [application/json, text/plain, */*] and supported [application/json, application/*+json, application/json, application/*+json, application/cbor]" }
                    
{
                    "app": "Crmeb",
                    "timestamp":"2026-06-25 16:02:18.599",
                    "level": "DEBUG",
                    "thread": "http-nio-8169-exec-1",
                    "class": "o.s.w.s.m.m.a.RequestResponseBodyMethodProcessor",
                    "message": "Writing [com.zbkj.common.result.CommonResult@16555beb]" }
                    
{
                    "app": "Crmeb",
                    "timestamp":"2026-06-25 16:02:18.599",
                    "level": "DEBUG",
                    "thread": "http-nio-8169-exec-1",
                    "class": "o.s.web.servlet.DispatcherServlet",
                    "message": "Completed 200 OK" }
                    
{
                    "app": "Crmeb",
                    "timestamp":"2026-06-25 16:02:18.630",
                    "level": "DEBUG",
                    "thread": "http-nio-8169-exec-25",
                    "class": "o.s.web.servlet.DispatcherServlet",
                    "message": "GET "/api/admin/article/list?page=1&limit=20&temp=1782374538", parameters={masked}" }
                    
{
                    "app": "Crmeb",
                    "timestamp":"2026-06-25 16:02:18.631",
                    "level": "DEBUG",
                    "thread": "http-nio-8169-exec-25",
                    "class": "o.s.w.s.m.m.a.RequestMappingHandlerMapping",
                    "message": "Mapped to com.zbkj.admin.controller.ArticleController#getList(ArticleSearchRequest, PageParamRequest)" }
                    
{
                    "app": "Crmeb",
                    "timestamp":"2026-06-25 16:02:18.736",
                    "level": "DEBUG",
                    "thread": "http-nio-8169-exec-25",
                    "class": "o.s.w.s.m.m.a.RequestResponseBodyMethodProcessor",
                    "message": "Using 'application/json', given [application/json, text/plain, */*] and supported [application/json, application/*+json, application/json, application/*+json, application/cbor]" }
                    
{
                    "app": "Crmeb",
                    "timestamp":"2026-06-25 16:02:18.736",
                    "level": "DEBUG",
                    "thread": "http-nio-8169-exec-25",
                    "class": "o.s.w.s.m.m.a.RequestResponseBodyMethodProcessor",
                    "message": "Writing [com.zbkj.common.result.CommonResult@98d8d6e]" }
                    
{
                    "app": "Crmeb",
                    "timestamp":"2026-06-25 16:02:18.736",
                    "level": "DEBUG",
                    "thread": "http-nio-8169-exec-25",
                    "class": "o.s.web.servlet.DispatcherServlet",
                    "message": "Completed 200 OK" }
                    
{
                    "app": "Crmeb",
                    "timestamp":"2026-06-25 16:02:22.693",
                    "level": "DEBUG",
                    "thread": "http-nio-8169-exec-21",
                    "class": "o.s.web.servlet.DispatcherServlet",
                    "message": "GET "/api/admin/wechat/keywords/reply/info/keywords?keywords=subscribe&temp=1782374542", parameters={masked}" }
                    
{
                    "app": "Crmeb",
                    "timestamp":"2026-06-25 16:02:22.694",
                    "level": "DEBUG",
                    "thread": "http-nio-8169-exec-21",
                    "class": "o.s.w.s.m.m.a.RequestMappingHandlerMapping",
                    "message": "Mapped to com.zbkj.admin.controller.WechatReplyController#info(String)" }
                    
{
                    "app": "Crmeb",
                    "timestamp":"2026-06-25 16:02:22.846",
                    "level": "DEBUG",
                    "thread": "http-nio-8169-exec-21",
                    "class": "o.s.w.s.m.m.a.RequestResponseBodyMethodProcessor",
                    "message": "Using 'application/json', given [application/json, text/plain, */*] and supported [application/json, application/*+json, application/json, application/*+json, application/cbor]" }
                    
{
                    "app": "Crmeb",
                    "timestamp":"2026-06-25 16:02:22.846",
                    "level": "DEBUG",
                    "thread": "http-nio-8169-exec-21",
                    "class": "o.s.w.s.m.m.a.RequestResponseBodyMethodProcessor",
                    "message": "Writing [com.zbkj.common.result.CommonResult@4853f7b7]" }
                    
{
                    "app": "Crmeb",
                    "timestamp":"2026-06-25 16:02:22.848",
                    "level": "DEBUG",
                    "thread": "http-nio-8169-exec-21",
                    "class": "o.s.web.servlet.DispatcherServlet",
                    "message": "Completed 200 OK" }
                    
{
                    "app": "Crmeb",
                    "timestamp":"2026-06-25 16:02:24.770",
                    "level": "DEBUG",
                    "thread": "http-nio-8169-exec-6",
                    "class": "o.s.web.servlet.DispatcherServlet",
                    "message": "GET "/api/admin/wechat/keywords/reply/list?page=1&limit=20&keywords=&type=&temp=1782374544", parameters={masked}" }
                    
{
                    "app": "Crmeb",
                    "timestamp":"2026-06-25 16:02:24.785",
                    "level": "DEBUG",
                    "thread": "http-nio-8169-exec-6",
                    "class": "o.s.w.s.m.m.a.RequestMappingHandlerMapping",
                    "message": "Mapped to com.zbkj.admin.controller.WechatReplyController#getList(WechatReplySearchRequest, PageParamRequest)" }
                    
{
                    "app": "Crmeb",
                    "timestamp":"2026-06-25 16:02:24.915",
                    "level": "DEBUG",
                    "thread": "http-nio-8169-exec-6",
                    "class": "o.s.w.s.m.m.a.RequestResponseBodyMethodProcessor",
                    "message": "Using 'application/json', given [application/json, text/plain, */*] and supported [application/json, application/*+json, application/json, application/*+json, application/cbor]" }
                    
{
                    "app": "Crmeb",
                    "timestamp":"2026-06-25 16:02:24.916",
                    "level": "DEBUG",
                    "thread": "http-nio-8169-exec-6",
                    "class": "o.s.w.s.m.m.a.RequestResponseBodyMethodProcessor",
                    "message": "Writing [com.zbkj.common.result.CommonResult@71670fe2]" }
                    
{
                    "app": "Crmeb",
                    "timestamp":"2026-06-25 16:02:24.917",
                    "level": "DEBUG",
                    "thread": "http-nio-8169-exec-6",
                    "class": "o.s.web.servlet.DispatcherServlet",
                    "message": "Completed 200 OK" }
                    
{
                    "app": "Crmeb",
                    "timestamp":"2026-06-25 16:02:25.796",
                    "level": "DEBUG",
                    "thread": "http-nio-8169-exec-29",
                    "class": "o.s.web.servlet.DispatcherServlet",
                    "message": "GET "/api/admin/wechat/keywords/reply/info/keywords?keywords=default&temp=1782374545", parameters={masked}" }
                    
{
                    "app": "Crmeb",
                    "timestamp":"2026-06-25 16:02:25.796",
                    "level": "DEBUG",
                    "thread": "http-nio-8169-exec-29",
                    "class": "o.s.w.s.m.m.a.RequestMappingHandlerMapping",
                    "message": "Mapped to com.zbkj.admin.controller.WechatReplyController#info(String)" }
                    
{
                    "app": "Crmeb",
                    "timestamp":"2026-06-25 16:02:25.843",
                    "level": "DEBUG",
                    "thread": "http-nio-8169-exec-29",
                    "class": "o.s.w.s.m.m.a.RequestResponseBodyMethodProcessor",
                    "message": "Using 'application/json', given [application/json, text/plain, */*] and supported [application/json, application/*+json, application/json, application/*+json, application/cbor]" }
                    
{
                    "app": "Crmeb",
                    "timestamp":"2026-06-25 16:02:25.843",
                    "level": "DEBUG",
                    "thread": "http-nio-8169-exec-29",
                    "class": "o.s.w.s.m.m.a.RequestResponseBodyMethodProcessor",
                    "message": "Writing [com.zbkj.common.result.CommonResult@7d7fc20]" }
                    
{
                    "app": "Crmeb",
                    "timestamp":"2026-06-25 16:02:25.844",
                    "level": "DEBUG",
                    "thread": "http-nio-8169-exec-29",
                    "class": "o.s.web.servlet.DispatcherServlet",
                    "message": "Completed 200 OK" }
                    
{
                    "app": "Crmeb",
                    "timestamp":"2026-06-25 16:02:26.487",
                    "level": "DEBUG",
                    "thread": "http-nio-8169-exec-10",
                    "class": "o.s.web.servlet.DispatcherServlet",
                    "message": "GET "/api/admin/wechat/menu/public/get?temp=1782374546", parameters={masked}" }
                    
{
                    "app": "Crmeb",
                    "timestamp":"2026-06-25 16:02:26.487",
                    "level": "DEBUG",
                    "thread": "http-nio-8169-exec-10",
                    "class": "o.s.w.s.m.m.a.RequestMappingHandlerMapping",
                    "message": "Mapped to com.zbkj.admin.controller.WeChatController#get()" }
                    
{
                    "app": "Crmeb",
                    "timestamp":"2026-06-25 16:02:26.639",
                    "level": "DEBUG",
                    "thread": "http-nio-8169-exec-10",
                    "class": "o.s.web.client.RestTemplate",
                    "message": "HTTP GET https://api.weixin.qq.com/cgi-bin/token?grant_type=client_credential&appid=111111&secret=111111" }
                    
{
                    "app": "Crmeb",
                    "timestamp":"2026-06-25 16:02:26.639",
                    "level": "DEBUG",
                    "thread": "http-nio-8169-exec-10",
                    "class": "o.s.web.client.RestTemplate",
                    "message": "Accept=[application/json, application/cbor, application/*+json, text/plain, text/html]" }
                    
{
                    "app": "Crmeb",
                    "timestamp":"2026-06-25 16:02:26.877",
                    "level": "DEBUG",
                    "thread": "http-nio-8169-exec-10",
                    "class": "o.s.web.client.RestTemplate",
                    "message": "Response 200 OK" }
                    
{
                    "app": "Crmeb",
                    "timestamp":"2026-06-25 16:02:26.878",
                    "level": "DEBUG",
                    "thread": "http-nio-8169-exec-10",
                    "class": "o.s.web.client.RestTemplate",
                    "message": "Reading to [com.alibaba.fastjson.JSONObject]" }
                    
{
                    "app": "Crmeb",
                    "timestamp":"2026-06-25 16:02:27.028",
                    "level": "DEBUG",
                    "thread": "http-nio-8169-exec-10",
                    "class": "o.s.w.s.m.m.a.ExceptionHandlerExceptionResolver",
                    "message": "Using @ExceptionHandler com.zbkj.service.exception.GlobalExceptionHandler#defaultExceptionHandler(HttpServletRequest, Exception)" }
                    
{
                    "app": "Crmeb",
                    "timestamp":"2026-06-25 16:02:27.074",
                    "level": "DEBUG",
                    "thread": "http-nio-8169-exec-10",
                    "class": "o.s.w.s.m.m.a.RequestResponseBodyMethodProcessor",
                    "message": "Using 'application/json', given [application/json, text/plain, */*] and supported [application/json, application/*+json, application/json, application/*+json, application/cbor]" }
                    
{
                    "app": "Crmeb",
                    "timestamp":"2026-06-25 16:02:27.074",
                    "level": "DEBUG",
                    "thread": "http-nio-8169-exec-10",
                    "class": "o.s.w.s.m.m.a.RequestResponseBodyMethodProcessor",
                    "message": "Writing [com.zbkj.common.result.CommonResult@7368a6f3]" }
                    
{
                    "app": "Crmeb",
                    "timestamp":"2026-06-25 16:02:27.074",
                    "level": "DEBUG",
                    "thread": "http-nio-8169-exec-10",
                    "class": "o.s.w.s.m.m.a.ExceptionHandlerExceptionResolver",
                    "message": "Resolved [com.zbkj.common.exception.CrmebException: 微信接口调用失败：40013invalid appid rid: 6a3ce092-0db0453e-45fe3fa3]" }
                    
{
                    "app": "Crmeb",
                    "timestamp":"2026-06-25 16:02:27.074",
                    "level": "DEBUG",
                    "thread": "http-nio-8169-exec-10",
                    "class": "o.s.web.servlet.DispatcherServlet",
                    "message": "Completed 200 OK" }
                    
{
                    "app": "Crmeb",
                    "timestamp":"2026-06-25 16:02:30.668",
                    "level": "DEBUG",
                    "thread": "http-nio-8169-exec-7",
                    "class": "o.s.web.servlet.DispatcherServlet",
                    "message": "GET "/api/admin/system/config/info?formId=109&temp=1782374550", parameters={masked}" }
                    
{
                    "app": "Crmeb",
                    "timestamp":"2026-06-25 16:02:30.670",
                    "level": "DEBUG",
                    "thread": "http-nio-8169-exec-7",
                    "class": "o.s.w.s.m.m.a.RequestMappingHandlerMapping",
                    "message": "Mapped to com.zbkj.admin.controller.SystemConfigController#info(Integer)" }
                    
{
                    "app": "Crmeb",
                    "timestamp":"2026-06-25 16:02:30.714",
                    "level": "DEBUG",
                    "thread": "http-nio-8169-exec-7",
                    "class": "o.s.w.s.m.m.a.RequestResponseBodyMethodProcessor",
                    "message": "Using 'application/json', given [application/json, text/plain, */*] and supported [application/json, application/*+json, application/json, application/*+json, application/cbor]" }
                    
{
                    "app": "Crmeb",
                    "timestamp":"2026-06-25 16:02:30.714",
                    "level": "DEBUG",
                    "thread": "http-nio-8169-exec-7",
                    "class": "o.s.w.s.m.m.a.RequestResponseBodyMethodProcessor",
                    "message": "Writing [com.zbkj.common.result.CommonResult@2912fb86]" }
                    
{
                    "app": "Crmeb",
                    "timestamp":"2026-06-25 16:02:30.715",
                    "level": "DEBUG",
                    "thread": "http-nio-8169-exec-7",
                    "class": "o.s.web.servlet.DispatcherServlet",
                    "message": "Completed 200 OK" }
                    
{
                    "app": "Crmeb",
                    "timestamp":"2026-06-25 16:02:30.830",
                    "level": "DEBUG",
                    "thread": "http-nio-8169-exec-5",
                    "class": "o.s.web.servlet.DispatcherServlet",
                    "message": "GET "/api/admin/system/form/temp/info?id=109&temp=1782374550", parameters={masked}" }
                    
{
                    "app": "Crmeb",
                    "timestamp":"2026-06-25 16:02:30.831",
                    "level": "DEBUG",
                    "thread": "http-nio-8169-exec-5",
                    "class": "o.s.w.s.m.m.a.RequestMappingHandlerMapping",
                    "message": "Mapped to com.zbkj.admin.controller.SystemFormTempController#info(Integer)" }
                    
{
                    "app": "Crmeb",
                    "timestamp":"2026-06-25 16:02:30.872",
                    "level": "DEBUG",
                    "thread": "http-nio-8169-exec-5",
                    "class": "o.s.w.s.m.m.a.RequestResponseBodyMethodProcessor",
                    "message": "Using 'application/json', given [application/json, text/plain, */*] and supported [application/json, application/*+json, application/json, application/*+json, application/cbor]" }
                    
{
                    "app": "Crmeb",
                    "timestamp":"2026-06-25 16:02:30.872",
                    "level": "DEBUG",
                    "thread": "http-nio-8169-exec-5",
                    "class": "o.s.w.s.m.m.a.RequestResponseBodyMethodProcessor",
                    "message": "Writing [com.zbkj.common.result.CommonResult@36d485f0]" }
                    
{
                    "app": "Crmeb",
                    "timestamp":"2026-06-25 16:02:30.873",
                    "level": "DEBUG",
                    "thread": "http-nio-8169-exec-5",
                    "class": "o.s.web.servlet.DispatcherServlet",
                    "message": "Completed 200 OK" }
                    
{
                    "app": "Crmeb",
                    "timestamp":"2026-06-25 16:02:34.913",
                    "level": "DEBUG",
                    "thread": "http-nio-8169-exec-4",
                    "class": "o.s.web.servlet.DispatcherServlet",
                    "message": "GET "/api/admin/activitystyle/list?page=1&limit=20&name=&runningStatus=&starttime=&endtime=&type=1&temp=1782374554", parameters={masked}" }
                    
{
                    "app": "Crmeb",
                    "timestamp":"2026-06-25 16:02:34.913",
                    "level": "DEBUG",
                    "thread": "http-nio-8169-exec-4",
                    "class": "o.s.w.s.m.m.a.RequestMappingHandlerMapping",
                    "message": "Mapped to com.zbkj.admin.controller.ActivityStyleController#getList(ActivityStyleSearchRequest, PageParamRequest)" }
                    
{
                    "app": "Crmeb",
                    "timestamp":"2026-06-25 16:02:35.448",
                    "level": "DEBUG",
                    "thread": "http-nio-8169-exec-4",
                    "class": "o.s.w.s.m.m.a.RequestResponseBodyMethodProcessor",
                    "message": "Using 'application/json', given [application/json, text/plain, */*] and supported [application/json, application/*+json, application/json, application/*+json, application/cbor]" }
                    
{
                    "app": "Crmeb",
                    "timestamp":"2026-06-25 16:02:35.448",
                    "level": "DEBUG",
                    "thread": "http-nio-8169-exec-4",
                    "class": "o.s.w.s.m.m.a.RequestResponseBodyMethodProcessor",
                    "message": "Writing [com.zbkj.common.result.CommonResult@3c869052]" }
                    
{
                    "app": "Crmeb",
                    "timestamp":"2026-06-25 16:02:35.448",
                    "level": "DEBUG",
                    "thread": "http-nio-8169-exec-4",
                    "class": "o.s.web.servlet.DispatcherServlet",
                    "message": "Completed 200 OK" }
                    
{
                    "app": "Crmeb",
                    "timestamp":"2026-06-25 16:02:35.931",
                    "level": "DEBUG",
                    "thread": "http-nio-8169-exec-12",
                    "class": "o.s.web.servlet.DispatcherServlet",
                    "message": "GET "/api/admin/activitystyle/list?page=1&limit=20&name=&runningStatus=&starttime=&endtime=&type=0&temp=1782374555", parameters={masked}" }
                    
{
                    "app": "Crmeb",
                    "timestamp":"2026-06-25 16:02:35.931",
                    "level": "DEBUG",
                    "thread": "http-nio-8169-exec-12",
                    "class": "o.s.w.s.m.m.a.RequestMappingHandlerMapping",
                    "message": "Mapped to com.zbkj.admin.controller.ActivityStyleController#getList(ActivityStyleSearchRequest, PageParamRequest)" }
                    
{
                    "app": "Crmeb",
                    "timestamp":"2026-06-25 16:02:36.023",
                    "level": "DEBUG",
                    "thread": "http-nio-8169-exec-12",
                    "class": "o.s.w.s.m.m.a.RequestResponseBodyMethodProcessor",
                    "message": "Using 'application/json', given [application/json, text/plain, */*] and supported [application/json, application/*+json, application/json, application/*+json, application/cbor]" }
                    
{
                    "app": "Crmeb",
                    "timestamp":"2026-06-25 16:02:36.023",
                    "level": "DEBUG",
                    "thread": "http-nio-8169-exec-12",
                    "class": "o.s.w.s.m.m.a.RequestResponseBodyMethodProcessor",
                    "message": "Writing [com.zbkj.common.result.CommonResult@1bf5a892]" }
                    
{
                    "app": "Crmeb",
                    "timestamp":"2026-06-25 16:02:36.024",
                    "level": "DEBUG",
                    "thread": "http-nio-8169-exec-12",
                    "class": "o.s.web.servlet.DispatcherServlet",
                    "message": "Completed 200 OK" }
                    
{
                    "app": "Crmeb",
                    "timestamp":"2026-06-25 16:02:46.004",
                    "level": "DEBUG",
                    "thread": "http-nio-8169-exec-18",
                    "class": "o.s.web.servlet.DispatcherServlet",
                    "message": "GET "/api/admin/store/retail/spread/manage/get?temp=1782374565", parameters={masked}" }
                    
{
                    "app": "Crmeb",
                    "timestamp":"2026-06-25 16:02:46.005",
                    "level": "DEBUG",
                    "thread": "http-nio-8169-exec-18",
                    "class": "o.s.w.s.m.m.a.RequestMappingHandlerMapping",
                    "message": "Mapped to com.zbkj.admin.controller.RetailShopController#getSpreadInfo()" }
                    
{
                    "app": "Crmeb",
                    "timestamp":"2026-06-25 16:02:46.427",
                    "level": "DEBUG",
                    "thread": "http-nio-8169-exec-18",
                    "class": "o.s.w.s.m.m.a.RequestResponseBodyMethodProcessor",
                    "message": "Using 'application/json', given [application/json, text/plain, */*] and supported [application/json, application/*+json, application/json, application/*+json, application/cbor]" }
                    
{
                    "app": "Crmeb",
                    "timestamp":"2026-06-25 16:02:46.427",
                    "level": "DEBUG",
                    "thread": "http-nio-8169-exec-18",
                    "class": "o.s.w.s.m.m.a.RequestResponseBodyMethodProcessor",
                    "message": "Writing [com.zbkj.common.result.CommonResult@180bc8a1]" }
                    
{
                    "app": "Crmeb",
                    "timestamp":"2026-06-25 16:02:46.443",
                    "level": "DEBUG",
                    "thread": "http-nio-8169-exec-18",
                    "class": "o.s.web.servlet.DispatcherServlet",
                    "message": "Completed 200 OK" }
                    
{
                    "app": "Crmeb",
                    "timestamp":"2026-06-25 16:02:48.000",
                    "level": "DEBUG",
                    "thread": "http-nio-8169-exec-23",
                    "class": "o.s.web.servlet.DispatcherServlet",
                    "message": "GET "/api/admin/store/retail/list?dateLimit=&keywords=&page=1&limit=20&temp=1782374567", parameters={masked}" }
                    
{
                    "app": "Crmeb",
                    "timestamp":"2026-06-25 16:02:48.000",
                    "level": "DEBUG",
                    "thread": "http-nio-8169-exec-23",
                    "class": "o.s.w.s.m.m.a.RequestMappingHandlerMapping",
                    "message": "Mapped to com.zbkj.admin.controller.RetailShopController#getList(String, String, PageParamRequest)" }
                    
{
                    "app": "Crmeb",
                    "timestamp":"2026-06-25 16:02:48.322",
                    "level": "DEBUG",
                    "thread": "http-nio-8169-exec-23",
                    "class": "o.s.w.s.m.m.a.RequestResponseBodyMethodProcessor",
                    "message": "Using 'application/json', given [application/json, text/plain, */*] and supported [application/json, application/*+json, application/json, application/*+json, application/cbor]" }
                    
{
                    "app": "Crmeb",
                    "timestamp":"2026-06-25 16:02:48.323",
                    "level": "DEBUG",
                    "thread": "http-nio-8169-exec-23",
                    "class": "o.s.w.s.m.m.a.RequestResponseBodyMethodProcessor",
                    "message": "Writing [com.zbkj.common.result.CommonResult@5b2ef079]" }
                    
{
                    "app": "Crmeb",
                    "timestamp":"2026-06-25 16:02:48.324",
                    "level": "DEBUG",
                    "thread": "http-nio-8169-exec-23",
                    "class": "o.s.web.servlet.DispatcherServlet",
                    "message": "Completed 200 OK" }
                    
{
                    "app": "Crmeb",
                    "timestamp":"2026-06-25 16:02:50.729",
                    "level": "DEBUG",
                    "thread": "http-nio-8169-exec-16",
                    "class": "o.s.web.servlet.DispatcherServlet",
                    "message": "POST "/api/admin/store/retail/spread/userlist?page=1&limit=10", parameters={masked}" }
                    
{
                    "app": "Crmeb",
                    "timestamp":"2026-06-25 16:02:50.730",
                    "level": "DEBUG",
                    "thread": "http-nio-8169-exec-16",
                    "class": "o.s.w.s.m.m.a.RequestMappingHandlerMapping",
                    "message": "Mapped to com.zbkj.admin.controller.RetailShopController#getUserListBySpreadLevel(RetailShopStairUserRequest, PageParamRequest)" }
                    
{
                    "app": "Crmeb",
                    "timestamp":"2026-06-25 16:02:50.731",
                    "level": "DEBUG",
                    "thread": "http-nio-8169-exec-16",
                    "class": "o.s.w.s.m.m.a.RequestResponseBodyMethodProcessor",
                    "message": "Read "application/json;charset=UTF-8" to [RetailShopStairUserRequest(nickName=, dateLimit=, type=0, uid=42)]" }
                    
{
                    "app": "Crmeb",
                    "timestamp":"2026-06-25 16:02:50.779",
                    "level": "DEBUG",
                    "thread": "http-nio-8169-exec-16",
                    "class": "o.s.w.s.m.m.a.RequestResponseBodyMethodProcessor",
                    "message": "Using 'application/json', given [application/json, text/plain, */*] and supported [application/json, application/*+json, application/json, application/*+json, application/cbor]" }
                    
{
                    "app": "Crmeb",
                    "timestamp":"2026-06-25 16:02:50.779",
                    "level": "DEBUG",
                    "thread": "http-nio-8169-exec-16",
                    "class": "o.s.w.s.m.m.a.RequestResponseBodyMethodProcessor",
                    "message": "Writing [com.zbkj.common.result.CommonResult@705461a0]" }
                    
{
                    "app": "Crmeb",
                    "timestamp":"2026-06-25 16:02:50.780",
                    "level": "DEBUG",
                    "thread": "http-nio-8169-exec-16",
                    "class": "o.s.web.servlet.DispatcherServlet",
                    "message": "Completed 200 OK" }
                    
{
                    "app": "Crmeb",
                    "timestamp":"2026-06-25 16:03:00.917",
                    "level": "DEBUG",
                    "thread": "http-nio-8169-exec-20",
                    "class": "o.s.web.servlet.DispatcherServlet",
                    "message": "POST "/api/admin/store/retail/spread/orderlist?page=1&limit=10", parameters={masked}" }
                    
{
                    "app": "Crmeb",
                    "timestamp":"2026-06-25 16:03:00.918",
                    "level": "DEBUG",
                    "thread": "http-nio-8169-exec-20",
                    "class": "o.s.w.s.m.m.a.RequestMappingHandlerMapping",
                    "message": "Mapped to com.zbkj.admin.controller.RetailShopController#getOrdersBySpreadLevel(RetailShopStairUserRequest, PageParamRequest)" }
                    
{
                    "app": "Crmeb",
                    "timestamp":"2026-06-25 16:03:00.919",
                    "level": "DEBUG",
                    "thread": "http-nio-8169-exec-20",
                    "class": "o.s.w.s.m.m.a.RequestResponseBodyMethodProcessor",
                    "message": "Read "application/json;charset=UTF-8" to [RetailShopStairUserRequest(nickName=, dateLimit=, type=0, uid=42)]" }
                    
{
                    "app": "Crmeb",
                    "timestamp":"2026-06-25 16:03:00.967",
                    "level": "DEBUG",
                    "thread": "http-nio-8169-exec-20",
                    "class": "o.s.w.s.m.m.a.RequestResponseBodyMethodProcessor",
                    "message": "Using 'application/json', given [application/json, text/plain, */*] and supported [application/json, application/*+json, application/json, application/*+json, application/cbor]" }
                    
{
                    "app": "Crmeb",
                    "timestamp":"2026-06-25 16:03:00.968",
                    "level": "DEBUG",
                    "thread": "http-nio-8169-exec-20",
                    "class": "o.s.w.s.m.m.a.RequestResponseBodyMethodProcessor",
                    "message": "Writing [com.zbkj.common.result.CommonResult@52221b3]" }
                    
{
                    "app": "Crmeb",
                    "timestamp":"2026-06-25 16:03:00.969",
                    "level": "DEBUG",
                    "thread": "http-nio-8169-exec-20",
                    "class": "o.s.web.servlet.DispatcherServlet",
                    "message": "Completed 200 OK" }
                    
{
                    "app": "Crmeb",
                    "timestamp":"2026-06-25 16:03:17.215",
                    "level": "DEBUG",
                    "thread": "http-nio-8169-exec-30",
                    "class": "o.s.web.servlet.DispatcherServlet",
                    "message": "GET "/api/admin/finance/apply/list?extractType=&status=&dateLimit=&keywords=&page=1&limit=20&temp=1782374597", parameters={masked}" }
                    
{
                    "app": "Crmeb",
                    "timestamp":"2026-06-25 16:03:17.215",
                    "level": "DEBUG",
                    "thread": "http-nio-8169-exec-25",
                    "class": "o.s.web.servlet.DispatcherServlet",
                    "message": "POST "/api/admin/finance/apply/balance?dateLimit=", parameters={masked}" }
                    
{
                    "app": "Crmeb",
                    "timestamp":"2026-06-25 16:03:17.216",
                    "level": "DEBUG",
                    "thread": "http-nio-8169-exec-30",
                    "class": "o.s.w.s.m.m.a.RequestMappingHandlerMapping",
                    "message": "Mapped to com.zbkj.admin.controller.UserExtractController#getList(UserExtractSearchRequest, PageParamRequest)" }
                    
{
                    "app": "Crmeb",
                    "timestamp":"2026-06-25 16:03:17.216",
                    "level": "DEBUG",
                    "thread": "http-nio-8169-exec-25",
                    "class": "o.s.w.s.m.m.a.RequestMappingHandlerMapping",
                    "message": "Mapped to com.zbkj.admin.controller.UserExtractController#balance(String)" }
                    
{
                    "app": "Crmeb",
                    "timestamp":"2026-06-25 16:03:17.353",
                    "level": "DEBUG",
                    "thread": "http-nio-8169-exec-30",
                    "class": "o.s.w.s.m.m.a.RequestResponseBodyMethodProcessor",
                    "message": "Using 'application/json', given [application/json, text/plain, */*] and supported [application/json, application/*+json, application/json, application/*+json, application/cbor]" }
                    
{
                    "app": "Crmeb",
                    "timestamp":"2026-06-25 16:03:17.353",
                    "level": "DEBUG",
                    "thread": "http-nio-8169-exec-30",
                    "class": "o.s.w.s.m.m.a.RequestResponseBodyMethodProcessor",
                    "message": "Writing [com.zbkj.common.result.CommonResult@25252714]" }
                    
{
                    "app": "Crmeb",
                    "timestamp":"2026-06-25 16:03:17.354",
                    "level": "DEBUG",
                    "thread": "http-nio-8169-exec-30",
                    "class": "o.s.web.servlet.DispatcherServlet",
                    "message": "Completed 200 OK" }
                    
{
                    "app": "Crmeb",
                    "timestamp":"2026-06-25 16:03:17.487",
                    "level": "DEBUG",
                    "thread": "http-nio-8169-exec-25",
                    "class": "o.s.w.s.m.m.a.RequestResponseBodyMethodProcessor",
                    "message": "Using 'application/json', given [application/json, text/plain, */*] and supported [application/json, application/*+json, application/json, application/*+json, application/cbor]" }
                    
{
                    "app": "Crmeb",
                    "timestamp":"2026-06-25 16:03:17.487",
                    "level": "DEBUG",
                    "thread": "http-nio-8169-exec-25",
                    "class": "o.s.w.s.m.m.a.RequestResponseBodyMethodProcessor",
                    "message": "Writing [com.zbkj.common.result.CommonResult@14b2dd63]" }
                    
{
                    "app": "Crmeb",
                    "timestamp":"2026-06-25 16:03:17.488",
                    "level": "DEBUG",
                    "thread": "http-nio-8169-exec-25",
                    "class": "o.s.web.servlet.DispatcherServlet",
                    "message": "Completed 200 OK" }
                    
{
                    "app": "Crmeb",
                    "timestamp":"2026-06-25 16:03:21.852",
                    "level": "DEBUG",
                    "thread": "http-nio-8169-exec-24",
                    "class": "o.s.web.servlet.DispatcherServlet",
                    "message": "POST "/api/admin/user/topUpLog/balance", parameters={}" }
                    
{
                    "app": "Crmeb",
                    "timestamp":"2026-06-25 16:03:21.853",
                    "level": "DEBUG",
                    "thread": "http-nio-8169-exec-24",
                    "class": "o.s.w.s.m.m.a.RequestMappingHandlerMapping",
                    "message": "Mapped to com.zbkj.admin.controller.UserRechargeController#balance()" }
                    
{
                    "app": "Crmeb",
                    "timestamp":"2026-06-25 16:03:21.853",
                    "level": "DEBUG",
                    "thread": "http-nio-8169-exec-6",
                    "class": "o.s.web.servlet.DispatcherServlet",
                    "message": "GET "/api/admin/user/topUpLog/list?uid=&dateLimit=&keywords=&page=1&limit=20&temp=1782374601", parameters={masked}" }
                    
{
                    "app": "Crmeb",
                    "timestamp":"2026-06-25 16:03:21.853",
                    "level": "DEBUG",
                    "thread": "http-nio-8169-exec-6",
                    "class": "o.s.w.s.m.m.a.RequestMappingHandlerMapping",
                    "message": "Mapped to com.zbkj.admin.controller.UserRechargeController#getList(UserRechargeSearchRequest, PageParamRequest)" }
                    
{
                    "app": "Crmeb",
                    "timestamp":"2026-06-25 16:03:21.942",
                    "level": "DEBUG",
                    "thread": "http-nio-8169-exec-6",
                    "class": "o.s.w.s.m.m.a.RequestResponseBodyMethodProcessor",
                    "message": "Using 'application/json', given [application/json, text/plain, */*] and supported [application/json, application/*+json, application/json, application/*+json, application/cbor]" }
                    
{
                    "app": "Crmeb",
                    "timestamp":"2026-06-25 16:03:21.943",
                    "level": "DEBUG",
                    "thread": "http-nio-8169-exec-6",
                    "class": "o.s.w.s.m.m.a.RequestResponseBodyMethodProcessor",
                    "message": "Writing [com.zbkj.common.result.CommonResult@60a65950]" }
                    
{
                    "app": "Crmeb",
                    "timestamp":"2026-06-25 16:03:21.943",
                    "level": "DEBUG",
                    "thread": "http-nio-8169-exec-6",
                    "class": "o.s.web.servlet.DispatcherServlet",
                    "message": "Completed 200 OK" }
                    
{
                    "app": "Crmeb",
                    "timestamp":"2026-06-25 16:03:22.100",
                    "level": "DEBUG",
                    "thread": "http-nio-8169-exec-24",
                    "class": "o.s.w.s.m.m.a.RequestResponseBodyMethodProcessor",
                    "message": "Using 'application/json', given [application/json, text/plain, */*] and supported [application/json, application/*+json, application/json, application/*+json, application/cbor]" }
                    
{
                    "app": "Crmeb",
                    "timestamp":"2026-06-25 16:03:22.100",
                    "level": "DEBUG",
                    "thread": "http-nio-8169-exec-24",
                    "class": "o.s.w.s.m.m.a.RequestResponseBodyMethodProcessor",
                    "message": "Writing [com.zbkj.common.result.CommonResult@3e12e41a]" }
                    
{
                    "app": "Crmeb",
                    "timestamp":"2026-06-25 16:03:22.100",
                    "level": "DEBUG",
                    "thread": "http-nio-8169-exec-24",
                    "class": "o.s.web.servlet.DispatcherServlet",
                    "message": "Completed 200 OK" }
                    
{
                    "app": "Crmeb",
                    "timestamp":"2026-06-25 16:03:22.982",
                    "level": "DEBUG",
                    "thread": "http-nio-8169-exec-29",
                    "class": "o.s.web.servlet.DispatcherServlet",
                    "message": "GET "/api/admin/finance/founds/monitor/list?title=&dateLimit=&keywords=&page=1&limit=20&temp=1782374602", parameters={masked}" }
                    
{
                    "app": "Crmeb",
                    "timestamp":"2026-06-25 16:03:22.983",
                    "level": "DEBUG",
                    "thread": "http-nio-8169-exec-29",
                    "class": "o.s.w.s.m.m.a.RequestMappingHandlerMapping",
                    "message": "Mapped to com.zbkj.admin.controller.FundsMonitorController#getList(FundsMonitorRequest, PageParamRequest)" }
                    
{
                    "app": "Crmeb",
                    "timestamp":"2026-06-25 16:03:23.222",
                    "level": "DEBUG",
                    "thread": "http-nio-8169-exec-29",
                    "class": "o.s.w.s.m.m.a.RequestResponseBodyMethodProcessor",
                    "message": "Using 'application/json', given [application/json, text/plain, */*] and supported [application/json, application/*+json, application/json, application/*+json, application/cbor]" }
                    
{
                    "app": "Crmeb",
                    "timestamp":"2026-06-25 16:03:23.223",
                    "level": "DEBUG",
                    "thread": "http-nio-8169-exec-29",
                    "class": "o.s.w.s.m.m.a.RequestResponseBodyMethodProcessor",
                    "message": "Writing [com.zbkj.common.result.CommonResult@11f261e6]" }
                    
{
                    "app": "Crmeb",
                    "timestamp":"2026-06-25 16:03:23.247",
                    "level": "DEBUG",
                    "thread": "http-nio-8169-exec-29",
                    "class": "o.s.web.servlet.DispatcherServlet",
                    "message": "Completed 200 OK" }
                    
{
                    "app": "Crmeb",
                    "timestamp":"2026-06-25 16:03:27.037",
                    "level": "DEBUG",
                    "thread": "http-nio-8169-exec-10",
                    "class": "o.s.web.servlet.DispatcherServlet",
                    "message": "GET "/api/admin/finance/founds/monitor/brokerage/record?type=&page=1&limit=20&temp=1782374606", parameters={masked}" }
                    
{
                    "app": "Crmeb",
                    "timestamp":"2026-06-25 16:03:27.038",
                    "level": "DEBUG",
                    "thread": "http-nio-8169-exec-10",
                    "class": "o.s.w.s.m.m.a.RequestMappingHandlerMapping",
                    "message": "Mapped to com.zbkj.admin.controller.FundsMonitorController#brokerageRecord(BrokerageRecordRequest, PageParamRequest)" }
                    
{
                    "app": "Crmeb",
                    "timestamp":"2026-06-25 16:03:27.137",
                    "level": "DEBUG",
                    "thread": "http-nio-8169-exec-10",
                    "class": "o.s.w.s.m.m.a.RequestResponseBodyMethodProcessor",
                    "message": "Using 'application/json', given [application/json, text/plain, */*] and supported [application/json, application/*+json, application/json, application/*+json, application/cbor]" }
                    
{
                    "app": "Crmeb",
                    "timestamp":"2026-06-25 16:03:27.137",
                    "level": "DEBUG",
                    "thread": "http-nio-8169-exec-10",
                    "class": "o.s.w.s.m.m.a.RequestResponseBodyMethodProcessor",
                    "message": "Writing [com.zbkj.common.result.CommonResult@37545a47]" }
                    
{
                    "app": "Crmeb",
                    "timestamp":"2026-06-25 16:03:27.137",
                    "level": "DEBUG",
                    "thread": "http-nio-8169-exec-10",
                    "class": "o.s.web.servlet.DispatcherServlet",
                    "message": "Completed 200 OK" }
                    
{
                    "app": "Crmeb",
                    "timestamp":"2026-06-25 16:03:29.068",
                    "level": "DEBUG",
                    "thread": "http-nio-8169-exec-7",
                    "class": "o.s.web.servlet.DispatcherServlet",
                    "message": "GET "/api/admin/pagediy/list?page=1&limit=10&name=&temp=1782374609", parameters={masked}" }
                    
{
                    "app": "Crmeb",
                    "timestamp":"2026-06-25 16:03:29.068",
                    "level": "DEBUG",
                    "thread": "http-nio-8169-exec-11",
                    "class": "o.s.web.servlet.DispatcherServlet",
                    "message": "POST "/api/public/wechat/mini/get/qrcode", parameters={}" }
                    
{
                    "app": "Crmeb",
                    "timestamp":"2026-06-25 16:03:29.069",
                    "level": "DEBUG",
                    "thread": "http-nio-8169-exec-7",
                    "class": "o.s.w.s.m.m.a.RequestMappingHandlerMapping",
                    "message": "Mapped to com.zbkj.admin.controller.PageDiyController#getList(String, PageParamRequest)" }
                    
{
                    "app": "Crmeb",
                    "timestamp":"2026-06-25 16:03:29.069",
                    "level": "DEBUG",
                    "thread": "http-nio-8169-exec-11",
                    "class": "o.s.w.s.m.m.a.RequestMappingHandlerMapping",
                    "message": "Mapped to com.zbkj.admin.pub.WechatMiniCommonController#getWecahtQrCode(JSONObject)" }
                    
{
                    "app": "Crmeb",
                    "timestamp":"2026-06-25 16:03:29.107",
                    "level": "DEBUG",
                    "thread": "http-nio-8169-exec-11",
                    "class": "o.s.w.s.m.m.a.RequestResponseBodyMethodProcessor",
                    "message": "Read "application/json;charset=UTF-8" to [{"path":"pages/index/index","scene":"id=0","env_version":"release"}]" }
                    
{
                    "app": "Crmeb",
                    "timestamp":"2026-06-25 16:03:29.205",
                    "level": "DEBUG",
                    "thread": "http-nio-8169-exec-11",
                    "class": "o.s.web.client.RestTemplate",
                    "message": "HTTP GET https://api.weixin.qq.com/cgi-bin/token?grant_type=client_credential&appid=111111&secret=111111" }
                    
{
                    "app": "Crmeb",
                    "timestamp":"2026-06-25 16:03:29.206",
                    "level": "DEBUG",
                    "thread": "http-nio-8169-exec-11",
                    "class": "o.s.web.client.RestTemplate",
                    "message": "Accept=[application/json, application/cbor, application/*+json, text/plain, text/html]" }
                    
{
                    "app": "Crmeb",
                    "timestamp":"2026-06-25 16:03:29.206",
                    "level": "DEBUG",
                    "thread": "http-nio-8169-exec-7",
                    "class": "o.s.w.s.m.m.a.RequestResponseBodyMethodProcessor",
                    "message": "Using 'application/json', given [application/json, text/plain, */*] and supported [application/json, application/*+json, application/json, application/*+json, application/cbor]" }
                    
{
                    "app": "Crmeb",
                    "timestamp":"2026-06-25 16:03:29.206",
                    "level": "DEBUG",
                    "thread": "http-nio-8169-exec-7",
                    "class": "o.s.w.s.m.m.a.RequestResponseBodyMethodProcessor",
                    "message": "Writing [com.zbkj.common.result.CommonResult@668743a3]" }
                    
{
                    "app": "Crmeb",
                    "timestamp":"2026-06-25 16:03:29.236",
                    "level": "DEBUG",
                    "thread": "http-nio-8169-exec-7",
                    "class": "o.s.web.servlet.DispatcherServlet",
                    "message": "Completed 200 OK" }
                    
{
                    "app": "Crmeb",
                    "timestamp":"2026-06-25 16:03:29.333",
                    "level": "DEBUG",
                    "thread": "http-nio-8169-exec-11",
                    "class": "o.s.web.client.RestTemplate",
                    "message": "Response 200 OK" }
                    
{
                    "app": "Crmeb",
                    "timestamp":"2026-06-25 16:03:29.333",
                    "level": "DEBUG",
                    "thread": "http-nio-8169-exec-11",
                    "class": "o.s.web.client.RestTemplate",
                    "message": "Reading to [com.alibaba.fastjson.JSONObject]" }
                    
{
                    "app": "Crmeb",
                    "timestamp":"2026-06-25 16:03:29.385",
                    "level": "DEBUG",
                    "thread": "http-nio-8169-exec-11",
                    "class": "o.s.w.s.m.m.a.ExceptionHandlerExceptionResolver",
                    "message": "Using @ExceptionHandler com.zbkj.service.exception.GlobalExceptionHandler#defaultExceptionHandler(HttpServletRequest, Exception)" }
                    
{
                    "app": "Crmeb",
                    "timestamp":"2026-06-25 16:03:29.430",
                    "level": "DEBUG",
                    "thread": "http-nio-8169-exec-11",
                    "class": "o.s.w.s.m.m.a.RequestResponseBodyMethodProcessor",
                    "message": "Using 'application/json', given [application/json, text/plain, */*] and supported [application/json, application/*+json, application/json, application/*+json, application/cbor]" }
                    
{
                    "app": "Crmeb",
                    "timestamp":"2026-06-25 16:03:29.430",
                    "level": "DEBUG",
                    "thread": "http-nio-8169-exec-11",
                    "class": "o.s.w.s.m.m.a.RequestResponseBodyMethodProcessor",
                    "message": "Writing [com.zbkj.common.result.CommonResult@207824bf]" }
                    
{
                    "app": "Crmeb",
                    "timestamp":"2026-06-25 16:03:29.430",
                    "level": "DEBUG",
                    "thread": "http-nio-8169-exec-11",
                    "class": "o.s.w.s.m.m.a.ExceptionHandlerExceptionResolver",
                    "message": "Resolved [com.zbkj.common.exception.CrmebException: 微信接口调用失败：40013invalid appid rid: 6a3ce0d1-164067e1-36fa6ca4]" }
                    
{
                    "app": "Crmeb",
                    "timestamp":"2026-06-25 16:03:29.430",
                    "level": "DEBUG",
                    "thread": "http-nio-8169-exec-11",
                    "class": "o.s.web.servlet.DispatcherServlet",
                    "message": "Completed 200 OK" }
                    
{
                    "app": "Crmeb",
                    "timestamp":"2026-06-25 16:03:35.527",
                    "level": "DEBUG",
                    "thread": "http-nio-8169-exec-4",
                    "class": "o.s.web.servlet.DispatcherServlet",
                    "message": "GET "/api/admin/system/config/get/change/color?temp=1782374615", parameters={masked}" }
                    
{
                    "app": "Crmeb",
                    "timestamp":"2026-06-25 16:03:35.528",
                    "level": "DEBUG",
                    "thread": "http-nio-8169-exec-4",
                    "class": "o.s.w.s.m.m.a.RequestMappingHandlerMapping",
                    "message": "Mapped to com.zbkj.admin.controller.SystemConfigController#getChangeColor()" }
                    
{
                    "app": "Crmeb",
                    "timestamp":"2026-06-25 16:03:35.575",
                    "level": "DEBUG",
                    "thread": "http-nio-8169-exec-4",
                    "class": "o.s.w.s.m.m.a.RequestResponseBodyMethodProcessor",
                    "message": "Using 'application/json', given [application/json, text/plain, */*] and supported [application/json, application/*+json, application/json, application/*+json, application/cbor]" }
                    
{
                    "app": "Crmeb",
                    "timestamp":"2026-06-25 16:03:35.576",
                    "level": "DEBUG",
                    "thread": "http-nio-8169-exec-4",
                    "class": "o.s.w.s.m.m.a.RequestResponseBodyMethodProcessor",
                    "message": "Writing [com.zbkj.common.result.CommonResult@6d502b11]" }
                    
{
                    "app": "Crmeb",
                    "timestamp":"2026-06-25 16:03:35.576",
                    "level": "DEBUG",
                    "thread": "http-nio-8169-exec-4",
                    "class": "o.s.web.servlet.DispatcherServlet",
                    "message": "Completed 200 OK" }
                    
{
                    "app": "Crmeb",
                    "timestamp":"2026-06-25 16:03:39.587",
                    "level": "DEBUG",
                    "thread": "http-nio-8169-exec-23",
                    "class": "o.s.web.servlet.DispatcherServlet",
                    "message": "GET "/api/admin/page/layout/index?temp=1782374619", parameters={masked}" }
                    
{
                    "app": "Crmeb",
                    "timestamp":"2026-06-25 16:03:39.587",
                    "level": "DEBUG",
                    "thread": "http-nio-8169-exec-17",
                    "class": "o.s.web.servlet.DispatcherServlet",
                    "message": "GET "/api/admin/page/layout/bottom/navigation/get?temp=1782374619", parameters={masked}" }
                    
{
                    "app": "Crmeb",
                    "timestamp":"2026-06-25 16:03:39.587",
                    "level": "DEBUG",
                    "thread": "http-nio-8169-exec-23",
                    "class": "o.s.w.s.m.m.a.RequestMappingHandlerMapping",
                    "message": "Mapped to com.zbkj.admin.controller.PageLayoutController#index()" }
                    
{
                    "app": "Crmeb",
                    "timestamp":"2026-06-25 16:03:39.587",
                    "level": "DEBUG",
                    "thread": "http-nio-8169-exec-17",
                    "class": "o.s.w.s.m.m.a.RequestMappingHandlerMapping",
                    "message": "Mapped to com.zbkj.admin.controller.PageLayoutController#getBottomNavigation()" }
                    
{
                    "app": "Crmeb",
                    "timestamp":"2026-06-25 16:03:39.591",
                    "level": "DEBUG",
                    "thread": "http-nio-8169-exec-28",
                    "class": "o.s.web.servlet.DispatcherServlet",
                    "message": "GET "/api/admin/system/config/get/home/page/list/style?temp=1782374619", parameters={masked}" }
                    
{
                    "app": "Crmeb",
                    "timestamp":"2026-06-25 16:03:39.592",
                    "level": "DEBUG",
                    "thread": "http-nio-8169-exec-28",
                    "class": "o.s.w.s.m.m.a.RequestMappingHandlerMapping",
                    "message": "Mapped to com.zbkj.admin.controller.SystemConfigController#getHomePageSaleListStyle()" }
                    
{
                    "app": "Crmeb",
                    "timestamp":"2026-06-25 16:03:39.602",
                    "level": "DEBUG",
                    "thread": "http-nio-8169-exec-26",
                    "class": "o.s.web.servlet.DispatcherServlet",
                    "message": "GET "/api/admin/system/group/data/list?gid=70&temp=1782374619", parameters={masked}" }
                    
{
                    "app": "Crmeb",
                    "timestamp":"2026-06-25 16:03:39.602",
                    "level": "DEBUG",
                    "thread": "http-nio-8169-exec-26",
                    "class": "o.s.w.s.m.m.a.RequestMappingHandlerMapping",
                    "message": "Mapped to com.zbkj.admin.controller.SystemGroupDataController#getList(SystemGroupDataSearchRequest, PageParamRequest)" }
                    
{
                    "app": "Crmeb",
                    "timestamp":"2026-06-25 16:03:39.715",
                    "level": "DEBUG",
                    "thread": "http-nio-8169-exec-28",
                    "class": "o.s.w.s.m.m.a.RequestResponseBodyMethodProcessor",
                    "message": "Using 'application/json', given [application/json, text/plain, */*] and supported [application/json, application/*+json, application/json, application/*+json, application/cbor]" }
                    
{
                    "app": "Crmeb",
                    "timestamp":"2026-06-25 16:03:39.715",
                    "level": "DEBUG",
                    "thread": "http-nio-8169-exec-28",
                    "class": "o.s.w.s.m.m.a.RequestResponseBodyMethodProcessor",
                    "message": "Writing [com.zbkj.common.result.CommonResult@6532a692]" }
                    
{
                    "app": "Crmeb",
                    "timestamp":"2026-06-25 16:03:39.715",
                    "level": "DEBUG",
                    "thread": "http-nio-8169-exec-28",
                    "class": "o.s.web.servlet.DispatcherServlet",
                    "message": "Completed 200 OK" }
                    
{
                    "app": "Crmeb",
                    "timestamp":"2026-06-25 16:03:40.080",
                    "level": "DEBUG",
                    "thread": "http-nio-8169-exec-17",
                    "class": "o.s.w.s.m.m.a.RequestResponseBodyMethodProcessor",
                    "message": "Using 'application/json', given [application/json, text/plain, */*] and supported [application/json, application/*+json, application/json, application/*+json, application/cbor]" }
                    
{
                    "app": "Crmeb",
                    "timestamp":"2026-06-25 16:03:40.080",
                    "level": "DEBUG",
                    "thread": "http-nio-8169-exec-17",
                    "class": "o.s.w.s.m.m.a.RequestResponseBodyMethodProcessor",
                    "message": "Writing [com.zbkj.common.result.CommonResult@3f4227c2]" }
                    
{
                    "app": "Crmeb",
                    "timestamp":"2026-06-25 16:03:40.081",
                    "level": "DEBUG",
                    "thread": "http-nio-8169-exec-17",
                    "class": "o.s.web.servlet.DispatcherServlet",
                    "message": "Completed 200 OK" }
                    
{
                    "app": "Crmeb",
                    "timestamp":"2026-06-25 16:03:40.113",
                    "level": "DEBUG",
                    "thread": "http-nio-8169-exec-26",
                    "class": "o.s.w.s.m.m.a.RequestResponseBodyMethodProcessor",
                    "message": "Using 'application/json', given [application/json, text/plain, */*] and supported [application/json, application/*+json, application/json, application/*+json, application/cbor]" }
                    
{
                    "app": "Crmeb",
                    "timestamp":"2026-06-25 16:03:40.113",
                    "level": "DEBUG",
                    "thread": "http-nio-8169-exec-26",
                    "class": "o.s.w.s.m.m.a.RequestResponseBodyMethodProcessor",
                    "message": "Writing [com.zbkj.common.result.CommonResult@60db94f8]" }
                    
{
                    "app": "Crmeb",
                    "timestamp":"2026-06-25 16:03:40.114",
                    "level": "DEBUG",
                    "thread": "http-nio-8169-exec-26",
                    "class": "o.s.web.servlet.DispatcherServlet",
                    "message": "Completed 200 OK" }
                    
{
                    "app": "Crmeb",
                    "timestamp":"2026-06-25 16:03:40.208",
                    "level": "DEBUG",
                    "thread": "http-nio-8169-exec-23",
                    "class": "o.s.w.s.m.m.a.RequestResponseBodyMethodProcessor",
                    "message": "Using 'application/json', given [application/json, text/plain, */*] and supported [application/json, application/*+json, application/json, application/*+json, application/cbor]" }
                    
{
                    "app": "Crmeb",
                    "timestamp":"2026-06-25 16:03:40.208",
                    "level": "DEBUG",
                    "thread": "http-nio-8169-exec-23",
                    "class": "o.s.w.s.m.m.a.RequestResponseBodyMethodProcessor",
                    "message": "Writing [com.zbkj.common.result.CommonResult@790b33a2]" }
                    
{
                    "app": "Crmeb",
                    "timestamp":"2026-06-25 16:03:40.208",
                    "level": "DEBUG",
                    "thread": "http-nio-8169-exec-23",
                    "class": "o.s.web.servlet.DispatcherServlet",
                    "message": "Completed 200 OK" }
                    
{
                    "app": "Crmeb",
                    "timestamp":"2026-06-25 16:03:44.798",
                    "level": "DEBUG",
                    "thread": "http-nio-8169-exec-20",
                    "class": "o.s.web.servlet.DispatcherServlet",
                    "message": "GET "/api/admin/system/config/get/upload/type?temp=1782374624", parameters={masked}" }
                    
{
                    "app": "Crmeb",
                    "timestamp":"2026-06-25 16:03:44.798",
                    "level": "DEBUG",
                    "thread": "http-nio-8169-exec-20",
                    "class": "o.s.w.s.m.m.a.RequestMappingHandlerMapping",
                    "message": "Mapped to com.zbkj.admin.controller.SystemConfigController#getFileUploadType()" }
                    
{
                    "app": "Crmeb",
                    "timestamp":"2026-06-25 16:03:44.807",
                    "level": "DEBUG",
                    "thread": "http-nio-8169-exec-19",
                    "class": "o.s.web.servlet.DispatcherServlet",
                    "message": "GET "/api/admin/category/list/tree?type=6&status=1&temp=1782374624", parameters={masked}" }
                    
{
                    "app": "Crmeb",
                    "timestamp":"2026-06-25 16:03:44.807",
                    "level": "DEBUG",
                    "thread": "http-nio-8169-exec-19",
                    "class": "o.s.w.s.m.m.a.RequestMappingHandlerMapping",
                    "message": "Mapped to com.zbkj.admin.controller.CategoryController#getListTree(Integer, Integer, String)" }
                    
{
                    "app": "Crmeb",
                    "timestamp":"2026-06-25 16:03:44.839",
                    "level": "DEBUG",
                    "thread": "http-nio-8169-exec-20",
                    "class": "o.s.w.s.m.m.a.RequestResponseBodyMethodProcessor",
                    "message": "Using 'application/json', given [application/json, text/plain, */*] and supported [application/json, application/*+json, application/json, application/*+json, application/cbor]" }
                    
{
                    "app": "Crmeb",
                    "timestamp":"2026-06-25 16:03:44.839",
                    "level": "DEBUG",
                    "thread": "http-nio-8169-exec-20",
                    "class": "o.s.w.s.m.m.a.RequestResponseBodyMethodProcessor",
                    "message": "Writing [com.zbkj.common.result.CommonResult@6f950e77]" }
                    
{
                    "app": "Crmeb",
                    "timestamp":"2026-06-25 16:03:44.839",
                    "level": "DEBUG",
                    "thread": "http-nio-8169-exec-20",
                    "class": "o.s.web.servlet.DispatcherServlet",
                    "message": "Completed 200 OK" }
                    
{
                    "app": "Crmeb",
                    "timestamp":"2026-06-25 16:03:44.853",
                    "level": "DEBUG",
                    "thread": "http-nio-8169-exec-19",
                    "class": "o.s.w.s.m.m.a.RequestResponseBodyMethodProcessor",
                    "message": "Using 'application/json', given [application/json, text/plain, */*] and supported [application/json, application/*+json, application/json, application/*+json, application/cbor]" }
                    
{
                    "app": "Crmeb",
                    "timestamp":"2026-06-25 16:03:44.853",
                    "level": "DEBUG",
                    "thread": "http-nio-8169-exec-19",
                    "class": "o.s.w.s.m.m.a.RequestResponseBodyMethodProcessor",
                    "message": "Writing [com.zbkj.common.result.CommonResult@1089c7ac]" }
                    
{
                    "app": "Crmeb",
                    "timestamp":"2026-06-25 16:03:44.853",
                    "level": "DEBUG",
                    "thread": "http-nio-8169-exec-19",
                    "class": "o.s.web.servlet.DispatcherServlet",
                    "message": "Completed 200 OK" }
                    
{
                    "app": "Crmeb",
                    "timestamp":"2026-06-25 16:03:44.911",
                    "level": "DEBUG",
                    "thread": "http-nio-8169-exec-30",
                    "class": "o.s.web.servlet.DispatcherServlet",
                    "message": "GET "/api/admin/system/form/temp/info?id=77&temp=1782374624", parameters={masked}" }
                    
{
                    "app": "Crmeb",
                    "timestamp":"2026-06-25 16:03:44.911",
                    "level": "DEBUG",
                    "thread": "http-nio-8169-exec-30",
                    "class": "o.s.w.s.m.m.a.RequestMappingHandlerMapping",
                    "message": "Mapped to com.zbkj.admin.controller.SystemFormTempController#info(Integer)" }
                    
{
                    "app": "Crmeb",
                    "timestamp":"2026-06-25 16:03:44.956",
                    "level": "DEBUG",
                    "thread": "http-nio-8169-exec-30",
                    "class": "o.s.w.s.m.m.a.RequestResponseBodyMethodProcessor",
                    "message": "Using 'application/json', given [application/json, text/plain, */*] and supported [application/json, application/*+json, application/json, application/*+json, application/cbor]" }
                    
{
                    "app": "Crmeb",
                    "timestamp":"2026-06-25 16:03:44.956",
                    "level": "DEBUG",
                    "thread": "http-nio-8169-exec-30",
                    "class": "o.s.w.s.m.m.a.RequestResponseBodyMethodProcessor",
                    "message": "Writing [com.zbkj.common.result.CommonResult@5909af3c]" }
                    
{
                    "app": "Crmeb",
                    "timestamp":"2026-06-25 16:03:44.957",
                    "level": "DEBUG",
                    "thread": "http-nio-8169-exec-30",
                    "class": "o.s.web.servlet.DispatcherServlet",
                    "message": "Completed 200 OK" }
                    
{
                    "app": "Crmeb",
                    "timestamp":"2026-06-25 16:03:45.012",
                    "level": "DEBUG",
                    "thread": "http-nio-8169-exec-27",
                    "class": "o.s.web.servlet.DispatcherServlet",
                    "message": "GET "/api/admin/system/config/info?formId=77&temp=1782374624", parameters={masked}" }
                    
{
                    "app": "Crmeb",
                    "timestamp":"2026-06-25 16:03:45.013",
                    "level": "DEBUG",
                    "thread": "http-nio-8169-exec-27",
                    "class": "o.s.w.s.m.m.a.RequestMappingHandlerMapping",
                    "message": "Mapped to com.zbkj.admin.controller.SystemConfigController#info(Integer)" }
                    
{
                    "app": "Crmeb",
                    "timestamp":"2026-06-25 16:03:45.057",
                    "level": "DEBUG",
                    "thread": "http-nio-8169-exec-27",
                    "class": "o.s.w.s.m.m.a.RequestResponseBodyMethodProcessor",
                    "message": "Using 'application/json', given [application/json, text/plain, */*] and supported [application/json, application/*+json, application/json, application/*+json, application/cbor]" }
                    
{
                    "app": "Crmeb",
                    "timestamp":"2026-06-25 16:03:45.057",
                    "level": "DEBUG",
                    "thread": "http-nio-8169-exec-27",
                    "class": "o.s.w.s.m.m.a.RequestResponseBodyMethodProcessor",
                    "message": "Writing [com.zbkj.common.result.CommonResult@2a56fe34]" }
                    
{
                    "app": "Crmeb",
                    "timestamp":"2026-06-25 16:03:45.057",
                    "level": "DEBUG",
                    "thread": "http-nio-8169-exec-27",
                    "class": "o.s.web.servlet.DispatcherServlet",
                    "message": "Completed 200 OK" }
                    
{
                    "app": "Crmeb",
                    "timestamp":"2026-06-25 16:03:50.185",
                    "level": "DEBUG",
                    "thread": "http-nio-8169-exec-6",
                    "class": "o.s.web.servlet.DispatcherServlet",
                    "message": "GET "/api/admin/system/role/list?page=1&limit=20&temp=1782374630", parameters={masked}" }
                    
{
                    "app": "Crmeb",
                    "timestamp":"2026-06-25 16:03:50.185",
                    "level": "DEBUG",
                    "thread": "http-nio-8169-exec-6",
                    "class": "o.s.w.s.m.m.a.RequestMappingHandlerMapping",
                    "message": "Mapped to com.zbkj.admin.controller.SystemRoleController#getList(SystemRoleSearchRequest, PageParamRequest)" }
                    
{
                    "app": "Crmeb",
                    "timestamp":"2026-06-25 16:03:50.412",
                    "level": "DEBUG",
                    "thread": "http-nio-8169-exec-6",
                    "class": "o.s.w.s.m.m.a.RequestResponseBodyMethodProcessor",
                    "message": "Using 'application/json', given [application/json, text/plain, */*] and supported [application/json, application/*+json, application/json, application/*+json, application/cbor]" }
                    
{
                    "app": "Crmeb",
                    "timestamp":"2026-06-25 16:03:50.412",
                    "level": "DEBUG",
                    "thread": "http-nio-8169-exec-6",
                    "class": "o.s.w.s.m.m.a.RequestResponseBodyMethodProcessor",
                    "message": "Writing [com.zbkj.common.result.CommonResult@6eb319b9]" }
                    
{
                    "app": "Crmeb",
                    "timestamp":"2026-06-25 16:03:50.413",
                    "level": "DEBUG",
                    "thread": "http-nio-8169-exec-6",
                    "class": "o.s.web.servlet.DispatcherServlet",
                    "message": "Completed 200 OK" }
                    
{
                    "app": "Crmeb",
                    "timestamp":"2026-06-25 16:03:51.421",
                    "level": "DEBUG",
                    "thread": "http-nio-8169-exec-29",
                    "class": "o.s.web.servlet.DispatcherServlet",
                    "message": "GET "/api/admin/system/admin/list?page=1&limit=20&temp=1782374631", parameters={masked}" }
                    
{
                    "app": "Crmeb",
                    "timestamp":"2026-06-25 16:03:51.422",
                    "level": "DEBUG",
                    "thread": "http-nio-8169-exec-29",
                    "class": "o.s.w.s.m.m.a.RequestMappingHandlerMapping",
                    "message": "Mapped to com.zbkj.admin.controller.SystemAdminController#getList(SystemAdminRequest, PageParamRequest)" }
                    
{
                    "app": "Crmeb",
                    "timestamp":"2026-06-25 16:03:51.429",
                    "level": "DEBUG",
                    "thread": "http-nio-8169-exec-3",
                    "class": "o.s.web.servlet.DispatcherServlet",
                    "message": "GET "/api/admin/system/role/list?page=1&limit=100&temp=1782374631", parameters={masked}" }
                    
{
                    "app": "Crmeb",
                    "timestamp":"2026-06-25 16:03:51.429",
                    "level": "DEBUG",
                    "thread": "http-nio-8169-exec-3",
                    "class": "o.s.w.s.m.m.a.RequestMappingHandlerMapping",
                    "message": "Mapped to com.zbkj.admin.controller.SystemRoleController#getList(SystemRoleSearchRequest, PageParamRequest)" }
                    
{
                    "app": "Crmeb",
                    "timestamp":"2026-06-25 16:03:51.513",
                    "level": "DEBUG",
                    "thread": "http-nio-8169-exec-3",
                    "class": "o.s.w.s.m.m.a.RequestResponseBodyMethodProcessor",
                    "message": "Using 'application/json', given [application/json, text/plain, */*] and supported [application/json, application/*+json, application/json, application/*+json, application/cbor]" }
                    
{
                    "app": "Crmeb",
                    "timestamp":"2026-06-25 16:03:51.513",
                    "level": "DEBUG",
                    "thread": "http-nio-8169-exec-3",
                    "class": "o.s.w.s.m.m.a.RequestResponseBodyMethodProcessor",
                    "message": "Writing [com.zbkj.common.result.CommonResult@423d2e12]" }
                    
{
                    "app": "Crmeb",
                    "timestamp":"2026-06-25 16:03:51.514",
                    "level": "DEBUG",
                    "thread": "http-nio-8169-exec-3",
                    "class": "o.s.web.servlet.DispatcherServlet",
                    "message": "Completed 200 OK" }
                    
{
                    "app": "Crmeb",
                    "timestamp":"2026-06-25 16:03:51.747",
                    "level": "DEBUG",
                    "thread": "http-nio-8169-exec-29",
                    "class": "o.s.w.s.m.m.a.RequestResponseBodyMethodProcessor",
                    "message": "Using 'application/json', given [application/json, text/plain, */*] and supported [application/json, application/*+json, application/json, application/*+json, application/cbor]" }
                    
{
                    "app": "Crmeb",
                    "timestamp":"2026-06-25 16:03:51.747",
                    "level": "DEBUG",
                    "thread": "http-nio-8169-exec-29",
                    "class": "o.s.w.s.m.m.a.RequestResponseBodyMethodProcessor",
                    "message": "Writing [com.zbkj.common.result.CommonResult@50844286]" }
                    
{
                    "app": "Crmeb",
                    "timestamp":"2026-06-25 16:03:51.747",
                    "level": "DEBUG",
                    "thread": "http-nio-8169-exec-29",
                    "class": "o.s.web.servlet.DispatcherServlet",
                    "message": "Completed 200 OK" }
                    
{
                    "app": "Crmeb",
                    "timestamp":"2026-06-25 16:03:57.051",
                    "level": "DEBUG",
                    "thread": "http-nio-8169-exec-9",
                    "class": "o.s.web.servlet.DispatcherServlet",
                    "message": "GET "/api/admin/category/list/tree?type=6&status=-1&temp=1782374636", parameters={masked}" }
                    
{
                    "app": "Crmeb",
                    "timestamp":"2026-06-25 16:03:57.051",
                    "level": "DEBUG",
                    "thread": "http-nio-8169-exec-9",
                    "class": "o.s.w.s.m.m.a.RequestMappingHandlerMapping",
                    "message": "Mapped to com.zbkj.admin.controller.CategoryController#getListTree(Integer, Integer, String)" }
                    
{
                    "app": "Crmeb",
                    "timestamp":"2026-06-25 16:03:57.095",
                    "level": "DEBUG",
                    "thread": "http-nio-8169-exec-9",
                    "class": "o.s.w.s.m.m.a.RequestResponseBodyMethodProcessor",
                    "message": "Using 'application/json', given [application/json, text/plain, */*] and supported [application/json, application/*+json, application/json, application/*+json, application/cbor]" }
                    
{
                    "app": "Crmeb",
                    "timestamp":"2026-06-25 16:03:57.095",
                    "level": "DEBUG",
                    "thread": "http-nio-8169-exec-9",
                    "class": "o.s.w.s.m.m.a.RequestResponseBodyMethodProcessor",
                    "message": "Writing [com.zbkj.common.result.CommonResult@18bed1c8]" }
                    
{
                    "app": "Crmeb",
                    "timestamp":"2026-06-25 16:03:57.095",
                    "level": "DEBUG",
                    "thread": "http-nio-8169-exec-9",
                    "class": "o.s.web.servlet.DispatcherServlet",
                    "message": "Completed 200 OK" }
                    
{
                    "app": "Crmeb",
                    "timestamp":"2026-06-25 16:04:03.085",
                    "level": "DEBUG",
                    "thread": "http-nio-8169-exec-12",
                    "class": "o.s.web.servlet.DispatcherServlet",
                    "message": "GET "/api/admin/statistics/home/chart/order?temp=1782374643", parameters={masked}" }
                    
{
                    "app": "Crmeb",
                    "timestamp":"2026-06-25 16:04:03.087",
                    "level": "DEBUG",
                    "thread": "http-nio-8169-exec-12",
                    "class": "o.s.w.s.m.m.a.RequestMappingHandlerMapping",
                    "message": "Mapped to com.zbkj.admin.controller.HomeController#chartOrder()" }
                    
{
                    "app": "Crmeb",
                    "timestamp":"2026-06-25 16:04:03.089",
                    "level": "DEBUG",
                    "thread": "http-nio-8169-exec-16",
                    "class": "o.s.web.servlet.DispatcherServlet",
                    "message": "GET "/api/admin/statistics/user/channel?temp=1782374643", parameters={masked}" }
                    
{
                    "app": "Crmeb",
                    "timestamp":"2026-06-25 16:04:03.089",
                    "level": "DEBUG",
                    "thread": "http-nio-8169-exec-16",
                    "class": "o.s.w.s.m.m.a.RequestMappingHandlerMapping",
                    "message": "Mapped to com.zbkj.admin.controller.UserStatisticsController#getChannelData()" }
                    
{
                    "app": "Crmeb",
                    "timestamp":"2026-06-25 16:04:03.095",
                    "level": "DEBUG",
                    "thread": "http-nio-8169-exec-23",
                    "class": "o.s.web.servlet.DispatcherServlet",
                    "message": "GET "/api/admin/statistics/home/index?temp=1782374643", parameters={masked}" }
                    
{
                    "app": "Crmeb",
                    "timestamp":"2026-06-25 16:04:03.095",
                    "level": "DEBUG",
                    "thread": "http-nio-8169-exec-17",
                    "class": "o.s.web.servlet.DispatcherServlet",
                    "message": "GET "/api/admin/statistics/home/operating/data?temp=1782374643", parameters={masked}" }
                    
{
                    "app": "Crmeb",
                    "timestamp":"2026-06-25 16:04:03.095",
                    "level": "DEBUG",
                    "thread": "http-nio-8169-exec-22",
                    "class": "o.s.web.servlet.DispatcherServlet",
                    "message": "GET "/api/admin/statistics/home/chart/user?temp=1782374643", parameters={masked}" }
                    
{
                    "app": "Crmeb",
                    "timestamp":"2026-06-25 16:04:03.095",
                    "level": "DEBUG",
                    "thread": "http-nio-8169-exec-22",
                    "class": "o.s.w.s.m.m.a.RequestMappingHandlerMapping",
                    "message": "Mapped to com.zbkj.admin.controller.HomeController#chartUser()" }
                    
{
                    "app": "Crmeb",
                    "timestamp":"2026-06-25 16:04:03.095",
                    "level": "DEBUG",
                    "thread": "http-nio-8169-exec-23",
                    "class": "o.s.w.s.m.m.a.RequestMappingHandlerMapping",
                    "message": "Mapped to com.zbkj.admin.controller.HomeController#indexDate()" }
                    
{
                    "app": "Crmeb",
                    "timestamp":"2026-06-25 16:04:03.101",
                    "level": "DEBUG",
                    "thread": "http-nio-8169-exec-26",
                    "class": "o.s.web.servlet.DispatcherServlet",
                    "message": "GET "/api/admin/statistics/user/overview?dateLimit=lately7&temp=1782374643", parameters={masked}" }
                    
{
                    "app": "Crmeb",
                    "timestamp":"2026-06-25 16:04:03.101",
                    "level": "DEBUG",
                    "thread": "http-nio-8169-exec-26",
                    "class": "o.s.w.s.m.m.a.RequestMappingHandlerMapping",
                    "message": "Mapped to com.zbkj.admin.controller.UserStatisticsController#getOverview(String)" }
                    
{
                    "app": "Crmeb",
                    "timestamp":"2026-06-25 16:04:03.121",
                    "level": "DEBUG",
                    "thread": "http-nio-8169-exec-17",
                    "class": "o.s.w.s.m.m.a.RequestMappingHandlerMapping",
                    "message": "Mapped to com.zbkj.admin.controller.HomeController#operatingData()" }
                    
{
                    "app": "Crmeb",
                    "timestamp":"2026-06-25 16:04:03.142",
                    "level": "DEBUG",
                    "thread": "http-nio-8169-exec-16",
                    "class": "o.s.w.s.m.m.a.RequestResponseBodyMethodProcessor",
                    "message": "Using 'application/json', given [application/json, text/plain, */*] and supported [application/json, application/*+json, application/json, application/*+json, application/cbor]" }
                    
{
                    "app": "Crmeb",
                    "timestamp":"2026-06-25 16:04:03.142",
                    "level": "DEBUG",
                    "thread": "http-nio-8169-exec-16",
                    "class": "o.s.w.s.m.m.a.RequestResponseBodyMethodProcessor",
                    "message": "Writing [com.zbkj.common.result.CommonResult@5b36a521]" }
                    
{
                    "app": "Crmeb",
                    "timestamp":"2026-06-25 16:04:03.143",
                    "level": "DEBUG",
                    "thread": "http-nio-8169-exec-16",
                    "class": "o.s.web.servlet.DispatcherServlet",
                    "message": "Completed 200 OK" }
                    
{
                    "app": "Crmeb",
                    "timestamp":"2026-06-25 16:04:03.232",
                    "level": "DEBUG",
                    "thread": "http-nio-8169-exec-12",
                    "class": "o.s.w.s.m.m.a.RequestResponseBodyMethodProcessor",
                    "message": "Using 'application/json', given [application/json, text/plain, */*] and supported [application/json, application/*+json, application/json, application/*+json, application/cbor]" }
                    
{
                    "app": "Crmeb",
                    "timestamp":"2026-06-25 16:04:03.232",
                    "level": "DEBUG",
                    "thread": "http-nio-8169-exec-12",
                    "class": "o.s.w.s.m.m.a.RequestResponseBodyMethodProcessor",
                    "message": "Writing [com.zbkj.common.result.CommonResult@5af0cc3d]" }
                    
{
                    "app": "Crmeb",
                    "timestamp":"2026-06-25 16:04:03.232",
                    "level": "DEBUG",
                    "thread": "http-nio-8169-exec-12",
                    "class": "o.s.web.servlet.DispatcherServlet",
                    "message": "Completed 200 OK" }
                    
{
                    "app": "Crmeb",
                    "timestamp":"2026-06-25 16:04:03.282",
                    "level": "DEBUG",
                    "thread": "http-nio-8169-exec-22",
                    "class": "o.s.w.s.m.m.a.RequestResponseBodyMethodProcessor",
                    "message": "Using 'application/json', given [application/json, text/plain, */*] and supported [application/json, application/*+json, application/json, application/*+json, application/cbor]" }
                    
{
                    "app": "Crmeb",
                    "timestamp":"2026-06-25 16:04:03.282",
                    "level": "DEBUG",
                    "thread": "http-nio-8169-exec-22",
                    "class": "o.s.w.s.m.m.a.RequestResponseBodyMethodProcessor",
                    "message": "Writing [com.zbkj.common.result.CommonResult@6102e591]" }
                    
{
                    "app": "Crmeb",
                    "timestamp":"2026-06-25 16:04:03.282",
                    "level": "DEBUG",
                    "thread": "http-nio-8169-exec-22",
                    "class": "o.s.web.servlet.DispatcherServlet",
                    "message": "Completed 200 OK" }
                    
{
                    "app": "Crmeb",
                    "timestamp":"2026-06-25 16:04:03.940",
                    "level": "DEBUG",
                    "thread": "http-nio-8169-exec-23",
                    "class": "o.s.w.s.m.m.a.RequestResponseBodyMethodProcessor",
                    "message": "Using 'application/json', given [application/json, text/plain, */*] and supported [application/json, application/*+json, application/json, application/*+json, application/cbor]" }
                    
{
                    "app": "Crmeb",
                    "timestamp":"2026-06-25 16:04:03.941",
                    "level": "DEBUG",
                    "thread": "http-nio-8169-exec-23",
                    "class": "o.s.w.s.m.m.a.RequestResponseBodyMethodProcessor",
                    "message": "Writing [com.zbkj.common.result.CommonResult@4baecdd8]" }
                    
{
                    "app": "Crmeb",
                    "timestamp":"2026-06-25 16:04:03.941",
                    "level": "DEBUG",
                    "thread": "http-nio-8169-exec-23",
                    "class": "o.s.web.servlet.DispatcherServlet",
                    "message": "Completed 200 OK" }
                    
{
                    "app": "Crmeb",
                    "timestamp":"2026-06-25 16:04:04.013",
                    "level": "DEBUG",
                    "thread": "http-nio-8169-exec-17",
                    "class": "o.s.w.s.m.m.a.RequestResponseBodyMethodProcessor",
                    "message": "Using 'application/json', given [application/json, text/plain, */*] and supported [application/json, application/*+json, application/json, application/*+json, application/cbor]" }
                    
{
                    "app": "Crmeb",
                    "timestamp":"2026-06-25 16:04:04.013",
                    "level": "DEBUG",
                    "thread": "http-nio-8169-exec-17",
                    "class": "o.s.w.s.m.m.a.RequestResponseBodyMethodProcessor",
                    "message": "Writing [com.zbkj.common.result.CommonResult@6672a1d7]" }
                    
{
                    "app": "Crmeb",
                    "timestamp":"2026-06-25 16:04:04.014",
                    "level": "DEBUG",
                    "thread": "http-nio-8169-exec-17",
                    "class": "o.s.web.servlet.DispatcherServlet",
                    "message": "Completed 200 OK" }
                    
{
                    "app": "Crmeb",
                    "timestamp":"2026-06-25 16:04:04.341",
                    "level": "DEBUG",
                    "thread": "http-nio-8169-exec-26",
                    "class": "o.s.w.s.m.m.a.RequestResponseBodyMethodProcessor",
                    "message": "Using 'application/json', given [application/json, text/plain, */*] and supported [application/json, application/*+json, application/json, application/*+json, application/cbor]" }
                    
{
                    "app": "Crmeb",
                    "timestamp":"2026-06-25 16:04:04.341",
                    "level": "DEBUG",
                    "thread": "http-nio-8169-exec-26",
                    "class": "o.s.w.s.m.m.a.RequestResponseBodyMethodProcessor",
                    "message": "Writing [com.zbkj.common.result.CommonResult@11a2fa09]" }
                    
{
                    "app": "Crmeb",
                    "timestamp":"2026-06-25 16:04:04.341",
                    "level": "DEBUG",
                    "thread": "http-nio-8169-exec-26",
                    "class": "o.s.web.servlet.DispatcherServlet",
                    "message": "Completed 200 OK" }
                    
{
                    "app": "Crmeb",
                    "timestamp":"2026-06-25 16:04:25.839",
                    "level": "DEBUG",
                    "thread": "http-nio-8169-exec-27",
                    "class": "o.s.web.servlet.DispatcherServlet",
                    "message": "GET "/api/admin/category/list/tree?status=-1&type=1&temp=1782374665", parameters={masked}" }
                    
{
                    "app": "Crmeb",
                    "timestamp":"2026-06-25 16:04:25.841",
                    "level": "DEBUG",
                    "thread": "http-nio-8169-exec-27",
                    "class": "o.s.w.s.m.m.a.RequestMappingHandlerMapping",
                    "message": "Mapped to com.zbkj.admin.controller.CategoryController#getListTree(Integer, Integer, String)" }
                    
{
                    "app": "Crmeb",
                    "timestamp":"2026-06-25 16:04:25.843",
                    "level": "DEBUG",
                    "thread": "http-nio-8169-exec-25",
                    "class": "o.s.web.servlet.DispatcherServlet",
                    "message": "GET "/api/admin/store/product/list?page=1&limit=20&cateId=&keywords=&type=1&temp=1782374665", parameters={masked}" }
                    
{
                    "app": "Crmeb",
                    "timestamp":"2026-06-25 16:04:25.844",
                    "level": "DEBUG",
                    "thread": "http-nio-8169-exec-25",
                    "class": "o.s.w.s.m.m.a.RequestMappingHandlerMapping",
                    "message": "Mapped to com.zbkj.admin.controller.StoreProductController#getList(StoreProductSearchRequest, PageParamRequest)" }
                    
{
                    "app": "Crmeb",
                    "timestamp":"2026-06-25 16:04:25.846",
                    "level": "DEBUG",
                    "thread": "http-nio-8169-exec-30",
                    "class": "o.s.web.servlet.DispatcherServlet",
                    "message": "GET "/api/admin/store/product/tabs/headers?page=1&limit=20&cateId=&keywords=&type=1&temp=1782374665", parameters={masked}" }
                    
{
                    "app": "Crmeb",
                    "timestamp":"2026-06-25 16:04:25.847",
                    "level": "DEBUG",
                    "thread": "http-nio-8169-exec-30",
                    "class": "o.s.w.s.m.m.a.RequestMappingHandlerMapping",
                    "message": "Mapped to com.zbkj.admin.controller.StoreProductController#getTabsHeader(StoreProductHeaderRequest)" }
                    
{
                    "app": "Crmeb",
                    "timestamp":"2026-06-25 16:04:25.887",
                    "level": "DEBUG",
                    "thread": "http-nio-8169-exec-27",
                    "class": "o.s.w.s.m.m.a.RequestResponseBodyMethodProcessor",
                    "message": "Using 'application/json', given [application/json, text/plain, */*] and supported [application/json, application/*+json, application/json, application/*+json, application/cbor]" }
                    
{
                    "app": "Crmeb",
                    "timestamp":"2026-06-25 16:04:25.887",
                    "level": "DEBUG",
                    "thread": "http-nio-8169-exec-27",
                    "class": "o.s.w.s.m.m.a.RequestResponseBodyMethodProcessor",
                    "message": "Writing [com.zbkj.common.result.CommonResult@56b42f10]" }
                    
{
                    "app": "Crmeb",
                    "timestamp":"2026-06-25 16:04:25.887",
                    "level": "DEBUG",
                    "thread": "http-nio-8169-exec-27",
                    "class": "o.s.web.servlet.DispatcherServlet",
                    "message": "Completed 200 OK" }
                    
{
                    "app": "Crmeb",
                    "timestamp":"2026-06-25 16:04:26.133",
                    "level": "DEBUG",
                    "thread": "http-nio-8169-exec-30",
                    "class": "o.s.w.s.m.m.a.RequestResponseBodyMethodProcessor",
                    "message": "Using 'application/json', given [application/json, text/plain, */*] and supported [application/json, application/*+json, application/json, application/*+json, application/cbor]" }
                    
{
                    "app": "Crmeb",
                    "timestamp":"2026-06-25 16:04:26.134",
                    "level": "DEBUG",
                    "thread": "http-nio-8169-exec-30",
                    "class": "o.s.w.s.m.m.a.RequestResponseBodyMethodProcessor",
                    "message": "Writing [com.zbkj.common.result.CommonResult@21095291]" }
                    
{
                    "app": "Crmeb",
                    "timestamp":"2026-06-25 16:04:26.135",
                    "level": "DEBUG",
                    "thread": "http-nio-8169-exec-30",
                    "class": "o.s.web.servlet.DispatcherServlet",
                    "message": "Completed 200 OK" }
                    
{
                    "app": "Crmeb",
                    "timestamp":"2026-06-25 16:04:26.176",
                    "level": "DEBUG",
                    "thread": "http-nio-8169-exec-25",
                    "class": "o.s.w.s.m.m.a.RequestResponseBodyMethodProcessor",
                    "message": "Using 'application/json', given [application/json, text/plain, */*] and supported [application/json, application/*+json, application/json, application/*+json, application/cbor]" }
                    
{
                    "app": "Crmeb",
                    "timestamp":"2026-06-25 16:04:26.176",
                    "level": "DEBUG",
                    "thread": "http-nio-8169-exec-25",
                    "class": "o.s.w.s.m.m.a.RequestResponseBodyMethodProcessor",
                    "message": "Writing [com.zbkj.common.result.CommonResult@4c7bf2c7]" }
                    
{
                    "app": "Crmeb",
                    "timestamp":"2026-06-25 16:04:26.177",
                    "level": "DEBUG",
                    "thread": "http-nio-8169-exec-25",
                    "class": "o.s.web.servlet.DispatcherServlet",
                    "message": "Completed 200 OK" }
                    
{
                    "app": "Crmeb",
                    "timestamp":"2026-06-25 16:04:29.321",
                    "level": "DEBUG",
                    "thread": "http-nio-8169-exec-24",
                    "class": "o.s.web.servlet.DispatcherServlet",
                    "message": "GET "/api/admin/store/product/list?page=1&limit=20&cateId=&keywords=&type=5&temp=1782374669", parameters={masked}" }
                    
{
                    "app": "Crmeb",
                    "timestamp":"2026-06-25 16:04:29.322",
                    "level": "DEBUG",
                    "thread": "http-nio-8169-exec-24",
                    "class": "o.s.w.s.m.m.a.RequestMappingHandlerMapping",
                    "message": "Mapped to com.zbkj.admin.controller.StoreProductController#getList(StoreProductSearchRequest, PageParamRequest)" }
                    
{
                    "app": "Crmeb",
                    "timestamp":"2026-06-25 16:04:29.323",
                    "level": "DEBUG",
                    "thread": "http-nio-8169-exec-8",
                    "class": "o.s.web.servlet.DispatcherServlet",
                    "message": "GET "/api/admin/store/product/tabs/headers?page=1&limit=20&cateId=&keywords=&type=5&temp=1782374669", parameters={masked}" }
                    
{
                    "app": "Crmeb",
                    "timestamp":"2026-06-25 16:04:29.324",
                    "level": "DEBUG",
                    "thread": "http-nio-8169-exec-8",
                    "class": "o.s.w.s.m.m.a.RequestMappingHandlerMapping",
                    "message": "Mapped to com.zbkj.admin.controller.StoreProductController#getTabsHeader(StoreProductHeaderRequest)" }
                    
{
                    "app": "Crmeb",
                    "timestamp":"2026-06-25 16:04:29.616",
                    "level": "DEBUG",
                    "thread": "http-nio-8169-exec-8",
                    "class": "o.s.w.s.m.m.a.RequestResponseBodyMethodProcessor",
                    "message": "Using 'application/json', given [application/json, text/plain, */*] and supported [application/json, application/*+json, application/json, application/*+json, application/cbor]" }
                    
{
                    "app": "Crmeb",
                    "timestamp":"2026-06-25 16:04:29.616",
                    "level": "DEBUG",
                    "thread": "http-nio-8169-exec-8",
                    "class": "o.s.w.s.m.m.a.RequestResponseBodyMethodProcessor",
                    "message": "Writing [com.zbkj.common.result.CommonResult@57e909b]" }
                    
{
                    "app": "Crmeb",
                    "timestamp":"2026-06-25 16:04:29.617",
                    "level": "DEBUG",
                    "thread": "http-nio-8169-exec-8",
                    "class": "o.s.web.servlet.DispatcherServlet",
                    "message": "Completed 200 OK" }
                    
{
                    "app": "Crmeb",
                    "timestamp":"2026-06-25 16:04:31.924",
                    "level": "DEBUG",
                    "thread": "http-nio-8169-exec-24",
                    "class": "o.s.w.s.m.m.a.RequestResponseBodyMethodProcessor",
                    "message": "Using 'application/json', given [application/json, text/plain, */*] and supported [application/json, application/*+json, application/json, application/*+json, application/cbor]" }
                    
{
                    "app": "Crmeb",
                    "timestamp":"2026-06-25 16:04:31.925",
                    "level": "DEBUG",
                    "thread": "http-nio-8169-exec-24",
                    "class": "o.s.w.s.m.m.a.RequestResponseBodyMethodProcessor",
                    "message": "Writing [com.zbkj.common.result.CommonResult@1ed2387d]" }
                    
{
                    "app": "Crmeb",
                    "timestamp":"2026-06-25 16:04:31.932",
                    "level": "DEBUG",
                    "thread": "http-nio-8169-exec-24",
                    "class": "o.s.web.servlet.DispatcherServlet",
                    "message": "Completed 200 OK" }
                    
{
                    "app": "Crmeb",
                    "timestamp":"2026-06-25 16:04:35.694",
                    "level": "DEBUG",
                    "thread": "http-nio-8169-exec-2",
                    "class": "o.s.web.servlet.DispatcherServlet",
                    "message": "GET "/api/admin/store/product/delete/93?type=delete&temp=1782374675", parameters={masked}" }
                    
{
                    "app": "Crmeb",
                    "timestamp":"2026-06-25 16:04:35.708",
                    "level": "DEBUG",
                    "thread": "http-nio-8169-exec-2",
                    "class": "o.s.w.s.m.m.a.RequestMappingHandlerMapping",
                    "message": "Mapped to com.zbkj.admin.controller.StoreProductController#delete(Integer, String)" }
                    
{
                    "app": "Crmeb",
                    "timestamp":"2026-06-25 16:04:35.969",
                    "level": "DEBUG",
                    "thread": "http-nio-8169-exec-2",
                    "class": "o.s.w.s.m.m.a.ExceptionHandlerExceptionResolver",
                    "message": "Using @ExceptionHandler com.zbkj.service.exception.GlobalExceptionHandler#defaultExceptionHandler(HttpServletRequest, Exception)" }
                    
{
                    "app": "Crmeb",
                    "timestamp":"2026-06-25 16:04:36.018",
                    "level": "DEBUG",
                    "thread": "http-nio-8169-exec-2",
                    "class": "o.s.w.s.m.m.a.RequestResponseBodyMethodProcessor",
                    "message": "Using 'application/json', given [application/json, text/plain, */*] and supported [application/json, application/*+json, application/json, application/*+json, application/cbor]" }
                    
{
                    "app": "Crmeb",
                    "timestamp":"2026-06-25 16:04:36.018",
                    "level": "DEBUG",
                    "thread": "http-nio-8169-exec-2",
                    "class": "o.s.w.s.m.m.a.RequestResponseBodyMethodProcessor",
                    "message": "Writing [com.zbkj.common.result.CommonResult@47250ac2]" }
                    
{
                    "app": "Crmeb",
                    "timestamp":"2026-06-25 16:04:36.018",
                    "level": "DEBUG",
                    "thread": "http-nio-8169-exec-2",
                    "class": "o.s.w.s.m.m.a.ExceptionHandlerExceptionResolver",
                    "message": "Resolved [com.zbkj.common.exception.CrmebException: 有商品关联的秒杀商品活动开启中，不能删除]" }
                    
{
                    "app": "Crmeb",
                    "timestamp":"2026-06-25 16:04:36.018",
                    "level": "DEBUG",
                    "thread": "http-nio-8169-exec-2",
                    "class": "o.s.web.servlet.DispatcherServlet",
                    "message": "Completed 200 OK" }
                    
{
                    "app": "Crmeb",
                    "timestamp":"2026-06-25 16:04:39.049",
                    "level": "DEBUG",
                    "thread": "http-nio-8169-exec-5",
                    "class": "o.s.web.servlet.DispatcherServlet",
                    "message": "GET "/api/admin/store/product/delete/93?type=delete&temp=1782374678", parameters={masked}" }
                    
{
                    "app": "Crmeb",
                    "timestamp":"2026-06-25 16:04:39.050",
                    "level": "DEBUG",
                    "thread": "http-nio-8169-exec-5",
                    "class": "o.s.w.s.m.m.a.RequestMappingHandlerMapping",
                    "message": "Mapped to com.zbkj.admin.controller.StoreProductController#delete(Integer, String)" }
                    
{
                    "app": "Crmeb",
                    "timestamp":"2026-06-25 16:04:39.137",
                    "level": "DEBUG",
                    "thread": "http-nio-8169-exec-5",
                    "class": "o.s.w.s.m.m.a.ExceptionHandlerExceptionResolver",
                    "message": "Using @ExceptionHandler com.zbkj.service.exception.GlobalExceptionHandler#defaultExceptionHandler(HttpServletRequest, Exception)" }
                    
{
                    "app": "Crmeb",
                    "timestamp":"2026-06-25 16:04:39.187",
                    "level": "DEBUG",
                    "thread": "http-nio-8169-exec-5",
                    "class": "o.s.w.s.m.m.a.RequestResponseBodyMethodProcessor",
                    "message": "Using 'application/json', given [application/json, text/plain, */*] and supported [application/json, application/*+json, application/json, application/*+json, application/cbor]" }
                    
{
                    "app": "Crmeb",
                    "timestamp":"2026-06-25 16:04:39.187",
                    "level": "DEBUG",
                    "thread": "http-nio-8169-exec-5",
                    "class": "o.s.w.s.m.m.a.RequestResponseBodyMethodProcessor",
                    "message": "Writing [com.zbkj.common.result.CommonResult@51311df2]" }
                    
{
                    "app": "Crmeb",
                    "timestamp":"2026-06-25 16:04:39.188",
                    "level": "DEBUG",
                    "thread": "http-nio-8169-exec-5",
                    "class": "o.s.w.s.m.m.a.ExceptionHandlerExceptionResolver",
                    "message": "Resolved [com.zbkj.common.exception.CrmebException: 有商品关联的秒杀商品活动开启中，不能删除]" }
                    
{
                    "app": "Crmeb",
                    "timestamp":"2026-06-25 16:04:39.188",
                    "level": "DEBUG",
                    "thread": "http-nio-8169-exec-5",
                    "class": "o.s.web.servlet.DispatcherServlet",
                    "message": "Completed 200 OK" }
                    
{
                    "app": "Crmeb",
                    "timestamp":"2026-06-25 16:04:45.494",
                    "level": "DEBUG",
                    "thread": "http-nio-8169-exec-16",
                    "class": "o.s.web.servlet.DispatcherServlet",
                    "message": "GET "/api/admin/store/order/list?status=all&dateLimit=&orderNo=&page=1&limit=20&type=2&temp=1782374685", parameters={masked}" }
                    
{
                    "app": "Crmeb",
                    "timestamp":"2026-06-25 16:04:45.494",
                    "level": "DEBUG",
                    "thread": "http-nio-8169-exec-16",
                    "class": "o.s.w.s.m.m.a.RequestMappingHandlerMapping",
                    "message": "Mapped to com.zbkj.admin.controller.StoreOrderController#getList(StoreOrderSearchRequest, PageParamRequest)" }
                    
{
                    "app": "Crmeb",
                    "timestamp":"2026-06-25 16:04:45.496",
                    "level": "DEBUG",
                    "thread": "http-nio-8169-exec-28",
                    "class": "o.s.web.servlet.DispatcherServlet",
                    "message": "GET "/api/admin/store/order/status/num?dateLimit=&type=2&orderId=&temp=1782374685", parameters={masked}" }
                    
{
                    "app": "Crmeb",
                    "timestamp":"2026-06-25 16:04:45.497",
                    "level": "DEBUG",
                    "thread": "http-nio-8169-exec-28",
                    "class": "o.s.w.s.m.m.a.RequestMappingHandlerMapping",
                    "message": "Mapped to com.zbkj.admin.controller.StoreOrderController#getOrderStatusNum(String, Integer, String)" }
                    
{
                    "app": "Crmeb",
                    "timestamp":"2026-06-25 16:04:45.499",
                    "level": "DEBUG",
                    "thread": "http-nio-8169-exec-18",
                    "class": "o.s.web.servlet.DispatcherServlet",
                    "message": "GET "/api/admin/pass/shipment/express?temp=1782374685", parameters={masked}" }
                    
{
                    "app": "Crmeb",
                    "timestamp":"2026-06-25 16:04:45.499",
                    "level": "DEBUG",
                    "thread": "http-nio-8169-exec-18",
                    "class": "o.s.w.s.m.m.a.RequestMappingHandlerMapping",
                    "message": "Mapped to com.zbkj.admin.controller.OnePassController#onePassShipmentExpress()" }
                    
{
                    "app": "Crmeb",
                    "timestamp":"2026-06-25 16:04:45.604",
                    "level": "DEBUG",
                    "thread": "http-nio-8169-exec-18",
                    "class": "o.s.web.client.RestTemplate",
                    "message": "HTTP POST https://sms.crmeb.net/api/v2/user/login" }
                    
{
                    "app": "Crmeb",
                    "timestamp":"2026-06-25 16:04:45.605",
                    "level": "DEBUG",
                    "thread": "http-nio-8169-exec-18",
                    "class": "o.s.web.client.RestTemplate",
                    "message": "Accept=[text/plain, application/json, application/cbor, application/*+json, text/html, */*]" }
                    
{
                    "app": "Crmeb",
                    "timestamp":"2026-06-25 16:04:45.606",
                    "level": "DEBUG",
                    "thread": "http-nio-8169-exec-18",
                    "class": "o.s.web.client.RestTemplate",
                    "message": "Writing [{access_key=[11111], secret_key=[11111]}] as "application/x-www-form-urlencoded"" }
                    
{
                    "app": "Crmeb",
                    "timestamp":"2026-06-25 16:04:45.774",
                    "level": "DEBUG",
                    "thread": "http-nio-8169-exec-18",
                    "class": "o.s.web.client.RestTemplate",
                    "message": "Response 200 OK" }
                    
{
                    "app": "Crmeb",
                    "timestamp":"2026-06-25 16:04:45.774",
                    "level": "DEBUG",
                    "thread": "http-nio-8169-exec-18",
                    "class": "o.s.web.client.RestTemplate",
                    "message": "Reading to [java.lang.String] as "application/json"" }
                    
{
                    "app": "Crmeb",
                    "timestamp":"2026-06-25 16:04:45.776",
                    "level": "DEBUG",
                    "thread": "http-nio-8169-exec-18",
                    "class": "o.s.w.s.m.m.a.ExceptionHandlerExceptionResolver",
                    "message": "Using @ExceptionHandler com.zbkj.service.exception.GlobalExceptionHandler#defaultExceptionHandler(HttpServletRequest, Exception)" }
                    
{
                    "app": "Crmeb",
                    "timestamp":"2026-06-25 16:04:53.596",
                    "level": "DEBUG",
                    "thread": "http-nio-8169-exec-18",
                    "class": "o.s.w.s.m.m.a.RequestResponseBodyMethodProcessor",
                    "message": "Using 'application/json', given [application/json, text/plain, */*] and supported [application/json, application/*+json, application/json, application/*+json, application/cbor]" }
                    
{
                    "app": "Crmeb",
                    "timestamp":"2026-06-25 16:04:53.597",
                    "level": "DEBUG",
                    "thread": "http-nio-8169-exec-18",
                    "class": "o.s.w.s.m.m.a.RequestResponseBodyMethodProcessor",
                    "message": "Writing [com.zbkj.common.result.CommonResult@1bb981dc]" }
                    
{
                    "app": "Crmeb",
                    "timestamp":"2026-06-25 16:04:53.597",
                    "level": "DEBUG",
                    "thread": "http-nio-8169-exec-18",
                    "class": "o.s.w.s.m.m.a.ExceptionHandlerExceptionResolver",
                    "message": "Resolved [com.zbkj.common.exception.CrmebException: 一号通平台接口接口请求失败:accessKey或者secretKey不正确]" }
                    
{
                    "app": "Crmeb",
                    "timestamp":"2026-06-25 16:04:53.597",
                    "level": "DEBUG",
                    "thread": "http-nio-8169-exec-18",
                    "class": "o.s.web.servlet.DispatcherServlet",
                    "message": "Completed 200 OK" }
                    
{
                    "app": "Crmeb",
                    "timestamp":"2026-06-25 16:04:53.640",
                    "level": "DEBUG",
                    "thread": "http-nio-8169-exec-16",
                    "class": "o.s.w.s.m.m.a.RequestResponseBodyMethodProcessor",
                    "message": "Using 'application/json', given [application/json, text/plain, */*] and supported [application/json, application/*+json, application/json, application/*+json, application/cbor]" }
                    
{
                    "app": "Crmeb",
                    "timestamp":"2026-06-25 16:04:53.640",
                    "level": "DEBUG",
                    "thread": "http-nio-8169-exec-16",
                    "class": "o.s.w.s.m.m.a.RequestResponseBodyMethodProcessor",
                    "message": "Writing [com.zbkj.common.result.CommonResult@7c450024]" }
                    
{
                    "app": "Crmeb",
                    "timestamp":"2026-06-25 16:04:53.641",
                    "level": "DEBUG",
                    "thread": "http-nio-8169-exec-16",
                    "class": "o.s.web.servlet.DispatcherServlet",
                    "message": "Completed 200 OK" }
                    
{
                    "app": "Crmeb",
                    "timestamp":"2026-06-25 16:04:53.654",
                    "level": "DEBUG",
                    "thread": "http-nio-8169-exec-26",
                    "class": "o.s.web.servlet.DispatcherServlet",
                    "message": "GET "/api/admin/system/config/info?formId=109&temp=1782374688", parameters={masked}" }
                    
{
                    "app": "Crmeb",
                    "timestamp":"2026-06-25 16:04:53.654",
                    "level": "DEBUG",
                    "thread": "http-nio-8169-exec-26",
                    "class": "o.s.w.s.m.m.a.RequestMappingHandlerMapping",
                    "message": "Mapped to com.zbkj.admin.controller.SystemConfigController#info(Integer)" }
                    
{
                    "app": "Crmeb",
                    "timestamp":"2026-06-25 16:04:53.655",
                    "level": "DEBUG",
                    "thread": "http-nio-8169-exec-17",
                    "class": "o.s.web.servlet.DispatcherServlet",
                    "message": "POST "/api/admin/user/integral/list?limit=20&page=1", parameters={masked}" }
                    
{
                    "app": "Crmeb",
                    "timestamp":"2026-06-25 16:04:53.655",
                    "level": "DEBUG",
                    "thread": "http-nio-8169-exec-17",
                    "class": "o.s.w.s.m.m.a.RequestMappingHandlerMapping",
                    "message": "Mapped to com.zbkj.admin.controller.UserIntegralController#getList(AdminIntegralSearchRequest, PageParamRequest)" }
                    
{
                    "app": "Crmeb",
                    "timestamp":"2026-06-25 16:04:53.665",
                    "level": "DEBUG",
                    "thread": "http-nio-8169-exec-17",
                    "class": "o.s.w.s.m.m.a.RequestResponseBodyMethodProcessor",
                    "message": "Read "application/json;charset=UTF-8" to [AdminIntegralSearchRequest(dateLimit=, keywords=, uid=null)]" }
                    
{
                    "app": "Crmeb",
                    "timestamp":"2026-06-25 16:04:53.666",
                    "level": "DEBUG",
                    "thread": "http-nio-8169-exec-20",
                    "class": "o.s.web.servlet.DispatcherServlet",
                    "message": "GET "/api/admin/category/list?name=&pid=0&status=-1&type=3&temp=1782374686", parameters={masked}" }
                    
{
                    "app": "Crmeb",
                    "timestamp":"2026-06-25 16:04:53.666",
                    "level": "DEBUG",
                    "thread": "http-nio-8169-exec-20",
                    "class": "o.s.w.s.m.m.a.RequestMappingHandlerMapping",
                    "message": "Mapped to com.zbkj.admin.controller.CategoryController#getList(CategorySearchRequest)" }
                    
{
                    "app": "Crmeb",
                    "timestamp":"2026-06-25 16:04:53.702",
                    "level": "DEBUG",
                    "thread": "http-nio-8169-exec-26",
                    "class": "o.s.w.s.m.m.a.RequestResponseBodyMethodProcessor",
                    "message": "Using 'application/json', given [application/json, text/plain, */*] and supported [application/json, application/*+json, application/json, application/*+json, application/cbor]" }
                    
{
                    "app": "Crmeb",
                    "timestamp":"2026-06-25 16:04:53.702",
                    "level": "DEBUG",
                    "thread": "http-nio-8169-exec-26",
                    "class": "o.s.w.s.m.m.a.RequestResponseBodyMethodProcessor",
                    "message": "Writing [com.zbkj.common.result.CommonResult@76f5db82]" }
                    
{
                    "app": "Crmeb",
                    "timestamp":"2026-06-25 16:04:53.702",
                    "level": "DEBUG",
                    "thread": "http-nio-8169-exec-26",
                    "class": "o.s.web.servlet.DispatcherServlet",
                    "message": "Completed 200 OK" }
                    
{
                    "app": "Crmeb",
                    "timestamp":"2026-06-25 16:04:53.709",
                    "level": "DEBUG",
                    "thread": "http-nio-8169-exec-20",
                    "class": "o.s.w.s.m.m.a.RequestResponseBodyMethodProcessor",
                    "message": "Using 'application/json', given [application/json, text/plain, */*] and supported [application/json, application/*+json, application/json, application/*+json, application/cbor]" }
                    
{
                    "app": "Crmeb",
                    "timestamp":"2026-06-25 16:04:53.709",
                    "level": "DEBUG",
                    "thread": "http-nio-8169-exec-20",
                    "class": "o.s.w.s.m.m.a.RequestResponseBodyMethodProcessor",
                    "message": "Writing [com.zbkj.common.result.CommonResult@75a2b19e]" }
                    
{
                    "app": "Crmeb",
                    "timestamp":"2026-06-25 16:04:53.709",
                    "level": "DEBUG",
                    "thread": "http-nio-8169-exec-20",
                    "class": "o.s.web.servlet.DispatcherServlet",
                    "message": "Completed 200 OK" }
                    
{
                    "app": "Crmeb",
                    "timestamp":"2026-06-25 16:04:53.710",
                    "level": "DEBUG",
                    "thread": "http-nio-8169-exec-28",
                    "class": "o.s.w.s.m.m.a.RequestResponseBodyMethodProcessor",
                    "message": "Using 'application/json', given [application/json, text/plain, */*] and supported [application/json, application/*+json, application/json, application/*+json, application/cbor]" }
                    
{
                    "app": "Crmeb",
                    "timestamp":"2026-06-25 16:04:53.710",
                    "level": "DEBUG",
                    "thread": "http-nio-8169-exec-28",
                    "class": "o.s.w.s.m.m.a.RequestResponseBodyMethodProcessor",
                    "message": "Writing [com.zbkj.common.result.CommonResult@1c09dbf1]" }
                    
{
                    "app": "Crmeb",
                    "timestamp":"2026-06-25 16:04:53.710",
                    "level": "DEBUG",
                    "thread": "http-nio-8169-exec-28",
                    "class": "o.s.web.servlet.DispatcherServlet",
                    "message": "Completed 200 OK" }
                    
{
                    "app": "Crmeb",
                    "timestamp":"2026-06-25 16:04:53.791",
                    "level": "DEBUG",
                    "thread": "http-nio-8169-exec-1",
                    "class": "o.s.web.servlet.DispatcherServlet",
                    "message": "GET "/api/admin/system/config/info?formId=109&temp=1782374693", parameters={masked}" }
                    
{
                    "app": "Crmeb",
                    "timestamp":"2026-06-25 16:04:53.791",
                    "level": "DEBUG",
                    "thread": "http-nio-8169-exec-1",
                    "class": "o.s.w.s.m.m.a.RequestMappingHandlerMapping",
                    "message": "Mapped to com.zbkj.admin.controller.SystemConfigController#info(Integer)" }
                    
{
                    "app": "Crmeb",
                    "timestamp":"2026-06-25 16:04:53.841",
                    "level": "DEBUG",
                    "thread": "http-nio-8169-exec-1",
                    "class": "o.s.w.s.m.m.a.RequestResponseBodyMethodProcessor",
                    "message": "Using 'application/json', given [application/json, text/plain, */*] and supported [application/json, application/*+json, application/json, application/*+json, application/cbor]" }
                    
{
                    "app": "Crmeb",
                    "timestamp":"2026-06-25 16:04:53.841",
                    "level": "DEBUG",
                    "thread": "http-nio-8169-exec-1",
                    "class": "o.s.w.s.m.m.a.RequestResponseBodyMethodProcessor",
                    "message": "Writing [com.zbkj.common.result.CommonResult@3b74e907]" }
                    
{
                    "app": "Crmeb",
                    "timestamp":"2026-06-25 16:04:53.842",
                    "level": "DEBUG",
                    "thread": "http-nio-8169-exec-1",
                    "class": "o.s.web.servlet.DispatcherServlet",
                    "message": "Completed 200 OK" }
                    
{
                    "app": "Crmeb",
                    "timestamp":"2026-06-25 16:04:53.952",
                    "level": "DEBUG",
                    "thread": "http-nio-8169-exec-30",
                    "class": "o.s.web.servlet.DispatcherServlet",
                    "message": "GET "/api/admin/system/form/temp/info?id=109&temp=1782374693", parameters={masked}" }
                    
{
                    "app": "Crmeb",
                    "timestamp":"2026-06-25 16:04:53.952",
                    "level": "DEBUG",
                    "thread": "http-nio-8169-exec-30",
                    "class": "o.s.w.s.m.m.a.RequestMappingHandlerMapping",
                    "message": "Mapped to com.zbkj.admin.controller.SystemFormTempController#info(Integer)" }
                    
{
                    "app": "Crmeb",
                    "timestamp":"2026-06-25 16:04:53.997",
                    "level": "DEBUG",
                    "thread": "http-nio-8169-exec-30",
                    "class": "o.s.w.s.m.m.a.RequestResponseBodyMethodProcessor",
                    "message": "Using 'application/json', given [application/json, text/plain, */*] and supported [application/json, application/*+json, application/json, application/*+json, application/cbor]" }
                    
{
                    "app": "Crmeb",
                    "timestamp":"2026-06-25 16:04:53.997",
                    "level": "DEBUG",
                    "thread": "http-nio-8169-exec-30",
                    "class": "o.s.w.s.m.m.a.RequestResponseBodyMethodProcessor",
                    "message": "Writing [com.zbkj.common.result.CommonResult@171889e6]" }
                    
{
                    "app": "Crmeb",
                    "timestamp":"2026-06-25 16:04:53.998",
                    "level": "DEBUG",
                    "thread": "http-nio-8169-exec-30",
                    "class": "o.s.web.servlet.DispatcherServlet",
                    "message": "Completed 200 OK" }
                    
{
                    "app": "Crmeb",
                    "timestamp":"2026-06-25 16:04:54.677",
                    "level": "DEBUG",
                    "thread": "http-nio-8169-exec-17",
                    "class": "o.s.w.s.m.m.a.RequestResponseBodyMethodProcessor",
                    "message": "Using 'application/json', given [application/json, text/plain, */*] and supported [application/json, application/*+json, application/json, application/*+json, application/cbor]" }
                    
{
                    "app": "Crmeb",
                    "timestamp":"2026-06-25 16:04:54.677",
                    "level": "DEBUG",
                    "thread": "http-nio-8169-exec-17",
                    "class": "o.s.w.s.m.m.a.RequestResponseBodyMethodProcessor",
                    "message": "Writing [com.zbkj.common.result.CommonResult@5e6b7578]" }
                    
{
                    "app": "Crmeb",
                    "timestamp":"2026-06-25 16:04:54.680",
                    "level": "DEBUG",
                    "thread": "http-nio-8169-exec-17",
                    "class": "o.s.web.servlet.DispatcherServlet",
                    "message": "Completed 200 OK" }
                    
{
                    "app": "Crmeb",
                    "timestamp":"2026-06-25 16:04:56.291",
                    "level": "DEBUG",
                    "thread": "http-nio-8169-exec-21",
                    "class": "o.s.web.servlet.DispatcherServlet",
                    "message": "GET "/api/admin/store/seckill/manger/list?page=1&limit=20&name=&isDel=false&status=&temp=1782374696", parameters={masked}" }
                    
{
                    "app": "Crmeb",
                    "timestamp":"2026-06-25 16:04:56.292",
                    "level": "DEBUG",
                    "thread": "http-nio-8169-exec-21",
                    "class": "o.s.w.s.m.m.a.RequestMappingHandlerMapping",
                    "message": "Mapped to com.zbkj.admin.controller.StoreSeckillMangerController#getList(StoreSeckillMangerSearchRequest, PageParamRequest)" }
                    
{
                    "app": "Crmeb",
                    "timestamp":"2026-06-25 16:04:56.453",
                    "level": "DEBUG",
                    "thread": "http-nio-8169-exec-21",
                    "class": "o.s.w.s.m.m.a.RequestResponseBodyMethodProcessor",
                    "message": "Using 'application/json', given [application/json, text/plain, */*] and supported [application/json, application/*+json, application/json, application/*+json, application/cbor]" }
                    
{
                    "app": "Crmeb",
                    "timestamp":"2026-06-25 16:04:56.454",
                    "level": "DEBUG",
                    "thread": "http-nio-8169-exec-21",
                    "class": "o.s.w.s.m.m.a.RequestResponseBodyMethodProcessor",
                    "message": "Writing [com.zbkj.common.result.CommonResult@275618ce]" }
                    
{
                    "app": "Crmeb",
                    "timestamp":"2026-06-25 16:04:56.455",
                    "level": "DEBUG",
                    "thread": "http-nio-8169-exec-21",
                    "class": "o.s.web.servlet.DispatcherServlet",
                    "message": "Completed 200 OK" }
                    
{
                    "app": "Crmeb",
                    "timestamp":"2026-06-25 16:04:58.893",
                    "level": "DEBUG",
                    "thread": "http-nio-8169-exec-8",
                    "class": "o.s.web.servlet.DispatcherServlet",
                    "message": "POST "/api/admin/store/seckill/manger/update/status/26?status=%270%27", parameters={masked}" }
                    
{
                    "app": "Crmeb",
                    "timestamp":"2026-06-25 16:04:58.894",
                    "level": "DEBUG",
                    "thread": "http-nio-8169-exec-8",
                    "class": "o.s.w.s.m.m.a.RequestMappingHandlerMapping",
                    "message": "Mapped to com.zbkj.admin.controller.StoreSeckillMangerController#updateStatus(Integer, String)" }
                    
{
                    "app": "Crmeb",
                    "timestamp":"2026-06-25 16:04:58.939",
                    "level": "DEBUG",
                    "thread": "http-nio-8169-exec-8",
                    "class": "o.s.w.s.m.m.a.RequestResponseBodyMethodProcessor",
                    "message": "Using 'application/json', given [application/json, text/plain, */*] and supported [application/json, application/*+json, application/json, application/*+json, application/cbor]" }
                    
{
                    "app": "Crmeb",
                    "timestamp":"2026-06-25 16:04:58.939",
                    "level": "DEBUG",
                    "thread": "http-nio-8169-exec-8",
                    "class": "o.s.w.s.m.m.a.RequestResponseBodyMethodProcessor",
                    "message": "Writing [com.zbkj.common.result.CommonResult@1cb73ec0]" }
                    
{
                    "app": "Crmeb",
                    "timestamp":"2026-06-25 16:04:58.939",
                    "level": "DEBUG",
                    "thread": "http-nio-8169-exec-8",
                    "class": "o.s.web.servlet.DispatcherServlet",
                    "message": "Completed 200 OK" }
                    
{
                    "app": "Crmeb",
                    "timestamp":"2026-06-25 16:04:58.966",
                    "level": "DEBUG",
                    "thread": "http-nio-8169-exec-10",
                    "class": "o.s.web.servlet.DispatcherServlet",
                    "message": "GET "/api/admin/store/seckill/manger/list?page=1&limit=20&name=&isDel=false&status=&temp=1782374698", parameters={masked}" }
                    
{
                    "app": "Crmeb",
                    "timestamp":"2026-06-25 16:04:58.968",
                    "level": "DEBUG",
                    "thread": "http-nio-8169-exec-10",
                    "class": "o.s.w.s.m.m.a.RequestMappingHandlerMapping",
                    "message": "Mapped to com.zbkj.admin.controller.StoreSeckillMangerController#getList(StoreSeckillMangerSearchRequest, PageParamRequest)" }
                    
{
                    "app": "Crmeb",
                    "timestamp":"2026-06-25 16:04:59.052",
                    "level": "DEBUG",
                    "thread": "http-nio-8169-exec-10",
                    "class": "o.s.w.s.m.m.a.RequestResponseBodyMethodProcessor",
                    "message": "Using 'application/json', given [application/json, text/plain, */*] and supported [application/json, application/*+json, application/json, application/*+json, application/cbor]" }
                    
{
                    "app": "Crmeb",
                    "timestamp":"2026-06-25 16:04:59.053",
                    "level": "DEBUG",
                    "thread": "http-nio-8169-exec-10",
                    "class": "o.s.w.s.m.m.a.RequestResponseBodyMethodProcessor",
                    "message": "Writing [com.zbkj.common.result.CommonResult@4fbfb29d]" }
                    
{
                    "app": "Crmeb",
                    "timestamp":"2026-06-25 16:04:59.053",
                    "level": "DEBUG",
                    "thread": "http-nio-8169-exec-10",
                    "class": "o.s.web.servlet.DispatcherServlet",
                    "message": "Completed 200 OK" }
                    
{
                    "app": "Crmeb",
                    "timestamp":"2026-06-25 16:04:59.724",
                    "level": "DEBUG",
                    "thread": "http-nio-8169-exec-3",
                    "class": "o.s.web.servlet.DispatcherServlet",
                    "message": "POST "/api/admin/store/seckill/manger/update/status/27?status=%270%27", parameters={masked}" }
                    
{
                    "app": "Crmeb",
                    "timestamp":"2026-06-25 16:04:59.724",
                    "level": "DEBUG",
                    "thread": "http-nio-8169-exec-3",
                    "class": "o.s.w.s.m.m.a.RequestMappingHandlerMapping",
                    "message": "Mapped to com.zbkj.admin.controller.StoreSeckillMangerController#updateStatus(Integer, String)" }
                    
{
                    "app": "Crmeb",
                    "timestamp":"2026-06-25 16:04:59.771",
                    "level": "DEBUG",
                    "thread": "http-nio-8169-exec-3",
                    "class": "o.s.w.s.m.m.a.RequestResponseBodyMethodProcessor",
                    "message": "Using 'application/json', given [application/json, text/plain, */*] and supported [application/json, application/*+json, application/json, application/*+json, application/cbor]" }
                    
{
                    "app": "Crmeb",
                    "timestamp":"2026-06-25 16:04:59.771",
                    "level": "DEBUG",
                    "thread": "http-nio-8169-exec-3",
                    "class": "o.s.w.s.m.m.a.RequestResponseBodyMethodProcessor",
                    "message": "Writing [com.zbkj.common.result.CommonResult@2c23504f]" }
                    
{
                    "app": "Crmeb",
                    "timestamp":"2026-06-25 16:04:59.771",
                    "level": "DEBUG",
                    "thread": "http-nio-8169-exec-3",
                    "class": "o.s.web.servlet.DispatcherServlet",
                    "message": "Completed 200 OK" }
                    
{
                    "app": "Crmeb",
                    "timestamp":"2026-06-25 16:04:59.799",
                    "level": "DEBUG",
                    "thread": "http-nio-8169-exec-24",
                    "class": "o.s.web.servlet.DispatcherServlet",
                    "message": "GET "/api/admin/store/seckill/manger/list?page=1&limit=20&name=&isDel=false&status=&temp=1782374699", parameters={masked}" }
                    
{
                    "app": "Crmeb",
                    "timestamp":"2026-06-25 16:04:59.799",
                    "level": "DEBUG",
                    "thread": "http-nio-8169-exec-24",
                    "class": "o.s.w.s.m.m.a.RequestMappingHandlerMapping",
                    "message": "Mapped to com.zbkj.admin.controller.StoreSeckillMangerController#getList(StoreSeckillMangerSearchRequest, PageParamRequest)" }
                    
{
                    "app": "Crmeb",
                    "timestamp":"2026-06-25 16:04:59.882",
                    "level": "DEBUG",
                    "thread": "http-nio-8169-exec-24",
                    "class": "o.s.w.s.m.m.a.RequestResponseBodyMethodProcessor",
                    "message": "Using 'application/json', given [application/json, text/plain, */*] and supported [application/json, application/*+json, application/json, application/*+json, application/cbor]" }
                    
{
                    "app": "Crmeb",
                    "timestamp":"2026-06-25 16:04:59.882",
                    "level": "DEBUG",
                    "thread": "http-nio-8169-exec-24",
                    "class": "o.s.w.s.m.m.a.RequestResponseBodyMethodProcessor",
                    "message": "Writing [com.zbkj.common.result.CommonResult@6145f3ab]" }
                    
{
                    "app": "Crmeb",
                    "timestamp":"2026-06-25 16:04:59.883",
                    "level": "DEBUG",
                    "thread": "http-nio-8169-exec-24",
                    "class": "o.s.web.servlet.DispatcherServlet",
                    "message": "Completed 200 OK" }
                    
{
                    "app": "Crmeb",
                    "timestamp":"2026-06-25 16:05:01.174",
                    "level": "DEBUG",
                    "thread": "http-nio-8169-exec-2",
                    "class": "o.s.web.servlet.DispatcherServlet",
                    "message": "POST "/api/admin/store/seckill/manger/update/status/28?status=%270%27", parameters={masked}" }
                    
{
                    "app": "Crmeb",
                    "timestamp":"2026-06-25 16:05:01.176",
                    "level": "DEBUG",
                    "thread": "http-nio-8169-exec-2",
                    "class": "o.s.w.s.m.m.a.RequestMappingHandlerMapping",
                    "message": "Mapped to com.zbkj.admin.controller.StoreSeckillMangerController#updateStatus(Integer, String)" }
                    
{
                    "app": "Crmeb",
                    "timestamp":"2026-06-25 16:05:01.233",
                    "level": "DEBUG",
                    "thread": "http-nio-8169-exec-2",
                    "class": "o.s.w.s.m.m.a.RequestResponseBodyMethodProcessor",
                    "message": "Using 'application/json', given [application/json, text/plain, */*] and supported [application/json, application/*+json, application/json, application/*+json, application/cbor]" }
                    
{
                    "app": "Crmeb",
                    "timestamp":"2026-06-25 16:05:01.233",
                    "level": "DEBUG",
                    "thread": "http-nio-8169-exec-2",
                    "class": "o.s.w.s.m.m.a.RequestResponseBodyMethodProcessor",
                    "message": "Writing [com.zbkj.common.result.CommonResult@526254fc]" }
                    
{
                    "app": "Crmeb",
                    "timestamp":"2026-06-25 16:05:01.233",
                    "level": "DEBUG",
                    "thread": "http-nio-8169-exec-2",
                    "class": "o.s.web.servlet.DispatcherServlet",
                    "message": "Completed 200 OK" }
                    
{
                    "app": "Crmeb",
                    "timestamp":"2026-06-25 16:05:01.263",
                    "level": "DEBUG",
                    "thread": "http-nio-8169-exec-5",
                    "class": "o.s.web.servlet.DispatcherServlet",
                    "message": "GET "/api/admin/store/seckill/manger/list?page=1&limit=20&name=&isDel=false&status=&temp=1782374701", parameters={masked}" }
                    
{
                    "app": "Crmeb",
                    "timestamp":"2026-06-25 16:05:01.263",
                    "level": "DEBUG",
                    "thread": "http-nio-8169-exec-5",
                    "class": "o.s.w.s.m.m.a.RequestMappingHandlerMapping",
                    "message": "Mapped to com.zbkj.admin.controller.StoreSeckillMangerController#getList(StoreSeckillMangerSearchRequest, PageParamRequest)" }
                    
{
                    "app": "Crmeb",
                    "timestamp":"2026-06-25 16:05:01.356",
                    "level": "DEBUG",
                    "thread": "http-nio-8169-exec-5",
                    "class": "o.s.w.s.m.m.a.RequestResponseBodyMethodProcessor",
                    "message": "Using 'application/json', given [application/json, text/plain, */*] and supported [application/json, application/*+json, application/json, application/*+json, application/cbor]" }
                    
{
                    "app": "Crmeb",
                    "timestamp":"2026-06-25 16:05:01.356",
                    "level": "DEBUG",
                    "thread": "http-nio-8169-exec-5",
                    "class": "o.s.w.s.m.m.a.RequestResponseBodyMethodProcessor",
                    "message": "Writing [com.zbkj.common.result.CommonResult@42321b28]" }
                    
{
                    "app": "Crmeb",
                    "timestamp":"2026-06-25 16:05:01.356",
                    "level": "DEBUG",
                    "thread": "http-nio-8169-exec-5",
                    "class": "o.s.web.servlet.DispatcherServlet",
                    "message": "Completed 200 OK" }
                    
{
                    "app": "Crmeb",
                    "timestamp":"2026-06-25 16:05:03.471",
                    "level": "DEBUG",
                    "thread": "http-nio-8169-exec-4",
                    "class": "o.s.web.servlet.DispatcherServlet",
                    "message": "GET "/api/admin/store/seckill/list?page=1&limit=20&timeId=&status=&keywords=&temp=1782374703", parameters={masked}" }
                    
{
                    "app": "Crmeb",
                    "timestamp":"2026-06-25 16:05:03.472",
                    "level": "DEBUG",
                    "thread": "http-nio-8169-exec-4",
                    "class": "o.s.w.s.m.m.a.RequestMappingHandlerMapping",
                    "message": "Mapped to com.zbkj.admin.controller.StoreSeckillController#getList(StoreSeckillSearchRequest, PageParamRequest)" }
                    
{
                    "app": "Crmeb",
                    "timestamp":"2026-06-25 16:05:03.477",
                    "level": "DEBUG",
                    "thread": "http-nio-8169-exec-22",
                    "class": "o.s.web.servlet.DispatcherServlet",
                    "message": "GET "/api/admin/store/seckill/manger/list?page=1&limit=9999&isDel=false&temp=1782374703", parameters={masked}" }
                    
{
                    "app": "Crmeb",
                    "timestamp":"2026-06-25 16:05:03.477",
                    "level": "DEBUG",
                    "thread": "http-nio-8169-exec-22",
                    "class": "o.s.w.s.m.m.a.RequestMappingHandlerMapping",
                    "message": "Mapped to com.zbkj.admin.controller.StoreSeckillMangerController#getList(StoreSeckillMangerSearchRequest, PageParamRequest)" }
                    
{
                    "app": "Crmeb",
                    "timestamp":"2026-06-25 16:05:03.576",
                    "level": "DEBUG",
                    "thread": "http-nio-8169-exec-22",
                    "class": "o.s.w.s.m.m.a.RequestResponseBodyMethodProcessor",
                    "message": "Using 'application/json', given [application/json, text/plain, */*] and supported [application/json, application/*+json, application/json, application/*+json, application/cbor]" }
                    
{
                    "app": "Crmeb",
                    "timestamp":"2026-06-25 16:05:03.576",
                    "level": "DEBUG",
                    "thread": "http-nio-8169-exec-22",
                    "class": "o.s.w.s.m.m.a.RequestResponseBodyMethodProcessor",
                    "message": "Writing [com.zbkj.common.result.CommonResult@26e2de0d]" }
                    
{
                    "app": "Crmeb",
                    "timestamp":"2026-06-25 16:05:03.576",
                    "level": "DEBUG",
                    "thread": "http-nio-8169-exec-22",
                    "class": "o.s.web.servlet.DispatcherServlet",
                    "message": "Completed 200 OK" }
                    
{
                    "app": "Crmeb",
                    "timestamp":"2026-06-25 16:05:04.910",
                    "level": "DEBUG",
                    "thread": "http-nio-8169-exec-4",
                    "class": "o.s.w.s.m.m.a.RequestResponseBodyMethodProcessor",
                    "message": "Using 'application/json', given [application/json, text/plain, */*] and supported [application/json, application/*+json, application/json, application/*+json, application/cbor]" }
                    
{
                    "app": "Crmeb",
                    "timestamp":"2026-06-25 16:05:04.910",
                    "level": "DEBUG",
                    "thread": "http-nio-8169-exec-4",
                    "class": "o.s.w.s.m.m.a.RequestResponseBodyMethodProcessor",
                    "message": "Writing [com.zbkj.common.result.CommonResult@2821236b]" }
                    
{
                    "app": "Crmeb",
                    "timestamp":"2026-06-25 16:05:04.914",
                    "level": "DEBUG",
                    "thread": "http-nio-8169-exec-4",
                    "class": "o.s.web.servlet.DispatcherServlet",
                    "message": "Completed 200 OK" }
                    
{
                    "app": "Crmeb",
                    "timestamp":"2026-06-25 16:05:08.736",
                    "level": "DEBUG",
                    "thread": "http-nio-8169-exec-12",
                    "class": "o.s.web.servlet.DispatcherServlet",
                    "message": "POST "/api/admin/store/seckill/update/status?id=51&status=0", parameters={masked}" }
                    
{
                    "app": "Crmeb",
                    "timestamp":"2026-06-25 16:05:08.736",
                    "level": "DEBUG",
                    "thread": "http-nio-8169-exec-12",
                    "class": "o.s.w.s.m.m.a.RequestMappingHandlerMapping",
                    "message": "Mapped to com.zbkj.admin.controller.StoreSeckillController#updateStatus(Integer, boolean)" }
                    
{
                    "app": "Crmeb",
                    "timestamp":"2026-06-25 16:05:08.845",
                    "level": "DEBUG",
                    "thread": "http-nio-8169-exec-12",
                    "class": "o.s.w.s.m.m.a.RequestResponseBodyMethodProcessor",
                    "message": "Using 'application/json', given [application/json, text/plain, */*] and supported [application/json, application/*+json, application/json, application/*+json, application/cbor]" }
                    
{
                    "app": "Crmeb",
                    "timestamp":"2026-06-25 16:05:08.846",
                    "level": "DEBUG",
                    "thread": "http-nio-8169-exec-12",
                    "class": "o.s.w.s.m.m.a.RequestResponseBodyMethodProcessor",
                    "message": "Writing [com.zbkj.common.result.CommonResult@105d42b0]" }
                    
{
                    "app": "Crmeb",
                    "timestamp":"2026-06-25 16:05:08.846",
                    "level": "DEBUG",
                    "thread": "http-nio-8169-exec-12",
                    "class": "o.s.web.servlet.DispatcherServlet",
                    "message": "Completed 200 OK" }
                    
{
                    "app": "Crmeb",
                    "timestamp":"2026-06-25 16:05:08.897",
                    "level": "DEBUG",
                    "thread": "http-nio-8169-exec-26",
                    "class": "o.s.web.servlet.DispatcherServlet",
                    "message": "GET "/api/admin/store/seckill/list?page=1&limit=20&timeId=&status=&keywords=&temp=1782374708", parameters={masked}" }
                    
{
                    "app": "Crmeb",
                    "timestamp":"2026-06-25 16:05:08.897",
                    "level": "DEBUG",
                    "thread": "http-nio-8169-exec-26",
                    "class": "o.s.w.s.m.m.a.RequestMappingHandlerMapping",
                    "message": "Mapped to com.zbkj.admin.controller.StoreSeckillController#getList(StoreSeckillSearchRequest, PageParamRequest)" }
                    
{
                    "app": "Crmeb",
                    "timestamp":"2026-06-25 16:05:10.286",
                    "level": "DEBUG",
                    "thread": "http-nio-8169-exec-26",
                    "class": "o.s.w.s.m.m.a.RequestResponseBodyMethodProcessor",
                    "message": "Using 'application/json', given [application/json, text/plain, */*] and supported [application/json, application/*+json, application/json, application/*+json, application/cbor]" }
                    
{
                    "app": "Crmeb",
                    "timestamp":"2026-06-25 16:05:10.286",
                    "level": "DEBUG",
                    "thread": "http-nio-8169-exec-26",
                    "class": "o.s.w.s.m.m.a.RequestResponseBodyMethodProcessor",
                    "message": "Writing [com.zbkj.common.result.CommonResult@1647db8f]" }
                    
{
                    "app": "Crmeb",
                    "timestamp":"2026-06-25 16:05:10.317",
                    "level": "DEBUG",
                    "thread": "http-nio-8169-exec-26",
                    "class": "o.s.web.servlet.DispatcherServlet",
                    "message": "Completed 200 OK" }
                    
{
                    "app": "Crmeb",
                    "timestamp":"2026-06-25 16:05:11.149",
                    "level": "DEBUG",
                    "thread": "http-nio-8169-exec-16",
                    "class": "o.s.web.servlet.DispatcherServlet",
                    "message": "POST "/api/admin/store/seckill/update/status?id=50&status=0", parameters={masked}" }
                    
{
                    "app": "Crmeb",
                    "timestamp":"2026-06-25 16:05:11.149",
                    "level": "DEBUG",
                    "thread": "http-nio-8169-exec-16",
                    "class": "o.s.w.s.m.m.a.RequestMappingHandlerMapping",
                    "message": "Mapped to com.zbkj.admin.controller.StoreSeckillController#updateStatus(Integer, boolean)" }
                    
{
                    "app": "Crmeb",
                    "timestamp":"2026-06-25 16:05:11.252",
                    "level": "DEBUG",
                    "thread": "http-nio-8169-exec-16",
                    "class": "o.s.w.s.m.m.a.RequestResponseBodyMethodProcessor",
                    "message": "Using 'application/json', given [application/json, text/plain, */*] and supported [application/json, application/*+json, application/json, application/*+json, application/cbor]" }
                    
{
                    "app": "Crmeb",
                    "timestamp":"2026-06-25 16:05:11.252",
                    "level": "DEBUG",
                    "thread": "http-nio-8169-exec-16",
                    "class": "o.s.w.s.m.m.a.RequestResponseBodyMethodProcessor",
                    "message": "Writing [com.zbkj.common.result.CommonResult@2d696d05]" }
                    
{
                    "app": "Crmeb",
                    "timestamp":"2026-06-25 16:05:11.252",
                    "level": "DEBUG",
                    "thread": "http-nio-8169-exec-16",
                    "class": "o.s.web.servlet.DispatcherServlet",
                    "message": "Completed 200 OK" }
                    
{
                    "app": "Crmeb",
                    "timestamp":"2026-06-25 16:05:11.301",
                    "level": "DEBUG",
                    "thread": "http-nio-8169-exec-20",
                    "class": "o.s.web.servlet.DispatcherServlet",
                    "message": "GET "/api/admin/store/seckill/list?page=1&limit=20&timeId=&status=&keywords=&temp=1782374711", parameters={masked}" }
                    
{
                    "app": "Crmeb",
                    "timestamp":"2026-06-25 16:05:11.301",
                    "level": "DEBUG",
                    "thread": "http-nio-8169-exec-20",
                    "class": "o.s.w.s.m.m.a.RequestMappingHandlerMapping",
                    "message": "Mapped to com.zbkj.admin.controller.StoreSeckillController#getList(StoreSeckillSearchRequest, PageParamRequest)" }
                    
{
                    "app": "Crmeb",
                    "timestamp":"2026-06-25 16:05:12.677",
                    "level": "DEBUG",
                    "thread": "http-nio-8169-exec-20",
                    "class": "o.s.w.s.m.m.a.RequestResponseBodyMethodProcessor",
                    "message": "Using 'application/json', given [application/json, text/plain, */*] and supported [application/json, application/*+json, application/json, application/*+json, application/cbor]" }
                    
{
                    "app": "Crmeb",
                    "timestamp":"2026-06-25 16:05:12.677",
                    "level": "DEBUG",
                    "thread": "http-nio-8169-exec-20",
                    "class": "o.s.w.s.m.m.a.RequestResponseBodyMethodProcessor",
                    "message": "Writing [com.zbkj.common.result.CommonResult@4be4b4aa]" }
                    
{
                    "app": "Crmeb",
                    "timestamp":"2026-06-25 16:05:12.678",
                    "level": "DEBUG",
                    "thread": "http-nio-8169-exec-20",
                    "class": "o.s.web.servlet.DispatcherServlet",
                    "message": "Completed 200 OK" }
                    
{
                    "app": "Crmeb",
                    "timestamp":"2026-06-25 16:05:13.333",
                    "level": "DEBUG",
                    "thread": "http-nio-8169-exec-27",
                    "class": "o.s.web.servlet.DispatcherServlet",
                    "message": "POST "/api/admin/store/seckill/update/status?id=47&status=0", parameters={masked}" }
                    
{
                    "app": "Crmeb",
                    "timestamp":"2026-06-25 16:05:13.333",
                    "level": "DEBUG",
                    "thread": "http-nio-8169-exec-27",
                    "class": "o.s.w.s.m.m.a.RequestMappingHandlerMapping",
                    "message": "Mapped to com.zbkj.admin.controller.StoreSeckillController#updateStatus(Integer, boolean)" }
                    
{
                    "app": "Crmeb",
                    "timestamp":"2026-06-25 16:05:13.426",
                    "level": "DEBUG",
                    "thread": "http-nio-8169-exec-27",
                    "class": "o.s.w.s.m.m.a.RequestResponseBodyMethodProcessor",
                    "message": "Using 'application/json', given [application/json, text/plain, */*] and supported [application/json, application/*+json, application/json, application/*+json, application/cbor]" }
                    
{
                    "app": "Crmeb",
                    "timestamp":"2026-06-25 16:05:13.426",
                    "level": "DEBUG",
                    "thread": "http-nio-8169-exec-27",
                    "class": "o.s.w.s.m.m.a.RequestResponseBodyMethodProcessor",
                    "message": "Writing [com.zbkj.common.result.CommonResult@4abda920]" }
                    
{
                    "app": "Crmeb",
                    "timestamp":"2026-06-25 16:05:13.426",
                    "level": "DEBUG",
                    "thread": "http-nio-8169-exec-27",
                    "class": "o.s.web.servlet.DispatcherServlet",
                    "message": "Completed 200 OK" }
                    
{
                    "app": "Crmeb",
                    "timestamp":"2026-06-25 16:05:13.476",
                    "level": "DEBUG",
                    "thread": "http-nio-8169-exec-17",
                    "class": "o.s.web.servlet.DispatcherServlet",
                    "message": "GET "/api/admin/store/seckill/list?page=1&limit=20&timeId=&status=&keywords=&temp=1782374713", parameters={masked}" }
                    
{
                    "app": "Crmeb",
                    "timestamp":"2026-06-25 16:05:13.476",
                    "level": "DEBUG",
                    "thread": "http-nio-8169-exec-17",
                    "class": "o.s.w.s.m.m.a.RequestMappingHandlerMapping",
                    "message": "Mapped to com.zbkj.admin.controller.StoreSeckillController#getList(StoreSeckillSearchRequest, PageParamRequest)" }
                    
{
                    "app": "Crmeb",
                    "timestamp":"2026-06-25 16:05:14.845",
                    "level": "DEBUG",
                    "thread": "http-nio-8169-exec-17",
                    "class": "o.s.w.s.m.m.a.RequestResponseBodyMethodProcessor",
                    "message": "Using 'application/json', given [application/json, text/plain, */*] and supported [application/json, application/*+json, application/json, application/*+json, application/cbor]" }
                    
{
                    "app": "Crmeb",
                    "timestamp":"2026-06-25 16:05:14.845",
                    "level": "DEBUG",
                    "thread": "http-nio-8169-exec-17",
                    "class": "o.s.w.s.m.m.a.RequestResponseBodyMethodProcessor",
                    "message": "Writing [com.zbkj.common.result.CommonResult@7f12d2db]" }
                    
{
                    "app": "Crmeb",
                    "timestamp":"2026-06-25 16:05:14.846",
                    "level": "DEBUG",
                    "thread": "http-nio-8169-exec-17",
                    "class": "o.s.web.servlet.DispatcherServlet",
                    "message": "Completed 200 OK" }
                    
{
                    "app": "Crmeb",
                    "timestamp":"2026-06-25 16:05:15.596",
                    "level": "DEBUG",
                    "thread": "http-nio-8169-exec-21",
                    "class": "o.s.web.servlet.DispatcherServlet",
                    "message": "POST "/api/admin/store/seckill/update/status?id=45&status=0", parameters={masked}" }
                    
{
                    "app": "Crmeb",
                    "timestamp":"2026-06-25 16:05:15.596",
                    "level": "DEBUG",
                    "thread": "http-nio-8169-exec-21",
                    "class": "o.s.w.s.m.m.a.RequestMappingHandlerMapping",
                    "message": "Mapped to com.zbkj.admin.controller.StoreSeckillController#updateStatus(Integer, boolean)" }
                    
{
                    "app": "Crmeb",
                    "timestamp":"2026-06-25 16:05:15.684",
                    "level": "DEBUG",
                    "thread": "http-nio-8169-exec-21",
                    "class": "o.s.w.s.m.m.a.RequestResponseBodyMethodProcessor",
                    "message": "Using 'application/json', given [application/json, text/plain, */*] and supported [application/json, application/*+json, application/json, application/*+json, application/cbor]" }
                    
{
                    "app": "Crmeb",
                    "timestamp":"2026-06-25 16:05:15.685",
                    "level": "DEBUG",
                    "thread": "http-nio-8169-exec-21",
                    "class": "o.s.w.s.m.m.a.RequestResponseBodyMethodProcessor",
                    "message": "Writing [com.zbkj.common.result.CommonResult@9728186]" }
                    
{
                    "app": "Crmeb",
                    "timestamp":"2026-06-25 16:05:15.685",
                    "level": "DEBUG",
                    "thread": "http-nio-8169-exec-21",
                    "class": "o.s.web.servlet.DispatcherServlet",
                    "message": "Completed 200 OK" }
                    
{
                    "app": "Crmeb",
                    "timestamp":"2026-06-25 16:05:15.736",
                    "level": "DEBUG",
                    "thread": "http-nio-8169-exec-8",
                    "class": "o.s.web.servlet.DispatcherServlet",
                    "message": "GET "/api/admin/store/seckill/list?page=1&limit=20&timeId=&status=&keywords=&temp=1782374715", parameters={masked}" }
                    
{
                    "app": "Crmeb",
                    "timestamp":"2026-06-25 16:05:15.737",
                    "level": "DEBUG",
                    "thread": "http-nio-8169-exec-8",
                    "class": "o.s.w.s.m.m.a.RequestMappingHandlerMapping",
                    "message": "Mapped to com.zbkj.admin.controller.StoreSeckillController#getList(StoreSeckillSearchRequest, PageParamRequest)" }
                    
{
                    "app": "Crmeb",
                    "timestamp":"2026-06-25 16:05:16.985",
                    "level": "DEBUG",
                    "thread": "http-nio-8169-exec-8",
                    "class": "o.s.w.s.m.m.a.RequestResponseBodyMethodProcessor",
                    "message": "Using 'application/json', given [application/json, text/plain, */*] and supported [application/json, application/*+json, application/json, application/*+json, application/cbor]" }
                    
{
                    "app": "Crmeb",
                    "timestamp":"2026-06-25 16:05:16.986",
                    "level": "DEBUG",
                    "thread": "http-nio-8169-exec-8",
                    "class": "o.s.w.s.m.m.a.RequestResponseBodyMethodProcessor",
                    "message": "Writing [com.zbkj.common.result.CommonResult@7667e0e2]" }
                    
{
                    "app": "Crmeb",
                    "timestamp":"2026-06-25 16:05:16.987",
                    "level": "DEBUG",
                    "thread": "http-nio-8169-exec-8",
                    "class": "o.s.web.servlet.DispatcherServlet",
                    "message": "Completed 200 OK" }
                    
{
                    "app": "Crmeb",
                    "timestamp":"2026-06-25 16:05:17.595",
                    "level": "DEBUG",
                    "thread": "http-nio-8169-exec-10",
                    "class": "o.s.web.servlet.DispatcherServlet",
                    "message": "POST "/api/admin/store/seckill/update/status?id=42&status=0", parameters={masked}" }
                    
{
                    "app": "Crmeb",
                    "timestamp":"2026-06-25 16:05:17.595",
                    "level": "DEBUG",
                    "thread": "http-nio-8169-exec-10",
                    "class": "o.s.w.s.m.m.a.RequestMappingHandlerMapping",
                    "message": "Mapped to com.zbkj.admin.controller.StoreSeckillController#updateStatus(Integer, boolean)" }
                    
{
                    "app": "Crmeb",
                    "timestamp":"2026-06-25 16:05:17.684",
                    "level": "DEBUG",
                    "thread": "http-nio-8169-exec-10",
                    "class": "o.s.w.s.m.m.a.RequestResponseBodyMethodProcessor",
                    "message": "Using 'application/json', given [application/json, text/plain, */*] and supported [application/json, application/*+json, application/json, application/*+json, application/cbor]" }
                    
{
                    "app": "Crmeb",
                    "timestamp":"2026-06-25 16:05:17.684",
                    "level": "DEBUG",
                    "thread": "http-nio-8169-exec-10",
                    "class": "o.s.w.s.m.m.a.RequestResponseBodyMethodProcessor",
                    "message": "Writing [com.zbkj.common.result.CommonResult@9140b55]" }
                    
{
                    "app": "Crmeb",
                    "timestamp":"2026-06-25 16:05:17.685",
                    "level": "DEBUG",
                    "thread": "http-nio-8169-exec-10",
                    "class": "o.s.web.servlet.DispatcherServlet",
                    "message": "Completed 200 OK" }
                    
{
                    "app": "Crmeb",
                    "timestamp":"2026-06-25 16:05:17.737",
                    "level": "DEBUG",
                    "thread": "http-nio-8169-exec-3",
                    "class": "o.s.web.servlet.DispatcherServlet",
                    "message": "GET "/api/admin/store/seckill/list?page=1&limit=20&timeId=&status=&keywords=&temp=1782374717", parameters={masked}" }
                    
{
                    "app": "Crmeb",
                    "timestamp":"2026-06-25 16:05:17.738",
                    "level": "DEBUG",
                    "thread": "http-nio-8169-exec-3",
                    "class": "o.s.w.s.m.m.a.RequestMappingHandlerMapping",
                    "message": "Mapped to com.zbkj.admin.controller.StoreSeckillController#getList(StoreSeckillSearchRequest, PageParamRequest)" }
                    
{
                    "app": "Crmeb",
                    "timestamp":"2026-06-25 16:05:18.969",
                    "level": "DEBUG",
                    "thread": "http-nio-8169-exec-3",
                    "class": "o.s.w.s.m.m.a.RequestResponseBodyMethodProcessor",
                    "message": "Using 'application/json', given [application/json, text/plain, */*] and supported [application/json, application/*+json, application/json, application/*+json, application/cbor]" }
                    
{
                    "app": "Crmeb",
                    "timestamp":"2026-06-25 16:05:18.970",
                    "level": "DEBUG",
                    "thread": "http-nio-8169-exec-3",
                    "class": "o.s.w.s.m.m.a.RequestResponseBodyMethodProcessor",
                    "message": "Writing [com.zbkj.common.result.CommonResult@736bab3f]" }
                    
{
                    "app": "Crmeb",
                    "timestamp":"2026-06-25 16:05:18.972",
                    "level": "DEBUG",
                    "thread": "http-nio-8169-exec-3",
                    "class": "o.s.web.servlet.DispatcherServlet",
                    "message": "Completed 200 OK" }
                    
{
                    "app": "Crmeb",
                    "timestamp":"2026-06-25 16:05:19.676",
                    "level": "DEBUG",
                    "thread": "http-nio-8169-exec-24",
                    "class": "o.s.web.servlet.DispatcherServlet",
                    "message": "POST "/api/admin/store/seckill/update/status?id=38&status=0", parameters={masked}" }
                    
{
                    "app": "Crmeb",
                    "timestamp":"2026-06-25 16:05:19.676",
                    "level": "DEBUG",
                    "thread": "http-nio-8169-exec-24",
                    "class": "o.s.w.s.m.m.a.RequestMappingHandlerMapping",
                    "message": "Mapped to com.zbkj.admin.controller.StoreSeckillController#updateStatus(Integer, boolean)" }
                    
{
                    "app": "Crmeb",
                    "timestamp":"2026-06-25 16:05:19.768",
                    "level": "DEBUG",
                    "thread": "http-nio-8169-exec-24",
                    "class": "o.s.w.s.m.m.a.RequestResponseBodyMethodProcessor",
                    "message": "Using 'application/json', given [application/json, text/plain, */*] and supported [application/json, application/*+json, application/json, application/*+json, application/cbor]" }
                    
{
                    "app": "Crmeb",
                    "timestamp":"2026-06-25 16:05:19.768",
                    "level": "DEBUG",
                    "thread": "http-nio-8169-exec-24",
                    "class": "o.s.w.s.m.m.a.RequestResponseBodyMethodProcessor",
                    "message": "Writing [com.zbkj.common.result.CommonResult@2b3fbe18]" }
                    
{
                    "app": "Crmeb",
                    "timestamp":"2026-06-25 16:05:19.769",
                    "level": "DEBUG",
                    "thread": "http-nio-8169-exec-24",
                    "class": "o.s.web.servlet.DispatcherServlet",
                    "message": "Completed 200 OK" }
                    
{
                    "app": "Crmeb",
                    "timestamp":"2026-06-25 16:05:19.818",
                    "level": "DEBUG",
                    "thread": "http-nio-8169-exec-2",
                    "class": "o.s.web.servlet.DispatcherServlet",
                    "message": "GET "/api/admin/store/seckill/list?page=1&limit=20&timeId=&status=&keywords=&temp=1782374719", parameters={masked}" }
                    
{
                    "app": "Crmeb",
                    "timestamp":"2026-06-25 16:05:19.818",
                    "level": "DEBUG",
                    "thread": "http-nio-8169-exec-2",
                    "class": "o.s.w.s.m.m.a.RequestMappingHandlerMapping",
                    "message": "Mapped to com.zbkj.admin.controller.StoreSeckillController#getList(StoreSeckillSearchRequest, PageParamRequest)" }
                    
{
                    "app": "Crmeb",
                    "timestamp":"2026-06-25 16:05:21.061",
                    "level": "DEBUG",
                    "thread": "http-nio-8169-exec-2",
                    "class": "o.s.w.s.m.m.a.RequestResponseBodyMethodProcessor",
                    "message": "Using 'application/json', given [application/json, text/plain, */*] and supported [application/json, application/*+json, application/json, application/*+json, application/cbor]" }
                    
{
                    "app": "Crmeb",
                    "timestamp":"2026-06-25 16:05:21.062",
                    "level": "DEBUG",
                    "thread": "http-nio-8169-exec-2",
                    "class": "o.s.w.s.m.m.a.RequestResponseBodyMethodProcessor",
                    "message": "Writing [com.zbkj.common.result.CommonResult@5788fde]" }
                    
{
                    "app": "Crmeb",
                    "timestamp":"2026-06-25 16:05:21.063",
                    "level": "DEBUG",
                    "thread": "http-nio-8169-exec-2",
                    "class": "o.s.web.servlet.DispatcherServlet",
                    "message": "Completed 200 OK" }
                    
{
                    "app": "Crmeb",
                    "timestamp":"2026-06-25 16:05:22.347",
                    "level": "DEBUG",
                    "thread": "http-nio-8169-exec-5",
                    "class": "o.s.web.servlet.DispatcherServlet",
                    "message": "POST "/api/admin/store/seckill/update/status?id=37&status=0", parameters={masked}" }
                    
{
                    "app": "Crmeb",
                    "timestamp":"2026-06-25 16:05:22.348",
                    "level": "DEBUG",
                    "thread": "http-nio-8169-exec-5",
                    "class": "o.s.w.s.m.m.a.RequestMappingHandlerMapping",
                    "message": "Mapped to com.zbkj.admin.controller.StoreSeckillController#updateStatus(Integer, boolean)" }
                    
{
                    "app": "Crmeb",
                    "timestamp":"2026-06-25 16:05:22.435",
                    "level": "DEBUG",
                    "thread": "http-nio-8169-exec-5",
                    "class": "o.s.w.s.m.m.a.RequestResponseBodyMethodProcessor",
                    "message": "Using 'application/json', given [application/json, text/plain, */*] and supported [application/json, application/*+json, application/json, application/*+json, application/cbor]" }
                    
{
                    "app": "Crmeb",
                    "timestamp":"2026-06-25 16:05:22.436",
                    "level": "DEBUG",
                    "thread": "http-nio-8169-exec-5",
                    "class": "o.s.w.s.m.m.a.RequestResponseBodyMethodProcessor",
                    "message": "Writing [com.zbkj.common.result.CommonResult@508e33c4]" }
                    
{
                    "app": "Crmeb",
                    "timestamp":"2026-06-25 16:05:22.436",
                    "level": "DEBUG",
                    "thread": "http-nio-8169-exec-5",
                    "class": "o.s.web.servlet.DispatcherServlet",
                    "message": "Completed 200 OK" }
                    
{
                    "app": "Crmeb",
                    "timestamp":"2026-06-25 16:05:22.487",
                    "level": "DEBUG",
                    "thread": "http-nio-8169-exec-13",
                    "class": "o.s.web.servlet.DispatcherServlet",
                    "message": "GET "/api/admin/store/seckill/list?page=1&limit=20&timeId=&status=&keywords=&temp=1782374722", parameters={masked}" }
                    
{
                    "app": "Crmeb",
                    "timestamp":"2026-06-25 16:05:22.487",
                    "level": "DEBUG",
                    "thread": "http-nio-8169-exec-13",
                    "class": "o.s.w.s.m.m.a.RequestMappingHandlerMapping",
                    "message": "Mapped to com.zbkj.admin.controller.StoreSeckillController#getList(StoreSeckillSearchRequest, PageParamRequest)" }
                    
{
                    "app": "Crmeb",
                    "timestamp":"2026-06-25 16:05:23.726",
                    "level": "DEBUG",
                    "thread": "http-nio-8169-exec-13",
                    "class": "o.s.w.s.m.m.a.RequestResponseBodyMethodProcessor",
                    "message": "Using 'application/json', given [application/json, text/plain, */*] and supported [application/json, application/*+json, application/json, application/*+json, application/cbor]" }
                    
{
                    "app": "Crmeb",
                    "timestamp":"2026-06-25 16:05:23.726",
                    "level": "DEBUG",
                    "thread": "http-nio-8169-exec-13",
                    "class": "o.s.w.s.m.m.a.RequestResponseBodyMethodProcessor",
                    "message": "Writing [com.zbkj.common.result.CommonResult@3f3ab5a3]" }
                    
{
                    "app": "Crmeb",
                    "timestamp":"2026-06-25 16:05:23.728",
                    "level": "DEBUG",
                    "thread": "http-nio-8169-exec-13",
                    "class": "o.s.web.servlet.DispatcherServlet",
                    "message": "Completed 200 OK" }
                    
{
                    "app": "Crmeb",
                    "timestamp":"2026-06-25 16:05:24.552",
                    "level": "DEBUG",
                    "thread": "http-nio-8169-exec-4",
                    "class": "o.s.web.servlet.DispatcherServlet",
                    "message": "POST "/api/admin/store/seckill/update/status?id=36&status=0", parameters={masked}" }
                    
{
                    "app": "Crmeb",
                    "timestamp":"2026-06-25 16:05:24.552",
                    "level": "DEBUG",
                    "thread": "http-nio-8169-exec-4",
                    "class": "o.s.w.s.m.m.a.RequestMappingHandlerMapping",
                    "message": "Mapped to com.zbkj.admin.controller.StoreSeckillController#updateStatus(Integer, boolean)" }
                    
{
                    "app": "Crmeb",
                    "timestamp":"2026-06-25 16:05:24.645",
                    "level": "DEBUG",
                    "thread": "http-nio-8169-exec-4",
                    "class": "o.s.w.s.m.m.a.RequestResponseBodyMethodProcessor",
                    "message": "Using 'application/json', given [application/json, text/plain, */*] and supported [application/json, application/*+json, application/json, application/*+json, application/cbor]" }
                    
{
                    "app": "Crmeb",
                    "timestamp":"2026-06-25 16:05:24.645",
                    "level": "DEBUG",
                    "thread": "http-nio-8169-exec-4",
                    "class": "o.s.w.s.m.m.a.RequestResponseBodyMethodProcessor",
                    "message": "Writing [com.zbkj.common.result.CommonResult@7e509fdf]" }
                    
{
                    "app": "Crmeb",
                    "timestamp":"2026-06-25 16:05:24.646",
                    "level": "DEBUG",
                    "thread": "http-nio-8169-exec-4",
                    "class": "o.s.web.servlet.DispatcherServlet",
                    "message": "Completed 200 OK" }
                    
{
                    "app": "Crmeb",
                    "timestamp":"2026-06-25 16:05:24.695",
                    "level": "DEBUG",
                    "thread": "http-nio-8169-exec-12",
                    "class": "o.s.web.servlet.DispatcherServlet",
                    "message": "GET "/api/admin/store/seckill/list?page=1&limit=20&timeId=&status=&keywords=&temp=1782374724", parameters={masked}" }
                    
{
                    "app": "Crmeb",
                    "timestamp":"2026-06-25 16:05:24.695",
                    "level": "DEBUG",
                    "thread": "http-nio-8169-exec-12",
                    "class": "o.s.w.s.m.m.a.RequestMappingHandlerMapping",
                    "message": "Mapped to com.zbkj.admin.controller.StoreSeckillController#getList(StoreSeckillSearchRequest, PageParamRequest)" }
                    
{
                    "app": "Crmeb",
                    "timestamp":"2026-06-25 16:05:25.951",
                    "level": "DEBUG",
                    "thread": "http-nio-8169-exec-12",
                    "class": "o.s.w.s.m.m.a.RequestResponseBodyMethodProcessor",
                    "message": "Using 'application/json', given [application/json, text/plain, */*] and supported [application/json, application/*+json, application/json, application/*+json, application/cbor]" }
                    
{
                    "app": "Crmeb",
                    "timestamp":"2026-06-25 16:05:25.951",
                    "level": "DEBUG",
                    "thread": "http-nio-8169-exec-12",
                    "class": "o.s.w.s.m.m.a.RequestResponseBodyMethodProcessor",
                    "message": "Writing [com.zbkj.common.result.CommonResult@1851c1ce]" }
                    
{
                    "app": "Crmeb",
                    "timestamp":"2026-06-25 16:05:25.952",
                    "level": "DEBUG",
                    "thread": "http-nio-8169-exec-12",
                    "class": "o.s.web.servlet.DispatcherServlet",
                    "message": "Completed 200 OK" }
                    
{
                    "app": "Crmeb",
                    "timestamp":"2026-06-25 16:05:26.555",
                    "level": "DEBUG",
                    "thread": "http-nio-8169-exec-26",
                    "class": "o.s.web.servlet.DispatcherServlet",
                    "message": "POST "/api/admin/store/seckill/update/status?id=35&status=0", parameters={masked}" }
                    
{
                    "app": "Crmeb",
                    "timestamp":"2026-06-25 16:05:26.555",
                    "level": "DEBUG",
                    "thread": "http-nio-8169-exec-26",
                    "class": "o.s.w.s.m.m.a.RequestMappingHandlerMapping",
                    "message": "Mapped to com.zbkj.admin.controller.StoreSeckillController#updateStatus(Integer, boolean)" }
                    
{
                    "app": "Crmeb",
                    "timestamp":"2026-06-25 16:05:26.647",
                    "level": "DEBUG",
                    "thread": "http-nio-8169-exec-26",
                    "class": "o.s.w.s.m.m.a.RequestResponseBodyMethodProcessor",
                    "message": "Using 'application/json', given [application/json, text/plain, */*] and supported [application/json, application/*+json, application/json, application/*+json, application/cbor]" }
                    
{
                    "app": "Crmeb",
                    "timestamp":"2026-06-25 16:05:26.648",
                    "level": "DEBUG",
                    "thread": "http-nio-8169-exec-26",
                    "class": "o.s.w.s.m.m.a.RequestResponseBodyMethodProcessor",
                    "message": "Writing [com.zbkj.common.result.CommonResult@4ee7fb9]" }
                    
{
                    "app": "Crmeb",
                    "timestamp":"2026-06-25 16:05:26.648",
                    "level": "DEBUG",
                    "thread": "http-nio-8169-exec-26",
                    "class": "o.s.web.servlet.DispatcherServlet",
                    "message": "Completed 200 OK" }
                    
{
                    "app": "Crmeb",
                    "timestamp":"2026-06-25 16:05:26.698",
                    "level": "DEBUG",
                    "thread": "http-nio-8169-exec-16",
                    "class": "o.s.web.servlet.DispatcherServlet",
                    "message": "GET "/api/admin/store/seckill/list?page=1&limit=20&timeId=&status=&keywords=&temp=1782374726", parameters={masked}" }
                    
{
                    "app": "Crmeb",
                    "timestamp":"2026-06-25 16:05:26.699",
                    "level": "DEBUG",
                    "thread": "http-nio-8169-exec-16",
                    "class": "o.s.w.s.m.m.a.RequestMappingHandlerMapping",
                    "message": "Mapped to com.zbkj.admin.controller.StoreSeckillController#getList(StoreSeckillSearchRequest, PageParamRequest)" }
                    
{
                    "app": "Crmeb",
                    "timestamp":"2026-06-25 16:05:27.942",
                    "level": "DEBUG",
                    "thread": "http-nio-8169-exec-16",
                    "class": "o.s.w.s.m.m.a.RequestResponseBodyMethodProcessor",
                    "message": "Using 'application/json', given [application/json, text/plain, */*] and supported [application/json, application/*+json, application/json, application/*+json, application/cbor]" }
                    
{
                    "app": "Crmeb",
                    "timestamp":"2026-06-25 16:05:27.942",
                    "level": "DEBUG",
                    "thread": "http-nio-8169-exec-16",
                    "class": "o.s.w.s.m.m.a.RequestResponseBodyMethodProcessor",
                    "message": "Writing [com.zbkj.common.result.CommonResult@4a7d2c04]" }
                    
{
                    "app": "Crmeb",
                    "timestamp":"2026-06-25 16:05:27.943",
                    "level": "DEBUG",
                    "thread": "http-nio-8169-exec-16",
                    "class": "o.s.web.servlet.DispatcherServlet",
                    "message": "Completed 200 OK" }
                    
{
                    "app": "Crmeb",
                    "timestamp":"2026-06-25 16:05:38.224",
                    "level": "DEBUG",
                    "thread": "http-nio-8169-exec-8",
                    "class": "o.s.web.servlet.DispatcherServlet",
                    "message": "GET "/api/admin/store/product/tabs/headers?page=1&limit=20&cateId=&keywords=&type=1&temp=1782374738", parameters={masked}" }
                    
{
                    "app": "Crmeb",
                    "timestamp":"2026-06-25 16:05:38.224",
                    "level": "DEBUG",
                    "thread": "http-nio-8169-exec-10",
                    "class": "o.s.web.servlet.DispatcherServlet",
                    "message": "GET "/api/admin/category/list/tree?status=-1&type=1&temp=1782374738", parameters={masked}" }
                    
{
                    "app": "Crmeb",
                    "timestamp":"2026-06-25 16:05:38.225",
                    "level": "DEBUG",
                    "thread": "http-nio-8169-exec-8",
                    "class": "o.s.w.s.m.m.a.RequestMappingHandlerMapping",
                    "message": "Mapped to com.zbkj.admin.controller.StoreProductController#getTabsHeader(StoreProductHeaderRequest)" }
                    
{
                    "app": "Crmeb",
                    "timestamp":"2026-06-25 16:05:38.225",
                    "level": "DEBUG",
                    "thread": "http-nio-8169-exec-10",
                    "class": "o.s.w.s.m.m.a.RequestMappingHandlerMapping",
                    "message": "Mapped to com.zbkj.admin.controller.CategoryController#getListTree(Integer, Integer, String)" }
                    
{
                    "app": "Crmeb",
                    "timestamp":"2026-06-25 16:05:38.227",
                    "level": "DEBUG",
                    "thread": "http-nio-8169-exec-9",
                    "class": "o.s.web.servlet.DispatcherServlet",
                    "message": "GET "/api/admin/store/product/list?page=1&limit=20&cateId=&keywords=&type=1&temp=1782374738", parameters={masked}" }
                    
{
                    "app": "Crmeb",
                    "timestamp":"2026-06-25 16:05:38.227",
                    "level": "DEBUG",
                    "thread": "http-nio-8169-exec-9",
                    "class": "o.s.w.s.m.m.a.RequestMappingHandlerMapping",
                    "message": "Mapped to com.zbkj.admin.controller.StoreProductController#getList(StoreProductSearchRequest, PageParamRequest)" }
                    
{
                    "app": "Crmeb",
                    "timestamp":"2026-06-25 16:05:38.274",
                    "level": "DEBUG",
                    "thread": "http-nio-8169-exec-10",
                    "class": "o.s.w.s.m.m.a.RequestResponseBodyMethodProcessor",
                    "message": "Using 'application/json', given [application/json, text/plain, */*] and supported [application/json, application/*+json, application/json, application/*+json, application/cbor]" }
                    
{
                    "app": "Crmeb",
                    "timestamp":"2026-06-25 16:05:38.274",
                    "level": "DEBUG",
                    "thread": "http-nio-8169-exec-10",
                    "class": "o.s.w.s.m.m.a.RequestResponseBodyMethodProcessor",
                    "message": "Writing [com.zbkj.common.result.CommonResult@6208a027]" }
                    
{
                    "app": "Crmeb",
                    "timestamp":"2026-06-25 16:05:38.275",
                    "level": "DEBUG",
                    "thread": "http-nio-8169-exec-10",
                    "class": "o.s.web.servlet.DispatcherServlet",
                    "message": "Completed 200 OK" }
                    
{
                    "app": "Crmeb",
                    "timestamp":"2026-06-25 16:05:38.507",
                    "level": "DEBUG",
                    "thread": "http-nio-8169-exec-8",
                    "class": "o.s.w.s.m.m.a.RequestResponseBodyMethodProcessor",
                    "message": "Using 'application/json', given [application/json, text/plain, */*] and supported [application/json, application/*+json, application/json, application/*+json, application/cbor]" }
                    
{
                    "app": "Crmeb",
                    "timestamp":"2026-06-25 16:05:38.507",
                    "level": "DEBUG",
                    "thread": "http-nio-8169-exec-8",
                    "class": "o.s.w.s.m.m.a.RequestResponseBodyMethodProcessor",
                    "message": "Writing [com.zbkj.common.result.CommonResult@705ccf50]" }
                    
{
                    "app": "Crmeb",
                    "timestamp":"2026-06-25 16:05:38.507",
                    "level": "DEBUG",
                    "thread": "http-nio-8169-exec-8",
                    "class": "o.s.web.servlet.DispatcherServlet",
                    "message": "Completed 200 OK" }
                    
{
                    "app": "Crmeb",
                    "timestamp":"2026-06-25 16:05:38.533",
                    "level": "DEBUG",
                    "thread": "http-nio-8169-exec-9",
                    "class": "o.s.w.s.m.m.a.RequestResponseBodyMethodProcessor",
                    "message": "Using 'application/json', given [application/json, text/plain, */*] and supported [application/json, application/*+json, application/json, application/*+json, application/cbor]" }
                    
{
                    "app": "Crmeb",
                    "timestamp":"2026-06-25 16:05:38.535",
                    "level": "DEBUG",
                    "thread": "http-nio-8169-exec-9",
                    "class": "o.s.w.s.m.m.a.RequestResponseBodyMethodProcessor",
                    "message": "Writing [com.zbkj.common.result.CommonResult@bc53d57]" }
                    
{
                    "app": "Crmeb",
                    "timestamp":"2026-06-25 16:05:38.535",
                    "level": "DEBUG",
                    "thread": "http-nio-8169-exec-9",
                    "class": "o.s.web.servlet.DispatcherServlet",
                    "message": "Completed 200 OK" }
                    
{
                    "app": "Crmeb",
                    "timestamp":"2026-06-25 16:05:39.491",
                    "level": "DEBUG",
                    "thread": "http-nio-8169-exec-2",
                    "class": "o.s.web.servlet.DispatcherServlet",
                    "message": "GET "/api/admin/store/product/list?page=1&limit=20&cateId=&keywords=&type=5&temp=1782374739", parameters={masked}" }
                    
{
                    "app": "Crmeb",
                    "timestamp":"2026-06-25 16:05:39.492",
                    "level": "DEBUG",
                    "thread": "http-nio-8169-exec-2",
                    "class": "o.s.w.s.m.m.a.RequestMappingHandlerMapping",
                    "message": "Mapped to com.zbkj.admin.controller.StoreProductController#getList(StoreProductSearchRequest, PageParamRequest)" }
                    
{
                    "app": "Crmeb",
                    "timestamp":"2026-06-25 16:05:39.492",
                    "level": "DEBUG",
                    "thread": "http-nio-8169-exec-11",
                    "class": "o.s.web.servlet.DispatcherServlet",
                    "message": "GET "/api/admin/store/product/tabs/headers?page=1&limit=20&cateId=&keywords=&type=5&temp=1782374739", parameters={masked}" }
                    
{
                    "app": "Crmeb",
                    "timestamp":"2026-06-25 16:05:39.493",
                    "level": "DEBUG",
                    "thread": "http-nio-8169-exec-11",
                    "class": "o.s.w.s.m.m.a.RequestMappingHandlerMapping",
                    "message": "Mapped to com.zbkj.admin.controller.StoreProductController#getTabsHeader(StoreProductHeaderRequest)" }
                    
{
                    "app": "Crmeb",
                    "timestamp":"2026-06-25 16:05:39.781",
                    "level": "DEBUG",
                    "thread": "http-nio-8169-exec-11",
                    "class": "o.s.w.s.m.m.a.RequestResponseBodyMethodProcessor",
                    "message": "Using 'application/json', given [application/json, text/plain, */*] and supported [application/json, application/*+json, application/json, application/*+json, application/cbor]" }
                    
{
                    "app": "Crmeb",
                    "timestamp":"2026-06-25 16:05:39.781",
                    "level": "DEBUG",
                    "thread": "http-nio-8169-exec-11",
                    "class": "o.s.w.s.m.m.a.RequestResponseBodyMethodProcessor",
                    "message": "Writing [com.zbkj.common.result.CommonResult@65a7a006]" }
                    
{
                    "app": "Crmeb",
                    "timestamp":"2026-06-25 16:05:39.782",
                    "level": "DEBUG",
                    "thread": "http-nio-8169-exec-11",
                    "class": "o.s.web.servlet.DispatcherServlet",
                    "message": "Completed 200 OK" }
                    
{
                    "app": "Crmeb",
                    "timestamp":"2026-06-25 16:05:42.025",
                    "level": "DEBUG",
                    "thread": "http-nio-8169-exec-2",
                    "class": "o.s.w.s.m.m.a.RequestResponseBodyMethodProcessor",
                    "message": "Using 'application/json', given [application/json, text/plain, */*] and supported [application/json, application/*+json, application/json, application/*+json, application/cbor]" }
                    
{
                    "app": "Crmeb",
                    "timestamp":"2026-06-25 16:05:42.026",
                    "level": "DEBUG",
                    "thread": "http-nio-8169-exec-2",
                    "class": "o.s.w.s.m.m.a.RequestResponseBodyMethodProcessor",
                    "message": "Writing [com.zbkj.common.result.CommonResult@adc5c2a]" }
                    
{
                    "app": "Crmeb",
                    "timestamp":"2026-06-25 16:05:42.055",
                    "level": "DEBUG",
                    "thread": "http-nio-8169-exec-2",
                    "class": "o.s.web.servlet.DispatcherServlet",
                    "message": "Completed 200 OK" }
                    
{
                    "app": "Crmeb",
                    "timestamp":"2026-06-25 16:05:44.624",
                    "level": "DEBUG",
                    "thread": "http-nio-8169-exec-14",
                    "class": "o.s.web.servlet.DispatcherServlet",
                    "message": "GET "/api/admin/store/product/delete/93?type=delete&temp=1782374744", parameters={masked}" }
                    
{
                    "app": "Crmeb",
                    "timestamp":"2026-06-25 16:05:44.626",
                    "level": "DEBUG",
                    "thread": "http-nio-8169-exec-14",
                    "class": "o.s.w.s.m.m.a.RequestMappingHandlerMapping",
                    "message": "Mapped to com.zbkj.admin.controller.StoreProductController#delete(Integer, String)" }
                    
{
                    "app": "Crmeb",
                    "timestamp":"2026-06-25 16:05:44.771",
                    "level": "DEBUG",
                    "thread": "http-nio-8169-exec-14",
                    "class": "o.s.w.s.m.m.a.ExceptionHandlerExceptionResolver",
                    "message": "Using @ExceptionHandler com.zbkj.service.exception.GlobalExceptionHandler#defaultExceptionHandler(HttpServletRequest, Exception)" }
                    
{
                    "app": "Crmeb",
                    "timestamp":"2026-06-25 16:05:44.820",
                    "level": "DEBUG",
                    "thread": "http-nio-8169-exec-14",
                    "class": "o.s.w.s.m.m.a.RequestResponseBodyMethodProcessor",
                    "message": "Using 'application/json', given [application/json, text/plain, */*] and supported [application/json, application/*+json, application/json, application/*+json, application/cbor]" }
                    
{
                    "app": "Crmeb",
                    "timestamp":"2026-06-25 16:05:44.820",
                    "level": "DEBUG",
                    "thread": "http-nio-8169-exec-14",
                    "class": "o.s.w.s.m.m.a.RequestResponseBodyMethodProcessor",
                    "message": "Writing [com.zbkj.common.result.CommonResult@6520618d]" }
                    
{
                    "app": "Crmeb",
                    "timestamp":"2026-06-25 16:05:44.820",
                    "level": "DEBUG",
                    "thread": "http-nio-8169-exec-14",
                    "class": "o.s.w.s.m.m.a.ExceptionHandlerExceptionResolver",
                    "message": "Resolved [com.zbkj.common.exception.CrmebException: 有商品关联的砍价商品活动开启中，不能删除]" }
                    
{
                    "app": "Crmeb",
                    "timestamp":"2026-06-25 16:05:44.821",
                    "level": "DEBUG",
                    "thread": "http-nio-8169-exec-14",
                    "class": "o.s.web.servlet.DispatcherServlet",
                    "message": "Completed 200 OK" }
                    
{
                    "app": "Crmeb",
                    "timestamp":"2026-06-25 16:05:49.832",
                    "level": "DEBUG",
                    "thread": "http-nio-8169-exec-4",
                    "class": "o.s.web.servlet.DispatcherServlet",
                    "message": "GET "/api/admin/store/seckill/list?page=1&limit=20&timeId=&status=&keywords=&temp=1782374749", parameters={masked}" }
                    
{
                    "app": "Crmeb",
                    "timestamp":"2026-06-25 16:05:49.832",
                    "level": "DEBUG",
                    "thread": "http-nio-8169-exec-4",
                    "class": "o.s.w.s.m.m.a.RequestMappingHandlerMapping",
                    "message": "Mapped to com.zbkj.admin.controller.StoreSeckillController#getList(StoreSeckillSearchRequest, PageParamRequest)" }
                    
{
                    "app": "Crmeb",
                    "timestamp":"2026-06-25 16:05:49.835",
                    "level": "DEBUG",
                    "thread": "http-nio-8169-exec-23",
                    "class": "o.s.web.servlet.DispatcherServlet",
                    "message": "GET "/api/admin/store/seckill/manger/list?page=1&limit=9999&isDel=false&temp=1782374749", parameters={masked}" }
                    
{
                    "app": "Crmeb",
                    "timestamp":"2026-06-25 16:05:49.836",
                    "level": "DEBUG",
                    "thread": "http-nio-8169-exec-23",
                    "class": "o.s.w.s.m.m.a.RequestMappingHandlerMapping",
                    "message": "Mapped to com.zbkj.admin.controller.StoreSeckillMangerController#getList(StoreSeckillMangerSearchRequest, PageParamRequest)" }
                    
{
                    "app": "Crmeb",
                    "timestamp":"2026-06-25 16:05:49.926",
                    "level": "DEBUG",
                    "thread": "http-nio-8169-exec-23",
                    "class": "o.s.w.s.m.m.a.RequestResponseBodyMethodProcessor",
                    "message": "Using 'application/json', given [application/json, text/plain, */*] and supported [application/json, application/*+json, application/json, application/*+json, application/cbor]" }
                    
{
                    "app": "Crmeb",
                    "timestamp":"2026-06-25 16:05:49.926",
                    "level": "DEBUG",
                    "thread": "http-nio-8169-exec-23",
                    "class": "o.s.w.s.m.m.a.RequestResponseBodyMethodProcessor",
                    "message": "Writing [com.zbkj.common.result.CommonResult@7dfb3028]" }
                    
{
                    "app": "Crmeb",
                    "timestamp":"2026-06-25 16:05:49.926",
                    "level": "DEBUG",
                    "thread": "http-nio-8169-exec-23",
                    "class": "o.s.web.servlet.DispatcherServlet",
                    "message": "Completed 200 OK" }
                    
{
                    "app": "Crmeb",
                    "timestamp":"2026-06-25 16:05:51.065",
                    "level": "DEBUG",
                    "thread": "http-nio-8169-exec-4",
                    "class": "o.s.w.s.m.m.a.RequestResponseBodyMethodProcessor",
                    "message": "Using 'application/json', given [application/json, text/plain, */*] and supported [application/json, application/*+json, application/json, application/*+json, application/cbor]" }
                    
{
                    "app": "Crmeb",
                    "timestamp":"2026-06-25 16:05:51.065",
                    "level": "DEBUG",
                    "thread": "http-nio-8169-exec-4",
                    "class": "o.s.w.s.m.m.a.RequestResponseBodyMethodProcessor",
                    "message": "Writing [com.zbkj.common.result.CommonResult@63c6928]" }
                    
{
                    "app": "Crmeb",
                    "timestamp":"2026-06-25 16:05:51.066",
                    "level": "DEBUG",
                    "thread": "http-nio-8169-exec-4",
                    "class": "o.s.web.servlet.DispatcherServlet",
                    "message": "Completed 200 OK" }
                    
{
                    "app": "Crmeb",
                    "timestamp":"2026-06-25 16:05:57.780",
                    "level": "DEBUG",
                    "thread": "http-nio-8169-exec-18",
                    "class": "o.s.web.servlet.DispatcherServlet",
                    "message": "GET "/api/admin/store/seckill/delete?id=54&temp=1782374757", parameters={masked}" }
                    
{
                    "app": "Crmeb",
                    "timestamp":"2026-06-25 16:05:57.781",
                    "level": "DEBUG",
                    "thread": "http-nio-8169-exec-18",
                    "class": "o.s.w.s.m.m.a.RequestMappingHandlerMapping",
                    "message": "Mapped to com.zbkj.admin.controller.StoreSeckillController#delete(Integer)" }
                    
{
                    "app": "Crmeb",
                    "timestamp":"2026-06-25 16:05:57.828",
                    "level": "DEBUG",
                    "thread": "http-nio-8169-exec-18",
                    "class": "o.s.w.s.m.m.a.RequestResponseBodyMethodProcessor",
                    "message": "Using 'application/json', given [application/json, text/plain, */*] and supported [application/json, application/*+json, application/json, application/*+json, application/cbor]" }
                    
{
                    "app": "Crmeb",
                    "timestamp":"2026-06-25 16:05:57.829",
                    "level": "DEBUG",
                    "thread": "http-nio-8169-exec-18",
                    "class": "o.s.w.s.m.m.a.RequestResponseBodyMethodProcessor",
                    "message": "Writing [com.zbkj.common.result.CommonResult@1c40130e]" }
                    
{
                    "app": "Crmeb",
                    "timestamp":"2026-06-25 16:05:57.829",
                    "level": "DEBUG",
                    "thread": "http-nio-8169-exec-18",
                    "class": "o.s.web.servlet.DispatcherServlet",
                    "message": "Completed 200 OK" }
                    
{
                    "app": "Crmeb",
                    "timestamp":"2026-06-25 16:05:57.884",
                    "level": "DEBUG",
                    "thread": "http-nio-8169-exec-28",
                    "class": "o.s.web.servlet.DispatcherServlet",
                    "message": "GET "/api/admin/store/seckill/list?page=1&limit=20&timeId=&status=&keywords=&temp=1782374757", parameters={masked}" }
                    
{
                    "app": "Crmeb",
                    "timestamp":"2026-06-25 16:05:57.885",
                    "level": "DEBUG",
                    "thread": "http-nio-8169-exec-28",
                    "class": "o.s.w.s.m.m.a.RequestMappingHandlerMapping",
                    "message": "Mapped to com.zbkj.admin.controller.StoreSeckillController#getList(StoreSeckillSearchRequest, PageParamRequest)" }
                    
{
                    "app": "Crmeb",
                    "timestamp":"2026-06-25 16:05:59.009",
                    "level": "DEBUG",
                    "thread": "http-nio-8169-exec-28",
                    "class": "o.s.w.s.m.m.a.RequestResponseBodyMethodProcessor",
                    "message": "Using 'application/json', given [application/json, text/plain, */*] and supported [application/json, application/*+json, application/json, application/*+json, application/cbor]" }
                    
{
                    "app": "Crmeb",
                    "timestamp":"2026-06-25 16:05:59.010",
                    "level": "DEBUG",
                    "thread": "http-nio-8169-exec-28",
                    "class": "o.s.w.s.m.m.a.RequestResponseBodyMethodProcessor",
                    "message": "Writing [com.zbkj.common.result.CommonResult@6a17e5d1]" }
                    
{
                    "app": "Crmeb",
                    "timestamp":"2026-06-25 16:05:59.011",
                    "level": "DEBUG",
                    "thread": "http-nio-8169-exec-28",
                    "class": "o.s.web.servlet.DispatcherServlet",
                    "message": "Completed 200 OK" }
                    
{
                    "app": "Crmeb",
                    "timestamp":"2026-06-25 16:06:00.857",
                    "level": "DEBUG",
                    "thread": "http-nio-8169-exec-17",
                    "class": "o.s.web.servlet.DispatcherServlet",
                    "message": "GET "/api/admin/store/seckill/delete?id=51&temp=1782374760", parameters={masked}" }
                    
{
                    "app": "Crmeb",
                    "timestamp":"2026-06-25 16:06:00.857",
                    "level": "DEBUG",
                    "thread": "http-nio-8169-exec-17",
                    "class": "o.s.w.s.m.m.a.RequestMappingHandlerMapping",
                    "message": "Mapped to com.zbkj.admin.controller.StoreSeckillController#delete(Integer)" }
                    
{
                    "app": "Crmeb",
                    "timestamp":"2026-06-25 16:06:00.901",
                    "level": "DEBUG",
                    "thread": "http-nio-8169-exec-17",
                    "class": "o.s.w.s.m.m.a.RequestResponseBodyMethodProcessor",
                    "message": "Using 'application/json', given [application/json, text/plain, */*] and supported [application/json, application/*+json, application/json, application/*+json, application/cbor]" }
                    
{
                    "app": "Crmeb",
                    "timestamp":"2026-06-25 16:06:00.901",
                    "level": "DEBUG",
                    "thread": "http-nio-8169-exec-17",
                    "class": "o.s.w.s.m.m.a.RequestResponseBodyMethodProcessor",
                    "message": "Writing [com.zbkj.common.result.CommonResult@50f04cbb]" }
                    
{
                    "app": "Crmeb",
                    "timestamp":"2026-06-25 16:06:00.902",
                    "level": "DEBUG",
                    "thread": "http-nio-8169-exec-17",
                    "class": "o.s.web.servlet.DispatcherServlet",
                    "message": "Completed 200 OK" }
                    
{
                    "app": "Crmeb",
                    "timestamp":"2026-06-25 16:06:00.952",
                    "level": "DEBUG",
                    "thread": "http-nio-8169-exec-19",
                    "class": "o.s.web.servlet.DispatcherServlet",
                    "message": "GET "/api/admin/store/seckill/list?page=1&limit=20&timeId=&status=&keywords=&temp=1782374760", parameters={masked}" }
                    
{
                    "app": "Crmeb",
                    "timestamp":"2026-06-25 16:06:00.952",
                    "level": "DEBUG",
                    "thread": "http-nio-8169-exec-19",
                    "class": "o.s.w.s.m.m.a.RequestMappingHandlerMapping",
                    "message": "Mapped to com.zbkj.admin.controller.StoreSeckillController#getList(StoreSeckillSearchRequest, PageParamRequest)" }
                    
{
                    "app": "Crmeb",
                    "timestamp":"2026-06-25 16:06:01.981",
                    "level": "DEBUG",
                    "thread": "http-nio-8169-exec-19",
                    "class": "o.s.w.s.m.m.a.RequestResponseBodyMethodProcessor",
                    "message": "Using 'application/json', given [application/json, text/plain, */*] and supported [application/json, application/*+json, application/json, application/*+json, application/cbor]" }
                    
{
                    "app": "Crmeb",
                    "timestamp":"2026-06-25 16:06:01.982",
                    "level": "DEBUG",
                    "thread": "http-nio-8169-exec-19",
                    "class": "o.s.w.s.m.m.a.RequestResponseBodyMethodProcessor",
                    "message": "Writing [com.zbkj.common.result.CommonResult@324eda2d]" }
                    
{
                    "app": "Crmeb",
                    "timestamp":"2026-06-25 16:06:01.984",
                    "level": "DEBUG",
                    "thread": "http-nio-8169-exec-19",
                    "class": "o.s.web.servlet.DispatcherServlet",
                    "message": "Completed 200 OK" }
                    
{
                    "app": "Crmeb",
                    "timestamp":"2026-06-25 16:06:03.845",
                    "level": "DEBUG",
                    "thread": "http-nio-8169-exec-30",
                    "class": "o.s.web.servlet.DispatcherServlet",
                    "message": "GET "/api/admin/store/seckill/delete?id=50&temp=1782374763", parameters={masked}" }
                    
{
                    "app": "Crmeb",
                    "timestamp":"2026-06-25 16:06:03.846",
                    "level": "DEBUG",
                    "thread": "http-nio-8169-exec-30",
                    "class": "o.s.w.s.m.m.a.RequestMappingHandlerMapping",
                    "message": "Mapped to com.zbkj.admin.controller.StoreSeckillController#delete(Integer)" }
                    
{
                    "app": "Crmeb",
                    "timestamp":"2026-06-25 16:06:03.896",
                    "level": "DEBUG",
                    "thread": "http-nio-8169-exec-30",
                    "class": "o.s.w.s.m.m.a.RequestResponseBodyMethodProcessor",
                    "message": "Using 'application/json', given [application/json, text/plain, */*] and supported [application/json, application/*+json, application/json, application/*+json, application/cbor]" }
                    
{
                    "app": "Crmeb",
                    "timestamp":"2026-06-25 16:06:03.896",
                    "level": "DEBUG",
                    "thread": "http-nio-8169-exec-30",
                    "class": "o.s.w.s.m.m.a.RequestResponseBodyMethodProcessor",
                    "message": "Writing [com.zbkj.common.result.CommonResult@4ad149d]" }
                    
{
                    "app": "Crmeb",
                    "timestamp":"2026-06-25 16:06:03.896",
                    "level": "DEBUG",
                    "thread": "http-nio-8169-exec-30",
                    "class": "o.s.web.servlet.DispatcherServlet",
                    "message": "Completed 200 OK" }
                    
{
                    "app": "Crmeb",
                    "timestamp":"2026-06-25 16:06:03.945",
                    "level": "DEBUG",
                    "thread": "http-nio-8169-exec-25",
                    "class": "o.s.web.servlet.DispatcherServlet",
                    "message": "GET "/api/admin/store/seckill/list?page=1&limit=20&timeId=&status=&keywords=&temp=1782374763", parameters={masked}" }
                    
{
                    "app": "Crmeb",
                    "timestamp":"2026-06-25 16:06:03.945",
                    "level": "DEBUG",
                    "thread": "http-nio-8169-exec-25",
                    "class": "o.s.w.s.m.m.a.RequestMappingHandlerMapping",
                    "message": "Mapped to com.zbkj.admin.controller.StoreSeckillController#getList(StoreSeckillSearchRequest, PageParamRequest)" }
                    
{
                    "app": "Crmeb",
                    "timestamp":"2026-06-25 16:06:04.954",
                    "level": "DEBUG",
                    "thread": "http-nio-8169-exec-25",
                    "class": "o.s.w.s.m.m.a.RequestResponseBodyMethodProcessor",
                    "message": "Using 'application/json', given [application/json, text/plain, */*] and supported [application/json, application/*+json, application/json, application/*+json, application/cbor]" }
                    
{
                    "app": "Crmeb",
                    "timestamp":"2026-06-25 16:06:04.954",
                    "level": "DEBUG",
                    "thread": "http-nio-8169-exec-25",
                    "class": "o.s.w.s.m.m.a.RequestResponseBodyMethodProcessor",
                    "message": "Writing [com.zbkj.common.result.CommonResult@2d544743]" }
                    
{
                    "app": "Crmeb",
                    "timestamp":"2026-06-25 16:06:04.955",
                    "level": "DEBUG",
                    "thread": "http-nio-8169-exec-25",
                    "class": "o.s.web.servlet.DispatcherServlet",
                    "message": "Completed 200 OK" }
                    
{
                    "app": "Crmeb",
                    "timestamp":"2026-06-25 16:06:06.331",
                    "level": "DEBUG",
                    "thread": "http-nio-8169-exec-6",
                    "class": "o.s.web.servlet.DispatcherServlet",
                    "message": "GET "/api/admin/store/seckill/delete?id=47&temp=1782374766", parameters={masked}" }
                    
{
                    "app": "Crmeb",
                    "timestamp":"2026-06-25 16:06:06.331",
                    "level": "DEBUG",
                    "thread": "http-nio-8169-exec-6",
                    "class": "o.s.w.s.m.m.a.RequestMappingHandlerMapping",
                    "message": "Mapped to com.zbkj.admin.controller.StoreSeckillController#delete(Integer)" }
                    
{
                    "app": "Crmeb",
                    "timestamp":"2026-06-25 16:06:06.376",
                    "level": "DEBUG",
                    "thread": "http-nio-8169-exec-6",
                    "class": "o.s.w.s.m.m.a.RequestResponseBodyMethodProcessor",
                    "message": "Using 'application/json', given [application/json, text/plain, */*] and supported [application/json, application/*+json, application/json, application/*+json, application/cbor]" }
                    
{
                    "app": "Crmeb",
                    "timestamp":"2026-06-25 16:06:06.376",
                    "level": "DEBUG",
                    "thread": "http-nio-8169-exec-6",
                    "class": "o.s.w.s.m.m.a.RequestResponseBodyMethodProcessor",
                    "message": "Writing [com.zbkj.common.result.CommonResult@2c0904a6]" }
                    
{
                    "app": "Crmeb",
                    "timestamp":"2026-06-25 16:06:06.377",
                    "level": "DEBUG",
                    "thread": "http-nio-8169-exec-6",
                    "class": "o.s.web.servlet.DispatcherServlet",
                    "message": "Completed 200 OK" }
                    
{
                    "app": "Crmeb",
                    "timestamp":"2026-06-25 16:06:06.433",
                    "level": "DEBUG",
                    "thread": "http-nio-8169-exec-29",
                    "class": "o.s.web.servlet.DispatcherServlet",
                    "message": "GET "/api/admin/store/seckill/list?page=1&limit=20&timeId=&status=&keywords=&temp=1782374766", parameters={masked}" }
                    
{
                    "app": "Crmeb",
                    "timestamp":"2026-06-25 16:06:06.433",
                    "level": "DEBUG",
                    "thread": "http-nio-8169-exec-29",
                    "class": "o.s.w.s.m.m.a.RequestMappingHandlerMapping",
                    "message": "Mapped to com.zbkj.admin.controller.StoreSeckillController#getList(StoreSeckillSearchRequest, PageParamRequest)" }
                    
{
                    "app": "Crmeb",
                    "timestamp":"2026-06-25 16:06:07.289",
                    "level": "DEBUG",
                    "thread": "http-nio-8169-exec-29",
                    "class": "o.s.w.s.m.m.a.RequestResponseBodyMethodProcessor",
                    "message": "Using 'application/json', given [application/json, text/plain, */*] and supported [application/json, application/*+json, application/json, application/*+json, application/cbor]" }
                    
{
                    "app": "Crmeb",
                    "timestamp":"2026-06-25 16:06:07.290",
                    "level": "DEBUG",
                    "thread": "http-nio-8169-exec-29",
                    "class": "o.s.w.s.m.m.a.RequestResponseBodyMethodProcessor",
                    "message": "Writing [com.zbkj.common.result.CommonResult@680fe95f]" }
                    
{
                    "app": "Crmeb",
                    "timestamp":"2026-06-25 16:06:07.291",
                    "level": "DEBUG",
                    "thread": "http-nio-8169-exec-29",
                    "class": "o.s.web.servlet.DispatcherServlet",
                    "message": "Completed 200 OK" }
                    
{
                    "app": "Crmeb",
                    "timestamp":"2026-06-25 16:06:09.216",
                    "level": "DEBUG",
                    "thread": "http-nio-8169-exec-3",
                    "class": "o.s.web.servlet.DispatcherServlet",
                    "message": "GET "/api/admin/store/seckill/delete?id=45&temp=1782374769", parameters={masked}" }
                    
{
                    "app": "Crmeb",
                    "timestamp":"2026-06-25 16:06:09.217",
                    "level": "DEBUG",
                    "thread": "http-nio-8169-exec-3",
                    "class": "o.s.w.s.m.m.a.RequestMappingHandlerMapping",
                    "message": "Mapped to com.zbkj.admin.controller.StoreSeckillController#delete(Integer)" }
                    
{
                    "app": "Crmeb",
                    "timestamp":"2026-06-25 16:06:09.260",
                    "level": "DEBUG",
                    "thread": "http-nio-8169-exec-3",
                    "class": "o.s.w.s.m.m.a.RequestResponseBodyMethodProcessor",
                    "message": "Using 'application/json', given [application/json, text/plain, */*] and supported [application/json, application/*+json, application/json, application/*+json, application/cbor]" }
                    
{
                    "app": "Crmeb",
                    "timestamp":"2026-06-25 16:06:09.260",
                    "level": "DEBUG",
                    "thread": "http-nio-8169-exec-3",
                    "class": "o.s.w.s.m.m.a.RequestResponseBodyMethodProcessor",
                    "message": "Writing [com.zbkj.common.result.CommonResult@3ef8db78]" }
                    
{
                    "app": "Crmeb",
                    "timestamp":"2026-06-25 16:06:09.260",
                    "level": "DEBUG",
                    "thread": "http-nio-8169-exec-3",
                    "class": "o.s.web.servlet.DispatcherServlet",
                    "message": "Completed 200 OK" }
                    
{
                    "app": "Crmeb",
                    "timestamp":"2026-06-25 16:06:09.307",
                    "level": "DEBUG",
                    "thread": "http-nio-8169-exec-7",
                    "class": "o.s.web.servlet.DispatcherServlet",
                    "message": "GET "/api/admin/store/seckill/list?page=1&limit=20&timeId=&status=&keywords=&temp=1782374769", parameters={masked}" }
                    
{
                    "app": "Crmeb",
                    "timestamp":"2026-06-25 16:06:09.308",
                    "level": "DEBUG",
                    "thread": "http-nio-8169-exec-7",
                    "class": "o.s.w.s.m.m.a.RequestMappingHandlerMapping",
                    "message": "Mapped to com.zbkj.admin.controller.StoreSeckillController#getList(StoreSeckillSearchRequest, PageParamRequest)" }
                    
{
                    "app": "Crmeb",
                    "timestamp":"2026-06-25 16:06:10.099",
                    "level": "DEBUG",
                    "thread": "http-nio-8169-exec-7",
                    "class": "o.s.w.s.m.m.a.RequestResponseBodyMethodProcessor",
                    "message": "Using 'application/json', given [application/json, text/plain, */*] and supported [application/json, application/*+json, application/json, application/*+json, application/cbor]" }
                    
{
                    "app": "Crmeb",
                    "timestamp":"2026-06-25 16:06:10.099",
                    "level": "DEBUG",
                    "thread": "http-nio-8169-exec-7",
                    "class": "o.s.w.s.m.m.a.RequestResponseBodyMethodProcessor",
                    "message": "Writing [com.zbkj.common.result.CommonResult@74713fff]" }
                    
{
                    "app": "Crmeb",
                    "timestamp":"2026-06-25 16:06:10.100",
                    "level": "DEBUG",
                    "thread": "http-nio-8169-exec-7",
                    "class": "o.s.web.servlet.DispatcherServlet",
                    "message": "Completed 200 OK" }
                    
{
                    "app": "Crmeb",
                    "timestamp":"2026-06-25 16:06:11.803",
                    "level": "DEBUG",
                    "thread": "http-nio-8169-exec-15",
                    "class": "o.s.web.servlet.DispatcherServlet",
                    "message": "GET "/api/admin/store/seckill/delete?id=44&temp=1782374771", parameters={masked}" }
                    
{
                    "app": "Crmeb",
                    "timestamp":"2026-06-25 16:06:11.804",
                    "level": "DEBUG",
                    "thread": "http-nio-8169-exec-15",
                    "class": "o.s.w.s.m.m.a.RequestMappingHandlerMapping",
                    "message": "Mapped to com.zbkj.admin.controller.StoreSeckillController#delete(Integer)" }
                    
{
                    "app": "Crmeb",
                    "timestamp":"2026-06-25 16:06:11.851",
                    "level": "DEBUG",
                    "thread": "http-nio-8169-exec-15",
                    "class": "o.s.w.s.m.m.a.RequestResponseBodyMethodProcessor",
                    "message": "Using 'application/json', given [application/json, text/plain, */*] and supported [application/json, application/*+json, application/json, application/*+json, application/cbor]" }
                    
{
                    "app": "Crmeb",
                    "timestamp":"2026-06-25 16:06:11.851",
                    "level": "DEBUG",
                    "thread": "http-nio-8169-exec-15",
                    "class": "o.s.w.s.m.m.a.RequestResponseBodyMethodProcessor",
                    "message": "Writing [com.zbkj.common.result.CommonResult@3ace6430]" }
                    
{
                    "app": "Crmeb",
                    "timestamp":"2026-06-25 16:06:11.852",
                    "level": "DEBUG",
                    "thread": "http-nio-8169-exec-15",
                    "class": "o.s.web.servlet.DispatcherServlet",
                    "message": "Completed 200 OK" }
                    
{
                    "app": "Crmeb",
                    "timestamp":"2026-06-25 16:06:11.902",
                    "level": "DEBUG",
                    "thread": "http-nio-8169-exec-2",
                    "class": "o.s.web.servlet.DispatcherServlet",
                    "message": "GET "/api/admin/store/seckill/list?page=1&limit=20&timeId=&status=&keywords=&temp=1782374771", parameters={masked}" }
                    
{
                    "app": "Crmeb",
                    "timestamp":"2026-06-25 16:06:11.903",
                    "level": "DEBUG",
                    "thread": "http-nio-8169-exec-2",
                    "class": "o.s.w.s.m.m.a.RequestMappingHandlerMapping",
                    "message": "Mapped to com.zbkj.admin.controller.StoreSeckillController#getList(StoreSeckillSearchRequest, PageParamRequest)" }
                    
{
                    "app": "Crmeb",
                    "timestamp":"2026-06-25 16:06:12.608",
                    "level": "DEBUG",
                    "thread": "http-nio-8169-exec-2",
                    "class": "o.s.w.s.m.m.a.RequestResponseBodyMethodProcessor",
                    "message": "Using 'application/json', given [application/json, text/plain, */*] and supported [application/json, application/*+json, application/json, application/*+json, application/cbor]" }
                    
{
                    "app": "Crmeb",
                    "timestamp":"2026-06-25 16:06:12.608",
                    "level": "DEBUG",
                    "thread": "http-nio-8169-exec-2",
                    "class": "o.s.w.s.m.m.a.RequestResponseBodyMethodProcessor",
                    "message": "Writing [com.zbkj.common.result.CommonResult@3aef9540]" }
                    
{
                    "app": "Crmeb",
                    "timestamp":"2026-06-25 16:06:12.608",
                    "level": "DEBUG",
                    "thread": "http-nio-8169-exec-2",
                    "class": "o.s.web.servlet.DispatcherServlet",
                    "message": "Completed 200 OK" }
                    
{
                    "app": "Crmeb",
                    "timestamp":"2026-06-25 16:06:14.239",
                    "level": "DEBUG",
                    "thread": "http-nio-8169-exec-14",
                    "class": "o.s.web.servlet.DispatcherServlet",
                    "message": "GET "/api/admin/store/seckill/delete?id=43&temp=1782374774", parameters={masked}" }
                    
{
                    "app": "Crmeb",
                    "timestamp":"2026-06-25 16:06:14.240",
                    "level": "DEBUG",
                    "thread": "http-nio-8169-exec-14",
                    "class": "o.s.w.s.m.m.a.RequestMappingHandlerMapping",
                    "message": "Mapped to com.zbkj.admin.controller.StoreSeckillController#delete(Integer)" }
                    
{
                    "app": "Crmeb",
                    "timestamp":"2026-06-25 16:06:14.295",
                    "level": "DEBUG",
                    "thread": "http-nio-8169-exec-14",
                    "class": "o.s.w.s.m.m.a.RequestResponseBodyMethodProcessor",
                    "message": "Using 'application/json', given [application/json, text/plain, */*] and supported [application/json, application/*+json, application/json, application/*+json, application/cbor]" }
                    
{
                    "app": "Crmeb",
                    "timestamp":"2026-06-25 16:06:14.296",
                    "level": "DEBUG",
                    "thread": "http-nio-8169-exec-14",
                    "class": "o.s.w.s.m.m.a.RequestResponseBodyMethodProcessor",
                    "message": "Writing [com.zbkj.common.result.CommonResult@7af46874]" }
                    
{
                    "app": "Crmeb",
                    "timestamp":"2026-06-25 16:06:14.296",
                    "level": "DEBUG",
                    "thread": "http-nio-8169-exec-14",
                    "class": "o.s.web.servlet.DispatcherServlet",
                    "message": "Completed 200 OK" }
                    
{
                    "app": "Crmeb",
                    "timestamp":"2026-06-25 16:06:14.347",
                    "level": "DEBUG",
                    "thread": "http-nio-8169-exec-22",
                    "class": "o.s.web.servlet.DispatcherServlet",
                    "message": "GET "/api/admin/store/seckill/list?page=1&limit=20&timeId=&status=&keywords=&temp=1782374774", parameters={masked}" }
                    
{
                    "app": "Crmeb",
                    "timestamp":"2026-06-25 16:06:14.348",
                    "level": "DEBUG",
                    "thread": "http-nio-8169-exec-22",
                    "class": "o.s.w.s.m.m.a.RequestMappingHandlerMapping",
                    "message": "Mapped to com.zbkj.admin.controller.StoreSeckillController#getList(StoreSeckillSearchRequest, PageParamRequest)" }
                    
{
                    "app": "Crmeb",
                    "timestamp":"2026-06-25 16:06:15.003",
                    "level": "DEBUG",
                    "thread": "http-nio-8169-exec-22",
                    "class": "o.s.w.s.m.m.a.RequestResponseBodyMethodProcessor",
                    "message": "Using 'application/json', given [application/json, text/plain, */*] and supported [application/json, application/*+json, application/json, application/*+json, application/cbor]" }
                    
{
                    "app": "Crmeb",
                    "timestamp":"2026-06-25 16:06:15.003",
                    "level": "DEBUG",
                    "thread": "http-nio-8169-exec-22",
                    "class": "o.s.w.s.m.m.a.RequestResponseBodyMethodProcessor",
                    "message": "Writing [com.zbkj.common.result.CommonResult@49c5c665]" }
                    
{
                    "app": "Crmeb",
                    "timestamp":"2026-06-25 16:06:15.004",
                    "level": "DEBUG",
                    "thread": "http-nio-8169-exec-22",
                    "class": "o.s.web.servlet.DispatcherServlet",
                    "message": "Completed 200 OK" }
                    
{
                    "app": "Crmeb",
                    "timestamp":"2026-06-25 16:06:16.584",
                    "level": "DEBUG",
                    "thread": "http-nio-8169-exec-4",
                    "class": "o.s.web.servlet.DispatcherServlet",
                    "message": "GET "/api/admin/store/seckill/delete?id=42&temp=1782374776", parameters={masked}" }
                    
{
                    "app": "Crmeb",
                    "timestamp":"2026-06-25 16:06:16.584",
                    "level": "DEBUG",
                    "thread": "http-nio-8169-exec-4",
                    "class": "o.s.w.s.m.m.a.RequestMappingHandlerMapping",
                    "message": "Mapped to com.zbkj.admin.controller.StoreSeckillController#delete(Integer)" }
                    
{
                    "app": "Crmeb",
                    "timestamp":"2026-06-25 16:06:16.638",
                    "level": "DEBUG",
                    "thread": "http-nio-8169-exec-4",
                    "class": "o.s.w.s.m.m.a.RequestResponseBodyMethodProcessor",
                    "message": "Using 'application/json', given [application/json, text/plain, */*] and supported [application/json, application/*+json, application/json, application/*+json, application/cbor]" }
                    
{
                    "app": "Crmeb",
                    "timestamp":"2026-06-25 16:06:16.638",
                    "level": "DEBUG",
                    "thread": "http-nio-8169-exec-4",
                    "class": "o.s.w.s.m.m.a.RequestResponseBodyMethodProcessor",
                    "message": "Writing [com.zbkj.common.result.CommonResult@309e11e3]" }
                    
{
                    "app": "Crmeb",
                    "timestamp":"2026-06-25 16:06:16.639",
                    "level": "DEBUG",
                    "thread": "http-nio-8169-exec-4",
                    "class": "o.s.web.servlet.DispatcherServlet",
                    "message": "Completed 200 OK" }
                    
{
                    "app": "Crmeb",
                    "timestamp":"2026-06-25 16:06:16.690",
                    "level": "DEBUG",
                    "thread": "http-nio-8169-exec-18",
                    "class": "o.s.web.servlet.DispatcherServlet",
                    "message": "GET "/api/admin/store/seckill/list?page=1&limit=20&timeId=&status=&keywords=&temp=1782374776", parameters={masked}" }
                    
{
                    "app": "Crmeb",
                    "timestamp":"2026-06-25 16:06:16.690",
                    "level": "DEBUG",
                    "thread": "http-nio-8169-exec-18",
                    "class": "o.s.w.s.m.m.a.RequestMappingHandlerMapping",
                    "message": "Mapped to com.zbkj.admin.controller.StoreSeckillController#getList(StoreSeckillSearchRequest, PageParamRequest)" }
                    
{
                    "app": "Crmeb",
                    "timestamp":"2026-06-25 16:06:17.251",
                    "level": "DEBUG",
                    "thread": "http-nio-8169-exec-18",
                    "class": "o.s.w.s.m.m.a.RequestResponseBodyMethodProcessor",
                    "message": "Using 'application/json', given [application/json, text/plain, */*] and supported [application/json, application/*+json, application/json, application/*+json, application/cbor]" }
                    
{
                    "app": "Crmeb",
                    "timestamp":"2026-06-25 16:06:17.251",
                    "level": "DEBUG",
                    "thread": "http-nio-8169-exec-18",
                    "class": "o.s.w.s.m.m.a.RequestResponseBodyMethodProcessor",
                    "message": "Writing [com.zbkj.common.result.CommonResult@14b3dc84]" }
                    
{
                    "app": "Crmeb",
                    "timestamp":"2026-06-25 16:06:17.252",
                    "level": "DEBUG",
                    "thread": "http-nio-8169-exec-18",
                    "class": "o.s.web.servlet.DispatcherServlet",
                    "message": "Completed 200 OK" }
                    
{
                    "app": "Crmeb",
                    "timestamp":"2026-06-25 16:06:18.967",
                    "level": "DEBUG",
                    "thread": "http-nio-8169-exec-28",
                    "class": "o.s.web.servlet.DispatcherServlet",
                    "message": "GET "/api/admin/store/seckill/delete?id=38&temp=1782374778", parameters={masked}" }
                    
{
                    "app": "Crmeb",
                    "timestamp":"2026-06-25 16:06:18.968",
                    "level": "DEBUG",
                    "thread": "http-nio-8169-exec-28",
                    "class": "o.s.w.s.m.m.a.RequestMappingHandlerMapping",
                    "message": "Mapped to com.zbkj.admin.controller.StoreSeckillController#delete(Integer)" }
                    
{
                    "app": "Crmeb",
                    "timestamp":"2026-06-25 16:06:19.024",
                    "level": "DEBUG",
                    "thread": "http-nio-8169-exec-28",
                    "class": "o.s.w.s.m.m.a.RequestResponseBodyMethodProcessor",
                    "message": "Using 'application/json', given [application/json, text/plain, */*] and supported [application/json, application/*+json, application/json, application/*+json, application/cbor]" }
                    
{
                    "app": "Crmeb",
                    "timestamp":"2026-06-25 16:06:19.024",
                    "level": "DEBUG",
                    "thread": "http-nio-8169-exec-28",
                    "class": "o.s.w.s.m.m.a.RequestResponseBodyMethodProcessor",
                    "message": "Writing [com.zbkj.common.result.CommonResult@362112a2]" }
                    
{
                    "app": "Crmeb",
                    "timestamp":"2026-06-25 16:06:19.025",
                    "level": "DEBUG",
                    "thread": "http-nio-8169-exec-28",
                    "class": "o.s.web.servlet.DispatcherServlet",
                    "message": "Completed 200 OK" }
                    
{
                    "app": "Crmeb",
                    "timestamp":"2026-06-25 16:06:19.075",
                    "level": "DEBUG",
                    "thread": "http-nio-8169-exec-17",
                    "class": "o.s.web.servlet.DispatcherServlet",
                    "message": "GET "/api/admin/store/seckill/list?page=1&limit=20&timeId=&status=&keywords=&temp=1782374779", parameters={masked}" }
                    
{
                    "app": "Crmeb",
                    "timestamp":"2026-06-25 16:06:19.075",
                    "level": "DEBUG",
                    "thread": "http-nio-8169-exec-17",
                    "class": "o.s.w.s.m.m.a.RequestMappingHandlerMapping",
                    "message": "Mapped to com.zbkj.admin.controller.StoreSeckillController#getList(StoreSeckillSearchRequest, PageParamRequest)" }
                    
{
                    "app": "Crmeb",
                    "timestamp":"2026-06-25 16:06:19.546",
                    "level": "DEBUG",
                    "thread": "http-nio-8169-exec-17",
                    "class": "o.s.w.s.m.m.a.RequestResponseBodyMethodProcessor",
                    "message": "Using 'application/json', given [application/json, text/plain, */*] and supported [application/json, application/*+json, application/json, application/*+json, application/cbor]" }
                    
{
                    "app": "Crmeb",
                    "timestamp":"2026-06-25 16:06:19.546",
                    "level": "DEBUG",
                    "thread": "http-nio-8169-exec-17",
                    "class": "o.s.w.s.m.m.a.RequestResponseBodyMethodProcessor",
                    "message": "Writing [com.zbkj.common.result.CommonResult@5893fa3]" }
                    
{
                    "app": "Crmeb",
                    "timestamp":"2026-06-25 16:06:19.546",
                    "level": "DEBUG",
                    "thread": "http-nio-8169-exec-17",
                    "class": "o.s.web.servlet.DispatcherServlet",
                    "message": "Completed 200 OK" }
                    
{
                    "app": "Crmeb",
                    "timestamp":"2026-06-25 16:06:21.181",
                    "level": "DEBUG",
                    "thread": "http-nio-8169-exec-19",
                    "class": "o.s.web.servlet.DispatcherServlet",
                    "message": "GET "/api/admin/store/seckill/delete?id=37&temp=1782374781", parameters={masked}" }
                    
{
                    "app": "Crmeb",
                    "timestamp":"2026-06-25 16:06:21.181",
                    "level": "DEBUG",
                    "thread": "http-nio-8169-exec-19",
                    "class": "o.s.w.s.m.m.a.RequestMappingHandlerMapping",
                    "message": "Mapped to com.zbkj.admin.controller.StoreSeckillController#delete(Integer)" }
                    
{
                    "app": "Crmeb",
                    "timestamp":"2026-06-25 16:06:21.235",
                    "level": "DEBUG",
                    "thread": "http-nio-8169-exec-19",
                    "class": "o.s.w.s.m.m.a.RequestResponseBodyMethodProcessor",
                    "message": "Using 'application/json', given [application/json, text/plain, */*] and supported [application/json, application/*+json, application/json, application/*+json, application/cbor]" }
                    
{
                    "app": "Crmeb",
                    "timestamp":"2026-06-25 16:06:21.235",
                    "level": "DEBUG",
                    "thread": "http-nio-8169-exec-19",
                    "class": "o.s.w.s.m.m.a.RequestResponseBodyMethodProcessor",
                    "message": "Writing [com.zbkj.common.result.CommonResult@55f23529]" }
                    
{
                    "app": "Crmeb",
                    "timestamp":"2026-06-25 16:06:21.236",
                    "level": "DEBUG",
                    "thread": "http-nio-8169-exec-19",
                    "class": "o.s.web.servlet.DispatcherServlet",
                    "message": "Completed 200 OK" }
                    
{
                    "app": "Crmeb",
                    "timestamp":"2026-06-25 16:06:21.287",
                    "level": "DEBUG",
                    "thread": "http-nio-8169-exec-30",
                    "class": "o.s.web.servlet.DispatcherServlet",
                    "message": "GET "/api/admin/store/seckill/list?page=1&limit=20&timeId=&status=&keywords=&temp=1782374781", parameters={masked}" }
                    
{
                    "app": "Crmeb",
                    "timestamp":"2026-06-25 16:06:21.287",
                    "level": "DEBUG",
                    "thread": "http-nio-8169-exec-30",
                    "class": "o.s.w.s.m.m.a.RequestMappingHandlerMapping",
                    "message": "Mapped to com.zbkj.admin.controller.StoreSeckillController#getList(StoreSeckillSearchRequest, PageParamRequest)" }
                    
{
                    "app": "Crmeb",
                    "timestamp":"2026-06-25 16:06:21.659",
                    "level": "DEBUG",
                    "thread": "http-nio-8169-exec-30",
                    "class": "o.s.w.s.m.m.a.RequestResponseBodyMethodProcessor",
                    "message": "Using 'application/json', given [application/json, text/plain, */*] and supported [application/json, application/*+json, application/json, application/*+json, application/cbor]" }
                    
{
                    "app": "Crmeb",
                    "timestamp":"2026-06-25 16:06:21.659",
                    "level": "DEBUG",
                    "thread": "http-nio-8169-exec-30",
                    "class": "o.s.w.s.m.m.a.RequestResponseBodyMethodProcessor",
                    "message": "Writing [com.zbkj.common.result.CommonResult@a36c4fa]" }
                    
{
                    "app": "Crmeb",
                    "timestamp":"2026-06-25 16:06:21.660",
                    "level": "DEBUG",
                    "thread": "http-nio-8169-exec-30",
                    "class": "o.s.web.servlet.DispatcherServlet",
                    "message": "Completed 200 OK" }
                    
{
                    "app": "Crmeb",
                    "timestamp":"2026-06-25 16:06:23.752",
                    "level": "DEBUG",
                    "thread": "http-nio-8169-exec-25",
                    "class": "o.s.web.servlet.DispatcherServlet",
                    "message": "GET "/api/admin/store/seckill/delete?id=36&temp=1782374783", parameters={masked}" }
                    
{
                    "app": "Crmeb",
                    "timestamp":"2026-06-25 16:06:23.753",
                    "level": "DEBUG",
                    "thread": "http-nio-8169-exec-25",
                    "class": "o.s.w.s.m.m.a.RequestMappingHandlerMapping",
                    "message": "Mapped to com.zbkj.admin.controller.StoreSeckillController#delete(Integer)" }
                    
{
                    "app": "Crmeb",
                    "timestamp":"2026-06-25 16:06:23.807",
                    "level": "DEBUG",
                    "thread": "http-nio-8169-exec-25",
                    "class": "o.s.w.s.m.m.a.RequestResponseBodyMethodProcessor",
                    "message": "Using 'application/json', given [application/json, text/plain, */*] and supported [application/json, application/*+json, application/json, application/*+json, application/cbor]" }
                    
{
                    "app": "Crmeb",
                    "timestamp":"2026-06-25 16:06:23.807",
                    "level": "DEBUG",
                    "thread": "http-nio-8169-exec-25",
                    "class": "o.s.w.s.m.m.a.RequestResponseBodyMethodProcessor",
                    "message": "Writing [com.zbkj.common.result.CommonResult@184c400d]" }
                    
{
                    "app": "Crmeb",
                    "timestamp":"2026-06-25 16:06:23.807",
                    "level": "DEBUG",
                    "thread": "http-nio-8169-exec-25",
                    "class": "o.s.web.servlet.DispatcherServlet",
                    "message": "Completed 200 OK" }
                    
{
                    "app": "Crmeb",
                    "timestamp":"2026-06-25 16:06:23.859",
                    "level": "DEBUG",
                    "thread": "http-nio-8169-exec-6",
                    "class": "o.s.web.servlet.DispatcherServlet",
                    "message": "GET "/api/admin/store/seckill/list?page=1&limit=20&timeId=&status=&keywords=&temp=1782374783", parameters={masked}" }
                    
{
                    "app": "Crmeb",
                    "timestamp":"2026-06-25 16:06:23.860",
                    "level": "DEBUG",
                    "thread": "http-nio-8169-exec-6",
                    "class": "o.s.w.s.m.m.a.RequestMappingHandlerMapping",
                    "message": "Mapped to com.zbkj.admin.controller.StoreSeckillController#getList(StoreSeckillSearchRequest, PageParamRequest)" }
                    
{
                    "app": "Crmeb",
                    "timestamp":"2026-06-25 16:06:24.140",
                    "level": "DEBUG",
                    "thread": "http-nio-8169-exec-6",
                    "class": "o.s.w.s.m.m.a.RequestResponseBodyMethodProcessor",
                    "message": "Using 'application/json', given [application/json, text/plain, */*] and supported [application/json, application/*+json, application/json, application/*+json, application/cbor]" }
                    
{
                    "app": "Crmeb",
                    "timestamp":"2026-06-25 16:06:24.140",
                    "level": "DEBUG",
                    "thread": "http-nio-8169-exec-6",
                    "class": "o.s.w.s.m.m.a.RequestResponseBodyMethodProcessor",
                    "message": "Writing [com.zbkj.common.result.CommonResult@36850c31]" }
                    
{
                    "app": "Crmeb",
                    "timestamp":"2026-06-25 16:06:24.141",
                    "level": "DEBUG",
                    "thread": "http-nio-8169-exec-6",
                    "class": "o.s.web.servlet.DispatcherServlet",
                    "message": "Completed 200 OK" }
                    
{
                    "app": "Crmeb",
                    "timestamp":"2026-06-25 16:06:26.151",
                    "level": "DEBUG",
                    "thread": "http-nio-8169-exec-29",
                    "class": "o.s.web.servlet.DispatcherServlet",
                    "message": "GET "/api/admin/store/seckill/delete?id=35&temp=1782374786", parameters={masked}" }
                    
{
                    "app": "Crmeb",
                    "timestamp":"2026-06-25 16:06:26.152",
                    "level": "DEBUG",
                    "thread": "http-nio-8169-exec-29",
                    "class": "o.s.w.s.m.m.a.RequestMappingHandlerMapping",
                    "message": "Mapped to com.zbkj.admin.controller.StoreSeckillController#delete(Integer)" }
                    
{
                    "app": "Crmeb",
                    "timestamp":"2026-06-25 16:06:26.195",
                    "level": "DEBUG",
                    "thread": "http-nio-8169-exec-29",
                    "class": "o.s.w.s.m.m.a.RequestResponseBodyMethodProcessor",
                    "message": "Using 'application/json', given [application/json, text/plain, */*] and supported [application/json, application/*+json, application/json, application/*+json, application/cbor]" }
                    
{
                    "app": "Crmeb",
                    "timestamp":"2026-06-25 16:06:26.195",
                    "level": "DEBUG",
                    "thread": "http-nio-8169-exec-29",
                    "class": "o.s.w.s.m.m.a.RequestResponseBodyMethodProcessor",
                    "message": "Writing [com.zbkj.common.result.CommonResult@5865676]" }
                    
{
                    "app": "Crmeb",
                    "timestamp":"2026-06-25 16:06:26.196",
                    "level": "DEBUG",
                    "thread": "http-nio-8169-exec-29",
                    "class": "o.s.web.servlet.DispatcherServlet",
                    "message": "Completed 200 OK" }
                    
{
                    "app": "Crmeb",
                    "timestamp":"2026-06-25 16:06:26.255",
                    "level": "DEBUG",
                    "thread": "http-nio-8169-exec-3",
                    "class": "o.s.web.servlet.DispatcherServlet",
                    "message": "GET "/api/admin/store/seckill/list?page=1&limit=20&timeId=&status=&keywords=&temp=1782374786", parameters={masked}" }
                    
{
                    "app": "Crmeb",
                    "timestamp":"2026-06-25 16:06:26.255",
                    "level": "DEBUG",
                    "thread": "http-nio-8169-exec-3",
                    "class": "o.s.w.s.m.m.a.RequestMappingHandlerMapping",
                    "message": "Mapped to com.zbkj.admin.controller.StoreSeckillController#getList(StoreSeckillSearchRequest, PageParamRequest)" }
                    
{
                    "app": "Crmeb",
                    "timestamp":"2026-06-25 16:06:26.386",
                    "level": "DEBUG",
                    "thread": "http-nio-8169-exec-3",
                    "class": "o.s.w.s.m.m.a.RequestResponseBodyMethodProcessor",
                    "message": "Using 'application/json', given [application/json, text/plain, */*] and supported [application/json, application/*+json, application/json, application/*+json, application/cbor]" }
                    
{
                    "app": "Crmeb",
                    "timestamp":"2026-06-25 16:06:26.387",
                    "level": "DEBUG",
                    "thread": "http-nio-8169-exec-3",
                    "class": "o.s.w.s.m.m.a.RequestResponseBodyMethodProcessor",
                    "message": "Writing [com.zbkj.common.result.CommonResult@77fdbf4a]" }
                    
{
                    "app": "Crmeb",
                    "timestamp":"2026-06-25 16:06:26.387",
                    "level": "DEBUG",
                    "thread": "http-nio-8169-exec-3",
                    "class": "o.s.web.servlet.DispatcherServlet",
                    "message": "Completed 200 OK" }
                    
{
                    "app": "Crmeb",
                    "timestamp":"2026-06-25 16:06:28.753",
                    "level": "DEBUG",
                    "thread": "http-nio-8169-exec-7",
                    "class": "o.s.web.servlet.DispatcherServlet",
                    "message": "GET "/api/admin/store/bargain/list?page=1&limit=20&keywords=&temp=1782374788", parameters={masked}" }
                    
{
                    "app": "Crmeb",
                    "timestamp":"2026-06-25 16:06:28.754",
                    "level": "DEBUG",
                    "thread": "http-nio-8169-exec-7",
                    "class": "o.s.w.s.m.m.a.RequestMappingHandlerMapping",
                    "message": "Mapped to com.zbkj.admin.controller.StoreBargainController#getList(StoreBargainSearchRequest, PageParamRequest)" }
                    
{
                    "app": "Crmeb",
                    "timestamp":"2026-06-25 16:06:29.225",
                    "level": "DEBUG",
                    "thread": "http-nio-8169-exec-7",
                    "class": "o.s.w.s.m.m.a.RequestResponseBodyMethodProcessor",
                    "message": "Using 'application/json', given [application/json, text/plain, */*] and supported [application/json, application/*+json, application/json, application/*+json, application/cbor]" }
                    
{
                    "app": "Crmeb",
                    "timestamp":"2026-06-25 16:06:29.225",
                    "level": "DEBUG",
                    "thread": "http-nio-8169-exec-7",
                    "class": "o.s.w.s.m.m.a.RequestResponseBodyMethodProcessor",
                    "message": "Writing [com.zbkj.common.result.CommonResult@217e8e3]" }
                    
{
                    "app": "Crmeb",
                    "timestamp":"2026-06-25 16:06:29.228",
                    "level": "DEBUG",
                    "thread": "http-nio-8169-exec-7",
                    "class": "o.s.web.servlet.DispatcherServlet",
                    "message": "Completed 200 OK" }
                    
{
                    "app": "Crmeb",
                    "timestamp":"2026-06-25 16:06:31.121",
                    "level": "DEBUG",
                    "thread": "http-nio-8169-exec-2",
                    "class": "o.s.web.servlet.DispatcherServlet",
                    "message": "POST "/api/admin/store/bargain/update/status?id=32&status=false", parameters={masked}" }
                    
{
                    "app": "Crmeb",
                    "timestamp":"2026-06-25 16:06:31.121",
                    "level": "DEBUG",
                    "thread": "http-nio-8169-exec-2",
                    "class": "o.s.w.s.m.m.a.RequestMappingHandlerMapping",
                    "message": "Mapped to com.zbkj.admin.controller.StoreBargainController#updateStatus(Integer, boolean)" }
                    
{
                    "app": "Crmeb",
                    "timestamp":"2026-06-25 16:06:31.207",
                    "level": "DEBUG",
                    "thread": "http-nio-8169-exec-2",
                    "class": "o.s.w.s.m.m.a.RequestResponseBodyMethodProcessor",
                    "message": "Using 'application/json', given [application/json, text/plain, */*] and supported [application/json, application/*+json, application/json, application/*+json, application/cbor]" }
                    
{
                    "app": "Crmeb",
                    "timestamp":"2026-06-25 16:06:31.208",
                    "level": "DEBUG",
                    "thread": "http-nio-8169-exec-2",
                    "class": "o.s.w.s.m.m.a.RequestResponseBodyMethodProcessor",
                    "message": "Writing [com.zbkj.common.result.CommonResult@4e02e866]" }
                    
{
                    "app": "Crmeb",
                    "timestamp":"2026-06-25 16:06:31.208",
                    "level": "DEBUG",
                    "thread": "http-nio-8169-exec-2",
                    "class": "o.s.web.servlet.DispatcherServlet",
                    "message": "Completed 200 OK" }
                    
{
                    "app": "Crmeb",
                    "timestamp":"2026-06-25 16:06:31.257",
                    "level": "DEBUG",
                    "thread": "http-nio-8169-exec-14",
                    "class": "o.s.web.servlet.DispatcherServlet",
                    "message": "GET "/api/admin/store/bargain/list?page=1&limit=20&keywords=&temp=1782374791", parameters={masked}" }
                    
{
                    "app": "Crmeb",
                    "timestamp":"2026-06-25 16:06:31.258",
                    "level": "DEBUG",
                    "thread": "http-nio-8169-exec-14",
                    "class": "o.s.w.s.m.m.a.RequestMappingHandlerMapping",
                    "message": "Mapped to com.zbkj.admin.controller.StoreBargainController#getList(StoreBargainSearchRequest, PageParamRequest)" }
                    
{
                    "app": "Crmeb",
                    "timestamp":"2026-06-25 16:06:31.699",
                    "level": "DEBUG",
                    "thread": "http-nio-8169-exec-14",
                    "class": "o.s.w.s.m.m.a.RequestResponseBodyMethodProcessor",
                    "message": "Using 'application/json', given [application/json, text/plain, */*] and supported [application/json, application/*+json, application/json, application/*+json, application/cbor]" }
                    
{
                    "app": "Crmeb",
                    "timestamp":"2026-06-25 16:06:31.699",
                    "level": "DEBUG",
                    "thread": "http-nio-8169-exec-14",
                    "class": "o.s.w.s.m.m.a.RequestResponseBodyMethodProcessor",
                    "message": "Writing [com.zbkj.common.result.CommonResult@46ac14c5]" }
                    
{
                    "app": "Crmeb",
                    "timestamp":"2026-06-25 16:06:31.700",
                    "level": "DEBUG",
                    "thread": "http-nio-8169-exec-14",
                    "class": "o.s.web.servlet.DispatcherServlet",
                    "message": "Completed 200 OK" }
                    
{
                    "app": "Crmeb",
                    "timestamp":"2026-06-25 16:06:33.272",
                    "level": "DEBUG",
                    "thread": "http-nio-8169-exec-22",
                    "class": "o.s.web.servlet.DispatcherServlet",
                    "message": "POST "/api/admin/store/bargain/update/status?id=31&status=false", parameters={masked}" }
                    
{
                    "app": "Crmeb",
                    "timestamp":"2026-06-25 16:06:33.272",
                    "level": "DEBUG",
                    "thread": "http-nio-8169-exec-22",
                    "class": "o.s.w.s.m.m.a.RequestMappingHandlerMapping",
                    "message": "Mapped to com.zbkj.admin.controller.StoreBargainController#updateStatus(Integer, boolean)" }
                    
{
                    "app": "Crmeb",
                    "timestamp":"2026-06-25 16:06:33.356",
                    "level": "DEBUG",
                    "thread": "http-nio-8169-exec-22",
                    "class": "o.s.w.s.m.m.a.RequestResponseBodyMethodProcessor",
                    "message": "Using 'application/json', given [application/json, text/plain, */*] and supported [application/json, application/*+json, application/json, application/*+json, application/cbor]" }
                    
{
                    "app": "Crmeb",
                    "timestamp":"2026-06-25 16:06:33.356",
                    "level": "DEBUG",
                    "thread": "http-nio-8169-exec-22",
                    "class": "o.s.w.s.m.m.a.RequestResponseBodyMethodProcessor",
                    "message": "Writing [com.zbkj.common.result.CommonResult@2e814f51]" }
                    
{
                    "app": "Crmeb",
                    "timestamp":"2026-06-25 16:06:33.358",
                    "level": "DEBUG",
                    "thread": "http-nio-8169-exec-22",
                    "class": "o.s.web.servlet.DispatcherServlet",
                    "message": "Completed 200 OK" }
                    
{
                    "app": "Crmeb",
                    "timestamp":"2026-06-25 16:06:33.403",
                    "level": "DEBUG",
                    "thread": "http-nio-8169-exec-4",
                    "class": "o.s.web.servlet.DispatcherServlet",
                    "message": "GET "/api/admin/store/bargain/list?page=1&limit=20&keywords=&temp=1782374793", parameters={masked}" }
                    
{
                    "app": "Crmeb",
                    "timestamp":"2026-06-25 16:06:33.404",
                    "level": "DEBUG",
                    "thread": "http-nio-8169-exec-4",
                    "class": "o.s.w.s.m.m.a.RequestMappingHandlerMapping",
                    "message": "Mapped to com.zbkj.admin.controller.StoreBargainController#getList(StoreBargainSearchRequest, PageParamRequest)" }
                    
{
                    "app": "Crmeb",
                    "timestamp":"2026-06-25 16:06:33.842",
                    "level": "DEBUG",
                    "thread": "http-nio-8169-exec-4",
                    "class": "o.s.w.s.m.m.a.RequestResponseBodyMethodProcessor",
                    "message": "Using 'application/json', given [application/json, text/plain, */*] and supported [application/json, application/*+json, application/json, application/*+json, application/cbor]" }
                    
{
                    "app": "Crmeb",
                    "timestamp":"2026-06-25 16:06:33.842",
                    "level": "DEBUG",
                    "thread": "http-nio-8169-exec-4",
                    "class": "o.s.w.s.m.m.a.RequestResponseBodyMethodProcessor",
                    "message": "Writing [com.zbkj.common.result.CommonResult@4826c84f]" }
                    
{
                    "app": "Crmeb",
                    "timestamp":"2026-06-25 16:06:33.859",
                    "level": "DEBUG",
                    "thread": "http-nio-8169-exec-4",
                    "class": "o.s.web.servlet.DispatcherServlet",
                    "message": "Completed 200 OK" }
                    
{
                    "app": "Crmeb",
                    "timestamp":"2026-06-25 16:06:34.583",
                    "level": "DEBUG",
                    "thread": "http-nio-8169-exec-18",
                    "class": "o.s.web.servlet.DispatcherServlet",
                    "message": "POST "/api/admin/store/bargain/update/status?id=30&status=false", parameters={masked}" }
                    
{
                    "app": "Crmeb",
                    "timestamp":"2026-06-25 16:06:34.584",
                    "level": "DEBUG",
                    "thread": "http-nio-8169-exec-18",
                    "class": "o.s.w.s.m.m.a.RequestMappingHandlerMapping",
                    "message": "Mapped to com.zbkj.admin.controller.StoreBargainController#updateStatus(Integer, boolean)" }
                    
{
                    "app": "Crmeb",
                    "timestamp":"2026-06-25 16:06:34.668",
                    "level": "DEBUG",
                    "thread": "http-nio-8169-exec-18",
                    "class": "o.s.w.s.m.m.a.RequestResponseBodyMethodProcessor",
                    "message": "Using 'application/json', given [application/json, text/plain, */*] and supported [application/json, application/*+json, application/json, application/*+json, application/cbor]" }
                    
{
                    "app": "Crmeb",
                    "timestamp":"2026-06-25 16:06:34.669",
                    "level": "DEBUG",
                    "thread": "http-nio-8169-exec-18",
                    "class": "o.s.w.s.m.m.a.RequestResponseBodyMethodProcessor",
                    "message": "Writing [com.zbkj.common.result.CommonResult@438fbdcb]" }
                    
{
                    "app": "Crmeb",
                    "timestamp":"2026-06-25 16:06:34.669",
                    "level": "DEBUG",
                    "thread": "http-nio-8169-exec-18",
                    "class": "o.s.web.servlet.DispatcherServlet",
                    "message": "Completed 200 OK" }
                    
{
                    "app": "Crmeb",
                    "timestamp":"2026-06-25 16:06:34.716",
                    "level": "DEBUG",
                    "thread": "http-nio-8169-exec-28",
                    "class": "o.s.web.servlet.DispatcherServlet",
                    "message": "GET "/api/admin/store/bargain/list?page=1&limit=20&keywords=&temp=1782374794", parameters={masked}" }
                    
{
                    "app": "Crmeb",
                    "timestamp":"2026-06-25 16:06:34.718",
                    "level": "DEBUG",
                    "thread": "http-nio-8169-exec-28",
                    "class": "o.s.w.s.m.m.a.RequestMappingHandlerMapping",
                    "message": "Mapped to com.zbkj.admin.controller.StoreBargainController#getList(StoreBargainSearchRequest, PageParamRequest)" }
                    
{
                    "app": "Crmeb",
                    "timestamp":"2026-06-25 16:06:35.150",
                    "level": "DEBUG",
                    "thread": "http-nio-8169-exec-28",
                    "class": "o.s.w.s.m.m.a.RequestResponseBodyMethodProcessor",
                    "message": "Using 'application/json', given [application/json, text/plain, */*] and supported [application/json, application/*+json, application/json, application/*+json, application/cbor]" }
                    
{
                    "app": "Crmeb",
                    "timestamp":"2026-06-25 16:06:35.150",
                    "level": "DEBUG",
                    "thread": "http-nio-8169-exec-28",
                    "class": "o.s.w.s.m.m.a.RequestResponseBodyMethodProcessor",
                    "message": "Writing [com.zbkj.common.result.CommonResult@ad19e1d]" }
                    
{
                    "app": "Crmeb",
                    "timestamp":"2026-06-25 16:06:35.151",
                    "level": "DEBUG",
                    "thread": "http-nio-8169-exec-28",
                    "class": "o.s.web.servlet.DispatcherServlet",
                    "message": "Completed 200 OK" }
                    
{
                    "app": "Crmeb",
                    "timestamp":"2026-06-25 16:06:36.094",
                    "level": "DEBUG",
                    "thread": "http-nio-8169-exec-17",
                    "class": "o.s.web.servlet.DispatcherServlet",
                    "message": "POST "/api/admin/store/bargain/update/status?id=29&status=false", parameters={masked}" }
                    
{
                    "app": "Crmeb",
                    "timestamp":"2026-06-25 16:06:36.094",
                    "level": "DEBUG",
                    "thread": "http-nio-8169-exec-17",
                    "class": "o.s.w.s.m.m.a.RequestMappingHandlerMapping",
                    "message": "Mapped to com.zbkj.admin.controller.StoreBargainController#updateStatus(Integer, boolean)" }
                    
{
                    "app": "Crmeb",
                    "timestamp":"2026-06-25 16:06:36.178",
                    "level": "DEBUG",
                    "thread": "http-nio-8169-exec-17",
                    "class": "o.s.w.s.m.m.a.RequestResponseBodyMethodProcessor",
                    "message": "Using 'application/json', given [application/json, text/plain, */*] and supported [application/json, application/*+json, application/json, application/*+json, application/cbor]" }
                    
{
                    "app": "Crmeb",
                    "timestamp":"2026-06-25 16:06:36.178",
                    "level": "DEBUG",
                    "thread": "http-nio-8169-exec-17",
                    "class": "o.s.w.s.m.m.a.RequestResponseBodyMethodProcessor",
                    "message": "Writing [com.zbkj.common.result.CommonResult@4358eeb0]" }
                    
{
                    "app": "Crmeb",
                    "timestamp":"2026-06-25 16:06:36.178",
                    "level": "DEBUG",
                    "thread": "http-nio-8169-exec-17",
                    "class": "o.s.web.servlet.DispatcherServlet",
                    "message": "Completed 200 OK" }
                    
{
                    "app": "Crmeb",
                    "timestamp":"2026-06-25 16:06:36.228",
                    "level": "DEBUG",
                    "thread": "http-nio-8169-exec-19",
                    "class": "o.s.web.servlet.DispatcherServlet",
                    "message": "GET "/api/admin/store/bargain/list?page=1&limit=20&keywords=&temp=1782374796", parameters={masked}" }
                    
{
                    "app": "Crmeb",
                    "timestamp":"2026-06-25 16:06:36.228",
                    "level": "DEBUG",
                    "thread": "http-nio-8169-exec-19",
                    "class": "o.s.w.s.m.m.a.RequestMappingHandlerMapping",
                    "message": "Mapped to com.zbkj.admin.controller.StoreBargainController#getList(StoreBargainSearchRequest, PageParamRequest)" }
                    
{
                    "app": "Crmeb",
                    "timestamp":"2026-06-25 16:06:36.677",
                    "level": "DEBUG",
                    "thread": "http-nio-8169-exec-19",
                    "class": "o.s.w.s.m.m.a.RequestResponseBodyMethodProcessor",
                    "message": "Using 'application/json', given [application/json, text/plain, */*] and supported [application/json, application/*+json, application/json, application/*+json, application/cbor]" }
                    
{
                    "app": "Crmeb",
                    "timestamp":"2026-06-25 16:06:36.677",
                    "level": "DEBUG",
                    "thread": "http-nio-8169-exec-19",
                    "class": "o.s.w.s.m.m.a.RequestResponseBodyMethodProcessor",
                    "message": "Writing [com.zbkj.common.result.CommonResult@7692363]" }
                    
{
                    "app": "Crmeb",
                    "timestamp":"2026-06-25 16:06:36.678",
                    "level": "DEBUG",
                    "thread": "http-nio-8169-exec-19",
                    "class": "o.s.web.servlet.DispatcherServlet",
                    "message": "Completed 200 OK" }
                    
{
                    "app": "Crmeb",
                    "timestamp":"2026-06-25 16:06:37.340",
                    "level": "DEBUG",
                    "thread": "http-nio-8169-exec-30",
                    "class": "o.s.web.servlet.DispatcherServlet",
                    "message": "POST "/api/admin/store/bargain/update/status?id=28&status=false", parameters={masked}" }
                    
{
                    "app": "Crmeb",
                    "timestamp":"2026-06-25 16:06:37.341",
                    "level": "DEBUG",
                    "thread": "http-nio-8169-exec-30",
                    "class": "o.s.w.s.m.m.a.RequestMappingHandlerMapping",
                    "message": "Mapped to com.zbkj.admin.controller.StoreBargainController#updateStatus(Integer, boolean)" }
                    
{
                    "app": "Crmeb",
                    "timestamp":"2026-06-25 16:06:37.427",
                    "level": "DEBUG",
                    "thread": "http-nio-8169-exec-30",
                    "class": "o.s.w.s.m.m.a.RequestResponseBodyMethodProcessor",
                    "message": "Using 'application/json', given [application/json, text/plain, */*] and supported [application/json, application/*+json, application/json, application/*+json, application/cbor]" }
                    
{
                    "app": "Crmeb",
                    "timestamp":"2026-06-25 16:06:37.428",
                    "level": "DEBUG",
                    "thread": "http-nio-8169-exec-30",
                    "class": "o.s.w.s.m.m.a.RequestResponseBodyMethodProcessor",
                    "message": "Writing [com.zbkj.common.result.CommonResult@1379451f]" }
                    
{
                    "app": "Crmeb",
                    "timestamp":"2026-06-25 16:06:37.428",
                    "level": "DEBUG",
                    "thread": "http-nio-8169-exec-30",
                    "class": "o.s.web.servlet.DispatcherServlet",
                    "message": "Completed 200 OK" }
                    
{
                    "app": "Crmeb",
                    "timestamp":"2026-06-25 16:06:37.481",
                    "level": "DEBUG",
                    "thread": "http-nio-8169-exec-25",
                    "class": "o.s.web.servlet.DispatcherServlet",
                    "message": "GET "/api/admin/store/bargain/list?page=1&limit=20&keywords=&temp=1782374797", parameters={masked}" }
                    
{
                    "app": "Crmeb",
                    "timestamp":"2026-06-25 16:06:37.482",
                    "level": "DEBUG",
                    "thread": "http-nio-8169-exec-25",
                    "class": "o.s.w.s.m.m.a.RequestMappingHandlerMapping",
                    "message": "Mapped to com.zbkj.admin.controller.StoreBargainController#getList(StoreBargainSearchRequest, PageParamRequest)" }
                    
{
                    "app": "Crmeb",
                    "timestamp":"2026-06-25 16:06:37.912",
                    "level": "DEBUG",
                    "thread": "http-nio-8169-exec-25",
                    "class": "o.s.w.s.m.m.a.RequestResponseBodyMethodProcessor",
                    "message": "Using 'application/json', given [application/json, text/plain, */*] and supported [application/json, application/*+json, application/json, application/*+json, application/cbor]" }
                    
{
                    "app": "Crmeb",
                    "timestamp":"2026-06-25 16:06:37.912",
                    "level": "DEBUG",
                    "thread": "http-nio-8169-exec-25",
                    "class": "o.s.w.s.m.m.a.RequestResponseBodyMethodProcessor",
                    "message": "Writing [com.zbkj.common.result.CommonResult@68e2795]" }
                    
{
                    "app": "Crmeb",
                    "timestamp":"2026-06-25 16:06:37.913",
                    "level": "DEBUG",
                    "thread": "http-nio-8169-exec-25",
                    "class": "o.s.web.servlet.DispatcherServlet",
                    "message": "Completed 200 OK" }
                    
{
                    "app": "Crmeb",
                    "timestamp":"2026-06-25 16:06:44.240",
                    "level": "DEBUG",
                    "thread": "http-nio-8169-exec-10",
                    "class": "o.s.web.servlet.DispatcherServlet",
                    "message": "GET "/api/admin/store/bargain/delete?id=33&temp=1782374804", parameters={masked}" }
                    
{
                    "app": "Crmeb",
                    "timestamp":"2026-06-25 16:06:44.241",
                    "level": "DEBUG",
                    "thread": "http-nio-8169-exec-10",
                    "class": "o.s.w.s.m.m.a.RequestMappingHandlerMapping",
                    "message": "Mapped to com.zbkj.admin.controller.StoreBargainController#delete(Integer)" }
                    
{
                    "app": "Crmeb",
                    "timestamp":"2026-06-25 16:06:44.434",
                    "level": "DEBUG",
                    "thread": "http-nio-8169-exec-10",
                    "class": "o.s.w.s.m.m.a.RequestResponseBodyMethodProcessor",
                    "message": "Using 'application/json', given [application/json, text/plain, */*] and supported [application/json, application/*+json, application/json, application/*+json, application/cbor]" }
                    
{
                    "app": "Crmeb",
                    "timestamp":"2026-06-25 16:06:44.434",
                    "level": "DEBUG",
                    "thread": "http-nio-8169-exec-10",
                    "class": "o.s.w.s.m.m.a.RequestResponseBodyMethodProcessor",
                    "message": "Writing [com.zbkj.common.result.CommonResult@7ee4b8d8]" }
                    
{
                    "app": "Crmeb",
                    "timestamp":"2026-06-25 16:06:44.434",
                    "level": "DEBUG",
                    "thread": "http-nio-8169-exec-10",
                    "class": "o.s.web.servlet.DispatcherServlet",
                    "message": "Completed 200 OK" }
                    
{
                    "app": "Crmeb",
                    "timestamp":"2026-06-25 16:06:44.501",
                    "level": "DEBUG",
                    "thread": "http-nio-8169-exec-8",
                    "class": "o.s.web.servlet.DispatcherServlet",
                    "message": "GET "/api/admin/store/bargain/list?page=1&limit=20&keywords=&temp=1782374804", parameters={masked}" }
                    
{
                    "app": "Crmeb",
                    "timestamp":"2026-06-25 16:06:44.502",
                    "level": "DEBUG",
                    "thread": "http-nio-8169-exec-8",
                    "class": "o.s.w.s.m.m.a.RequestMappingHandlerMapping",
                    "message": "Mapped to com.zbkj.admin.controller.StoreBargainController#getList(StoreBargainSearchRequest, PageParamRequest)" }
                    
{
                    "app": "Crmeb",
                    "timestamp":"2026-06-25 16:06:44.889",
                    "level": "DEBUG",
                    "thread": "http-nio-8169-exec-8",
                    "class": "o.s.w.s.m.m.a.RequestResponseBodyMethodProcessor",
                    "message": "Using 'application/json', given [application/json, text/plain, */*] and supported [application/json, application/*+json, application/json, application/*+json, application/cbor]" }
                    
{
                    "app": "Crmeb",
                    "timestamp":"2026-06-25 16:06:44.889",
                    "level": "DEBUG",
                    "thread": "http-nio-8169-exec-8",
                    "class": "o.s.w.s.m.m.a.RequestResponseBodyMethodProcessor",
                    "message": "Writing [com.zbkj.common.result.CommonResult@6b4dc44d]" }
                    
{
                    "app": "Crmeb",
                    "timestamp":"2026-06-25 16:06:44.889",
                    "level": "DEBUG",
                    "thread": "http-nio-8169-exec-8",
                    "class": "o.s.web.servlet.DispatcherServlet",
                    "message": "Completed 200 OK" }
                    
{
                    "app": "Crmeb",
                    "timestamp":"2026-06-25 16:06:46.927",
                    "level": "DEBUG",
                    "thread": "http-nio-8169-exec-9",
                    "class": "o.s.web.servlet.DispatcherServlet",
                    "message": "GET "/api/admin/store/bargain/delete?id=32&temp=1782374806", parameters={masked}" }
                    
{
                    "app": "Crmeb",
                    "timestamp":"2026-06-25 16:06:46.928",
                    "level": "DEBUG",
                    "thread": "http-nio-8169-exec-9",
                    "class": "o.s.w.s.m.m.a.RequestMappingHandlerMapping",
                    "message": "Mapped to com.zbkj.admin.controller.StoreBargainController#delete(Integer)" }
                    
{
                    "app": "Crmeb",
                    "timestamp":"2026-06-25 16:06:47.111",
                    "level": "DEBUG",
                    "thread": "http-nio-8169-exec-9",
                    "class": "o.s.w.s.m.m.a.RequestResponseBodyMethodProcessor",
                    "message": "Using 'application/json', given [application/json, text/plain, */*] and supported [application/json, application/*+json, application/json, application/*+json, application/cbor]" }
                    
{
                    "app": "Crmeb",
                    "timestamp":"2026-06-25 16:06:47.111",
                    "level": "DEBUG",
                    "thread": "http-nio-8169-exec-9",
                    "class": "o.s.w.s.m.m.a.RequestResponseBodyMethodProcessor",
                    "message": "Writing [com.zbkj.common.result.CommonResult@51441427]" }
                    
{
                    "app": "Crmeb",
                    "timestamp":"2026-06-25 16:06:47.111",
                    "level": "DEBUG",
                    "thread": "http-nio-8169-exec-9",
                    "class": "o.s.web.servlet.DispatcherServlet",
                    "message": "Completed 200 OK" }
                    
{
                    "app": "Crmeb",
                    "timestamp":"2026-06-25 16:06:47.161",
                    "level": "DEBUG",
                    "thread": "http-nio-8169-exec-15",
                    "class": "o.s.web.servlet.DispatcherServlet",
                    "message": "GET "/api/admin/store/bargain/list?page=1&limit=20&keywords=&temp=1782374807", parameters={masked}" }
                    
{
                    "app": "Crmeb",
                    "timestamp":"2026-06-25 16:06:47.162",
                    "level": "DEBUG",
                    "thread": "http-nio-8169-exec-15",
                    "class": "o.s.w.s.m.m.a.RequestMappingHandlerMapping",
                    "message": "Mapped to com.zbkj.admin.controller.StoreBargainController#getList(StoreBargainSearchRequest, PageParamRequest)" }
                    
{
                    "app": "Crmeb",
                    "timestamp":"2026-06-25 16:06:47.465",
                    "level": "DEBUG",
                    "thread": "http-nio-8169-exec-15",
                    "class": "o.s.w.s.m.m.a.RequestResponseBodyMethodProcessor",
                    "message": "Using 'application/json', given [application/json, text/plain, */*] and supported [application/json, application/*+json, application/json, application/*+json, application/cbor]" }
                    
{
                    "app": "Crmeb",
                    "timestamp":"2026-06-25 16:06:47.465",
                    "level": "DEBUG",
                    "thread": "http-nio-8169-exec-15",
                    "class": "o.s.w.s.m.m.a.RequestResponseBodyMethodProcessor",
                    "message": "Writing [com.zbkj.common.result.CommonResult@608cdf09]" }
                    
{
                    "app": "Crmeb",
                    "timestamp":"2026-06-25 16:06:47.465",
                    "level": "DEBUG",
                    "thread": "http-nio-8169-exec-15",
                    "class": "o.s.web.servlet.DispatcherServlet",
                    "message": "Completed 200 OK" }
                    
{
                    "app": "Crmeb",
                    "timestamp":"2026-06-25 16:06:49.932",
                    "level": "DEBUG",
                    "thread": "http-nio-8169-exec-11",
                    "class": "o.s.web.servlet.DispatcherServlet",
                    "message": "GET "/api/admin/store/bargain/delete?id=31&temp=1782374809", parameters={masked}" }
                    
{
                    "app": "Crmeb",
                    "timestamp":"2026-06-25 16:06:49.933",
                    "level": "DEBUG",
                    "thread": "http-nio-8169-exec-11",
                    "class": "o.s.w.s.m.m.a.RequestMappingHandlerMapping",
                    "message": "Mapped to com.zbkj.admin.controller.StoreBargainController#delete(Integer)" }
                    
{
                    "app": "Crmeb",
                    "timestamp":"2026-06-25 16:06:50.117",
                    "level": "DEBUG",
                    "thread": "http-nio-8169-exec-11",
                    "class": "o.s.w.s.m.m.a.RequestResponseBodyMethodProcessor",
                    "message": "Using 'application/json', given [application/json, text/plain, */*] and supported [application/json, application/*+json, application/json, application/*+json, application/cbor]" }
                    
{
                    "app": "Crmeb",
                    "timestamp":"2026-06-25 16:06:50.118",
                    "level": "DEBUG",
                    "thread": "http-nio-8169-exec-11",
                    "class": "o.s.w.s.m.m.a.RequestResponseBodyMethodProcessor",
                    "message": "Writing [com.zbkj.common.result.CommonResult@7ef173c0]" }
                    
{
                    "app": "Crmeb",
                    "timestamp":"2026-06-25 16:06:50.118",
                    "level": "DEBUG",
                    "thread": "http-nio-8169-exec-11",
                    "class": "o.s.web.servlet.DispatcherServlet",
                    "message": "Completed 200 OK" }
                    
{
                    "app": "Crmeb",
                    "timestamp":"2026-06-25 16:06:50.170",
                    "level": "DEBUG",
                    "thread": "http-nio-8169-exec-5",
                    "class": "o.s.web.servlet.DispatcherServlet",
                    "message": "GET "/api/admin/store/bargain/list?page=1&limit=20&keywords=&temp=1782374810", parameters={masked}" }
                    
{
                    "app": "Crmeb",
                    "timestamp":"2026-06-25 16:06:50.170",
                    "level": "DEBUG",
                    "thread": "http-nio-8169-exec-5",
                    "class": "o.s.w.s.m.m.a.RequestMappingHandlerMapping",
                    "message": "Mapped to com.zbkj.admin.controller.StoreBargainController#getList(StoreBargainSearchRequest, PageParamRequest)" }
                    
{
                    "app": "Crmeb",
                    "timestamp":"2026-06-25 16:06:50.433",
                    "level": "DEBUG",
                    "thread": "http-nio-8169-exec-5",
                    "class": "o.s.w.s.m.m.a.RequestResponseBodyMethodProcessor",
                    "message": "Using 'application/json', given [application/json, text/plain, */*] and supported [application/json, application/*+json, application/json, application/*+json, application/cbor]" }
                    
{
                    "app": "Crmeb",
                    "timestamp":"2026-06-25 16:06:50.434",
                    "level": "DEBUG",
                    "thread": "http-nio-8169-exec-5",
                    "class": "o.s.w.s.m.m.a.RequestResponseBodyMethodProcessor",
                    "message": "Writing [com.zbkj.common.result.CommonResult@32f066f2]" }
                    
{
                    "app": "Crmeb",
                    "timestamp":"2026-06-25 16:06:50.434",
                    "level": "DEBUG",
                    "thread": "http-nio-8169-exec-5",
                    "class": "o.s.web.servlet.DispatcherServlet",
                    "message": "Completed 200 OK" }
                    
{
                    "app": "Crmeb",
                    "timestamp":"2026-06-25 16:06:52.660",
                    "level": "DEBUG",
                    "thread": "http-nio-8169-exec-13",
                    "class": "o.s.web.servlet.DispatcherServlet",
                    "message": "GET "/api/admin/store/bargain/delete?id=30&temp=1782374812", parameters={masked}" }
                    
{
                    "app": "Crmeb",
                    "timestamp":"2026-06-25 16:06:52.661",
                    "level": "DEBUG",
                    "thread": "http-nio-8169-exec-13",
                    "class": "o.s.w.s.m.m.a.RequestMappingHandlerMapping",
                    "message": "Mapped to com.zbkj.admin.controller.StoreBargainController#delete(Integer)" }
                    
{
                    "app": "Crmeb",
                    "timestamp":"2026-06-25 16:06:52.912",
                    "level": "DEBUG",
                    "thread": "http-nio-8169-exec-13",
                    "class": "o.s.w.s.m.m.a.RequestResponseBodyMethodProcessor",
                    "message": "Using 'application/json', given [application/json, text/plain, */*] and supported [application/json, application/*+json, application/json, application/*+json, application/cbor]" }
                    
{
                    "app": "Crmeb",
                    "timestamp":"2026-06-25 16:06:52.913",
                    "level": "DEBUG",
                    "thread": "http-nio-8169-exec-13",
                    "class": "o.s.w.s.m.m.a.RequestResponseBodyMethodProcessor",
                    "message": "Writing [com.zbkj.common.result.CommonResult@7799b5b3]" }
                    
{
                    "app": "Crmeb",
                    "timestamp":"2026-06-25 16:06:52.913",
                    "level": "DEBUG",
                    "thread": "http-nio-8169-exec-13",
                    "class": "o.s.web.servlet.DispatcherServlet",
                    "message": "Completed 200 OK" }
                    
{
                    "app": "Crmeb",
                    "timestamp":"2026-06-25 16:06:52.990",
                    "level": "DEBUG",
                    "thread": "http-nio-8169-exec-23",
                    "class": "o.s.web.servlet.DispatcherServlet",
                    "message": "GET "/api/admin/store/bargain/list?page=1&limit=20&keywords=&temp=1782374812", parameters={masked}" }
                    
{
                    "app": "Crmeb",
                    "timestamp":"2026-06-25 16:06:52.990",
                    "level": "DEBUG",
                    "thread": "http-nio-8169-exec-23",
                    "class": "o.s.w.s.m.m.a.RequestMappingHandlerMapping",
                    "message": "Mapped to com.zbkj.admin.controller.StoreBargainController#getList(StoreBargainSearchRequest, PageParamRequest)" }
                    
{
                    "app": "Crmeb",
                    "timestamp":"2026-06-25 16:06:53.165",
                    "level": "DEBUG",
                    "thread": "http-nio-8169-exec-23",
                    "class": "o.s.w.s.m.m.a.RequestResponseBodyMethodProcessor",
                    "message": "Using 'application/json', given [application/json, text/plain, */*] and supported [application/json, application/*+json, application/json, application/*+json, application/cbor]" }
                    
{
                    "app": "Crmeb",
                    "timestamp":"2026-06-25 16:06:53.166",
                    "level": "DEBUG",
                    "thread": "http-nio-8169-exec-23",
                    "class": "o.s.w.s.m.m.a.RequestResponseBodyMethodProcessor",
                    "message": "Writing [com.zbkj.common.result.CommonResult@40eb3252]" }
                    
{
                    "app": "Crmeb",
                    "timestamp":"2026-06-25 16:06:53.166",
                    "level": "DEBUG",
                    "thread": "http-nio-8169-exec-23",
                    "class": "o.s.web.servlet.DispatcherServlet",
                    "message": "Completed 200 OK" }
                    
{
                    "app": "Crmeb",
                    "timestamp":"2026-06-25 16:06:54.783",
                    "level": "DEBUG",
                    "thread": "http-nio-8169-exec-12",
                    "class": "o.s.web.servlet.DispatcherServlet",
                    "message": "GET "/api/admin/store/bargain/delete?id=29&temp=1782374814", parameters={masked}" }
                    
{
                    "app": "Crmeb",
                    "timestamp":"2026-06-25 16:06:54.784",
                    "level": "DEBUG",
                    "thread": "http-nio-8169-exec-12",
                    "class": "o.s.w.s.m.m.a.RequestMappingHandlerMapping",
                    "message": "Mapped to com.zbkj.admin.controller.StoreBargainController#delete(Integer)" }
                    
{
                    "app": "Crmeb",
                    "timestamp":"2026-06-25 16:06:54.967",
                    "level": "DEBUG",
                    "thread": "http-nio-8169-exec-12",
                    "class": "o.s.w.s.m.m.a.RequestResponseBodyMethodProcessor",
                    "message": "Using 'application/json', given [application/json, text/plain, */*] and supported [application/json, application/*+json, application/json, application/*+json, application/cbor]" }
                    
{
                    "app": "Crmeb",
                    "timestamp":"2026-06-25 16:06:54.968",
                    "level": "DEBUG",
                    "thread": "http-nio-8169-exec-12",
                    "class": "o.s.w.s.m.m.a.RequestResponseBodyMethodProcessor",
                    "message": "Writing [com.zbkj.common.result.CommonResult@6c35a1f5]" }
                    
{
                    "app": "Crmeb",
                    "timestamp":"2026-06-25 16:06:54.968",
                    "level": "DEBUG",
                    "thread": "http-nio-8169-exec-12",
                    "class": "o.s.web.servlet.DispatcherServlet",
                    "message": "Completed 200 OK" }
                    
{
                    "app": "Crmeb",
                    "timestamp":"2026-06-25 16:06:55.019",
                    "level": "DEBUG",
                    "thread": "http-nio-8169-exec-26",
                    "class": "o.s.web.servlet.DispatcherServlet",
                    "message": "GET "/api/admin/store/bargain/list?page=1&limit=20&keywords=&temp=1782374814", parameters={masked}" }
                    
{
                    "app": "Crmeb",
                    "timestamp":"2026-06-25 16:06:55.020",
                    "level": "DEBUG",
                    "thread": "http-nio-8169-exec-26",
                    "class": "o.s.w.s.m.m.a.RequestMappingHandlerMapping",
                    "message": "Mapped to com.zbkj.admin.controller.StoreBargainController#getList(StoreBargainSearchRequest, PageParamRequest)" }
                    
{
                    "app": "Crmeb",
                    "timestamp":"2026-06-25 16:06:55.148",
                    "level": "DEBUG",
                    "thread": "http-nio-8169-exec-26",
                    "class": "o.s.w.s.m.m.a.RequestResponseBodyMethodProcessor",
                    "message": "Using 'application/json', given [application/json, text/plain, */*] and supported [application/json, application/*+json, application/json, application/*+json, application/cbor]" }
                    
{
                    "app": "Crmeb",
                    "timestamp":"2026-06-25 16:06:55.148",
                    "level": "DEBUG",
                    "thread": "http-nio-8169-exec-26",
                    "class": "o.s.w.s.m.m.a.RequestResponseBodyMethodProcessor",
                    "message": "Writing [com.zbkj.common.result.CommonResult@4803f973]" }
                    
{
                    "app": "Crmeb",
                    "timestamp":"2026-06-25 16:06:55.150",
                    "level": "DEBUG",
                    "thread": "http-nio-8169-exec-26",
                    "class": "o.s.web.servlet.DispatcherServlet",
                    "message": "Completed 200 OK" }
                    
{
                    "app": "Crmeb",
                    "timestamp":"2026-06-25 16:06:57.432",
                    "level": "DEBUG",
                    "thread": "http-nio-8169-exec-16",
                    "class": "o.s.web.servlet.DispatcherServlet",
                    "message": "GET "/api/admin/store/bargain/delete?id=28&temp=1782374817", parameters={masked}" }
                    
{
                    "app": "Crmeb",
                    "timestamp":"2026-06-25 16:06:57.432",
                    "level": "DEBUG",
                    "thread": "http-nio-8169-exec-16",
                    "class": "o.s.w.s.m.m.a.RequestMappingHandlerMapping",
                    "message": "Mapped to com.zbkj.admin.controller.StoreBargainController#delete(Integer)" }
                    
{
                    "app": "Crmeb",
                    "timestamp":"2026-06-25 16:06:57.621",
                    "level": "DEBUG",
                    "thread": "http-nio-8169-exec-16",
                    "class": "o.s.w.s.m.m.a.RequestResponseBodyMethodProcessor",
                    "message": "Using 'application/json', given [application/json, text/plain, */*] and supported [application/json, application/*+json, application/json, application/*+json, application/cbor]" }
                    
{
                    "app": "Crmeb",
                    "timestamp":"2026-06-25 16:06:57.621",
                    "level": "DEBUG",
                    "thread": "http-nio-8169-exec-16",
                    "class": "o.s.w.s.m.m.a.RequestResponseBodyMethodProcessor",
                    "message": "Writing [com.zbkj.common.result.CommonResult@4f536d]" }
                    
{
                    "app": "Crmeb",
                    "timestamp":"2026-06-25 16:06:57.621",
                    "level": "DEBUG",
                    "thread": "http-nio-8169-exec-16",
                    "class": "o.s.web.servlet.DispatcherServlet",
                    "message": "Completed 200 OK" }
                    
{
                    "app": "Crmeb",
                    "timestamp":"2026-06-25 16:06:57.674",
                    "level": "DEBUG",
                    "thread": "http-nio-8169-exec-20",
                    "class": "o.s.web.servlet.DispatcherServlet",
                    "message": "GET "/api/admin/store/bargain/list?page=1&limit=20&keywords=&temp=1782374817", parameters={masked}" }
                    
{
                    "app": "Crmeb",
                    "timestamp":"2026-06-25 16:06:57.675",
                    "level": "DEBUG",
                    "thread": "http-nio-8169-exec-20",
                    "class": "o.s.w.s.m.m.a.RequestMappingHandlerMapping",
                    "message": "Mapped to com.zbkj.admin.controller.StoreBargainController#getList(StoreBargainSearchRequest, PageParamRequest)" }
                    
{
                    "app": "Crmeb",
                    "timestamp":"2026-06-25 16:06:57.719",
                    "level": "DEBUG",
                    "thread": "http-nio-8169-exec-20",
                    "class": "o.s.w.s.m.m.a.RequestResponseBodyMethodProcessor",
                    "message": "Using 'application/json', given [application/json, text/plain, */*] and supported [application/json, application/*+json, application/json, application/*+json, application/cbor]" }
                    
{
                    "app": "Crmeb",
                    "timestamp":"2026-06-25 16:06:57.719",
                    "level": "DEBUG",
                    "thread": "http-nio-8169-exec-20",
                    "class": "o.s.w.s.m.m.a.RequestResponseBodyMethodProcessor",
                    "message": "Writing [com.zbkj.common.result.CommonResult@68c23c55]" }
                    
{
                    "app": "Crmeb",
                    "timestamp":"2026-06-25 16:06:57.720",
                    "level": "DEBUG",
                    "thread": "http-nio-8169-exec-20",
                    "class": "o.s.web.servlet.DispatcherServlet",
                    "message": "Completed 200 OK" }
                    
{
                    "app": "Crmeb",
                    "timestamp":"2026-06-25 16:28:56.466",
                    "level": "DEBUG",
                    "thread": "http-nio-8169-exec-30",
                    "class": "o.s.web.servlet.DispatcherServlet",
                    "message": "GET "/api/admin/store/bargain/bargain_list?dateLimit=&status=&page=1&limit=20&temp=1782376136", parameters={masked}" }
                    
{
                    "app": "Crmeb",
                    "timestamp":"2026-06-25 16:28:56.467",
                    "level": "DEBUG",
                    "thread": "http-nio-8169-exec-30",
                    "class": "o.s.w.s.m.m.a.RequestMappingHandlerMapping",
                    "message": "Mapped to com.zbkj.admin.controller.StoreBargainController#getBargainUserList(StoreBargainUserSearchRequest, PageParamRequest)" }
                    
{
                    "app": "Crmeb",
                    "timestamp":"2026-06-25 16:28:56.891",
                    "level": "DEBUG",
                    "thread": "http-nio-8169-exec-30",
                    "class": "o.s.w.s.m.m.a.RequestResponseBodyMethodProcessor",
                    "message": "Using 'application/json', given [application/json, text/plain, */*] and supported [application/json, application/*+json, application/json, application/*+json, application/cbor]" }
                    
{
                    "app": "Crmeb",
                    "timestamp":"2026-06-25 16:28:56.891",
                    "level": "DEBUG",
                    "thread": "http-nio-8169-exec-30",
                    "class": "o.s.w.s.m.m.a.RequestResponseBodyMethodProcessor",
                    "message": "Writing [com.zbkj.common.result.CommonResult@64692529]" }
                    
{
                    "app": "Crmeb",
                    "timestamp":"2026-06-25 16:28:56.892",
                    "level": "DEBUG",
                    "thread": "http-nio-8169-exec-30",
                    "class": "o.s.web.servlet.DispatcherServlet",
                    "message": "Completed 200 OK" }
                    
{
                    "app": "Crmeb",
                    "timestamp":"2026-06-25 16:29:31.821",
                    "level": "DEBUG",
                    "thread": "http-nio-8169-exec-21",
                    "class": "o.s.web.servlet.DispatcherServlet",
                    "message": "GET "/api/admin/store/bargain/list?page=1&limit=20&keywords=&temp=1782376171", parameters={masked}" }
                    
{
                    "app": "Crmeb",
                    "timestamp":"2026-06-25 16:29:31.822",
                    "level": "DEBUG",
                    "thread": "http-nio-8169-exec-21",
                    "class": "o.s.w.s.m.m.a.RequestMappingHandlerMapping",
                    "message": "Mapped to com.zbkj.admin.controller.StoreBargainController#getList(StoreBargainSearchRequest, PageParamRequest)" }
                    
{
                    "app": "Crmeb",
                    "timestamp":"2026-06-25 16:29:31.864",
                    "level": "DEBUG",
                    "thread": "http-nio-8169-exec-21",
                    "class": "o.s.w.s.m.m.a.RequestResponseBodyMethodProcessor",
                    "message": "Using 'application/json', given [application/json, text/plain, */*] and supported [application/json, application/*+json, application/json, application/*+json, application/cbor]" }
                    
{
                    "app": "Crmeb",
                    "timestamp":"2026-06-25 16:29:31.864",
                    "level": "DEBUG",
                    "thread": "http-nio-8169-exec-21",
                    "class": "o.s.w.s.m.m.a.RequestResponseBodyMethodProcessor",
                    "message": "Writing [com.zbkj.common.result.CommonResult@3fd92c5c]" }
                    
{
                    "app": "Crmeb",
                    "timestamp":"2026-06-25 16:29:31.865",
                    "level": "DEBUG",
                    "thread": "http-nio-8169-exec-21",
                    "class": "o.s.web.servlet.DispatcherServlet",
                    "message": "Completed 200 OK" }
                    
{
                    "app": "Crmeb",
                    "timestamp":"2026-06-25 16:29:32.489",
                    "level": "DEBUG",
                    "thread": "http-nio-8169-exec-10",
                    "class": "o.s.web.servlet.DispatcherServlet",
                    "message": "GET "/api/admin/store/bargain/bargain_list?dateLimit=&status=&page=1&limit=20&temp=1782376172", parameters={masked}" }
                    
{
                    "app": "Crmeb",
                    "timestamp":"2026-06-25 16:29:32.490",
                    "level": "DEBUG",
                    "thread": "http-nio-8169-exec-10",
                    "class": "o.s.w.s.m.m.a.RequestMappingHandlerMapping",
                    "message": "Mapped to com.zbkj.admin.controller.StoreBargainController#getBargainUserList(StoreBargainUserSearchRequest, PageParamRequest)" }
                    
{
                    "app": "Crmeb",
                    "timestamp":"2026-06-25 16:29:32.843",
                    "level": "DEBUG",
                    "thread": "http-nio-8169-exec-10",
                    "class": "o.s.w.s.m.m.a.RequestResponseBodyMethodProcessor",
                    "message": "Using 'application/json', given [application/json, text/plain, */*] and supported [application/json, application/*+json, application/json, application/*+json, application/cbor]" }
                    
{
                    "app": "Crmeb",
                    "timestamp":"2026-06-25 16:29:32.843",
                    "level": "DEBUG",
                    "thread": "http-nio-8169-exec-10",
                    "class": "o.s.w.s.m.m.a.RequestResponseBodyMethodProcessor",
                    "message": "Writing [com.zbkj.common.result.CommonResult@22b64375]" }
                    
{
                    "app": "Crmeb",
                    "timestamp":"2026-06-25 16:29:32.844",
                    "level": "DEBUG",
                    "thread": "http-nio-8169-exec-10",
                    "class": "o.s.web.servlet.DispatcherServlet",
                    "message": "Completed 200 OK" }
                    
{
                    "app": "Crmeb",
                    "timestamp":"2026-06-25 16:29:38.539",
                    "level": "DEBUG",
                    "thread": "http-nio-8169-exec-3",
                    "class": "o.s.web.servlet.DispatcherServlet",
                    "message": "GET "/api/admin/store/combination/list?page=1&limit=20&keywords=&isShow=&temp=1782376178", parameters={masked}" }
                    
{
                    "app": "Crmeb",
                    "timestamp":"2026-06-25 16:29:38.540",
                    "level": "DEBUG",
                    "thread": "http-nio-8169-exec-3",
                    "class": "o.s.w.s.m.m.a.RequestMappingHandlerMapping",
                    "message": "Mapped to com.zbkj.admin.controller.StoreCombinationController#getList(StoreCombinationSearchRequest, PageParamRequest)" }
                    
{
                    "app": "Crmeb",
                    "timestamp":"2026-06-25 16:29:38.983",
                    "level": "DEBUG",
                    "thread": "http-nio-8169-exec-3",
                    "class": "o.s.w.s.m.m.a.RequestResponseBodyMethodProcessor",
                    "message": "Using 'application/json', given [application/json, text/plain, */*] and supported [application/json, application/*+json, application/json, application/*+json, application/cbor]" }
                    
{
                    "app": "Crmeb",
                    "timestamp":"2026-06-25 16:29:38.983",
                    "level": "DEBUG",
                    "thread": "http-nio-8169-exec-3",
                    "class": "o.s.w.s.m.m.a.RequestResponseBodyMethodProcessor",
                    "message": "Writing [com.zbkj.common.result.CommonResult@e68c5a6]" }
                    
{
                    "app": "Crmeb",
                    "timestamp":"2026-06-25 16:29:38.984",
                    "level": "DEBUG",
                    "thread": "http-nio-8169-exec-3",
                    "class": "o.s.web.servlet.DispatcherServlet",
                    "message": "Completed 200 OK" }
                    
{
                    "app": "Crmeb",
                    "timestamp":"2026-06-25 16:29:38.992",
                    "level": "DEBUG",
                    "thread": "http-nio-8169-exec-24",
                    "class": "o.s.web.servlet.DispatcherServlet",
                    "message": "GET "/api/admin/store/combination/statistics?temp=1782376178", parameters={masked}" }
                    
{
                    "app": "Crmeb",
                    "timestamp":"2026-06-25 16:29:38.992",
                    "level": "DEBUG",
                    "thread": "http-nio-8169-exec-15",
                    "class": "o.s.web.servlet.DispatcherServlet",
                    "message": "GET "/api/admin/store/combination/combine/list?dateLimit=&status=&page=1&limit=20&temp=1782376178", parameters={masked}" }
                    
{
                    "app": "Crmeb",
                    "timestamp":"2026-06-25 16:29:38.993",
                    "level": "DEBUG",
                    "thread": "http-nio-8169-exec-15",
                    "class": "o.s.w.s.m.m.a.RequestMappingHandlerMapping",
                    "message": "Mapped to com.zbkj.admin.controller.StoreCombinationController#getCombineList(StorePinkSearchRequest, PageParamRequest)" }
                    
{
                    "app": "Crmeb",
                    "timestamp":"2026-06-25 16:29:38.993",
                    "level": "DEBUG",
                    "thread": "http-nio-8169-exec-24",
                    "class": "o.s.w.s.m.m.a.RequestMappingHandlerMapping",
                    "message": "Mapped to com.zbkj.admin.controller.StoreCombinationController#statistics()" }
                    
{
                    "app": "Crmeb",
                    "timestamp":"2026-06-25 16:29:39.090",
                    "level": "DEBUG",
                    "thread": "http-nio-8169-exec-24",
                    "class": "o.s.w.s.m.m.a.RequestResponseBodyMethodProcessor",
                    "message": "Using 'application/json', given [application/json, text/plain, */*] and supported [application/json, application/*+json, application/json, application/*+json, application/cbor]" }
                    
{
                    "app": "Crmeb",
                    "timestamp":"2026-06-25 16:29:39.090",
                    "level": "DEBUG",
                    "thread": "http-nio-8169-exec-24",
                    "class": "o.s.w.s.m.m.a.RequestResponseBodyMethodProcessor",
                    "message": "Writing [com.zbkj.common.result.CommonResult@4442fc75]" }
                    
{
                    "app": "Crmeb",
                    "timestamp":"2026-06-25 16:29:39.090",
                    "level": "DEBUG",
                    "thread": "http-nio-8169-exec-24",
                    "class": "o.s.web.servlet.DispatcherServlet",
                    "message": "Completed 200 OK" }
                    
{
                    "app": "Crmeb",
                    "timestamp":"2026-06-25 16:29:39.475",
                    "level": "DEBUG",
                    "thread": "http-nio-8169-exec-15",
                    "class": "o.s.w.s.m.m.a.RequestResponseBodyMethodProcessor",
                    "message": "Using 'application/json', given [application/json, text/plain, */*] and supported [application/json, application/*+json, application/json, application/*+json, application/cbor]" }
                    
{
                    "app": "Crmeb",
                    "timestamp":"2026-06-25 16:29:39.475",
                    "level": "DEBUG",
                    "thread": "http-nio-8169-exec-15",
                    "class": "o.s.w.s.m.m.a.RequestResponseBodyMethodProcessor",
                    "message": "Writing [com.zbkj.common.result.CommonResult@2e316c9f]" }
                    
{
                    "app": "Crmeb",
                    "timestamp":"2026-06-25 16:29:39.475",
                    "level": "DEBUG",
                    "thread": "http-nio-8169-exec-15",
                    "class": "o.s.web.servlet.DispatcherServlet",
                    "message": "Completed 200 OK" }
                    
{
                    "app": "Crmeb",
                    "timestamp":"2026-06-25 16:29:39.717",
                    "level": "DEBUG",
                    "thread": "http-nio-8169-exec-2",
                    "class": "o.s.web.servlet.DispatcherServlet",
                    "message": "GET "/api/admin/store/combination/list?page=1&limit=20&keywords=&isShow=&temp=1782376179", parameters={masked}" }
                    
{
                    "app": "Crmeb",
                    "timestamp":"2026-06-25 16:29:39.717",
                    "level": "DEBUG",
                    "thread": "http-nio-8169-exec-2",
                    "class": "o.s.w.s.m.m.a.RequestMappingHandlerMapping",
                    "message": "Mapped to com.zbkj.admin.controller.StoreCombinationController#getList(StoreCombinationSearchRequest, PageParamRequest)" }
                    
{
                    "app": "Crmeb",
                    "timestamp":"2026-06-25 16:29:40.134",
                    "level": "DEBUG",
                    "thread": "http-nio-8169-exec-2",
                    "class": "o.s.w.s.m.m.a.RequestResponseBodyMethodProcessor",
                    "message": "Using 'application/json', given [application/json, text/plain, */*] and supported [application/json, application/*+json, application/json, application/*+json, application/cbor]" }
                    
{
                    "app": "Crmeb",
                    "timestamp":"2026-06-25 16:29:40.134",
                    "level": "DEBUG",
                    "thread": "http-nio-8169-exec-2",
                    "class": "o.s.w.s.m.m.a.RequestResponseBodyMethodProcessor",
                    "message": "Writing [com.zbkj.common.result.CommonResult@5f0a7c8e]" }
                    
{
                    "app": "Crmeb",
                    "timestamp":"2026-06-25 16:29:40.135",
                    "level": "DEBUG",
                    "thread": "http-nio-8169-exec-2",
                    "class": "o.s.web.servlet.DispatcherServlet",
                    "message": "Completed 200 OK" }
                    
{
                    "app": "Crmeb",
                    "timestamp":"2026-06-25 16:29:43.681",
                    "level": "DEBUG",
                    "thread": "http-nio-8169-exec-14",
                    "class": "o.s.web.servlet.DispatcherServlet",
                    "message": "POST "/api/admin/store/combination/update/status?id=38&isShow=false", parameters={masked}" }
                    
{
                    "app": "Crmeb",
                    "timestamp":"2026-06-25 16:29:43.681",
                    "level": "DEBUG",
                    "thread": "http-nio-8169-exec-14",
                    "class": "o.s.w.s.m.m.a.RequestMappingHandlerMapping",
                    "message": "Mapped to com.zbkj.admin.controller.StoreCombinationController#updateStatus(Integer, boolean)" }
                    
{
                    "app": "Crmeb",
                    "timestamp":"2026-06-25 16:29:43.778",
                    "level": "DEBUG",
                    "thread": "http-nio-8169-exec-14",
                    "class": "o.s.w.s.m.m.a.RequestResponseBodyMethodProcessor",
                    "message": "Using 'application/json', given [application/json, text/plain, */*] and supported [application/json, application/*+json, application/json, application/*+json, application/cbor]" }
                    
{
                    "app": "Crmeb",
                    "timestamp":"2026-06-25 16:29:43.778",
                    "level": "DEBUG",
                    "thread": "http-nio-8169-exec-14",
                    "class": "o.s.w.s.m.m.a.RequestResponseBodyMethodProcessor",
                    "message": "Writing [com.zbkj.common.result.CommonResult@4557f297]" }
                    
{
                    "app": "Crmeb",
                    "timestamp":"2026-06-25 16:29:43.778",
                    "level": "DEBUG",
                    "thread": "http-nio-8169-exec-14",
                    "class": "o.s.web.servlet.DispatcherServlet",
                    "message": "Completed 200 OK" }
                    
{
                    "app": "Crmeb",
                    "timestamp":"2026-06-25 16:29:43.805",
                    "level": "DEBUG",
                    "thread": "http-nio-8169-exec-22",
                    "class": "o.s.web.servlet.DispatcherServlet",
                    "message": "GET "/api/admin/store/combination/list?page=1&limit=20&keywords=&isShow=&temp=1782376183", parameters={masked}" }
                    
{
                    "app": "Crmeb",
                    "timestamp":"2026-06-25 16:29:43.805",
                    "level": "DEBUG",
                    "thread": "http-nio-8169-exec-22",
                    "class": "o.s.w.s.m.m.a.RequestMappingHandlerMapping",
                    "message": "Mapped to com.zbkj.admin.controller.StoreCombinationController#getList(StoreCombinationSearchRequest, PageParamRequest)" }
                    
{
                    "app": "Crmeb",
                    "timestamp":"2026-06-25 16:29:44.243",
                    "level": "DEBUG",
                    "thread": "http-nio-8169-exec-22",
                    "class": "o.s.w.s.m.m.a.RequestResponseBodyMethodProcessor",
                    "message": "Using 'application/json', given [application/json, text/plain, */*] and supported [application/json, application/*+json, application/json, application/*+json, application/cbor]" }
                    
{
                    "app": "Crmeb",
                    "timestamp":"2026-06-25 16:29:44.244",
                    "level": "DEBUG",
                    "thread": "http-nio-8169-exec-22",
                    "class": "o.s.w.s.m.m.a.RequestResponseBodyMethodProcessor",
                    "message": "Writing [com.zbkj.common.result.CommonResult@120392db]" }
                    
{
                    "app": "Crmeb",
                    "timestamp":"2026-06-25 16:29:44.248",
                    "level": "DEBUG",
                    "thread": "http-nio-8169-exec-22",
                    "class": "o.s.web.servlet.DispatcherServlet",
                    "message": "Completed 200 OK" }
                    
{
                    "app": "Crmeb",
                    "timestamp":"2026-06-25 16:29:45.110",
                    "level": "DEBUG",
                    "thread": "http-nio-8169-exec-4",
                    "class": "o.s.web.servlet.DispatcherServlet",
                    "message": "POST "/api/admin/store/combination/update/status?id=37&isShow=false", parameters={masked}" }
                    
{
                    "app": "Crmeb",
                    "timestamp":"2026-06-25 16:29:45.110",
                    "level": "DEBUG",
                    "thread": "http-nio-8169-exec-4",
                    "class": "o.s.w.s.m.m.a.RequestMappingHandlerMapping",
                    "message": "Mapped to com.zbkj.admin.controller.StoreCombinationController#updateStatus(Integer, boolean)" }
                    
{
                    "app": "Crmeb",
                    "timestamp":"2026-06-25 16:29:45.204",
                    "level": "DEBUG",
                    "thread": "http-nio-8169-exec-4",
                    "class": "o.s.w.s.m.m.a.RequestResponseBodyMethodProcessor",
                    "message": "Using 'application/json', given [application/json, text/plain, */*] and supported [application/json, application/*+json, application/json, application/*+json, application/cbor]" }
                    
{
                    "app": "Crmeb",
                    "timestamp":"2026-06-25 16:29:45.204",
                    "level": "DEBUG",
                    "thread": "http-nio-8169-exec-4",
                    "class": "o.s.w.s.m.m.a.RequestResponseBodyMethodProcessor",
                    "message": "Writing [com.zbkj.common.result.CommonResult@15788efe]" }
                    
{
                    "app": "Crmeb",
                    "timestamp":"2026-06-25 16:29:45.204",
                    "level": "DEBUG",
                    "thread": "http-nio-8169-exec-4",
                    "class": "o.s.web.servlet.DispatcherServlet",
                    "message": "Completed 200 OK" }
                    
{
                    "app": "Crmeb",
                    "timestamp":"2026-06-25 16:29:45.231",
                    "level": "DEBUG",
                    "thread": "http-nio-8169-exec-18",
                    "class": "o.s.web.servlet.DispatcherServlet",
                    "message": "GET "/api/admin/store/combination/list?page=1&limit=20&keywords=&isShow=&temp=1782376185", parameters={masked}" }
                    
{
                    "app": "Crmeb",
                    "timestamp":"2026-06-25 16:29:45.233",
                    "level": "DEBUG",
                    "thread": "http-nio-8169-exec-18",
                    "class": "o.s.w.s.m.m.a.RequestMappingHandlerMapping",
                    "message": "Mapped to com.zbkj.admin.controller.StoreCombinationController#getList(StoreCombinationSearchRequest, PageParamRequest)" }
                    
{
                    "app": "Crmeb",
                    "timestamp":"2026-06-25 16:29:45.646",
                    "level": "DEBUG",
                    "thread": "http-nio-8169-exec-18",
                    "class": "o.s.w.s.m.m.a.RequestResponseBodyMethodProcessor",
                    "message": "Using 'application/json', given [application/json, text/plain, */*] and supported [application/json, application/*+json, application/json, application/*+json, application/cbor]" }
                    
{
                    "app": "Crmeb",
                    "timestamp":"2026-06-25 16:29:45.646",
                    "level": "DEBUG",
                    "thread": "http-nio-8169-exec-18",
                    "class": "o.s.w.s.m.m.a.RequestResponseBodyMethodProcessor",
                    "message": "Writing [com.zbkj.common.result.CommonResult@7a78a8bb]" }
                    
{
                    "app": "Crmeb",
                    "timestamp":"2026-06-25 16:29:45.646",
                    "level": "DEBUG",
                    "thread": "http-nio-8169-exec-18",
                    "class": "o.s.web.servlet.DispatcherServlet",
                    "message": "Completed 200 OK" }
                    
{
                    "app": "Crmeb",
                    "timestamp":"2026-06-25 16:29:46.232",
                    "level": "DEBUG",
                    "thread": "http-nio-8169-exec-28",
                    "class": "o.s.web.servlet.DispatcherServlet",
                    "message": "POST "/api/admin/store/combination/update/status?id=36&isShow=false", parameters={masked}" }
                    
{
                    "app": "Crmeb",
                    "timestamp":"2026-06-25 16:29:46.233",
                    "level": "DEBUG",
                    "thread": "http-nio-8169-exec-28",
                    "class": "o.s.w.s.m.m.a.RequestMappingHandlerMapping",
                    "message": "Mapped to com.zbkj.admin.controller.StoreCombinationController#updateStatus(Integer, boolean)" }
                    
{
                    "app": "Crmeb",
                    "timestamp":"2026-06-25 16:29:46.325",
                    "level": "DEBUG",
                    "thread": "http-nio-8169-exec-28",
                    "class": "o.s.w.s.m.m.a.RequestResponseBodyMethodProcessor",
                    "message": "Using 'application/json', given [application/json, text/plain, */*] and supported [application/json, application/*+json, application/json, application/*+json, application/cbor]" }
                    
{
                    "app": "Crmeb",
                    "timestamp":"2026-06-25 16:29:46.325",
                    "level": "DEBUG",
                    "thread": "http-nio-8169-exec-28",
                    "class": "o.s.w.s.m.m.a.RequestResponseBodyMethodProcessor",
                    "message": "Writing [com.zbkj.common.result.CommonResult@164a7e1c]" }
                    
{
                    "app": "Crmeb",
                    "timestamp":"2026-06-25 16:29:46.325",
                    "level": "DEBUG",
                    "thread": "http-nio-8169-exec-28",
                    "class": "o.s.web.servlet.DispatcherServlet",
                    "message": "Completed 200 OK" }
                    
{
                    "app": "Crmeb",
                    "timestamp":"2026-06-25 16:29:46.355",
                    "level": "DEBUG",
                    "thread": "http-nio-8169-exec-17",
                    "class": "o.s.web.servlet.DispatcherServlet",
                    "message": "GET "/api/admin/store/combination/list?page=1&limit=20&keywords=&isShow=&temp=1782376186", parameters={masked}" }
                    
{
                    "app": "Crmeb",
                    "timestamp":"2026-06-25 16:29:46.355",
                    "level": "DEBUG",
                    "thread": "http-nio-8169-exec-17",
                    "class": "o.s.w.s.m.m.a.RequestMappingHandlerMapping",
                    "message": "Mapped to com.zbkj.admin.controller.StoreCombinationController#getList(StoreCombinationSearchRequest, PageParamRequest)" }
                    
{
                    "app": "Crmeb",
                    "timestamp":"2026-06-25 16:29:46.770",
                    "level": "DEBUG",
                    "thread": "http-nio-8169-exec-17",
                    "class": "o.s.w.s.m.m.a.RequestResponseBodyMethodProcessor",
                    "message": "Using 'application/json', given [application/json, text/plain, */*] and supported [application/json, application/*+json, application/json, application/*+json, application/cbor]" }
                    
{
                    "app": "Crmeb",
                    "timestamp":"2026-06-25 16:29:46.770",
                    "level": "DEBUG",
                    "thread": "http-nio-8169-exec-17",
                    "class": "o.s.w.s.m.m.a.RequestResponseBodyMethodProcessor",
                    "message": "Writing [com.zbkj.common.result.CommonResult@a65430b]" }
                    
{
                    "app": "Crmeb",
                    "timestamp":"2026-06-25 16:29:46.770",
                    "level": "DEBUG",
                    "thread": "http-nio-8169-exec-17",
                    "class": "o.s.web.servlet.DispatcherServlet",
                    "message": "Completed 200 OK" }
                    
{
                    "app": "Crmeb",
                    "timestamp":"2026-06-25 16:29:47.409",
                    "level": "DEBUG",
                    "thread": "http-nio-8169-exec-19",
                    "class": "o.s.web.servlet.DispatcherServlet",
                    "message": "POST "/api/admin/store/combination/update/status?id=35&isShow=false", parameters={masked}" }
                    
{
                    "app": "Crmeb",
                    "timestamp":"2026-06-25 16:29:47.409",
                    "level": "DEBUG",
                    "thread": "http-nio-8169-exec-19",
                    "class": "o.s.w.s.m.m.a.RequestMappingHandlerMapping",
                    "message": "Mapped to com.zbkj.admin.controller.StoreCombinationController#updateStatus(Integer, boolean)" }
                    
{
                    "app": "Crmeb",
                    "timestamp":"2026-06-25 16:29:47.498",
                    "level": "DEBUG",
                    "thread": "http-nio-8169-exec-19",
                    "class": "o.s.w.s.m.m.a.RequestResponseBodyMethodProcessor",
                    "message": "Using 'application/json', given [application/json, text/plain, */*] and supported [application/json, application/*+json, application/json, application/*+json, application/cbor]" }
                    
{
                    "app": "Crmeb",
                    "timestamp":"2026-06-25 16:29:47.499",
                    "level": "DEBUG",
                    "thread": "http-nio-8169-exec-19",
                    "class": "o.s.w.s.m.m.a.RequestResponseBodyMethodProcessor",
                    "message": "Writing [com.zbkj.common.result.CommonResult@44d317f7]" }
                    
{
                    "app": "Crmeb",
                    "timestamp":"2026-06-25 16:29:47.499",
                    "level": "DEBUG",
                    "thread": "http-nio-8169-exec-19",
                    "class": "o.s.web.servlet.DispatcherServlet",
                    "message": "Completed 200 OK" }
                    
{
                    "app": "Crmeb",
                    "timestamp":"2026-06-25 16:29:47.526",
                    "level": "DEBUG",
                    "thread": "http-nio-8169-exec-30",
                    "class": "o.s.web.servlet.DispatcherServlet",
                    "message": "GET "/api/admin/store/combination/list?page=1&limit=20&keywords=&isShow=&temp=1782376187", parameters={masked}" }
                    
{
                    "app": "Crmeb",
                    "timestamp":"2026-06-25 16:29:47.526",
                    "level": "DEBUG",
                    "thread": "http-nio-8169-exec-30",
                    "class": "o.s.w.s.m.m.a.RequestMappingHandlerMapping",
                    "message": "Mapped to com.zbkj.admin.controller.StoreCombinationController#getList(StoreCombinationSearchRequest, PageParamRequest)" }
                    
{
                    "app": "Crmeb",
                    "timestamp":"2026-06-25 16:29:47.950",
                    "level": "DEBUG",
                    "thread": "http-nio-8169-exec-30",
                    "class": "o.s.w.s.m.m.a.RequestResponseBodyMethodProcessor",
                    "message": "Using 'application/json', given [application/json, text/plain, */*] and supported [application/json, application/*+json, application/json, application/*+json, application/cbor]" }
                    
{
                    "app": "Crmeb",
                    "timestamp":"2026-06-25 16:29:47.950",
                    "level": "DEBUG",
                    "thread": "http-nio-8169-exec-30",
                    "class": "o.s.w.s.m.m.a.RequestResponseBodyMethodProcessor",
                    "message": "Writing [com.zbkj.common.result.CommonResult@44f55384]" }
                    
{
                    "app": "Crmeb",
                    "timestamp":"2026-06-25 16:29:47.951",
                    "level": "DEBUG",
                    "thread": "http-nio-8169-exec-30",
                    "class": "o.s.web.servlet.DispatcherServlet",
                    "message": "Completed 200 OK" }
                    
{
                    "app": "Crmeb",
                    "timestamp":"2026-06-25 16:29:48.542",
                    "level": "DEBUG",
                    "thread": "http-nio-8169-exec-25",
                    "class": "o.s.web.servlet.DispatcherServlet",
                    "message": "POST "/api/admin/store/combination/update/status?id=34&isShow=false", parameters={masked}" }
                    
{
                    "app": "Crmeb",
                    "timestamp":"2026-06-25 16:29:48.542",
                    "level": "DEBUG",
                    "thread": "http-nio-8169-exec-25",
                    "class": "o.s.w.s.m.m.a.RequestMappingHandlerMapping",
                    "message": "Mapped to com.zbkj.admin.controller.StoreCombinationController#updateStatus(Integer, boolean)" }
                    
{
                    "app": "Crmeb",
                    "timestamp":"2026-06-25 16:29:48.632",
                    "level": "DEBUG",
                    "thread": "http-nio-8169-exec-25",
                    "class": "o.s.w.s.m.m.a.RequestResponseBodyMethodProcessor",
                    "message": "Using 'application/json', given [application/json, text/plain, */*] and supported [application/json, application/*+json, application/json, application/*+json, application/cbor]" }
                    
{
                    "app": "Crmeb",
                    "timestamp":"2026-06-25 16:29:48.632",
                    "level": "DEBUG",
                    "thread": "http-nio-8169-exec-25",
                    "class": "o.s.w.s.m.m.a.RequestResponseBodyMethodProcessor",
                    "message": "Writing [com.zbkj.common.result.CommonResult@587a1e1b]" }
                    
{
                    "app": "Crmeb",
                    "timestamp":"2026-06-25 16:29:48.646",
                    "level": "DEBUG",
                    "thread": "http-nio-8169-exec-25",
                    "class": "o.s.web.servlet.DispatcherServlet",
                    "message": "Completed 200 OK" }
                    
{
                    "app": "Crmeb",
                    "timestamp":"2026-06-25 16:29:48.677",
                    "level": "DEBUG",
                    "thread": "http-nio-8169-exec-6",
                    "class": "o.s.web.servlet.DispatcherServlet",
                    "message": "GET "/api/admin/store/combination/list?page=1&limit=20&keywords=&isShow=&temp=1782376188", parameters={masked}" }
                    
{
                    "app": "Crmeb",
                    "timestamp":"2026-06-25 16:29:48.677",
                    "level": "DEBUG",
                    "thread": "http-nio-8169-exec-6",
                    "class": "o.s.w.s.m.m.a.RequestMappingHandlerMapping",
                    "message": "Mapped to com.zbkj.admin.controller.StoreCombinationController#getList(StoreCombinationSearchRequest, PageParamRequest)" }
                    
{
                    "app": "Crmeb",
                    "timestamp":"2026-06-25 16:29:49.099",
                    "level": "DEBUG",
                    "thread": "http-nio-8169-exec-6",
                    "class": "o.s.w.s.m.m.a.RequestResponseBodyMethodProcessor",
                    "message": "Using 'application/json', given [application/json, text/plain, */*] and supported [application/json, application/*+json, application/json, application/*+json, application/cbor]" }
                    
{
                    "app": "Crmeb",
                    "timestamp":"2026-06-25 16:29:49.100",
                    "level": "DEBUG",
                    "thread": "http-nio-8169-exec-6",
                    "class": "o.s.w.s.m.m.a.RequestResponseBodyMethodProcessor",
                    "message": "Writing [com.zbkj.common.result.CommonResult@45c8ae23]" }
                    
{
                    "app": "Crmeb",
                    "timestamp":"2026-06-25 16:29:49.100",
                    "level": "DEBUG",
                    "thread": "http-nio-8169-exec-6",
                    "class": "o.s.web.servlet.DispatcherServlet",
                    "message": "Completed 200 OK" }
                    
{
                    "app": "Crmeb",
                    "timestamp":"2026-06-25 16:29:49.778",
                    "level": "DEBUG",
                    "thread": "http-nio-8169-exec-29",
                    "class": "o.s.web.servlet.DispatcherServlet",
                    "message": "POST "/api/admin/store/combination/update/status?id=33&isShow=false", parameters={masked}" }
                    
{
                    "app": "Crmeb",
                    "timestamp":"2026-06-25 16:29:49.778",
                    "level": "DEBUG",
                    "thread": "http-nio-8169-exec-29",
                    "class": "o.s.w.s.m.m.a.RequestMappingHandlerMapping",
                    "message": "Mapped to com.zbkj.admin.controller.StoreCombinationController#updateStatus(Integer, boolean)" }
                    
{
                    "app": "Crmeb",
                    "timestamp":"2026-06-25 16:29:49.866",
                    "level": "DEBUG",
                    "thread": "http-nio-8169-exec-29",
                    "class": "o.s.w.s.m.m.a.RequestResponseBodyMethodProcessor",
                    "message": "Using 'application/json', given [application/json, text/plain, */*] and supported [application/json, application/*+json, application/json, application/*+json, application/cbor]" }
                    
{
                    "app": "Crmeb",
                    "timestamp":"2026-06-25 16:29:49.866",
                    "level": "DEBUG",
                    "thread": "http-nio-8169-exec-29",
                    "class": "o.s.w.s.m.m.a.RequestResponseBodyMethodProcessor",
                    "message": "Writing [com.zbkj.common.result.CommonResult@456c97ad]" }
                    
{
                    "app": "Crmeb",
                    "timestamp":"2026-06-25 16:29:49.866",
                    "level": "DEBUG",
                    "thread": "http-nio-8169-exec-29",
                    "class": "o.s.web.servlet.DispatcherServlet",
                    "message": "Completed 200 OK" }
                    
{
                    "app": "Crmeb",
                    "timestamp":"2026-06-25 16:29:49.894",
                    "level": "DEBUG",
                    "thread": "http-nio-8169-exec-7",
                    "class": "o.s.web.servlet.DispatcherServlet",
                    "message": "GET "/api/admin/store/combination/list?page=1&limit=20&keywords=&isShow=&temp=1782376189", parameters={masked}" }
                    
{
                    "app": "Crmeb",
                    "timestamp":"2026-06-25 16:29:49.894",
                    "level": "DEBUG",
                    "thread": "http-nio-8169-exec-7",
                    "class": "o.s.w.s.m.m.a.RequestMappingHandlerMapping",
                    "message": "Mapped to com.zbkj.admin.controller.StoreCombinationController#getList(StoreCombinationSearchRequest, PageParamRequest)" }
                    
{
                    "app": "Crmeb",
                    "timestamp":"2026-06-25 16:29:50.331",
                    "level": "DEBUG",
                    "thread": "http-nio-8169-exec-7",
                    "class": "o.s.w.s.m.m.a.RequestResponseBodyMethodProcessor",
                    "message": "Using 'application/json', given [application/json, text/plain, */*] and supported [application/json, application/*+json, application/json, application/*+json, application/cbor]" }
                    
{
                    "app": "Crmeb",
                    "timestamp":"2026-06-25 16:29:50.332",
                    "level": "DEBUG",
                    "thread": "http-nio-8169-exec-7",
                    "class": "o.s.w.s.m.m.a.RequestResponseBodyMethodProcessor",
                    "message": "Writing [com.zbkj.common.result.CommonResult@5ee09d6b]" }
                    
{
                    "app": "Crmeb",
                    "timestamp":"2026-06-25 16:29:50.332",
                    "level": "DEBUG",
                    "thread": "http-nio-8169-exec-7",
                    "class": "o.s.web.servlet.DispatcherServlet",
                    "message": "Completed 200 OK" }
                    
{
                    "app": "Crmeb",
                    "timestamp":"2026-06-25 16:29:53.146",
                    "level": "DEBUG",
                    "thread": "http-nio-8169-exec-3",
                    "class": "o.s.web.servlet.DispatcherServlet",
                    "message": "GET "/api/admin/store/combination/delete?id=39&temp=1782376193", parameters={masked}" }
                    
{
                    "app": "Crmeb",
                    "timestamp":"2026-06-25 16:29:53.147",
                    "level": "DEBUG",
                    "thread": "http-nio-8169-exec-3",
                    "class": "o.s.w.s.m.m.a.RequestMappingHandlerMapping",
                    "message": "Mapped to com.zbkj.admin.controller.StoreCombinationController#delete(Integer)" }
                    
{
                    "app": "Crmeb",
                    "timestamp":"2026-06-25 16:29:53.237",
                    "level": "DEBUG",
                    "thread": "http-nio-8169-exec-3",
                    "class": "o.s.w.s.m.m.a.RequestResponseBodyMethodProcessor",
                    "message": "Using 'application/json', given [application/json, text/plain, */*] and supported [application/json, application/*+json, application/json, application/*+json, application/cbor]" }
                    
{
                    "app": "Crmeb",
                    "timestamp":"2026-06-25 16:29:53.237",
                    "level": "DEBUG",
                    "thread": "http-nio-8169-exec-3",
                    "class": "o.s.w.s.m.m.a.RequestResponseBodyMethodProcessor",
                    "message": "Writing [com.zbkj.common.result.CommonResult@5ef5bdea]" }
                    
{
                    "app": "Crmeb",
                    "timestamp":"2026-06-25 16:29:53.237",
                    "level": "DEBUG",
                    "thread": "http-nio-8169-exec-3",
                    "class": "o.s.web.servlet.DispatcherServlet",
                    "message": "Completed 200 OK" }
                    
{
                    "app": "Crmeb",
                    "timestamp":"2026-06-25 16:29:53.267",
                    "level": "DEBUG",
                    "thread": "http-nio-8169-exec-15",
                    "class": "o.s.web.servlet.DispatcherServlet",
                    "message": "GET "/api/admin/store/combination/list?page=1&limit=20&keywords=&isShow=&temp=1782376193", parameters={masked}" }
                    
{
                    "app": "Crmeb",
                    "timestamp":"2026-06-25 16:29:53.268",
                    "level": "DEBUG",
                    "thread": "http-nio-8169-exec-15",
                    "class": "o.s.w.s.m.m.a.RequestMappingHandlerMapping",
                    "message": "Mapped to com.zbkj.admin.controller.StoreCombinationController#getList(StoreCombinationSearchRequest, PageParamRequest)" }
                    
{
                    "app": "Crmeb",
                    "timestamp":"2026-06-25 16:29:53.643",
                    "level": "DEBUG",
                    "thread": "http-nio-8169-exec-15",
                    "class": "o.s.w.s.m.m.a.RequestResponseBodyMethodProcessor",
                    "message": "Using 'application/json', given [application/json, text/plain, */*] and supported [application/json, application/*+json, application/json, application/*+json, application/cbor]" }
                    
{
                    "app": "Crmeb",
                    "timestamp":"2026-06-25 16:29:53.644",
                    "level": "DEBUG",
                    "thread": "http-nio-8169-exec-15",
                    "class": "o.s.w.s.m.m.a.RequestResponseBodyMethodProcessor",
                    "message": "Writing [com.zbkj.common.result.CommonResult@5a0c6b4]" }
                    
{
                    "app": "Crmeb",
                    "timestamp":"2026-06-25 16:29:53.644",
                    "level": "DEBUG",
                    "thread": "http-nio-8169-exec-15",
                    "class": "o.s.web.servlet.DispatcherServlet",
                    "message": "Completed 200 OK" }
                    
{
                    "app": "Crmeb",
                    "timestamp":"2026-06-25 16:29:55.580",
                    "level": "DEBUG",
                    "thread": "http-nio-8169-exec-2",
                    "class": "o.s.web.servlet.DispatcherServlet",
                    "message": "GET "/api/admin/store/combination/delete?id=38&temp=1782376195", parameters={masked}" }
                    
{
                    "app": "Crmeb",
                    "timestamp":"2026-06-25 16:29:55.581",
                    "level": "DEBUG",
                    "thread": "http-nio-8169-exec-2",
                    "class": "o.s.w.s.m.m.a.RequestMappingHandlerMapping",
                    "message": "Mapped to com.zbkj.admin.controller.StoreCombinationController#delete(Integer)" }
                    
{
                    "app": "Crmeb",
                    "timestamp":"2026-06-25 16:29:55.675",
                    "level": "DEBUG",
                    "thread": "http-nio-8169-exec-2",
                    "class": "o.s.w.s.m.m.a.RequestResponseBodyMethodProcessor",
                    "message": "Using 'application/json', given [application/json, text/plain, */*] and supported [application/json, application/*+json, application/json, application/*+json, application/cbor]" }
                    
{
                    "app": "Crmeb",
                    "timestamp":"2026-06-25 16:29:55.675",
                    "level": "DEBUG",
                    "thread": "http-nio-8169-exec-2",
                    "class": "o.s.w.s.m.m.a.RequestResponseBodyMethodProcessor",
                    "message": "Writing [com.zbkj.common.result.CommonResult@3cff9efc]" }
                    
{
                    "app": "Crmeb",
                    "timestamp":"2026-06-25 16:29:55.675",
                    "level": "DEBUG",
                    "thread": "http-nio-8169-exec-2",
                    "class": "o.s.web.servlet.DispatcherServlet",
                    "message": "Completed 200 OK" }
                    
{
                    "app": "Crmeb",
                    "timestamp":"2026-06-25 16:29:55.706",
                    "level": "DEBUG",
                    "thread": "http-nio-8169-exec-14",
                    "class": "o.s.web.servlet.DispatcherServlet",
                    "message": "GET "/api/admin/store/combination/list?page=1&limit=20&keywords=&isShow=&temp=1782376195", parameters={masked}" }
                    
{
                    "app": "Crmeb",
                    "timestamp":"2026-06-25 16:29:55.706",
                    "level": "DEBUG",
                    "thread": "http-nio-8169-exec-14",
                    "class": "o.s.w.s.m.m.a.RequestMappingHandlerMapping",
                    "message": "Mapped to com.zbkj.admin.controller.StoreCombinationController#getList(StoreCombinationSearchRequest, PageParamRequest)" }
                    
{
                    "app": "Crmeb",
                    "timestamp":"2026-06-25 16:29:56.037",
                    "level": "DEBUG",
                    "thread": "http-nio-8169-exec-14",
                    "class": "o.s.w.s.m.m.a.RequestResponseBodyMethodProcessor",
                    "message": "Using 'application/json', given [application/json, text/plain, */*] and supported [application/json, application/*+json, application/json, application/*+json, application/cbor]" }
                    
{
                    "app": "Crmeb",
                    "timestamp":"2026-06-25 16:29:56.038",
                    "level": "DEBUG",
                    "thread": "http-nio-8169-exec-14",
                    "class": "o.s.w.s.m.m.a.RequestResponseBodyMethodProcessor",
                    "message": "Writing [com.zbkj.common.result.CommonResult@145a44b6]" }
                    
{
                    "app": "Crmeb",
                    "timestamp":"2026-06-25 16:29:56.038",
                    "level": "DEBUG",
                    "thread": "http-nio-8169-exec-14",
                    "class": "o.s.web.servlet.DispatcherServlet",
                    "message": "Completed 200 OK" }
                    
{
                    "app": "Crmeb",
                    "timestamp":"2026-06-25 16:29:58.381",
                    "level": "DEBUG",
                    "thread": "http-nio-8169-exec-22",
                    "class": "o.s.web.servlet.DispatcherServlet",
                    "message": "GET "/api/admin/store/combination/delete?id=37&temp=1782376198", parameters={masked}" }
                    
{
                    "app": "Crmeb",
                    "timestamp":"2026-06-25 16:29:58.382",
                    "level": "DEBUG",
                    "thread": "http-nio-8169-exec-22",
                    "class": "o.s.w.s.m.m.a.RequestMappingHandlerMapping",
                    "message": "Mapped to com.zbkj.admin.controller.StoreCombinationController#delete(Integer)" }
                    
{
                    "app": "Crmeb",
                    "timestamp":"2026-06-25 16:29:58.475",
                    "level": "DEBUG",
                    "thread": "http-nio-8169-exec-22",
                    "class": "o.s.w.s.m.m.a.RequestResponseBodyMethodProcessor",
                    "message": "Using 'application/json', given [application/json, text/plain, */*] and supported [application/json, application/*+json, application/json, application/*+json, application/cbor]" }
                    
{
                    "app": "Crmeb",
                    "timestamp":"2026-06-25 16:29:58.475",
                    "level": "DEBUG",
                    "thread": "http-nio-8169-exec-22",
                    "class": "o.s.w.s.m.m.a.RequestResponseBodyMethodProcessor",
                    "message": "Writing [com.zbkj.common.result.CommonResult@3535338f]" }
                    
{
                    "app": "Crmeb",
                    "timestamp":"2026-06-25 16:29:58.476",
                    "level": "DEBUG",
                    "thread": "http-nio-8169-exec-22",
                    "class": "o.s.web.servlet.DispatcherServlet",
                    "message": "Completed 200 OK" }
                    
{
                    "app": "Crmeb",
                    "timestamp":"2026-06-25 16:29:58.510",
                    "level": "DEBUG",
                    "thread": "http-nio-8169-exec-4",
                    "class": "o.s.web.servlet.DispatcherServlet",
                    "message": "GET "/api/admin/store/combination/list?page=1&limit=20&keywords=&isShow=&temp=1782376198", parameters={masked}" }
                    
{
                    "app": "Crmeb",
                    "timestamp":"2026-06-25 16:29:58.511",
                    "level": "DEBUG",
                    "thread": "http-nio-8169-exec-4",
                    "class": "o.s.w.s.m.m.a.RequestMappingHandlerMapping",
                    "message": "Mapped to com.zbkj.admin.controller.StoreCombinationController#getList(StoreCombinationSearchRequest, PageParamRequest)" }
                    
{
                    "app": "Crmeb",
                    "timestamp":"2026-06-25 16:29:58.792",
                    "level": "DEBUG",
                    "thread": "http-nio-8169-exec-4",
                    "class": "o.s.w.s.m.m.a.RequestResponseBodyMethodProcessor",
                    "message": "Using 'application/json', given [application/json, text/plain, */*] and supported [application/json, application/*+json, application/json, application/*+json, application/cbor]" }
                    
{
                    "app": "Crmeb",
                    "timestamp":"2026-06-25 16:29:58.792",
                    "level": "DEBUG",
                    "thread": "http-nio-8169-exec-4",
                    "class": "o.s.w.s.m.m.a.RequestResponseBodyMethodProcessor",
                    "message": "Writing [com.zbkj.common.result.CommonResult@1c9594d]" }
                    
{
                    "app": "Crmeb",
                    "timestamp":"2026-06-25 16:29:58.793",
                    "level": "DEBUG",
                    "thread": "http-nio-8169-exec-4",
                    "class": "o.s.web.servlet.DispatcherServlet",
                    "message": "Completed 200 OK" }
                    
{
                    "app": "Crmeb",
                    "timestamp":"2026-06-25 16:30:01.052",
                    "level": "DEBUG",
                    "thread": "http-nio-8169-exec-18",
                    "class": "o.s.web.servlet.DispatcherServlet",
                    "message": "GET "/api/admin/store/combination/delete?id=36&temp=1782376200", parameters={masked}" }
                    
{
                    "app": "Crmeb",
                    "timestamp":"2026-06-25 16:30:01.053",
                    "level": "DEBUG",
                    "thread": "http-nio-8169-exec-18",
                    "class": "o.s.w.s.m.m.a.RequestMappingHandlerMapping",
                    "message": "Mapped to com.zbkj.admin.controller.StoreCombinationController#delete(Integer)" }
                    
{
                    "app": "Crmeb",
                    "timestamp":"2026-06-25 16:30:01.143",
                    "level": "DEBUG",
                    "thread": "http-nio-8169-exec-18",
                    "class": "o.s.w.s.m.m.a.RequestResponseBodyMethodProcessor",
                    "message": "Using 'application/json', given [application/json, text/plain, */*] and supported [application/json, application/*+json, application/json, application/*+json, application/cbor]" }
                    
{
                    "app": "Crmeb",
                    "timestamp":"2026-06-25 16:30:01.143",
                    "level": "DEBUG",
                    "thread": "http-nio-8169-exec-18",
                    "class": "o.s.w.s.m.m.a.RequestResponseBodyMethodProcessor",
                    "message": "Writing [com.zbkj.common.result.CommonResult@63d54671]" }
                    
{
                    "app": "Crmeb",
                    "timestamp":"2026-06-25 16:30:01.143",
                    "level": "DEBUG",
                    "thread": "http-nio-8169-exec-18",
                    "class": "o.s.web.servlet.DispatcherServlet",
                    "message": "Completed 200 OK" }
                    
{
                    "app": "Crmeb",
                    "timestamp":"2026-06-25 16:30:01.172",
                    "level": "DEBUG",
                    "thread": "http-nio-8169-exec-28",
                    "class": "o.s.web.servlet.DispatcherServlet",
                    "message": "GET "/api/admin/store/combination/list?page=1&limit=20&keywords=&isShow=&temp=1782376201", parameters={masked}" }
                    
{
                    "app": "Crmeb",
                    "timestamp":"2026-06-25 16:30:01.172",
                    "level": "DEBUG",
                    "thread": "http-nio-8169-exec-28",
                    "class": "o.s.w.s.m.m.a.RequestMappingHandlerMapping",
                    "message": "Mapped to com.zbkj.admin.controller.StoreCombinationController#getList(StoreCombinationSearchRequest, PageParamRequest)" }
                    
{
                    "app": "Crmeb",
                    "timestamp":"2026-06-25 16:30:01.393",
                    "level": "DEBUG",
                    "thread": "http-nio-8169-exec-28",
                    "class": "o.s.w.s.m.m.a.RequestResponseBodyMethodProcessor",
                    "message": "Using 'application/json', given [application/json, text/plain, */*] and supported [application/json, application/*+json, application/json, application/*+json, application/cbor]" }
                    
{
                    "app": "Crmeb",
                    "timestamp":"2026-06-25 16:30:01.393",
                    "level": "DEBUG",
                    "thread": "http-nio-8169-exec-28",
                    "class": "o.s.w.s.m.m.a.RequestResponseBodyMethodProcessor",
                    "message": "Writing [com.zbkj.common.result.CommonResult@1cdafe78]" }
                    
{
                    "app": "Crmeb",
                    "timestamp":"2026-06-25 16:30:01.393",
                    "level": "DEBUG",
                    "thread": "http-nio-8169-exec-28",
                    "class": "o.s.web.servlet.DispatcherServlet",
                    "message": "Completed 200 OK" }
                    
{
                    "app": "Crmeb",
                    "timestamp":"2026-06-25 16:30:03.137",
                    "level": "DEBUG",
                    "thread": "http-nio-8169-exec-17",
                    "class": "o.s.web.servlet.DispatcherServlet",
                    "message": "GET "/api/admin/store/combination/delete?id=35&temp=1782376203", parameters={masked}" }
                    
{
                    "app": "Crmeb",
                    "timestamp":"2026-06-25 16:30:03.138",
                    "level": "DEBUG",
                    "thread": "http-nio-8169-exec-17",
                    "class": "o.s.w.s.m.m.a.RequestMappingHandlerMapping",
                    "message": "Mapped to com.zbkj.admin.controller.StoreCombinationController#delete(Integer)" }
                    
{
                    "app": "Crmeb",
                    "timestamp":"2026-06-25 16:30:03.229",
                    "level": "DEBUG",
                    "thread": "http-nio-8169-exec-17",
                    "class": "o.s.w.s.m.m.a.RequestResponseBodyMethodProcessor",
                    "message": "Using 'application/json', given [application/json, text/plain, */*] and supported [application/json, application/*+json, application/json, application/*+json, application/cbor]" }
                    
{
                    "app": "Crmeb",
                    "timestamp":"2026-06-25 16:30:03.229",
                    "level": "DEBUG",
                    "thread": "http-nio-8169-exec-17",
                    "class": "o.s.w.s.m.m.a.RequestResponseBodyMethodProcessor",
                    "message": "Writing [com.zbkj.common.result.CommonResult@8d5b6d2]" }
                    
{
                    "app": "Crmeb",
                    "timestamp":"2026-06-25 16:30:03.230",
                    "level": "DEBUG",
                    "thread": "http-nio-8169-exec-17",
                    "class": "o.s.web.servlet.DispatcherServlet",
                    "message": "Completed 200 OK" }
                    
{
                    "app": "Crmeb",
                    "timestamp":"2026-06-25 16:30:03.265",
                    "level": "DEBUG",
                    "thread": "http-nio-8169-exec-19",
                    "class": "o.s.web.servlet.DispatcherServlet",
                    "message": "GET "/api/admin/store/combination/list?page=1&limit=20&keywords=&isShow=&temp=1782376203", parameters={masked}" }
                    
{
                    "app": "Crmeb",
                    "timestamp":"2026-06-25 16:30:03.266",
                    "level": "DEBUG",
                    "thread": "http-nio-8169-exec-19",
                    "class": "o.s.w.s.m.m.a.RequestMappingHandlerMapping",
                    "message": "Mapped to com.zbkj.admin.controller.StoreCombinationController#getList(StoreCombinationSearchRequest, PageParamRequest)" }
                    
{
                    "app": "Crmeb",
                    "timestamp":"2026-06-25 16:30:03.435",
                    "level": "DEBUG",
                    "thread": "http-nio-8169-exec-19",
                    "class": "o.s.w.s.m.m.a.RequestResponseBodyMethodProcessor",
                    "message": "Using 'application/json', given [application/json, text/plain, */*] and supported [application/json, application/*+json, application/json, application/*+json, application/cbor]" }
                    
{
                    "app": "Crmeb",
                    "timestamp":"2026-06-25 16:30:03.436",
                    "level": "DEBUG",
                    "thread": "http-nio-8169-exec-19",
                    "class": "o.s.w.s.m.m.a.RequestResponseBodyMethodProcessor",
                    "message": "Writing [com.zbkj.common.result.CommonResult@68e9e3aa]" }
                    
{
                    "app": "Crmeb",
                    "timestamp":"2026-06-25 16:30:03.437",
                    "level": "DEBUG",
                    "thread": "http-nio-8169-exec-19",
                    "class": "o.s.web.servlet.DispatcherServlet",
                    "message": "Completed 200 OK" }
                    
{
                    "app": "Crmeb",
                    "timestamp":"2026-06-25 16:30:05.640",
                    "level": "DEBUG",
                    "thread": "http-nio-8169-exec-30",
                    "class": "o.s.web.servlet.DispatcherServlet",
                    "message": "GET "/api/admin/store/combination/delete?id=34&temp=1782376205", parameters={masked}" }
                    
{
                    "app": "Crmeb",
                    "timestamp":"2026-06-25 16:30:05.640",
                    "level": "DEBUG",
                    "thread": "http-nio-8169-exec-30",
                    "class": "o.s.w.s.m.m.a.RequestMappingHandlerMapping",
                    "message": "Mapped to com.zbkj.admin.controller.StoreCombinationController#delete(Integer)" }
                    
{
                    "app": "Crmeb",
                    "timestamp":"2026-06-25 16:30:05.750",
                    "level": "DEBUG",
                    "thread": "http-nio-8169-exec-30",
                    "class": "o.s.w.s.m.m.a.RequestResponseBodyMethodProcessor",
                    "message": "Using 'application/json', given [application/json, text/plain, */*] and supported [application/json, application/*+json, application/json, application/*+json, application/cbor]" }
                    
{
                    "app": "Crmeb",
                    "timestamp":"2026-06-25 16:30:05.750",
                    "level": "DEBUG",
                    "thread": "http-nio-8169-exec-30",
                    "class": "o.s.w.s.m.m.a.RequestResponseBodyMethodProcessor",
                    "message": "Writing [com.zbkj.common.result.CommonResult@4aced5af]" }
                    
{
                    "app": "Crmeb",
                    "timestamp":"2026-06-25 16:30:05.751",
                    "level": "DEBUG",
                    "thread": "http-nio-8169-exec-30",
                    "class": "o.s.web.servlet.DispatcherServlet",
                    "message": "Completed 200 OK" }
                    
{
                    "app": "Crmeb",
                    "timestamp":"2026-06-25 16:30:05.782",
                    "level": "DEBUG",
                    "thread": "http-nio-8169-exec-25",
                    "class": "o.s.web.servlet.DispatcherServlet",
                    "message": "GET "/api/admin/store/combination/list?page=1&limit=20&keywords=&isShow=&temp=1782376205", parameters={masked}" }
                    
{
                    "app": "Crmeb",
                    "timestamp":"2026-06-25 16:30:05.783",
                    "level": "DEBUG",
                    "thread": "http-nio-8169-exec-25",
                    "class": "o.s.w.s.m.m.a.RequestMappingHandlerMapping",
                    "message": "Mapped to com.zbkj.admin.controller.StoreCombinationController#getList(StoreCombinationSearchRequest, PageParamRequest)" }
                    
{
                    "app": "Crmeb",
                    "timestamp":"2026-06-25 16:30:05.919",
                    "level": "DEBUG",
                    "thread": "http-nio-8169-exec-25",
                    "class": "o.s.w.s.m.m.a.RequestResponseBodyMethodProcessor",
                    "message": "Using 'application/json', given [application/json, text/plain, */*] and supported [application/json, application/*+json, application/json, application/*+json, application/cbor]" }
                    
{
                    "app": "Crmeb",
                    "timestamp":"2026-06-25 16:30:05.919",
                    "level": "DEBUG",
                    "thread": "http-nio-8169-exec-25",
                    "class": "o.s.w.s.m.m.a.RequestResponseBodyMethodProcessor",
                    "message": "Writing [com.zbkj.common.result.CommonResult@471b9a36]" }
                    
{
                    "app": "Crmeb",
                    "timestamp":"2026-06-25 16:30:05.919",
                    "level": "DEBUG",
                    "thread": "http-nio-8169-exec-25",
                    "class": "o.s.web.servlet.DispatcherServlet",
                    "message": "Completed 200 OK" }
                    
{
                    "app": "Crmeb",
                    "timestamp":"2026-06-25 16:30:07.991",
                    "level": "DEBUG",
                    "thread": "http-nio-8169-exec-6",
                    "class": "o.s.web.servlet.DispatcherServlet",
                    "message": "GET "/api/admin/store/combination/delete?id=33&temp=1782376207", parameters={masked}" }
                    
{
                    "app": "Crmeb",
                    "timestamp":"2026-06-25 16:30:07.991",
                    "level": "DEBUG",
                    "thread": "http-nio-8169-exec-6",
                    "class": "o.s.w.s.m.m.a.RequestMappingHandlerMapping",
                    "message": "Mapped to com.zbkj.admin.controller.StoreCombinationController#delete(Integer)" }
                    
{
                    "app": "Crmeb",
                    "timestamp":"2026-06-25 16:30:08.083",
                    "level": "DEBUG",
                    "thread": "http-nio-8169-exec-6",
                    "class": "o.s.w.s.m.m.a.RequestResponseBodyMethodProcessor",
                    "message": "Using 'application/json', given [application/json, text/plain, */*] and supported [application/json, application/*+json, application/json, application/*+json, application/cbor]" }
                    
{
                    "app": "Crmeb",
                    "timestamp":"2026-06-25 16:30:08.083",
                    "level": "DEBUG",
                    "thread": "http-nio-8169-exec-6",
                    "class": "o.s.w.s.m.m.a.RequestResponseBodyMethodProcessor",
                    "message": "Writing [com.zbkj.common.result.CommonResult@7309daee]" }
                    
{
                    "app": "Crmeb",
                    "timestamp":"2026-06-25 16:30:08.084",
                    "level": "DEBUG",
                    "thread": "http-nio-8169-exec-6",
                    "class": "o.s.web.servlet.DispatcherServlet",
                    "message": "Completed 200 OK" }
                    
{
                    "app": "Crmeb",
                    "timestamp":"2026-06-25 16:30:08.114",
                    "level": "DEBUG",
                    "thread": "http-nio-8169-exec-29",
                    "class": "o.s.web.servlet.DispatcherServlet",
                    "message": "GET "/api/admin/store/combination/list?page=1&limit=20&keywords=&isShow=&temp=1782376208", parameters={masked}" }
                    
{
                    "app": "Crmeb",
                    "timestamp":"2026-06-25 16:30:08.114",
                    "level": "DEBUG",
                    "thread": "http-nio-8169-exec-29",
                    "class": "o.s.w.s.m.m.a.RequestMappingHandlerMapping",
                    "message": "Mapped to com.zbkj.admin.controller.StoreCombinationController#getList(StoreCombinationSearchRequest, PageParamRequest)" }
                    
{
                    "app": "Crmeb",
                    "timestamp":"2026-06-25 16:30:08.161",
                    "level": "DEBUG",
                    "thread": "http-nio-8169-exec-29",
                    "class": "o.s.w.s.m.m.a.RequestResponseBodyMethodProcessor",
                    "message": "Using 'application/json', given [application/json, text/plain, */*] and supported [application/json, application/*+json, application/json, application/*+json, application/cbor]" }
                    
{
                    "app": "Crmeb",
                    "timestamp":"2026-06-25 16:30:08.161",
                    "level": "DEBUG",
                    "thread": "http-nio-8169-exec-29",
                    "class": "o.s.w.s.m.m.a.RequestResponseBodyMethodProcessor",
                    "message": "Writing [com.zbkj.common.result.CommonResult@6ff8dc04]" }
                    
{
                    "app": "Crmeb",
                    "timestamp":"2026-06-25 16:30:08.161",
                    "level": "DEBUG",
                    "thread": "http-nio-8169-exec-29",
                    "class": "o.s.web.servlet.DispatcherServlet",
                    "message": "Completed 200 OK" }
                    
{
                    "app": "Crmeb",
                    "timestamp":"2026-06-25 16:30:09.779",
                    "level": "DEBUG",
                    "thread": "http-nio-8169-exec-7",
                    "class": "o.s.web.servlet.DispatcherServlet",
                    "message": "GET "/api/admin/store/bargain/list?page=1&limit=20&keywords=&temp=1782376209", parameters={masked}" }
                    
{
                    "app": "Crmeb",
                    "timestamp":"2026-06-25 16:30:09.779",
                    "level": "DEBUG",
                    "thread": "http-nio-8169-exec-7",
                    "class": "o.s.w.s.m.m.a.RequestMappingHandlerMapping",
                    "message": "Mapped to com.zbkj.admin.controller.StoreBargainController#getList(StoreBargainSearchRequest, PageParamRequest)" }
                    
{
                    "app": "Crmeb",
                    "timestamp":"2026-06-25 16:30:09.823",
                    "level": "DEBUG",
                    "thread": "http-nio-8169-exec-7",
                    "class": "o.s.w.s.m.m.a.RequestResponseBodyMethodProcessor",
                    "message": "Using 'application/json', given [application/json, text/plain, */*] and supported [application/json, application/*+json, application/json, application/*+json, application/cbor]" }
                    
{
                    "app": "Crmeb",
                    "timestamp":"2026-06-25 16:30:09.823",
                    "level": "DEBUG",
                    "thread": "http-nio-8169-exec-7",
                    "class": "o.s.w.s.m.m.a.RequestResponseBodyMethodProcessor",
                    "message": "Writing [com.zbkj.common.result.CommonResult@1c8d5c47]" }
                    
{
                    "app": "Crmeb",
                    "timestamp":"2026-06-25 16:30:09.824",
                    "level": "DEBUG",
                    "thread": "http-nio-8169-exec-7",
                    "class": "o.s.web.servlet.DispatcherServlet",
                    "message": "Completed 200 OK" }
                    
{
                    "app": "Crmeb",
                    "timestamp":"2026-06-25 16:30:10.422",
                    "level": "DEBUG",
                    "thread": "http-nio-8169-exec-3",
                    "class": "o.s.web.servlet.DispatcherServlet",
                    "message": "GET "/api/admin/store/bargain/bargain_list?dateLimit=&status=&page=1&limit=20&temp=1782376210", parameters={masked}" }
                    
{
                    "app": "Crmeb",
                    "timestamp":"2026-06-25 16:30:10.422",
                    "level": "DEBUG",
                    "thread": "http-nio-8169-exec-3",
                    "class": "o.s.w.s.m.m.a.RequestMappingHandlerMapping",
                    "message": "Mapped to com.zbkj.admin.controller.StoreBargainController#getBargainUserList(StoreBargainUserSearchRequest, PageParamRequest)" }
                    
{
                    "app": "Crmeb",
                    "timestamp":"2026-06-25 16:30:10.783",
                    "level": "DEBUG",
                    "thread": "http-nio-8169-exec-3",
                    "class": "o.s.w.s.m.m.a.RequestResponseBodyMethodProcessor",
                    "message": "Using 'application/json', given [application/json, text/plain, */*] and supported [application/json, application/*+json, application/json, application/*+json, application/cbor]" }
                    
{
                    "app": "Crmeb",
                    "timestamp":"2026-06-25 16:30:10.783",
                    "level": "DEBUG",
                    "thread": "http-nio-8169-exec-3",
                    "class": "o.s.w.s.m.m.a.RequestResponseBodyMethodProcessor",
                    "message": "Writing [com.zbkj.common.result.CommonResult@69bd806]" }
                    
{
                    "app": "Crmeb",
                    "timestamp":"2026-06-25 16:30:10.783",
                    "level": "DEBUG",
                    "thread": "http-nio-8169-exec-3",
                    "class": "o.s.web.servlet.DispatcherServlet",
                    "message": "Completed 200 OK" }
                    
{
                    "app": "Crmeb",
                    "timestamp":"2026-06-25 16:30:13.713",
                    "level": "DEBUG",
                    "thread": "http-nio-8169-exec-11",
                    "class": "o.s.web.servlet.DispatcherServlet",
                    "message": "GET "/api/admin/store/combination/statistics?temp=1782376213", parameters={masked}" }
                    
{
                    "app": "Crmeb",
                    "timestamp":"2026-06-25 16:30:13.713",
                    "level": "DEBUG",
                    "thread": "http-nio-8169-exec-2",
                    "class": "o.s.web.servlet.DispatcherServlet",
                    "message": "GET "/api/admin/store/combination/combine/list?dateLimit=&status=&page=1&limit=20&temp=1782376213", parameters={masked}" }
                    
{
                    "app": "Crmeb",
                    "timestamp":"2026-06-25 16:30:13.714",
                    "level": "DEBUG",
                    "thread": "http-nio-8169-exec-11",
                    "class": "o.s.w.s.m.m.a.RequestMappingHandlerMapping",
                    "message": "Mapped to com.zbkj.admin.controller.StoreCombinationController#statistics()" }
                    
{
                    "app": "Crmeb",
                    "timestamp":"2026-06-25 16:30:13.714",
                    "level": "DEBUG",
                    "thread": "http-nio-8169-exec-2",
                    "class": "o.s.w.s.m.m.a.RequestMappingHandlerMapping",
                    "message": "Mapped to com.zbkj.admin.controller.StoreCombinationController#getCombineList(StorePinkSearchRequest, PageParamRequest)" }
                    
{
                    "app": "Crmeb",
                    "timestamp":"2026-06-25 16:30:13.804",
                    "level": "DEBUG",
                    "thread": "http-nio-8169-exec-11",
                    "class": "o.s.w.s.m.m.a.RequestResponseBodyMethodProcessor",
                    "message": "Using 'application/json', given [application/json, text/plain, */*] and supported [application/json, application/*+json, application/json, application/*+json, application/cbor]" }
                    
{
                    "app": "Crmeb",
                    "timestamp":"2026-06-25 16:30:13.804",
                    "level": "DEBUG",
                    "thread": "http-nio-8169-exec-11",
                    "class": "o.s.w.s.m.m.a.RequestResponseBodyMethodProcessor",
                    "message": "Writing [com.zbkj.common.result.CommonResult@1bd90ded]" }
                    
{
                    "app": "Crmeb",
                    "timestamp":"2026-06-25 16:30:13.804",
                    "level": "DEBUG",
                    "thread": "http-nio-8169-exec-11",
                    "class": "o.s.web.servlet.DispatcherServlet",
                    "message": "Completed 200 OK" }
                    
{
                    "app": "Crmeb",
                    "timestamp":"2026-06-25 16:30:14.169",
                    "level": "DEBUG",
                    "thread": "http-nio-8169-exec-2",
                    "class": "o.s.w.s.m.m.a.RequestResponseBodyMethodProcessor",
                    "message": "Using 'application/json', given [application/json, text/plain, */*] and supported [application/json, application/*+json, application/json, application/*+json, application/cbor]" }
                    
{
                    "app": "Crmeb",
                    "timestamp":"2026-06-25 16:30:14.170",
                    "level": "DEBUG",
                    "thread": "http-nio-8169-exec-2",
                    "class": "o.s.w.s.m.m.a.RequestResponseBodyMethodProcessor",
                    "message": "Writing [com.zbkj.common.result.CommonResult@2580034c]" }
                    
{
                    "app": "Crmeb",
                    "timestamp":"2026-06-25 16:30:14.170",
                    "level": "DEBUG",
                    "thread": "http-nio-8169-exec-2",
                    "class": "o.s.web.servlet.DispatcherServlet",
                    "message": "Completed 200 OK" }
                    
{
                    "app": "Crmeb",
                    "timestamp":"2026-06-25 16:30:15.631",
                    "level": "DEBUG",
                    "thread": "http-nio-8169-exec-14",
                    "class": "o.s.web.servlet.DispatcherServlet",
                    "message": "GET "/api/admin/store/combination/list?page=1&limit=20&keywords=&isShow=&temp=1782376215", parameters={masked}" }
                    
{
                    "app": "Crmeb",
                    "timestamp":"2026-06-25 16:30:15.631",
                    "level": "DEBUG",
                    "thread": "http-nio-8169-exec-14",
                    "class": "o.s.w.s.m.m.a.RequestMappingHandlerMapping",
                    "message": "Mapped to com.zbkj.admin.controller.StoreCombinationController#getList(StoreCombinationSearchRequest, PageParamRequest)" }
                    
{
                    "app": "Crmeb",
                    "timestamp":"2026-06-25 16:30:15.675",
                    "level": "DEBUG",
                    "thread": "http-nio-8169-exec-14",
                    "class": "o.s.w.s.m.m.a.RequestResponseBodyMethodProcessor",
                    "message": "Using 'application/json', given [application/json, text/plain, */*] and supported [application/json, application/*+json, application/json, application/*+json, application/cbor]" }
                    
{
                    "app": "Crmeb",
                    "timestamp":"2026-06-25 16:30:15.675",
                    "level": "DEBUG",
                    "thread": "http-nio-8169-exec-14",
                    "class": "o.s.w.s.m.m.a.RequestResponseBodyMethodProcessor",
                    "message": "Writing [com.zbkj.common.result.CommonResult@6eb56ef4]" }
                    
{
                    "app": "Crmeb",
                    "timestamp":"2026-06-25 16:30:15.676",
                    "level": "DEBUG",
                    "thread": "http-nio-8169-exec-14",
                    "class": "o.s.web.servlet.DispatcherServlet",
                    "message": "Completed 200 OK" }
                    
{
                    "app": "Crmeb",
                    "timestamp":"2026-06-25 16:30:17.466",
                    "level": "DEBUG",
                    "thread": "http-nio-8169-exec-22",
                    "class": "o.s.web.servlet.DispatcherServlet",
                    "message": "GET "/api/admin/marketing/coupon/list?page=1&limit=20&status=&name=&temp=1782376217", parameters={masked}" }
                    
{
                    "app": "Crmeb",
                    "timestamp":"2026-06-25 16:30:17.467",
                    "level": "DEBUG",
                    "thread": "http-nio-8169-exec-22",
                    "class": "o.s.w.s.m.m.a.RequestMappingHandlerMapping",
                    "message": "Mapped to com.zbkj.admin.controller.StoreCouponController#getList(StoreCouponSearchRequest, PageParamRequest)" }
                    
{
                    "app": "Crmeb",
                    "timestamp":"2026-06-25 16:30:17.557",
                    "level": "DEBUG",
                    "thread": "http-nio-8169-exec-22",
                    "class": "o.s.w.s.m.m.a.RequestResponseBodyMethodProcessor",
                    "message": "Using 'application/json', given [application/json, text/plain, */*] and supported [application/json, application/*+json, application/json, application/*+json, application/cbor]" }
                    
{
                    "app": "Crmeb",
                    "timestamp":"2026-06-25 16:30:17.558",
                    "level": "DEBUG",
                    "thread": "http-nio-8169-exec-22",
                    "class": "o.s.w.s.m.m.a.RequestResponseBodyMethodProcessor",
                    "message": "Writing [com.zbkj.common.result.CommonResult@45d5fe74]" }
                    
{
                    "app": "Crmeb",
                    "timestamp":"2026-06-25 16:30:17.558",
                    "level": "DEBUG",
                    "thread": "http-nio-8169-exec-22",
                    "class": "o.s.web.servlet.DispatcherServlet",
                    "message": "Completed 200 OK" }
                    
{
                    "app": "Crmeb",
                    "timestamp":"2026-06-25 16:30:21.298",
                    "level": "DEBUG",
                    "thread": "http-nio-8169-exec-4",
                    "class": "o.s.web.servlet.DispatcherServlet",
                    "message": "POST "/api/admin/marketing/coupon/update/status?id=32&status=false", parameters={masked}" }
                    
{
                    "app": "Crmeb",
                    "timestamp":"2026-06-25 16:30:21.299",
                    "level": "DEBUG",
                    "thread": "http-nio-8169-exec-4",
                    "class": "o.s.w.s.m.m.a.RequestMappingHandlerMapping",
                    "message": "Mapped to com.zbkj.admin.controller.StoreCouponController#updateStatus(Integer, Boolean)" }
                    
{
                    "app": "Crmeb",
                    "timestamp":"2026-06-25 16:30:21.396",
                    "level": "DEBUG",
                    "thread": "http-nio-8169-exec-4",
                    "class": "o.s.w.s.m.m.a.RequestResponseBodyMethodProcessor",
                    "message": "Using 'application/json', given [application/json, text/plain, */*] and supported [application/json, application/*+json, application/json, application/*+json, application/cbor]" }
                    
{
                    "app": "Crmeb",
                    "timestamp":"2026-06-25 16:30:21.396",
                    "level": "DEBUG",
                    "thread": "http-nio-8169-exec-4",
                    "class": "o.s.w.s.m.m.a.RequestResponseBodyMethodProcessor",
                    "message": "Writing [com.zbkj.common.result.CommonResult@4a3dd033]" }
                    
{
                    "app": "Crmeb",
                    "timestamp":"2026-06-25 16:30:21.397",
                    "level": "DEBUG",
                    "thread": "http-nio-8169-exec-4",
                    "class": "o.s.web.servlet.DispatcherServlet",
                    "message": "Completed 200 OK" }
                    
{
                    "app": "Crmeb",
                    "timestamp":"2026-06-25 16:30:21.425",
                    "level": "DEBUG",
                    "thread": "http-nio-8169-exec-18",
                    "class": "o.s.web.servlet.DispatcherServlet",
                    "message": "GET "/api/admin/marketing/coupon/list?page=1&limit=20&status=&name=&temp=1782376221", parameters={masked}" }
                    
{
                    "app": "Crmeb",
                    "timestamp":"2026-06-25 16:30:21.425",
                    "level": "DEBUG",
                    "thread": "http-nio-8169-exec-18",
                    "class": "o.s.w.s.m.m.a.RequestMappingHandlerMapping",
                    "message": "Mapped to com.zbkj.admin.controller.StoreCouponController#getList(StoreCouponSearchRequest, PageParamRequest)" }
                    
{
                    "app": "Crmeb",
                    "timestamp":"2026-06-25 16:30:21.508",
                    "level": "DEBUG",
                    "thread": "http-nio-8169-exec-18",
                    "class": "o.s.w.s.m.m.a.RequestResponseBodyMethodProcessor",
                    "message": "Using 'application/json', given [application/json, text/plain, */*] and supported [application/json, application/*+json, application/json, application/*+json, application/cbor]" }
                    
{
                    "app": "Crmeb",
                    "timestamp":"2026-06-25 16:30:21.508",
                    "level": "DEBUG",
                    "thread": "http-nio-8169-exec-18",
                    "class": "o.s.w.s.m.m.a.RequestResponseBodyMethodProcessor",
                    "message": "Writing [com.zbkj.common.result.CommonResult@4d03879]" }
                    
{
                    "app": "Crmeb",
                    "timestamp":"2026-06-25 16:30:21.509",
                    "level": "DEBUG",
                    "thread": "http-nio-8169-exec-18",
                    "class": "o.s.web.servlet.DispatcherServlet",
                    "message": "Completed 200 OK" }
                    
{
                    "app": "Crmeb",
                    "timestamp":"2026-06-25 16:30:21.904",
                    "level": "DEBUG",
                    "thread": "http-nio-8169-exec-28",
                    "class": "o.s.web.servlet.DispatcherServlet",
                    "message": "POST "/api/admin/marketing/coupon/update/status?id=31&status=false", parameters={masked}" }
                    
{
                    "app": "Crmeb",
                    "timestamp":"2026-06-25 16:30:21.905",
                    "level": "DEBUG",
                    "thread": "http-nio-8169-exec-28",
                    "class": "o.s.w.s.m.m.a.RequestMappingHandlerMapping",
                    "message": "Mapped to com.zbkj.admin.controller.StoreCouponController#updateStatus(Integer, Boolean)" }
                    
{
                    "app": "Crmeb",
                    "timestamp":"2026-06-25 16:30:21.997",
                    "level": "DEBUG",
                    "thread": "http-nio-8169-exec-28",
                    "class": "o.s.w.s.m.m.a.RequestResponseBodyMethodProcessor",
                    "message": "Using 'application/json', given [application/json, text/plain, */*] and supported [application/json, application/*+json, application/json, application/*+json, application/cbor]" }
                    
{
                    "app": "Crmeb",
                    "timestamp":"2026-06-25 16:30:21.997",
                    "level": "DEBUG",
                    "thread": "http-nio-8169-exec-28",
                    "class": "o.s.w.s.m.m.a.RequestResponseBodyMethodProcessor",
                    "message": "Writing [com.zbkj.common.result.CommonResult@2f92fd97]" }
                    
{
                    "app": "Crmeb",
                    "timestamp":"2026-06-25 16:30:21.997",
                    "level": "DEBUG",
                    "thread": "http-nio-8169-exec-28",
                    "class": "o.s.web.servlet.DispatcherServlet",
                    "message": "Completed 200 OK" }
                    
{
                    "app": "Crmeb",
                    "timestamp":"2026-06-25 16:30:22.025",
                    "level": "DEBUG",
                    "thread": "http-nio-8169-exec-17",
                    "class": "o.s.web.servlet.DispatcherServlet",
                    "message": "GET "/api/admin/marketing/coupon/list?page=1&limit=20&status=&name=&temp=1782376222", parameters={masked}" }
                    
{
                    "app": "Crmeb",
                    "timestamp":"2026-06-25 16:30:22.025",
                    "level": "DEBUG",
                    "thread": "http-nio-8169-exec-17",
                    "class": "o.s.w.s.m.m.a.RequestMappingHandlerMapping",
                    "message": "Mapped to com.zbkj.admin.controller.StoreCouponController#getList(StoreCouponSearchRequest, PageParamRequest)" }
                    
{
                    "app": "Crmeb",
                    "timestamp":"2026-06-25 16:30:22.112",
                    "level": "DEBUG",
                    "thread": "http-nio-8169-exec-17",
                    "class": "o.s.w.s.m.m.a.RequestResponseBodyMethodProcessor",
                    "message": "Using 'application/json', given [application/json, text/plain, */*] and supported [application/json, application/*+json, application/json, application/*+json, application/cbor]" }
                    
{
                    "app": "Crmeb",
                    "timestamp":"2026-06-25 16:30:22.112",
                    "level": "DEBUG",
                    "thread": "http-nio-8169-exec-17",
                    "class": "o.s.w.s.m.m.a.RequestResponseBodyMethodProcessor",
                    "message": "Writing [com.zbkj.common.result.CommonResult@4a92958b]" }
                    
{
                    "app": "Crmeb",
                    "timestamp":"2026-06-25 16:30:22.114",
                    "level": "DEBUG",
                    "thread": "http-nio-8169-exec-17",
                    "class": "o.s.web.servlet.DispatcherServlet",
                    "message": "Completed 200 OK" }
                    
{
                    "app": "Crmeb",
                    "timestamp":"2026-06-25 16:30:22.571",
                    "level": "DEBUG",
                    "thread": "http-nio-8169-exec-19",
                    "class": "o.s.web.servlet.DispatcherServlet",
                    "message": "POST "/api/admin/marketing/coupon/update/status?id=30&status=false", parameters={masked}" }
                    
{
                    "app": "Crmeb",
                    "timestamp":"2026-06-25 16:30:22.571",
                    "level": "DEBUG",
                    "thread": "http-nio-8169-exec-19",
                    "class": "o.s.w.s.m.m.a.RequestMappingHandlerMapping",
                    "message": "Mapped to com.zbkj.admin.controller.StoreCouponController#updateStatus(Integer, Boolean)" }
                    
{
                    "app": "Crmeb",
                    "timestamp":"2026-06-25 16:30:22.662",
                    "level": "DEBUG",
                    "thread": "http-nio-8169-exec-19",
                    "class": "o.s.w.s.m.m.a.RequestResponseBodyMethodProcessor",
                    "message": "Using 'application/json', given [application/json, text/plain, */*] and supported [application/json, application/*+json, application/json, application/*+json, application/cbor]" }
                    
{
                    "app": "Crmeb",
                    "timestamp":"2026-06-25 16:30:22.662",
                    "level": "DEBUG",
                    "thread": "http-nio-8169-exec-19",
                    "class": "o.s.w.s.m.m.a.RequestResponseBodyMethodProcessor",
                    "message": "Writing [com.zbkj.common.result.CommonResult@149b8875]" }
                    
{
                    "app": "Crmeb",
                    "timestamp":"2026-06-25 16:30:22.663",
                    "level": "DEBUG",
                    "thread": "http-nio-8169-exec-19",
                    "class": "o.s.web.servlet.DispatcherServlet",
                    "message": "Completed 200 OK" }
                    
{
                    "app": "Crmeb",
                    "timestamp":"2026-06-25 16:30:22.691",
                    "level": "DEBUG",
                    "thread": "http-nio-8169-exec-1",
                    "class": "o.s.web.servlet.DispatcherServlet",
                    "message": "GET "/api/admin/marketing/coupon/list?page=1&limit=20&status=&name=&temp=1782376222", parameters={masked}" }
                    
{
                    "app": "Crmeb",
                    "timestamp":"2026-06-25 16:30:22.691",
                    "level": "DEBUG",
                    "thread": "http-nio-8169-exec-1",
                    "class": "o.s.w.s.m.m.a.RequestMappingHandlerMapping",
                    "message": "Mapped to com.zbkj.admin.controller.StoreCouponController#getList(StoreCouponSearchRequest, PageParamRequest)" }
                    
{
                    "app": "Crmeb",
                    "timestamp":"2026-06-25 16:30:22.779",
                    "level": "DEBUG",
                    "thread": "http-nio-8169-exec-1",
                    "class": "o.s.w.s.m.m.a.RequestResponseBodyMethodProcessor",
                    "message": "Using 'application/json', given [application/json, text/plain, */*] and supported [application/json, application/*+json, application/json, application/*+json, application/cbor]" }
                    
{
                    "app": "Crmeb",
                    "timestamp":"2026-06-25 16:30:22.779",
                    "level": "DEBUG",
                    "thread": "http-nio-8169-exec-1",
                    "class": "o.s.w.s.m.m.a.RequestResponseBodyMethodProcessor",
                    "message": "Writing [com.zbkj.common.result.CommonResult@4aea593]" }
                    
{
                    "app": "Crmeb",
                    "timestamp":"2026-06-25 16:30:22.781",
                    "level": "DEBUG",
                    "thread": "http-nio-8169-exec-1",
                    "class": "o.s.web.servlet.DispatcherServlet",
                    "message": "Completed 200 OK" }
                    
{
                    "app": "Crmeb",
                    "timestamp":"2026-06-25 16:30:24.392",
                    "level": "DEBUG",
                    "thread": "http-nio-8169-exec-27",
                    "class": "o.s.web.servlet.DispatcherServlet",
                    "message": "GET "/api/admin/marketing/coupon/user/list?page=1&limit=20&uid=&name=&status=&temp=1782376224", parameters={masked}" }
                    
{
                    "app": "Crmeb",
                    "timestamp":"2026-06-25 16:30:24.393",
                    "level": "DEBUG",
                    "thread": "http-nio-8169-exec-27",
                    "class": "o.s.w.s.m.m.a.RequestMappingHandlerMapping",
                    "message": "Mapped to com.zbkj.admin.controller.StoreCouponUserController#getList(StoreCouponUserSearchRequest, PageParamRequest)" }
                    
{
                    "app": "Crmeb",
                    "timestamp":"2026-06-25 16:30:24.545",
                    "level": "DEBUG",
                    "thread": "http-nio-8169-exec-27",
                    "class": "o.s.w.s.m.m.a.RequestResponseBodyMethodProcessor",
                    "message": "Using 'application/json', given [application/json, text/plain, */*] and supported [application/json, application/*+json, application/json, application/*+json, application/cbor]" }
                    
{
                    "app": "Crmeb",
                    "timestamp":"2026-06-25 16:30:24.545",
                    "level": "DEBUG",
                    "thread": "http-nio-8169-exec-27",
                    "class": "o.s.w.s.m.m.a.RequestResponseBodyMethodProcessor",
                    "message": "Writing [com.zbkj.common.result.CommonResult@12c61110]" }
                    
{
                    "app": "Crmeb",
                    "timestamp":"2026-06-25 16:30:24.546",
                    "level": "DEBUG",
                    "thread": "http-nio-8169-exec-27",
                    "class": "o.s.web.servlet.DispatcherServlet",
                    "message": "Completed 200 OK" }
                    
{
                    "app": "Crmeb",
                    "timestamp":"2026-06-25 16:30:26.604",
                    "level": "DEBUG",
                    "thread": "http-nio-8169-exec-21",
                    "class": "o.s.web.servlet.DispatcherServlet",
                    "message": "GET "/api/admin/activitystyle/list?page=1&limit=20&name=&runningStatus=&starttime=&endtime=&type=1&temp=1782376226", parameters={masked}" }
                    
{
                    "app": "Crmeb",
                    "timestamp":"2026-06-25 16:30:26.605",
                    "level": "DEBUG",
                    "thread": "http-nio-8169-exec-21",
                    "class": "o.s.w.s.m.m.a.RequestMappingHandlerMapping",
                    "message": "Mapped to com.zbkj.admin.controller.ActivityStyleController#getList(ActivityStyleSearchRequest, PageParamRequest)" }
                    
{
                    "app": "Crmeb",
                    "timestamp":"2026-06-25 16:30:26.693",
                    "level": "DEBUG",
                    "thread": "http-nio-8169-exec-21",
                    "class": "o.s.w.s.m.m.a.RequestResponseBodyMethodProcessor",
                    "message": "Using 'application/json', given [application/json, text/plain, */*] and supported [application/json, application/*+json, application/json, application/*+json, application/cbor]" }
                    
{
                    "app": "Crmeb",
                    "timestamp":"2026-06-25 16:30:26.693",
                    "level": "DEBUG",
                    "thread": "http-nio-8169-exec-21",
                    "class": "o.s.w.s.m.m.a.RequestResponseBodyMethodProcessor",
                    "message": "Writing [com.zbkj.common.result.CommonResult@37d14804]" }
                    
{
                    "app": "Crmeb",
                    "timestamp":"2026-06-25 16:30:26.694",
                    "level": "DEBUG",
                    "thread": "http-nio-8169-exec-21",
                    "class": "o.s.web.servlet.DispatcherServlet",
                    "message": "Completed 200 OK" }
                    
{
                    "app": "Crmeb",
                    "timestamp":"2026-06-25 16:30:27.273",
                    "level": "DEBUG",
                    "thread": "http-nio-8169-exec-10",
                    "class": "o.s.web.servlet.DispatcherServlet",
                    "message": "GET "/api/admin/activitystyle/list?page=1&limit=20&name=&runningStatus=&starttime=&endtime=&type=0&temp=1782376227", parameters={masked}" }
                    
{
                    "app": "Crmeb",
                    "timestamp":"2026-06-25 16:30:27.273",
                    "level": "DEBUG",
                    "thread": "http-nio-8169-exec-10",
                    "class": "o.s.w.s.m.m.a.RequestMappingHandlerMapping",
                    "message": "Mapped to com.zbkj.admin.controller.ActivityStyleController#getList(ActivityStyleSearchRequest, PageParamRequest)" }
                    
{
                    "app": "Crmeb",
                    "timestamp":"2026-06-25 16:30:27.364",
                    "level": "DEBUG",
                    "thread": "http-nio-8169-exec-10",
                    "class": "o.s.w.s.m.m.a.RequestResponseBodyMethodProcessor",
                    "message": "Using 'application/json', given [application/json, text/plain, */*] and supported [application/json, application/*+json, application/json, application/*+json, application/cbor]" }
                    
{
                    "app": "Crmeb",
                    "timestamp":"2026-06-25 16:30:27.364",
                    "level": "DEBUG",
                    "thread": "http-nio-8169-exec-10",
                    "class": "o.s.w.s.m.m.a.RequestResponseBodyMethodProcessor",
                    "message": "Writing [com.zbkj.common.result.CommonResult@9e9cb7c]" }
                    
{
                    "app": "Crmeb",
                    "timestamp":"2026-06-25 16:30:27.365",
                    "level": "DEBUG",
                    "thread": "http-nio-8169-exec-10",
                    "class": "o.s.web.servlet.DispatcherServlet",
                    "message": "Completed 200 OK" }
                    
{
                    "app": "Crmeb",
                    "timestamp":"2026-06-25 16:30:29.315",
                    "level": "DEBUG",
                    "thread": "http-nio-8169-exec-8",
                    "class": "o.s.web.servlet.DispatcherServlet",
                    "message": "GET "/api/admin/activitystyle/list?page=1&limit=20&name=&runningStatus=&starttime=&endtime=&type=1&temp=1782376229", parameters={masked}" }
                    
{
                    "app": "Crmeb",
                    "timestamp":"2026-06-25 16:30:29.315",
                    "level": "DEBUG",
                    "thread": "http-nio-8169-exec-8",
                    "class": "o.s.w.s.m.m.a.RequestMappingHandlerMapping",
                    "message": "Mapped to com.zbkj.admin.controller.ActivityStyleController#getList(ActivityStyleSearchRequest, PageParamRequest)" }
                    
{
                    "app": "Crmeb",
                    "timestamp":"2026-06-25 16:30:29.399",
                    "level": "DEBUG",
                    "thread": "http-nio-8169-exec-8",
                    "class": "o.s.w.s.m.m.a.RequestResponseBodyMethodProcessor",
                    "message": "Using 'application/json', given [application/json, text/plain, */*] and supported [application/json, application/*+json, application/json, application/*+json, application/cbor]" }
                    
{
                    "app": "Crmeb",
                    "timestamp":"2026-06-25 16:30:29.400",
                    "level": "DEBUG",
                    "thread": "http-nio-8169-exec-8",
                    "class": "o.s.w.s.m.m.a.RequestResponseBodyMethodProcessor",
                    "message": "Writing [com.zbkj.common.result.CommonResult@2ec46362]" }
                    
{
                    "app": "Crmeb",
                    "timestamp":"2026-06-25 16:30:29.400",
                    "level": "DEBUG",
                    "thread": "http-nio-8169-exec-8",
                    "class": "o.s.web.servlet.DispatcherServlet",
                    "message": "Completed 200 OK" }
                    
{
                    "app": "Crmeb",
                    "timestamp":"2026-06-25 16:30:33.387",
                    "level": "DEBUG",
                    "thread": "http-nio-8169-exec-9",
                    "class": "o.s.web.servlet.DispatcherServlet",
                    "message": "GET "/api/admin/store/bargain/list?page=1&limit=20&keywords=&temp=1782376233", parameters={masked}" }
                    
{
                    "app": "Crmeb",
                    "timestamp":"2026-06-25 16:30:33.387",
                    "level": "DEBUG",
                    "thread": "http-nio-8169-exec-9",
                    "class": "o.s.w.s.m.m.a.RequestMappingHandlerMapping",
                    "message": "Mapped to com.zbkj.admin.controller.StoreBargainController#getList(StoreBargainSearchRequest, PageParamRequest)" }
                    
{
                    "app": "Crmeb",
                    "timestamp":"2026-06-25 16:30:33.431",
                    "level": "DEBUG",
                    "thread": "http-nio-8169-exec-9",
                    "class": "o.s.w.s.m.m.a.RequestResponseBodyMethodProcessor",
                    "message": "Using 'application/json', given [application/json, text/plain, */*] and supported [application/json, application/*+json, application/json, application/*+json, application/cbor]" }
                    
{
                    "app": "Crmeb",
                    "timestamp":"2026-06-25 16:30:33.431",
                    "level": "DEBUG",
                    "thread": "http-nio-8169-exec-9",
                    "class": "o.s.w.s.m.m.a.RequestResponseBodyMethodProcessor",
                    "message": "Writing [com.zbkj.common.result.CommonResult@6af34004]" }
                    
{
                    "app": "Crmeb",
                    "timestamp":"2026-06-25 16:30:33.431",
                    "level": "DEBUG",
                    "thread": "http-nio-8169-exec-9",
                    "class": "o.s.web.servlet.DispatcherServlet",
                    "message": "Completed 200 OK" }
                    
{
                    "app": "Crmeb",
                    "timestamp":"2026-06-25 16:30:33.933",
                    "level": "DEBUG",
                    "thread": "http-nio-8169-exec-15",
                    "class": "o.s.web.servlet.DispatcherServlet",
                    "message": "GET "/api/admin/store/bargain/bargain_list?dateLimit=&status=&page=1&limit=20&temp=1782376233", parameters={masked}" }
                    
{
                    "app": "Crmeb",
                    "timestamp":"2026-06-25 16:30:33.933",
                    "level": "DEBUG",
                    "thread": "http-nio-8169-exec-15",
                    "class": "o.s.w.s.m.m.a.RequestMappingHandlerMapping",
                    "message": "Mapped to com.zbkj.admin.controller.StoreBargainController#getBargainUserList(StoreBargainUserSearchRequest, PageParamRequest)" }
                    
{
                    "app": "Crmeb",
                    "timestamp":"2026-06-25 16:30:34.291",
                    "level": "DEBUG",
                    "thread": "http-nio-8169-exec-15",
                    "class": "o.s.w.s.m.m.a.RequestResponseBodyMethodProcessor",
                    "message": "Using 'application/json', given [application/json, text/plain, */*] and supported [application/json, application/*+json, application/json, application/*+json, application/cbor]" }
                    
{
                    "app": "Crmeb",
                    "timestamp":"2026-06-25 16:30:34.291",
                    "level": "DEBUG",
                    "thread": "http-nio-8169-exec-15",
                    "class": "o.s.w.s.m.m.a.RequestResponseBodyMethodProcessor",
                    "message": "Writing [com.zbkj.common.result.CommonResult@500af2a1]" }
                    
{
                    "app": "Crmeb",
                    "timestamp":"2026-06-25 16:30:34.292",
                    "level": "DEBUG",
                    "thread": "http-nio-8169-exec-15",
                    "class": "o.s.web.servlet.DispatcherServlet",
                    "message": "Completed 200 OK" }
                    
{
                    "app": "Crmeb",
                    "timestamp":"2026-06-25 16:31:09.106",
                    "level": "DEBUG",
                    "thread": "http-nio-8169-exec-14",
                    "class": "o.s.web.servlet.DispatcherServlet",
                    "message": "GET "/api/admin/store/combination/list?page=1&limit=20&keywords=&isShow=&temp=1782376269", parameters={masked}" }
                    
{
                    "app": "Crmeb",
                    "timestamp":"2026-06-25 16:31:09.106",
                    "level": "DEBUG",
                    "thread": "http-nio-8169-exec-14",
                    "class": "o.s.w.s.m.m.a.RequestMappingHandlerMapping",
                    "message": "Mapped to com.zbkj.admin.controller.StoreCombinationController#getList(StoreCombinationSearchRequest, PageParamRequest)" }
                    
{
                    "app": "Crmeb",
                    "timestamp":"2026-06-25 16:31:09.156",
                    "level": "DEBUG",
                    "thread": "http-nio-8169-exec-14",
                    "class": "o.s.w.s.m.m.a.RequestResponseBodyMethodProcessor",
                    "message": "Using 'application/json', given [application/json, text/plain, */*] and supported [application/json, application/*+json, application/json, application/*+json, application/cbor]" }
                    
{
                    "app": "Crmeb",
                    "timestamp":"2026-06-25 16:31:09.156",
                    "level": "DEBUG",
                    "thread": "http-nio-8169-exec-14",
                    "class": "o.s.w.s.m.m.a.RequestResponseBodyMethodProcessor",
                    "message": "Writing [com.zbkj.common.result.CommonResult@430ccc9d]" }
                    
{
                    "app": "Crmeb",
                    "timestamp":"2026-06-25 16:31:09.156",
                    "level": "DEBUG",
                    "thread": "http-nio-8169-exec-14",
                    "class": "o.s.web.servlet.DispatcherServlet",
                    "message": "Completed 200 OK" }
                    
{
                    "app": "Crmeb",
                    "timestamp":"2026-06-25 16:31:09.729",
                    "level": "DEBUG",
                    "thread": "http-nio-8169-exec-23",
                    "class": "o.s.web.servlet.DispatcherServlet",
                    "message": "GET "/api/admin/store/combination/statistics?temp=1782376269", parameters={masked}" }
                    
{
                    "app": "Crmeb",
                    "timestamp":"2026-06-25 16:31:09.729",
                    "level": "DEBUG",
                    "thread": "http-nio-8169-exec-23",
                    "class": "o.s.w.s.m.m.a.RequestMappingHandlerMapping",
                    "message": "Mapped to com.zbkj.admin.controller.StoreCombinationController#statistics()" }
                    
{
                    "app": "Crmeb",
                    "timestamp":"2026-06-25 16:31:09.731",
                    "level": "DEBUG",
                    "thread": "http-nio-8169-exec-4",
                    "class": "o.s.web.servlet.DispatcherServlet",
                    "message": "GET "/api/admin/store/combination/combine/list?dateLimit=&status=&page=1&limit=20&temp=1782376269", parameters={masked}" }
                    
{
                    "app": "Crmeb",
                    "timestamp":"2026-06-25 16:31:09.732",
                    "level": "DEBUG",
                    "thread": "http-nio-8169-exec-4",
                    "class": "o.s.w.s.m.m.a.RequestMappingHandlerMapping",
                    "message": "Mapped to com.zbkj.admin.controller.StoreCombinationController#getCombineList(StorePinkSearchRequest, PageParamRequest)" }
                    
{
                    "app": "Crmeb",
                    "timestamp":"2026-06-25 16:31:09.814",
                    "level": "DEBUG",
                    "thread": "http-nio-8169-exec-23",
                    "class": "o.s.w.s.m.m.a.RequestResponseBodyMethodProcessor",
                    "message": "Using 'application/json', given [application/json, text/plain, */*] and supported [application/json, application/*+json, application/json, application/*+json, application/cbor]" }
                    
{
                    "app": "Crmeb",
                    "timestamp":"2026-06-25 16:31:09.814",
                    "level": "DEBUG",
                    "thread": "http-nio-8169-exec-23",
                    "class": "o.s.w.s.m.m.a.RequestResponseBodyMethodProcessor",
                    "message": "Writing [com.zbkj.common.result.CommonResult@41db96b9]" }
                    
{
                    "app": "Crmeb",
                    "timestamp":"2026-06-25 16:31:09.814",
                    "level": "DEBUG",
                    "thread": "http-nio-8169-exec-23",
                    "class": "o.s.web.servlet.DispatcherServlet",
                    "message": "Completed 200 OK" }
                    
{
                    "app": "Crmeb",
                    "timestamp":"2026-06-25 16:31:10.185",
                    "level": "DEBUG",
                    "thread": "http-nio-8169-exec-4",
                    "class": "o.s.w.s.m.m.a.RequestResponseBodyMethodProcessor",
                    "message": "Using 'application/json', given [application/json, text/plain, */*] and supported [application/json, application/*+json, application/json, application/*+json, application/cbor]" }
                    
{
                    "app": "Crmeb",
                    "timestamp":"2026-06-25 16:31:10.185",
                    "level": "DEBUG",
                    "thread": "http-nio-8169-exec-4",
                    "class": "o.s.w.s.m.m.a.RequestResponseBodyMethodProcessor",
                    "message": "Writing [com.zbkj.common.result.CommonResult@4560274a]" }
                    
{
                    "app": "Crmeb",
                    "timestamp":"2026-06-25 16:31:10.185",
                    "level": "DEBUG",
                    "thread": "http-nio-8169-exec-4",
                    "class": "o.s.web.servlet.DispatcherServlet",
                    "message": "Completed 200 OK" }
                    
{
                    "app": "Crmeb",
                    "timestamp":"2026-06-25 16:31:10.191",
                    "level": "DEBUG",
                    "thread": "http-nio-8169-exec-18",
                    "class": "o.s.web.servlet.DispatcherServlet",
                    "message": "GET "/api/admin/marketing/coupon/list?page=1&limit=20&status=&name=&temp=1782376270", parameters={masked}" }
                    
{
                    "app": "Crmeb",
                    "timestamp":"2026-06-25 16:31:10.191",
                    "level": "DEBUG",
                    "thread": "http-nio-8169-exec-18",
                    "class": "o.s.w.s.m.m.a.RequestMappingHandlerMapping",
                    "message": "Mapped to com.zbkj.admin.controller.StoreCouponController#getList(StoreCouponSearchRequest, PageParamRequest)" }
                    
{
                    "app": "Crmeb",
                    "timestamp":"2026-06-25 16:31:10.283",
                    "level": "DEBUG",
                    "thread": "http-nio-8169-exec-18",
                    "class": "o.s.w.s.m.m.a.RequestResponseBodyMethodProcessor",
                    "message": "Using 'application/json', given [application/json, text/plain, */*] and supported [application/json, application/*+json, application/json, application/*+json, application/cbor]" }
                    
{
                    "app": "Crmeb",
                    "timestamp":"2026-06-25 16:31:10.283",
                    "level": "DEBUG",
                    "thread": "http-nio-8169-exec-18",
                    "class": "o.s.w.s.m.m.a.RequestResponseBodyMethodProcessor",
                    "message": "Writing [com.zbkj.common.result.CommonResult@3aa4eb06]" }
                    
{
                    "app": "Crmeb",
                    "timestamp":"2026-06-25 16:31:10.284",
                    "level": "DEBUG",
                    "thread": "http-nio-8169-exec-18",
                    "class": "o.s.web.servlet.DispatcherServlet",
                    "message": "Completed 200 OK" }
                    
{
                    "app": "Crmeb",
                    "timestamp":"2026-06-25 16:31:11.251",
                    "level": "DEBUG",
                    "thread": "http-nio-8169-exec-28",
                    "class": "o.s.web.servlet.DispatcherServlet",
                    "message": "GET "/api/admin/marketing/coupon/user/list?page=1&limit=20&uid=&name=&status=&temp=1782376271", parameters={masked}" }
                    
{
                    "app": "Crmeb",
                    "timestamp":"2026-06-25 16:31:11.251",
                    "level": "DEBUG",
                    "thread": "http-nio-8169-exec-28",
                    "class": "o.s.w.s.m.m.a.RequestMappingHandlerMapping",
                    "message": "Mapped to com.zbkj.admin.controller.StoreCouponUserController#getList(StoreCouponUserSearchRequest, PageParamRequest)" }
                    
{
                    "app": "Crmeb",
                    "timestamp":"2026-06-25 16:31:11.393",
                    "level": "DEBUG",
                    "thread": "http-nio-8169-exec-28",
                    "class": "o.s.w.s.m.m.a.RequestResponseBodyMethodProcessor",
                    "message": "Using 'application/json', given [application/json, text/plain, */*] and supported [application/json, application/*+json, application/json, application/*+json, application/cbor]" }
                    
{
                    "app": "Crmeb",
                    "timestamp":"2026-06-25 16:31:11.393",
                    "level": "DEBUG",
                    "thread": "http-nio-8169-exec-28",
                    "class": "o.s.w.s.m.m.a.RequestResponseBodyMethodProcessor",
                    "message": "Writing [com.zbkj.common.result.CommonResult@10907a1d]" }
                    
{
                    "app": "Crmeb",
                    "timestamp":"2026-06-25 16:31:11.393",
                    "level": "DEBUG",
                    "thread": "http-nio-8169-exec-28",
                    "class": "o.s.web.servlet.DispatcherServlet",
                    "message": "Completed 200 OK" }
                    
{
                    "app": "Crmeb",
                    "timestamp":"2026-06-25 16:31:12.097",
                    "level": "DEBUG",
                    "thread": "http-nio-8169-exec-17",
                    "class": "o.s.web.servlet.DispatcherServlet",
                    "message": "GET "/api/admin/activitystyle/list?page=1&limit=20&name=&runningStatus=&starttime=&endtime=&type=1&temp=1782376272", parameters={masked}" }
                    
{
                    "app": "Crmeb",
                    "timestamp":"2026-06-25 16:31:12.098",
                    "level": "DEBUG",
                    "thread": "http-nio-8169-exec-17",
                    "class": "o.s.w.s.m.m.a.RequestMappingHandlerMapping",
                    "message": "Mapped to com.zbkj.admin.controller.ActivityStyleController#getList(ActivityStyleSearchRequest, PageParamRequest)" }
                    
{
                    "app": "Crmeb",
                    "timestamp":"2026-06-25 16:31:12.189",
                    "level": "DEBUG",
                    "thread": "http-nio-8169-exec-17",
                    "class": "o.s.w.s.m.m.a.RequestResponseBodyMethodProcessor",
                    "message": "Using 'application/json', given [application/json, text/plain, */*] and supported [application/json, application/*+json, application/json, application/*+json, application/cbor]" }
                    
{
                    "app": "Crmeb",
                    "timestamp":"2026-06-25 16:31:12.189",
                    "level": "DEBUG",
                    "thread": "http-nio-8169-exec-17",
                    "class": "o.s.w.s.m.m.a.RequestResponseBodyMethodProcessor",
                    "message": "Writing [com.zbkj.common.result.CommonResult@104ade8b]" }
                    
{
                    "app": "Crmeb",
                    "timestamp":"2026-06-25 16:31:12.189",
                    "level": "DEBUG",
                    "thread": "http-nio-8169-exec-17",
                    "class": "o.s.web.servlet.DispatcherServlet",
                    "message": "Completed 200 OK" }
                    
{
                    "app": "Crmeb",
                    "timestamp":"2026-06-25 16:31:12.676",
                    "level": "DEBUG",
                    "thread": "http-nio-8169-exec-19",
                    "class": "o.s.web.servlet.DispatcherServlet",
                    "message": "GET "/api/admin/activitystyle/list?page=1&limit=20&name=&runningStatus=&starttime=&endtime=&type=0&temp=1782376272", parameters={masked}" }
                    
{
                    "app": "Crmeb",
                    "timestamp":"2026-06-25 16:31:12.676",
                    "level": "DEBUG",
                    "thread": "http-nio-8169-exec-19",
                    "class": "o.s.w.s.m.m.a.RequestMappingHandlerMapping",
                    "message": "Mapped to com.zbkj.admin.controller.ActivityStyleController#getList(ActivityStyleSearchRequest, PageParamRequest)" }
                    
{
                    "app": "Crmeb",
                    "timestamp":"2026-06-25 16:31:12.767",
                    "level": "DEBUG",
                    "thread": "http-nio-8169-exec-19",
                    "class": "o.s.w.s.m.m.a.RequestResponseBodyMethodProcessor",
                    "message": "Using 'application/json', given [application/json, text/plain, */*] and supported [application/json, application/*+json, application/json, application/*+json, application/cbor]" }
                    
{
                    "app": "Crmeb",
                    "timestamp":"2026-06-25 16:31:12.767",
                    "level": "DEBUG",
                    "thread": "http-nio-8169-exec-19",
                    "class": "o.s.w.s.m.m.a.RequestResponseBodyMethodProcessor",
                    "message": "Writing [com.zbkj.common.result.CommonResult@246f34a9]" }
                    
{
                    "app": "Crmeb",
                    "timestamp":"2026-06-25 16:31:12.767",
                    "level": "DEBUG",
                    "thread": "http-nio-8169-exec-19",
                    "class": "o.s.web.servlet.DispatcherServlet",
                    "message": "Completed 200 OK" }
                    
{
                    "app": "Crmeb",
                    "timestamp":"2026-06-25 16:31:13.645",
                    "level": "DEBUG",
                    "thread": "http-nio-8169-exec-30",
                    "class": "o.s.web.servlet.DispatcherServlet",
                    "message": "GET "/api/admin/store/bargain/list?page=1&limit=20&keywords=&temp=1782376273", parameters={masked}" }
                    
{
                    "app": "Crmeb",
                    "timestamp":"2026-06-25 16:31:13.645",
                    "level": "DEBUG",
                    "thread": "http-nio-8169-exec-30",
                    "class": "o.s.w.s.m.m.a.RequestMappingHandlerMapping",
                    "message": "Mapped to com.zbkj.admin.controller.StoreBargainController#getList(StoreBargainSearchRequest, PageParamRequest)" }
                    
{
                    "app": "Crmeb",
                    "timestamp":"2026-06-25 16:31:13.690",
                    "level": "DEBUG",
                    "thread": "http-nio-8169-exec-30",
                    "class": "o.s.w.s.m.m.a.RequestResponseBodyMethodProcessor",
                    "message": "Using 'application/json', given [application/json, text/plain, */*] and supported [application/json, application/*+json, application/json, application/*+json, application/cbor]" }
                    
{
                    "app": "Crmeb",
                    "timestamp":"2026-06-25 16:31:13.690",
                    "level": "DEBUG",
                    "thread": "http-nio-8169-exec-30",
                    "class": "o.s.w.s.m.m.a.RequestResponseBodyMethodProcessor",
                    "message": "Writing [com.zbkj.common.result.CommonResult@26b12dc1]" }
                    
{
                    "app": "Crmeb",
                    "timestamp":"2026-06-25 16:31:13.690",
                    "level": "DEBUG",
                    "thread": "http-nio-8169-exec-30",
                    "class": "o.s.web.servlet.DispatcherServlet",
                    "message": "Completed 200 OK" }
                    
{
                    "app": "Crmeb",
                    "timestamp":"2026-06-25 16:31:14.381",
                    "level": "DEBUG",
                    "thread": "http-nio-8169-exec-6",
                    "class": "o.s.web.servlet.DispatcherServlet",
                    "message": "GET "/api/admin/store/product/tabs/headers?page=1&limit=20&cateId=&keywords=&type=1&temp=1782376274", parameters={masked}" }
                    
{
                    "app": "Crmeb",
                    "timestamp":"2026-06-25 16:31:14.381",
                    "level": "DEBUG",
                    "thread": "http-nio-8169-exec-6",
                    "class": "o.s.w.s.m.m.a.RequestMappingHandlerMapping",
                    "message": "Mapped to com.zbkj.admin.controller.StoreProductController#getTabsHeader(StoreProductHeaderRequest)" }
                    
{
                    "app": "Crmeb",
                    "timestamp":"2026-06-25 16:31:14.383",
                    "level": "DEBUG",
                    "thread": "http-nio-8169-exec-10",
                    "class": "o.s.web.servlet.DispatcherServlet",
                    "message": "GET "/api/admin/store/product/list?page=1&limit=20&cateId=&keywords=&type=1&temp=1782376274", parameters={masked}" }
                    
{
                    "app": "Crmeb",
                    "timestamp":"2026-06-25 16:31:14.383",
                    "level": "DEBUG",
                    "thread": "http-nio-8169-exec-10",
                    "class": "o.s.w.s.m.m.a.RequestMappingHandlerMapping",
                    "message": "Mapped to com.zbkj.admin.controller.StoreProductController#getList(StoreProductSearchRequest, PageParamRequest)" }
                    
{
                    "app": "Crmeb",
                    "timestamp":"2026-06-25 16:31:14.386",
                    "level": "DEBUG",
                    "thread": "http-nio-8169-exec-29",
                    "class": "o.s.web.servlet.DispatcherServlet",
                    "message": "GET "/api/admin/category/list/tree?status=-1&type=1&temp=1782376274", parameters={masked}" }
                    
{
                    "app": "Crmeb",
                    "timestamp":"2026-06-25 16:31:14.386",
                    "level": "DEBUG",
                    "thread": "http-nio-8169-exec-29",
                    "class": "o.s.w.s.m.m.a.RequestMappingHandlerMapping",
                    "message": "Mapped to com.zbkj.admin.controller.CategoryController#getListTree(Integer, Integer, String)" }
                    
{
                    "app": "Crmeb",
                    "timestamp":"2026-06-25 16:31:14.433",
                    "level": "DEBUG",
                    "thread": "http-nio-8169-exec-29",
                    "class": "o.s.w.s.m.m.a.RequestResponseBodyMethodProcessor",
                    "message": "Using 'application/json', given [application/json, text/plain, */*] and supported [application/json, application/*+json, application/json, application/*+json, application/cbor]" }
                    
{
                    "app": "Crmeb",
                    "timestamp":"2026-06-25 16:31:14.433",
                    "level": "DEBUG",
                    "thread": "http-nio-8169-exec-29",
                    "class": "o.s.w.s.m.m.a.RequestResponseBodyMethodProcessor",
                    "message": "Writing [com.zbkj.common.result.CommonResult@7a1d86b4]" }
                    
{
                    "app": "Crmeb",
                    "timestamp":"2026-06-25 16:31:14.434",
                    "level": "DEBUG",
                    "thread": "http-nio-8169-exec-29",
                    "class": "o.s.web.servlet.DispatcherServlet",
                    "message": "Completed 200 OK" }
                    
{
                    "app": "Crmeb",
                    "timestamp":"2026-06-25 16:31:14.660",
                    "level": "DEBUG",
                    "thread": "http-nio-8169-exec-6",
                    "class": "o.s.w.s.m.m.a.RequestResponseBodyMethodProcessor",
                    "message": "Using 'application/json', given [application/json, text/plain, */*] and supported [application/json, application/*+json, application/json, application/*+json, application/cbor]" }
                    
{
                    "app": "Crmeb",
                    "timestamp":"2026-06-25 16:31:14.660",
                    "level": "DEBUG",
                    "thread": "http-nio-8169-exec-6",
                    "class": "o.s.w.s.m.m.a.RequestResponseBodyMethodProcessor",
                    "message": "Writing [com.zbkj.common.result.CommonResult@3cb528d6]" }
                    
{
                    "app": "Crmeb",
                    "timestamp":"2026-06-25 16:31:14.660",
                    "level": "DEBUG",
                    "thread": "http-nio-8169-exec-6",
                    "class": "o.s.web.servlet.DispatcherServlet",
                    "message": "Completed 200 OK" }
                    
{
                    "app": "Crmeb",
                    "timestamp":"2026-06-25 16:31:14.694",
                    "level": "DEBUG",
                    "thread": "http-nio-8169-exec-10",
                    "class": "o.s.w.s.m.m.a.RequestResponseBodyMethodProcessor",
                    "message": "Using 'application/json', given [application/json, text/plain, */*] and supported [application/json, application/*+json, application/json, application/*+json, application/cbor]" }
                    
{
                    "app": "Crmeb",
                    "timestamp":"2026-06-25 16:31:14.694",
                    "level": "DEBUG",
                    "thread": "http-nio-8169-exec-10",
                    "class": "o.s.w.s.m.m.a.RequestResponseBodyMethodProcessor",
                    "message": "Writing [com.zbkj.common.result.CommonResult@26aa5999]" }
                    
{
                    "app": "Crmeb",
                    "timestamp":"2026-06-25 16:31:14.695",
                    "level": "DEBUG",
                    "thread": "http-nio-8169-exec-10",
                    "class": "o.s.web.servlet.DispatcherServlet",
                    "message": "Completed 200 OK" }
                    
{
                    "app": "Crmeb",
                    "timestamp":"2026-06-25 16:31:15.233",
                    "level": "DEBUG",
                    "thread": "http-nio-8169-exec-9",
                    "class": "o.s.web.servlet.DispatcherServlet",
                    "message": "GET "/api/admin/store/seckill/list?page=1&limit=20&timeId=&status=&keywords=&temp=1782376275", parameters={masked}" }
                    
{
                    "app": "Crmeb",
                    "timestamp":"2026-06-25 16:31:15.234",
                    "level": "DEBUG",
                    "thread": "http-nio-8169-exec-9",
                    "class": "o.s.w.s.m.m.a.RequestMappingHandlerMapping",
                    "message": "Mapped to com.zbkj.admin.controller.StoreSeckillController#getList(StoreSeckillSearchRequest, PageParamRequest)" }
                    
{
                    "app": "Crmeb",
                    "timestamp":"2026-06-25 16:31:15.234",
                    "level": "DEBUG",
                    "thread": "http-nio-8169-exec-3",
                    "class": "o.s.web.servlet.DispatcherServlet",
                    "message": "GET "/api/admin/store/seckill/manger/list?page=1&limit=9999&isDel=false&temp=1782376275", parameters={masked}" }
                    
{
                    "app": "Crmeb",
                    "timestamp":"2026-06-25 16:31:15.234",
                    "level": "DEBUG",
                    "thread": "http-nio-8169-exec-3",
                    "class": "o.s.w.s.m.m.a.RequestMappingHandlerMapping",
                    "message": "Mapped to com.zbkj.admin.controller.StoreSeckillMangerController#getList(StoreSeckillMangerSearchRequest, PageParamRequest)" }
                    
{
                    "app": "Crmeb",
                    "timestamp":"2026-06-25 16:31:15.322",
                    "level": "DEBUG",
                    "thread": "http-nio-8169-exec-3",
                    "class": "o.s.w.s.m.m.a.RequestResponseBodyMethodProcessor",
                    "message": "Using 'application/json', given [application/json, text/plain, */*] and supported [application/json, application/*+json, application/json, application/*+json, application/cbor]" }
                    
{
                    "app": "Crmeb",
                    "timestamp":"2026-06-25 16:31:15.322",
                    "level": "DEBUG",
                    "thread": "http-nio-8169-exec-3",
                    "class": "o.s.w.s.m.m.a.RequestResponseBodyMethodProcessor",
                    "message": "Writing [com.zbkj.common.result.CommonResult@72771666]" }
                    
{
                    "app": "Crmeb",
                    "timestamp":"2026-06-25 16:31:15.323",
                    "level": "DEBUG",
                    "thread": "http-nio-8169-exec-3",
                    "class": "o.s.web.servlet.DispatcherServlet",
                    "message": "Completed 200 OK" }
                    
{
                    "app": "Crmeb",
                    "timestamp":"2026-06-25 16:31:15.363",
                    "level": "DEBUG",
                    "thread": "http-nio-8169-exec-9",
                    "class": "o.s.w.s.m.m.a.RequestResponseBodyMethodProcessor",
                    "message": "Using 'application/json', given [application/json, text/plain, */*] and supported [application/json, application/*+json, application/json, application/*+json, application/cbor]" }
                    
{
                    "app": "Crmeb",
                    "timestamp":"2026-06-25 16:31:15.363",
                    "level": "DEBUG",
                    "thread": "http-nio-8169-exec-9",
                    "class": "o.s.w.s.m.m.a.RequestResponseBodyMethodProcessor",
                    "message": "Writing [com.zbkj.common.result.CommonResult@a32c1de]" }
                    
{
                    "app": "Crmeb",
                    "timestamp":"2026-06-25 16:31:15.363",
                    "level": "DEBUG",
                    "thread": "http-nio-8169-exec-9",
                    "class": "o.s.web.servlet.DispatcherServlet",
                    "message": "Completed 200 OK" }
                    
{
                    "app": "Crmeb",
                    "timestamp":"2026-06-25 16:31:30.733",
                    "level": "DEBUG",
                    "thread": "http-nio-8169-exec-22",
                    "class": "o.s.web.servlet.DispatcherServlet",
                    "message": "GET "/api/admin/statistics/user/overview?dateLimit=lately7&temp=1782376290", parameters={masked}" }
                    
{
                    "app": "Crmeb",
                    "timestamp":"2026-06-25 16:31:30.733",
                    "level": "DEBUG",
                    "thread": "http-nio-8169-exec-4",
                    "class": "o.s.web.servlet.DispatcherServlet",
                    "message": "GET "/api/admin/statistics/home/chart/user?temp=1782376290", parameters={masked}" }
                    
{
                    "app": "Crmeb",
                    "timestamp":"2026-06-25 16:31:30.735",
                    "level": "DEBUG",
                    "thread": "http-nio-8169-exec-4",
                    "class": "o.s.w.s.m.m.a.RequestMappingHandlerMapping",
                    "message": "Mapped to com.zbkj.admin.controller.HomeController#chartUser()" }
                    
{
                    "app": "Crmeb",
                    "timestamp":"2026-06-25 16:31:30.735",
                    "level": "DEBUG",
                    "thread": "http-nio-8169-exec-22",
                    "class": "o.s.w.s.m.m.a.RequestMappingHandlerMapping",
                    "message": "Mapped to com.zbkj.admin.controller.UserStatisticsController#getOverview(String)" }
                    
{
                    "app": "Crmeb",
                    "timestamp":"2026-06-25 16:31:30.736",
                    "level": "DEBUG",
                    "thread": "http-nio-8169-exec-14",
                    "class": "o.s.web.servlet.DispatcherServlet",
                    "message": "GET "/api/admin/statistics/home/operating/data?temp=1782376290", parameters={masked}" }
                    
{
                    "app": "Crmeb",
                    "timestamp":"2026-06-25 16:31:30.736",
                    "level": "DEBUG",
                    "thread": "http-nio-8169-exec-13",
                    "class": "o.s.web.servlet.DispatcherServlet",
                    "message": "GET "/api/admin/statistics/home/index?temp=1782376290", parameters={masked}" }
                    
{
                    "app": "Crmeb",
                    "timestamp":"2026-06-25 16:31:30.736",
                    "level": "DEBUG",
                    "thread": "http-nio-8169-exec-14",
                    "class": "o.s.w.s.m.m.a.RequestMappingHandlerMapping",
                    "message": "Mapped to com.zbkj.admin.controller.HomeController#operatingData()" }
                    
{
                    "app": "Crmeb",
                    "timestamp":"2026-06-25 16:31:30.736",
                    "level": "DEBUG",
                    "thread": "http-nio-8169-exec-13",
                    "class": "o.s.w.s.m.m.a.RequestMappingHandlerMapping",
                    "message": "Mapped to com.zbkj.admin.controller.HomeController#indexDate()" }
                    
{
                    "app": "Crmeb",
                    "timestamp":"2026-06-25 16:31:30.753",
                    "level": "DEBUG",
                    "thread": "http-nio-8169-exec-18",
                    "class": "o.s.web.servlet.DispatcherServlet",
                    "message": "GET "/api/admin/statistics/user/channel?temp=1782376290", parameters={masked}" }
                    
{
                    "app": "Crmeb",
                    "timestamp":"2026-06-25 16:31:30.753",
                    "level": "DEBUG",
                    "thread": "http-nio-8169-exec-18",
                    "class": "o.s.w.s.m.m.a.RequestMappingHandlerMapping",
                    "message": "Mapped to com.zbkj.admin.controller.UserStatisticsController#getChannelData()" }
                    
{
                    "app": "Crmeb",
                    "timestamp":"2026-06-25 16:31:30.757",
                    "level": "DEBUG",
                    "thread": "http-nio-8169-exec-5",
                    "class": "o.s.web.servlet.DispatcherServlet",
                    "message": "GET "/api/admin/statistics/home/chart/order?temp=1782376290", parameters={masked}" }
                    
{
                    "app": "Crmeb",
                    "timestamp":"2026-06-25 16:31:30.757",
                    "level": "DEBUG",
                    "thread": "http-nio-8169-exec-5",
                    "class": "o.s.w.s.m.m.a.RequestMappingHandlerMapping",
                    "message": "Mapped to com.zbkj.admin.controller.HomeController#chartOrder()" }
                    
{
                    "app": "Crmeb",
                    "timestamp":"2026-06-25 16:31:30.779",
                    "level": "DEBUG",
                    "thread": "http-nio-8169-exec-4",
                    "class": "o.s.w.s.m.m.a.RequestResponseBodyMethodProcessor",
                    "message": "Using 'application/json', given [application/json, text/plain, */*] and supported [application/json, application/*+json, application/json, application/*+json, application/cbor]" }
                    
{
                    "app": "Crmeb",
                    "timestamp":"2026-06-25 16:31:30.779",
                    "level": "DEBUG",
                    "thread": "http-nio-8169-exec-4",
                    "class": "o.s.w.s.m.m.a.RequestResponseBodyMethodProcessor",
                    "message": "Writing [com.zbkj.common.result.CommonResult@6ebf507]" }
                    
{
                    "app": "Crmeb",
                    "timestamp":"2026-06-25 16:31:30.779",
                    "level": "DEBUG",
                    "thread": "http-nio-8169-exec-4",
                    "class": "o.s.web.servlet.DispatcherServlet",
                    "message": "Completed 200 OK" }
                    
{
                    "app": "Crmeb",
                    "timestamp":"2026-06-25 16:31:30.822",
                    "level": "DEBUG",
                    "thread": "http-nio-8169-exec-18",
                    "class": "o.s.w.s.m.m.a.RequestResponseBodyMethodProcessor",
                    "message": "Using 'application/json', given [application/json, text/plain, */*] and supported [application/json, application/*+json, application/json, application/*+json, application/cbor]" }
                    
{
                    "app": "Crmeb",
                    "timestamp":"2026-06-25 16:31:30.822",
                    "level": "DEBUG",
                    "thread": "http-nio-8169-exec-18",
                    "class": "o.s.w.s.m.m.a.RequestResponseBodyMethodProcessor",
                    "message": "Writing [com.zbkj.common.result.CommonResult@1b0e9d01]" }
                    
{
                    "app": "Crmeb",
                    "timestamp":"2026-06-25 16:31:30.822",
                    "level": "DEBUG",
                    "thread": "http-nio-8169-exec-5",
                    "class": "o.s.w.s.m.m.a.RequestResponseBodyMethodProcessor",
                    "message": "Using 'application/json', given [application/json, text/plain, */*] and supported [application/json, application/*+json, application/json, application/*+json, application/cbor]" }
                    
{
                    "app": "Crmeb",
                    "timestamp":"2026-06-25 16:31:30.822",
                    "level": "DEBUG",
                    "thread": "http-nio-8169-exec-5",
                    "class": "o.s.w.s.m.m.a.RequestResponseBodyMethodProcessor",
                    "message": "Writing [com.zbkj.common.result.CommonResult@78913bd7]" }
                    
{
                    "app": "Crmeb",
                    "timestamp":"2026-06-25 16:31:30.823",
                    "level": "DEBUG",
                    "thread": "http-nio-8169-exec-18",
                    "class": "o.s.web.servlet.DispatcherServlet",
                    "message": "Completed 200 OK" }
                    
{
                    "app": "Crmeb",
                    "timestamp":"2026-06-25 16:31:30.823",
                    "level": "DEBUG",
                    "thread": "http-nio-8169-exec-5",
                    "class": "o.s.web.servlet.DispatcherServlet",
                    "message": "Completed 200 OK" }
                    
{
                    "app": "Crmeb",
                    "timestamp":"2026-06-25 16:31:31.094",
                    "level": "DEBUG",
                    "thread": "http-nio-8169-exec-13",
                    "class": "o.s.w.s.m.m.a.RequestResponseBodyMethodProcessor",
                    "message": "Using 'application/json', given [application/json, text/plain, */*] and supported [application/json, application/*+json, application/json, application/*+json, application/cbor]" }
                    
{
                    "app": "Crmeb",
                    "timestamp":"2026-06-25 16:31:31.094",
                    "level": "DEBUG",
                    "thread": "http-nio-8169-exec-13",
                    "class": "o.s.w.s.m.m.a.RequestResponseBodyMethodProcessor",
                    "message": "Writing [com.zbkj.common.result.CommonResult@a297a33]" }
                    
{
                    "app": "Crmeb",
                    "timestamp":"2026-06-25 16:31:31.095",
                    "level": "DEBUG",
                    "thread": "http-nio-8169-exec-13",
                    "class": "o.s.web.servlet.DispatcherServlet",
                    "message": "Completed 200 OK" }
                    
{
                    "app": "Crmeb",
                    "timestamp":"2026-06-25 16:31:31.184",
                    "level": "DEBUG",
                    "thread": "http-nio-8169-exec-14",
                    "class": "o.s.w.s.m.m.a.RequestResponseBodyMethodProcessor",
                    "message": "Using 'application/json', given [application/json, text/plain, */*] and supported [application/json, application/*+json, application/json, application/*+json, application/cbor]" }
                    
{
                    "app": "Crmeb",
                    "timestamp":"2026-06-25 16:31:31.184",
                    "level": "DEBUG",
                    "thread": "http-nio-8169-exec-14",
                    "class": "o.s.w.s.m.m.a.RequestResponseBodyMethodProcessor",
                    "message": "Writing [com.zbkj.common.result.CommonResult@5781d3fa]" }
                    
{
                    "app": "Crmeb",
                    "timestamp":"2026-06-25 16:31:31.185",
                    "level": "DEBUG",
                    "thread": "http-nio-8169-exec-14",
                    "class": "o.s.web.servlet.DispatcherServlet",
                    "message": "Completed 200 OK" }
                    
{
                    "app": "Crmeb",
                    "timestamp":"2026-06-25 16:31:31.509",
                    "level": "DEBUG",
                    "thread": "http-nio-8169-exec-22",
                    "class": "o.s.w.s.m.m.a.RequestResponseBodyMethodProcessor",
                    "message": "Using 'application/json', given [application/json, text/plain, */*] and supported [application/json, application/*+json, application/json, application/*+json, application/cbor]" }
                    
{
                    "app": "Crmeb",
                    "timestamp":"2026-06-25 16:31:31.510",
                    "level": "DEBUG",
                    "thread": "http-nio-8169-exec-22",
                    "class": "o.s.w.s.m.m.a.RequestResponseBodyMethodProcessor",
                    "message": "Writing [com.zbkj.common.result.CommonResult@291791a]" }
                    
{
                    "app": "Crmeb",
                    "timestamp":"2026-06-25 16:31:31.510",
                    "level": "DEBUG",
                    "thread": "http-nio-8169-exec-22",
                    "class": "o.s.web.servlet.DispatcherServlet",
                    "message": "Completed 200 OK" }
                    
{
                    "app": "Crmeb",
                    "timestamp":"2026-06-25 16:33:22.917",
                    "level": "DEBUG",
                    "thread": "http-nio-8169-exec-29",
                    "class": "o.s.web.servlet.DispatcherServlet",
                    "message": "GET "/api/admin/category/list/tree?status=-1&type=1&temp=1782376402", parameters={masked}" }
                    
{
                    "app": "Crmeb",
                    "timestamp":"2026-06-25 16:33:22.918",
                    "level": "DEBUG",
                    "thread": "http-nio-8169-exec-29",
                    "class": "o.s.w.s.m.m.a.RequestMappingHandlerMapping",
                    "message": "Mapped to com.zbkj.admin.controller.CategoryController#getListTree(Integer, Integer, String)" }
                    
{
                    "app": "Crmeb",
                    "timestamp":"2026-06-25 16:33:22.926",
                    "level": "DEBUG",
                    "thread": "http-nio-8169-exec-25",
                    "class": "o.s.web.servlet.DispatcherServlet",
                    "message": "GET "/api/admin/store/product/tabs/headers?page=1&limit=20&cateId=&keywords=&type=1&temp=1782376402", parameters={masked}" }
                    
{
                    "app": "Crmeb",
                    "timestamp":"2026-06-25 16:33:22.927",
                    "level": "DEBUG",
                    "thread": "http-nio-8169-exec-25",
                    "class": "o.s.w.s.m.m.a.RequestMappingHandlerMapping",
                    "message": "Mapped to com.zbkj.admin.controller.StoreProductController#getTabsHeader(StoreProductHeaderRequest)" }
                    
{
                    "app": "Crmeb",
                    "timestamp":"2026-06-25 16:33:22.932",
                    "level": "DEBUG",
                    "thread": "http-nio-8169-exec-21",
                    "class": "o.s.web.servlet.DispatcherServlet",
                    "message": "GET "/api/admin/store/product/list?page=1&limit=20&cateId=&keywords=&type=1&temp=1782376402", parameters={masked}" }
                    
{
                    "app": "Crmeb",
                    "timestamp":"2026-06-25 16:33:22.933",
                    "level": "DEBUG",
                    "thread": "http-nio-8169-exec-21",
                    "class": "o.s.w.s.m.m.a.RequestMappingHandlerMapping",
                    "message": "Mapped to com.zbkj.admin.controller.StoreProductController#getList(StoreProductSearchRequest, PageParamRequest)" }
                    
{
                    "app": "Crmeb",
                    "timestamp":"2026-06-25 16:33:22.972",
                    "level": "DEBUG",
                    "thread": "http-nio-8169-exec-29",
                    "class": "o.s.w.s.m.m.a.RequestResponseBodyMethodProcessor",
                    "message": "Using 'application/json', given [application/json, text/plain, */*] and supported [application/json, application/*+json, application/json, application/*+json, application/cbor]" }
                    
{
                    "app": "Crmeb",
                    "timestamp":"2026-06-25 16:33:22.972",
                    "level": "DEBUG",
                    "thread": "http-nio-8169-exec-29",
                    "class": "o.s.w.s.m.m.a.RequestResponseBodyMethodProcessor",
                    "message": "Writing [com.zbkj.common.result.CommonResult@6a48296]" }
                    
{
                    "app": "Crmeb",
                    "timestamp":"2026-06-25 16:33:22.972",
                    "level": "DEBUG",
                    "thread": "http-nio-8169-exec-29",
                    "class": "o.s.web.servlet.DispatcherServlet",
                    "message": "Completed 200 OK" }
                    
{
                    "app": "Crmeb",
                    "timestamp":"2026-06-25 16:33:23.220",
                    "level": "DEBUG",
                    "thread": "http-nio-8169-exec-25",
                    "class": "o.s.w.s.m.m.a.RequestResponseBodyMethodProcessor",
                    "message": "Using 'application/json', given [application/json, text/plain, */*] and supported [application/json, application/*+json, application/json, application/*+json, application/cbor]" }
                    
{
                    "app": "Crmeb",
                    "timestamp":"2026-06-25 16:33:23.221",
                    "level": "DEBUG",
                    "thread": "http-nio-8169-exec-25",
                    "class": "o.s.w.s.m.m.a.RequestResponseBodyMethodProcessor",
                    "message": "Writing [com.zbkj.common.result.CommonResult@19a28d5c]" }
                    
{
                    "app": "Crmeb",
                    "timestamp":"2026-06-25 16:33:23.221",
                    "level": "DEBUG",
                    "thread": "http-nio-8169-exec-25",
                    "class": "o.s.web.servlet.DispatcherServlet",
                    "message": "Completed 200 OK" }
                    
{
                    "app": "Crmeb",
                    "timestamp":"2026-06-25 16:33:23.242",
                    "level": "DEBUG",
                    "thread": "http-nio-8169-exec-21",
                    "class": "o.s.w.s.m.m.a.RequestResponseBodyMethodProcessor",
                    "message": "Using 'application/json', given [application/json, text/plain, */*] and supported [application/json, application/*+json, application/json, application/*+json, application/cbor]" }
                    
{
                    "app": "Crmeb",
                    "timestamp":"2026-06-25 16:33:23.242",
                    "level": "DEBUG",
                    "thread": "http-nio-8169-exec-21",
                    "class": "o.s.w.s.m.m.a.RequestResponseBodyMethodProcessor",
                    "message": "Writing [com.zbkj.common.result.CommonResult@544029a0]" }
                    
{
                    "app": "Crmeb",
                    "timestamp":"2026-06-25 16:33:23.244",
                    "level": "DEBUG",
                    "thread": "http-nio-8169-exec-21",
                    "class": "o.s.web.servlet.DispatcherServlet",
                    "message": "Completed 200 OK" }
                    
{
                    "app": "Crmeb",
                    "timestamp":"2026-06-25 16:33:23.605",
                    "level": "DEBUG",
                    "thread": "http-nio-8169-exec-3",
                    "class": "o.s.web.servlet.DispatcherServlet",
                    "message": "GET "/api/admin/store/order/status/num?dateLimit=&type=2&orderId=&temp=1782376403", parameters={masked}" }
                    
{
                    "app": "Crmeb",
                    "timestamp":"2026-06-25 16:33:23.606",
                    "level": "DEBUG",
                    "thread": "http-nio-8169-exec-3",
                    "class": "o.s.w.s.m.m.a.RequestMappingHandlerMapping",
                    "message": "Mapped to com.zbkj.admin.controller.StoreOrderController#getOrderStatusNum(String, Integer, String)" }
                    
{
                    "app": "Crmeb",
                    "timestamp":"2026-06-25 16:33:23.626",
                    "level": "DEBUG",
                    "thread": "http-nio-8169-exec-9",
                    "class": "o.s.web.servlet.DispatcherServlet",
                    "message": "GET "/api/admin/store/order/list?status=all&dateLimit=&orderNo=&page=1&limit=20&type=2&temp=1782376403", parameters={masked}" }
                    
{
                    "app": "Crmeb",
                    "timestamp":"2026-06-25 16:33:23.627",
                    "level": "DEBUG",
                    "thread": "http-nio-8169-exec-9",
                    "class": "o.s.w.s.m.m.a.RequestMappingHandlerMapping",
                    "message": "Mapped to com.zbkj.admin.controller.StoreOrderController#getList(StoreOrderSearchRequest, PageParamRequest)" }
                    
{
                    "app": "Crmeb",
                    "timestamp":"2026-06-25 16:33:23.636",
                    "level": "DEBUG",
                    "thread": "http-nio-8169-exec-7",
                    "class": "o.s.web.servlet.DispatcherServlet",
                    "message": "GET "/api/admin/pass/shipment/express?temp=1782376403", parameters={masked}" }
                    
{
                    "app": "Crmeb",
                    "timestamp":"2026-06-25 16:33:23.636",
                    "level": "DEBUG",
                    "thread": "http-nio-8169-exec-7",
                    "class": "o.s.w.s.m.m.a.RequestMappingHandlerMapping",
                    "message": "Mapped to com.zbkj.admin.controller.OnePassController#onePassShipmentExpress()" }
                    
{
                    "app": "Crmeb",
                    "timestamp":"2026-06-25 16:33:23.753",
                    "level": "DEBUG",
                    "thread": "http-nio-8169-exec-7",
                    "class": "o.s.web.client.RestTemplate",
                    "message": "HTTP POST https://sms.crmeb.net/api/v2/user/login" }
                    
{
                    "app": "Crmeb",
                    "timestamp":"2026-06-25 16:33:23.753",
                    "level": "DEBUG",
                    "thread": "http-nio-8169-exec-7",
                    "class": "o.s.web.client.RestTemplate",
                    "message": "Accept=[text/plain, application/json, application/cbor, application/*+json, text/html, */*]" }
                    
{
                    "app": "Crmeb",
                    "timestamp":"2026-06-25 16:33:23.753",
                    "level": "DEBUG",
                    "thread": "http-nio-8169-exec-7",
                    "class": "o.s.web.client.RestTemplate",
                    "message": "Writing [{access_key=[11111], secret_key=[11111]}] as "application/x-www-form-urlencoded"" }
                    
{
                    "app": "Crmeb",
                    "timestamp":"2026-06-25 16:33:24.011",
                    "level": "DEBUG",
                    "thread": "http-nio-8169-exec-7",
                    "class": "o.s.web.client.RestTemplate",
                    "message": "Response 200 OK" }
                    
{
                    "app": "Crmeb",
                    "timestamp":"2026-06-25 16:33:24.012",
                    "level": "DEBUG",
                    "thread": "http-nio-8169-exec-7",
                    "class": "o.s.web.client.RestTemplate",
                    "message": "Reading to [java.lang.String] as "application/json"" }
                    
{
                    "app": "Crmeb",
                    "timestamp":"2026-06-25 16:33:24.014",
                    "level": "DEBUG",
                    "thread": "http-nio-8169-exec-7",
                    "class": "o.s.w.s.m.m.a.ExceptionHandlerExceptionResolver",
                    "message": "Using @ExceptionHandler com.zbkj.service.exception.GlobalExceptionHandler#defaultExceptionHandler(HttpServletRequest, Exception)" }
                    
{
                    "app": "Crmeb",
                    "timestamp":"2026-06-25 16:33:24.065",
                    "level": "DEBUG",
                    "thread": "http-nio-8169-exec-7",
                    "class": "o.s.w.s.m.m.a.RequestResponseBodyMethodProcessor",
                    "message": "Using 'application/json', given [application/json, text/plain, */*] and supported [application/json, application/*+json, application/json, application/*+json, application/cbor]" }
                    
{
                    "app": "Crmeb",
                    "timestamp":"2026-06-25 16:33:24.065",
                    "level": "DEBUG",
                    "thread": "http-nio-8169-exec-7",
                    "class": "o.s.w.s.m.m.a.RequestResponseBodyMethodProcessor",
                    "message": "Writing [com.zbkj.common.result.CommonResult@732ed43]" }
                    
{
                    "app": "Crmeb",
                    "timestamp":"2026-06-25 16:33:24.066",
                    "level": "DEBUG",
                    "thread": "http-nio-8169-exec-7",
                    "class": "o.s.w.s.m.m.a.ExceptionHandlerExceptionResolver",
                    "message": "Resolved [com.zbkj.common.exception.CrmebException: 一号通平台接口接口请求失败:accessKey或者secretKey不正确]" }
                    
{
                    "app": "Crmeb",
                    "timestamp":"2026-06-25 16:33:24.066",
                    "level": "DEBUG",
                    "thread": "http-nio-8169-exec-7",
                    "class": "o.s.web.servlet.DispatcherServlet",
                    "message": "Completed 200 OK" }
                    
{
                    "app": "Crmeb",
                    "timestamp":"2026-06-25 16:33:24.073",
                    "level": "DEBUG",
                    "thread": "http-nio-8169-exec-9",
                    "class": "o.s.w.s.m.m.a.RequestResponseBodyMethodProcessor",
                    "message": "Using 'application/json', given [application/json, text/plain, */*] and supported [application/json, application/*+json, application/json, application/*+json, application/cbor]" }
                    
{
                    "app": "Crmeb",
                    "timestamp":"2026-06-25 16:33:24.074",
                    "level": "DEBUG",
                    "thread": "http-nio-8169-exec-9",
                    "class": "o.s.w.s.m.m.a.RequestResponseBodyMethodProcessor",
                    "message": "Writing [com.zbkj.common.result.CommonResult@619c3764]" }
                    
{
                    "app": "Crmeb",
                    "timestamp":"2026-06-25 16:33:24.074",
                    "level": "DEBUG",
                    "thread": "http-nio-8169-exec-9",
                    "class": "o.s.web.servlet.DispatcherServlet",
                    "message": "Completed 200 OK" }
                    
{
                    "app": "Crmeb",
                    "timestamp":"2026-06-25 16:33:24.130",
                    "level": "DEBUG",
                    "thread": "http-nio-8169-exec-3",
                    "class": "o.s.w.s.m.m.a.RequestResponseBodyMethodProcessor",
                    "message": "Using 'application/json', given [application/json, text/plain, */*] and supported [application/json, application/*+json, application/json, application/*+json, application/cbor]" }
                    
{
                    "app": "Crmeb",
                    "timestamp":"2026-06-25 16:33:24.130",
                    "level": "DEBUG",
                    "thread": "http-nio-8169-exec-3",
                    "class": "o.s.w.s.m.m.a.RequestResponseBodyMethodProcessor",
                    "message": "Writing [com.zbkj.common.result.CommonResult@6d7c0297]" }
                    
{
                    "app": "Crmeb",
                    "timestamp":"2026-06-25 16:33:24.131",
                    "level": "DEBUG",
                    "thread": "http-nio-8169-exec-3",
                    "class": "o.s.web.servlet.DispatcherServlet",
                    "message": "Completed 200 OK" }
                    
{
                    "app": "Crmeb",
                    "timestamp":"2026-06-25 16:33:25.130",
                    "level": "DEBUG",
                    "thread": "http-nio-8169-exec-12",
                    "class": "o.s.web.servlet.DispatcherServlet",
                    "message": "GET "/api/admin/category/list/tree?status=-1&type=1&temp=1782376405", parameters={masked}" }
                    
{
                    "app": "Crmeb",
                    "timestamp":"2026-06-25 16:33:25.130",
                    "level": "DEBUG",
                    "thread": "http-nio-8169-exec-23",
                    "class": "o.s.web.servlet.DispatcherServlet",
                    "message": "GET "/api/admin/store/product/list?page=1&limit=20&cateId=&keywords=&type=1&temp=1782376405", parameters={masked}" }
                    
{
                    "app": "Crmeb",
                    "timestamp":"2026-06-25 16:33:25.132",
                    "level": "DEBUG",
                    "thread": "http-nio-8169-exec-12",
                    "class": "o.s.w.s.m.m.a.RequestMappingHandlerMapping",
                    "message": "Mapped to com.zbkj.admin.controller.CategoryController#getListTree(Integer, Integer, String)" }
                    
{
                    "app": "Crmeb",
                    "timestamp":"2026-06-25 16:33:25.132",
                    "level": "DEBUG",
                    "thread": "http-nio-8169-exec-23",
                    "class": "o.s.w.s.m.m.a.RequestMappingHandlerMapping",
                    "message": "Mapped to com.zbkj.admin.controller.StoreProductController#getList(StoreProductSearchRequest, PageParamRequest)" }
                    
{
                    "app": "Crmeb",
                    "timestamp":"2026-06-25 16:33:25.141",
                    "level": "DEBUG",
                    "thread": "http-nio-8169-exec-11",
                    "class": "o.s.web.servlet.DispatcherServlet",
                    "message": "GET "/api/admin/store/product/tabs/headers?page=1&limit=20&cateId=&keywords=&type=1&temp=1782376405", parameters={masked}" }
                    
{
                    "app": "Crmeb",
                    "timestamp":"2026-06-25 16:33:25.141",
                    "level": "DEBUG",
                    "thread": "http-nio-8169-exec-11",
                    "class": "o.s.w.s.m.m.a.RequestMappingHandlerMapping",
                    "message": "Mapped to com.zbkj.admin.controller.StoreProductController#getTabsHeader(StoreProductHeaderRequest)" }
                    
{
                    "app": "Crmeb",
                    "timestamp":"2026-06-25 16:33:25.177",
                    "level": "DEBUG",
                    "thread": "http-nio-8169-exec-12",
                    "class": "o.s.w.s.m.m.a.RequestResponseBodyMethodProcessor",
                    "message": "Using 'application/json', given [application/json, text/plain, */*] and supported [application/json, application/*+json, application/json, application/*+json, application/cbor]" }
                    
{
                    "app": "Crmeb",
                    "timestamp":"2026-06-25 16:33:25.177",
                    "level": "DEBUG",
                    "thread": "http-nio-8169-exec-12",
                    "class": "o.s.w.s.m.m.a.RequestResponseBodyMethodProcessor",
                    "message": "Writing [com.zbkj.common.result.CommonResult@558b08d0]" }
                    
{
                    "app": "Crmeb",
                    "timestamp":"2026-06-25 16:33:25.177",
                    "level": "DEBUG",
                    "thread": "http-nio-8169-exec-12",
                    "class": "o.s.web.servlet.DispatcherServlet",
                    "message": "Completed 200 OK" }
                    
{
                    "app": "Crmeb",
                    "timestamp":"2026-06-25 16:33:25.526",
                    "level": "DEBUG",
                    "thread": "http-nio-8169-exec-23",
                    "class": "o.s.w.s.m.m.a.RequestResponseBodyMethodProcessor",
                    "message": "Using 'application/json', given [application/json, text/plain, */*] and supported [application/json, application/*+json, application/json, application/*+json, application/cbor]" }
                    
{
                    "app": "Crmeb",
                    "timestamp":"2026-06-25 16:33:25.526",
                    "level": "DEBUG",
                    "thread": "http-nio-8169-exec-23",
                    "class": "o.s.w.s.m.m.a.RequestResponseBodyMethodProcessor",
                    "message": "Writing [com.zbkj.common.result.CommonResult@72150e00]" }
                    
{
                    "app": "Crmeb",
                    "timestamp":"2026-06-25 16:33:25.526",
                    "level": "DEBUG",
                    "thread": "http-nio-8169-exec-23",
                    "class": "o.s.web.servlet.DispatcherServlet",
                    "message": "Completed 200 OK" }
                    
{
                    "app": "Crmeb",
                    "timestamp":"2026-06-25 16:33:25.550",
                    "level": "DEBUG",
                    "thread": "http-nio-8169-exec-11",
                    "class": "o.s.w.s.m.m.a.RequestResponseBodyMethodProcessor",
                    "message": "Using 'application/json', given [application/json, text/plain, */*] and supported [application/json, application/*+json, application/json, application/*+json, application/cbor]" }
                    
{
                    "app": "Crmeb",
                    "timestamp":"2026-06-25 16:33:25.550",
                    "level": "DEBUG",
                    "thread": "http-nio-8169-exec-11",
                    "class": "o.s.w.s.m.m.a.RequestResponseBodyMethodProcessor",
                    "message": "Writing [com.zbkj.common.result.CommonResult@a543e4e]" }
                    
{
                    "app": "Crmeb",
                    "timestamp":"2026-06-25 16:33:25.550",
                    "level": "DEBUG",
                    "thread": "http-nio-8169-exec-11",
                    "class": "o.s.web.servlet.DispatcherServlet",
                    "message": "Completed 200 OK" }
                    
{
                    "app": "Crmeb",
                    "timestamp":"2026-06-25 16:33:26.892",
                    "level": "DEBUG",
                    "thread": "http-nio-8169-exec-5",
                    "class": "o.s.web.servlet.DispatcherServlet",
                    "message": "GET "/api/admin/category/list/tree?type=1&status=-1&name=&temp=1782376406", parameters={masked}" }
                    
{
                    "app": "Crmeb",
                    "timestamp":"2026-06-25 16:33:26.892",
                    "level": "DEBUG",
                    "thread": "http-nio-8169-exec-5",
                    "class": "o.s.w.s.m.m.a.RequestMappingHandlerMapping",
                    "message": "Mapped to com.zbkj.admin.controller.CategoryController#getListTree(Integer, Integer, String)" }
                    
{
                    "app": "Crmeb",
                    "timestamp":"2026-06-25 16:33:26.938",
                    "level": "DEBUG",
                    "thread": "http-nio-8169-exec-5",
                    "class": "o.s.w.s.m.m.a.RequestResponseBodyMethodProcessor",
                    "message": "Using 'application/json', given [application/json, text/plain, */*] and supported [application/json, application/*+json, application/json, application/*+json, application/cbor]" }
                    
{
                    "app": "Crmeb",
                    "timestamp":"2026-06-25 16:33:26.938",
                    "level": "DEBUG",
                    "thread": "http-nio-8169-exec-5",
                    "class": "o.s.w.s.m.m.a.RequestResponseBodyMethodProcessor",
                    "message": "Writing [com.zbkj.common.result.CommonResult@1bf9a6b0]" }
                    
{
                    "app": "Crmeb",
                    "timestamp":"2026-06-25 16:33:26.938",
                    "level": "DEBUG",
                    "thread": "http-nio-8169-exec-5",
                    "class": "o.s.web.servlet.DispatcherServlet",
                    "message": "Completed 200 OK" }
                    
{
                    "app": "Crmeb",
                    "timestamp":"2026-06-25 16:33:27.590",
                    "level": "DEBUG",
                    "thread": "http-nio-8169-exec-13",
                    "class": "o.s.web.servlet.DispatcherServlet",
                    "message": "GET "/api/admin/store/product/rule/list?page=1&limit=20&keywords=&temp=1782376407", parameters={masked}" }
                    
{
                    "app": "Crmeb",
                    "timestamp":"2026-06-25 16:33:27.590",
                    "level": "DEBUG",
                    "thread": "http-nio-8169-exec-13",
                    "class": "o.s.w.s.m.m.a.RequestMappingHandlerMapping",
                    "message": "Mapped to com.zbkj.admin.controller.StoreProductRuleController#getList(StoreProductRuleSearchRequest, PageParamRequest)" }
                    
{
                    "app": "Crmeb",
                    "timestamp":"2026-06-25 16:33:27.703",
                    "level": "DEBUG",
                    "thread": "http-nio-8169-exec-13",
                    "class": "o.s.w.s.m.m.a.RequestResponseBodyMethodProcessor",
                    "message": "Using 'application/json', given [application/json, text/plain, */*] and supported [application/json, application/*+json, application/json, application/*+json, application/cbor]" }
                    
{
                    "app": "Crmeb",
                    "timestamp":"2026-06-25 16:33:27.703",
                    "level": "DEBUG",
                    "thread": "http-nio-8169-exec-13",
                    "class": "o.s.w.s.m.m.a.RequestResponseBodyMethodProcessor",
                    "message": "Writing [com.zbkj.common.result.CommonResult@26dc98cf]" }
                    
{
                    "app": "Crmeb",
                    "timestamp":"2026-06-25 16:33:27.704",
                    "level": "DEBUG",
                    "thread": "http-nio-8169-exec-13",
                    "class": "o.s.web.servlet.DispatcherServlet",
                    "message": "Completed 200 OK" }
                    
{
                    "app": "Crmeb",
                    "timestamp":"2026-06-25 16:33:28.342",
                    "level": "DEBUG",
                    "thread": "http-nio-8169-exec-28",
                    "class": "o.s.web.servlet.DispatcherServlet",
                    "message": "GET "/api/admin/category/list/tree?status=-1&type=1&temp=1782376408", parameters={masked}" }
                    
{
                    "app": "Crmeb",
                    "timestamp":"2026-06-25 16:33:28.342",
                    "level": "DEBUG",
                    "thread": "http-nio-8169-exec-28",
                    "class": "o.s.w.s.m.m.a.RequestMappingHandlerMapping",
                    "message": "Mapped to com.zbkj.admin.controller.CategoryController#getListTree(Integer, Integer, String)" }
                    
{
                    "app": "Crmeb",
                    "timestamp":"2026-06-25 16:33:28.353",
                    "level": "DEBUG",
                    "thread": "http-nio-8169-exec-26",
                    "class": "o.s.web.servlet.DispatcherServlet",
                    "message": "GET "/api/admin/store/product/reply/list?page=1&limit=20&isReply=&dateLimit=&nickname=&productSearch=&isDel=false&uid=&temp=1782376408", parameters={masked}" }
                    
{
                    "app": "Crmeb",
                    "timestamp":"2026-06-25 16:33:28.353",
                    "level": "DEBUG",
                    "thread": "http-nio-8169-exec-26",
                    "class": "o.s.w.s.m.m.a.RequestMappingHandlerMapping",
                    "message": "Mapped to com.zbkj.admin.controller.StoreProductReplyController#getList(StoreProductReplySearchRequest, PageParamRequest)" }
                    
{
                    "app": "Crmeb",
                    "timestamp":"2026-06-25 16:33:28.388",
                    "level": "DEBUG",
                    "thread": "http-nio-8169-exec-28",
                    "class": "o.s.w.s.m.m.a.RequestResponseBodyMethodProcessor",
                    "message": "Using 'application/json', given [application/json, text/plain, */*] and supported [application/json, application/*+json, application/json, application/*+json, application/cbor]" }
                    
{
                    "app": "Crmeb",
                    "timestamp":"2026-06-25 16:33:28.388",
                    "level": "DEBUG",
                    "thread": "http-nio-8169-exec-28",
                    "class": "o.s.w.s.m.m.a.RequestResponseBodyMethodProcessor",
                    "message": "Writing [com.zbkj.common.result.CommonResult@18128998]" }
                    
{
                    "app": "Crmeb",
                    "timestamp":"2026-06-25 16:33:28.389",
                    "level": "DEBUG",
                    "thread": "http-nio-8169-exec-28",
                    "class": "o.s.web.servlet.DispatcherServlet",
                    "message": "Completed 200 OK" }
                    
{
                    "app": "Crmeb",
                    "timestamp":"2026-06-25 16:33:28.502",
                    "level": "DEBUG",
                    "thread": "http-nio-8169-exec-26",
                    "class": "o.s.w.s.m.m.a.RequestResponseBodyMethodProcessor",
                    "message": "Using 'application/json', given [application/json, text/plain, */*] and supported [application/json, application/*+json, application/json, application/*+json, application/cbor]" }
                    
{
                    "app": "Crmeb",
                    "timestamp":"2026-06-25 16:33:28.503",
                    "level": "DEBUG",
                    "thread": "http-nio-8169-exec-26",
                    "class": "o.s.w.s.m.m.a.RequestResponseBodyMethodProcessor",
                    "message": "Writing [com.zbkj.common.result.CommonResult@3cb4781a]" }
                    
{
                    "app": "Crmeb",
                    "timestamp":"2026-06-25 16:33:28.504",
                    "level": "DEBUG",
                    "thread": "http-nio-8169-exec-26",
                    "class": "o.s.web.servlet.DispatcherServlet",
                    "message": "Completed 200 OK" }
                    
{
                    "app": "Crmeb",
                    "timestamp":"2026-06-25 16:33:30.621",
                    "level": "DEBUG",
                    "thread": "http-nio-8169-exec-1",
                    "class": "o.s.web.servlet.DispatcherServlet",
                    "message": "GET "/api/admin/category/list/tree?status=-1&type=1&temp=1782376410", parameters={masked}" }
                    
{
                    "app": "Crmeb",
                    "timestamp":"2026-06-25 16:33:30.622",
                    "level": "DEBUG",
                    "thread": "http-nio-8169-exec-1",
                    "class": "o.s.w.s.m.m.a.RequestMappingHandlerMapping",
                    "message": "Mapped to com.zbkj.admin.controller.CategoryController#getListTree(Integer, Integer, String)" }
                    
{
                    "app": "Crmeb",
                    "timestamp":"2026-06-25 16:33:30.622",
                    "level": "DEBUG",
                    "thread": "http-nio-8169-exec-16",
                    "class": "o.s.web.servlet.DispatcherServlet",
                    "message": "GET "/api/admin/store/product/tabs/headers?page=1&limit=20&cateId=&keywords=&type=1&temp=1782376410", parameters={masked}" }
                    
{
                    "app": "Crmeb",
                    "timestamp":"2026-06-25 16:33:30.622",
                    "level": "DEBUG",
                    "thread": "http-nio-8169-exec-16",
                    "class": "o.s.w.s.m.m.a.RequestMappingHandlerMapping",
                    "message": "Mapped to com.zbkj.admin.controller.StoreProductController#getTabsHeader(StoreProductHeaderRequest)" }
                    
{
                    "app": "Crmeb",
                    "timestamp":"2026-06-25 16:33:30.633",
                    "level": "DEBUG",
                    "thread": "http-nio-8169-exec-30",
                    "class": "o.s.web.servlet.DispatcherServlet",
                    "message": "GET "/api/admin/store/product/list?page=1&limit=20&cateId=&keywords=&type=1&temp=1782376410", parameters={masked}" }
                    
{
                    "app": "Crmeb",
                    "timestamp":"2026-06-25 16:33:30.633",
                    "level": "DEBUG",
                    "thread": "http-nio-8169-exec-30",
                    "class": "o.s.w.s.m.m.a.RequestMappingHandlerMapping",
                    "message": "Mapped to com.zbkj.admin.controller.StoreProductController#getList(StoreProductSearchRequest, PageParamRequest)" }
                    
{
                    "app": "Crmeb",
                    "timestamp":"2026-06-25 16:33:30.665",
                    "level": "DEBUG",
                    "thread": "http-nio-8169-exec-1",
                    "class": "o.s.w.s.m.m.a.RequestResponseBodyMethodProcessor",
                    "message": "Using 'application/json', given [application/json, text/plain, */*] and supported [application/json, application/*+json, application/json, application/*+json, application/cbor]" }
                    
{
                    "app": "Crmeb",
                    "timestamp":"2026-06-25 16:33:30.665",
                    "level": "DEBUG",
                    "thread": "http-nio-8169-exec-1",
                    "class": "o.s.w.s.m.m.a.RequestResponseBodyMethodProcessor",
                    "message": "Writing [com.zbkj.common.result.CommonResult@64ee210c]" }
                    
{
                    "app": "Crmeb",
                    "timestamp":"2026-06-25 16:33:30.666",
                    "level": "DEBUG",
                    "thread": "http-nio-8169-exec-1",
                    "class": "o.s.web.servlet.DispatcherServlet",
                    "message": "Completed 200 OK" }
                    
{
                    "app": "Crmeb",
                    "timestamp":"2026-06-25 16:33:30.933",
                    "level": "DEBUG",
                    "thread": "http-nio-8169-exec-16",
                    "class": "o.s.w.s.m.m.a.RequestResponseBodyMethodProcessor",
                    "message": "Using 'application/json', given [application/json, text/plain, */*] and supported [application/json, application/*+json, application/json, application/*+json, application/cbor]" }
                    
{
                    "app": "Crmeb",
                    "timestamp":"2026-06-25 16:33:30.934",
                    "level": "DEBUG",
                    "thread": "http-nio-8169-exec-16",
                    "class": "o.s.w.s.m.m.a.RequestResponseBodyMethodProcessor",
                    "message": "Writing [com.zbkj.common.result.CommonResult@1f989179]" }
                    
{
                    "app": "Crmeb",
                    "timestamp":"2026-06-25 16:33:30.934",
                    "level": "DEBUG",
                    "thread": "http-nio-8169-exec-16",
                    "class": "o.s.web.servlet.DispatcherServlet",
                    "message": "Completed 200 OK" }
                    
{
                    "app": "Crmeb",
                    "timestamp":"2026-06-25 16:33:30.945",
                    "level": "DEBUG",
                    "thread": "http-nio-8169-exec-30",
                    "class": "o.s.w.s.m.m.a.RequestResponseBodyMethodProcessor",
                    "message": "Using 'application/json', given [application/json, text/plain, */*] and supported [application/json, application/*+json, application/json, application/*+json, application/cbor]" }
                    
{
                    "app": "Crmeb",
                    "timestamp":"2026-06-25 16:33:30.945",
                    "level": "DEBUG",
                    "thread": "http-nio-8169-exec-30",
                    "class": "o.s.w.s.m.m.a.RequestResponseBodyMethodProcessor",
                    "message": "Writing [com.zbkj.common.result.CommonResult@77f4c4af]" }
                    
{
                    "app": "Crmeb",
                    "timestamp":"2026-06-25 16:33:30.945",
                    "level": "DEBUG",
                    "thread": "http-nio-8169-exec-30",
                    "class": "o.s.web.servlet.DispatcherServlet",
                    "message": "Completed 200 OK" }
                    
{
                    "app": "Crmeb",
                    "timestamp":"2026-06-25 16:33:31.135",
                    "level": "DEBUG",
                    "thread": "http-nio-8169-exec-8",
                    "class": "o.s.web.servlet.DispatcherServlet",
                    "message": "GET "/api/admin/statistics/home/index?temp=1782376411", parameters={masked}" }
                    
{
                    "app": "Crmeb",
                    "timestamp":"2026-06-25 16:33:31.137",
                    "level": "DEBUG",
                    "thread": "http-nio-8169-exec-8",
                    "class": "o.s.w.s.m.m.a.RequestMappingHandlerMapping",
                    "message": "Mapped to com.zbkj.admin.controller.HomeController#indexDate()" }
                    
{
                    "app": "Crmeb",
                    "timestamp":"2026-06-25 16:33:31.160",
                    "level": "DEBUG",
                    "thread": "http-nio-8169-exec-2",
                    "class": "o.s.web.servlet.DispatcherServlet",
                    "message": "GET "/api/admin/statistics/home/chart/user?temp=1782376411", parameters={masked}" }
                    
{
                    "app": "Crmeb",
                    "timestamp":"2026-06-25 16:33:31.160",
                    "level": "DEBUG",
                    "thread": "http-nio-8169-exec-2",
                    "class": "o.s.w.s.m.m.a.RequestMappingHandlerMapping",
                    "message": "Mapped to com.zbkj.admin.controller.HomeController#chartUser()" }
                    
{
                    "app": "Crmeb",
                    "timestamp":"2026-06-25 16:33:31.163",
                    "level": "DEBUG",
                    "thread": "http-nio-8169-exec-15",
                    "class": "o.s.web.servlet.DispatcherServlet",
                    "message": "GET "/api/admin/statistics/user/channel?temp=1782376411", parameters={masked}" }
                    
{
                    "app": "Crmeb",
                    "timestamp":"2026-06-25 16:33:31.163",
                    "level": "DEBUG",
                    "thread": "http-nio-8169-exec-15",
                    "class": "o.s.w.s.m.m.a.RequestMappingHandlerMapping",
                    "message": "Mapped to com.zbkj.admin.controller.UserStatisticsController#getChannelData()" }
                    
{
                    "app": "Crmeb",
                    "timestamp":"2026-06-25 16:33:31.165",
                    "level": "DEBUG",
                    "thread": "http-nio-8169-exec-10",
                    "class": "o.s.web.servlet.DispatcherServlet",
                    "message": "GET "/api/admin/statistics/home/chart/order?temp=1782376411", parameters={masked}" }
                    
{
                    "app": "Crmeb",
                    "timestamp":"2026-06-25 16:33:31.165",
                    "level": "DEBUG",
                    "thread": "http-nio-8169-exec-10",
                    "class": "o.s.w.s.m.m.a.RequestMappingHandlerMapping",
                    "message": "Mapped to com.zbkj.admin.controller.HomeController#chartOrder()" }
                    
{
                    "app": "Crmeb",
                    "timestamp":"2026-06-25 16:33:31.184",
                    "level": "DEBUG",
                    "thread": "http-nio-8169-exec-9",
                    "class": "o.s.web.servlet.DispatcherServlet",
                    "message": "GET "/api/admin/statistics/user/overview?dateLimit=lately7&temp=1782376411", parameters={masked}" }
                    
{
                    "app": "Crmeb",
                    "timestamp":"2026-06-25 16:33:31.184",
                    "level": "DEBUG",
                    "thread": "http-nio-8169-exec-9",
                    "class": "o.s.w.s.m.m.a.RequestMappingHandlerMapping",
                    "message": "Mapped to com.zbkj.admin.controller.UserStatisticsController#getOverview(String)" }
                    
{
                    "app": "Crmeb",
                    "timestamp":"2026-06-25 16:33:31.185",
                    "level": "DEBUG",
                    "thread": "http-nio-8169-exec-6",
                    "class": "o.s.web.servlet.DispatcherServlet",
                    "message": "GET "/api/admin/statistics/home/operating/data?temp=1782376411", parameters={masked}" }
                    
{
                    "app": "Crmeb",
                    "timestamp":"2026-06-25 16:33:31.187",
                    "level": "DEBUG",
                    "thread": "http-nio-8169-exec-6",
                    "class": "o.s.w.s.m.m.a.RequestMappingHandlerMapping",
                    "message": "Mapped to com.zbkj.admin.controller.HomeController#operatingData()" }
                    
{
                    "app": "Crmeb",
                    "timestamp":"2026-06-25 16:33:31.206",
                    "level": "DEBUG",
                    "thread": "http-nio-8169-exec-15",
                    "class": "o.s.w.s.m.m.a.RequestResponseBodyMethodProcessor",
                    "message": "Using 'application/json', given [application/json, text/plain, */*] and supported [application/json, application/*+json, application/json, application/*+json, application/cbor]" }
                    
{
                    "app": "Crmeb",
                    "timestamp":"2026-06-25 16:33:31.206",
                    "level": "DEBUG",
                    "thread": "http-nio-8169-exec-15",
                    "class": "o.s.w.s.m.m.a.RequestResponseBodyMethodProcessor",
                    "message": "Writing [com.zbkj.common.result.CommonResult@687fbf7b]" }
                    
{
                    "app": "Crmeb",
                    "timestamp":"2026-06-25 16:33:31.206",
                    "level": "DEBUG",
                    "thread": "http-nio-8169-exec-15",
                    "class": "o.s.web.servlet.DispatcherServlet",
                    "message": "Completed 200 OK" }
                    
{
                    "app": "Crmeb",
                    "timestamp":"2026-06-25 16:33:31.207",
                    "level": "DEBUG",
                    "thread": "http-nio-8169-exec-2",
                    "class": "o.s.w.s.m.m.a.RequestResponseBodyMethodProcessor",
                    "message": "Using 'application/json', given [application/json, text/plain, */*] and supported [application/json, application/*+json, application/json, application/*+json, application/cbor]" }
                    
{
                    "app": "Crmeb",
                    "timestamp":"2026-06-25 16:33:31.207",
                    "level": "DEBUG",
                    "thread": "http-nio-8169-exec-2",
                    "class": "o.s.w.s.m.m.a.RequestResponseBodyMethodProcessor",
                    "message": "Writing [com.zbkj.common.result.CommonResult@6c0dceba]" }
                    
{
                    "app": "Crmeb",
                    "timestamp":"2026-06-25 16:33:31.207",
                    "level": "DEBUG",
                    "thread": "http-nio-8169-exec-2",
                    "class": "o.s.web.servlet.DispatcherServlet",
                    "message": "Completed 200 OK" }
                    
{
                    "app": "Crmeb",
                    "timestamp":"2026-06-25 16:33:31.241",
                    "level": "DEBUG",
                    "thread": "http-nio-8169-exec-10",
                    "class": "o.s.w.s.m.m.a.RequestResponseBodyMethodProcessor",
                    "message": "Using 'application/json', given [application/json, text/plain, */*] and supported [application/json, application/*+json, application/json, application/*+json, application/cbor]" }
                    
{
                    "app": "Crmeb",
                    "timestamp":"2026-06-25 16:33:31.241",
                    "level": "DEBUG",
                    "thread": "http-nio-8169-exec-10",
                    "class": "o.s.w.s.m.m.a.RequestResponseBodyMethodProcessor",
                    "message": "Writing [com.zbkj.common.result.CommonResult@3270abce]" }
                    
{
                    "app": "Crmeb",
                    "timestamp":"2026-06-25 16:33:31.242",
                    "level": "DEBUG",
                    "thread": "http-nio-8169-exec-10",
                    "class": "o.s.web.servlet.DispatcherServlet",
                    "message": "Completed 200 OK" }
                    
{
                    "app": "Crmeb",
                    "timestamp":"2026-06-25 16:33:31.498",
                    "level": "DEBUG",
                    "thread": "http-nio-8169-exec-8",
                    "class": "o.s.w.s.m.m.a.RequestResponseBodyMethodProcessor",
                    "message": "Using 'application/json', given [application/json, text/plain, */*] and supported [application/json, application/*+json, application/json, application/*+json, application/cbor]" }
                    
{
                    "app": "Crmeb",
                    "timestamp":"2026-06-25 16:33:31.498",
                    "level": "DEBUG",
                    "thread": "http-nio-8169-exec-8",
                    "class": "o.s.w.s.m.m.a.RequestResponseBodyMethodProcessor",
                    "message": "Writing [com.zbkj.common.result.CommonResult@63c9be56]" }
                    
{
                    "app": "Crmeb",
                    "timestamp":"2026-06-25 16:33:31.499",
                    "level": "DEBUG",
                    "thread": "http-nio-8169-exec-8",
                    "class": "o.s.web.servlet.DispatcherServlet",
                    "message": "Completed 200 OK" }
                    
{
                    "app": "Crmeb",
                    "timestamp":"2026-06-25 16:33:31.634",
                    "level": "DEBUG",
                    "thread": "http-nio-8169-exec-6",
                    "class": "o.s.w.s.m.m.a.RequestResponseBodyMethodProcessor",
                    "message": "Using 'application/json', given [application/json, text/plain, */*] and supported [application/json, application/*+json, application/json, application/*+json, application/cbor]" }
                    
{
                    "app": "Crmeb",
                    "timestamp":"2026-06-25 16:33:31.634",
                    "level": "DEBUG",
                    "thread": "http-nio-8169-exec-6",
                    "class": "o.s.w.s.m.m.a.RequestResponseBodyMethodProcessor",
                    "message": "Writing [com.zbkj.common.result.CommonResult@bea9338]" }
                    
{
                    "app": "Crmeb",
                    "timestamp":"2026-06-25 16:33:31.634",
                    "level": "DEBUG",
                    "thread": "http-nio-8169-exec-6",
                    "class": "o.s.web.servlet.DispatcherServlet",
                    "message": "Completed 200 OK" }
                    
{
                    "app": "Crmeb",
                    "timestamp":"2026-06-25 16:33:31.959",
                    "level": "DEBUG",
                    "thread": "http-nio-8169-exec-9",
                    "class": "o.s.w.s.m.m.a.RequestResponseBodyMethodProcessor",
                    "message": "Using 'application/json', given [application/json, text/plain, */*] and supported [application/json, application/*+json, application/json, application/*+json, application/cbor]" }
                    
{
                    "app": "Crmeb",
                    "timestamp":"2026-06-25 16:33:31.959",
                    "level": "DEBUG",
                    "thread": "http-nio-8169-exec-9",
                    "class": "o.s.w.s.m.m.a.RequestResponseBodyMethodProcessor",
                    "message": "Writing [com.zbkj.common.result.CommonResult@6127fdf6]" }
                    
{
                    "app": "Crmeb",
                    "timestamp":"2026-06-25 16:33:31.959",
                    "level": "DEBUG",
                    "thread": "http-nio-8169-exec-9",
                    "class": "o.s.web.servlet.DispatcherServlet",
                    "message": "Completed 200 OK" }
                    
{
                    "app": "Crmeb",
                    "timestamp":"2026-06-25 16:33:34.913",
                    "level": "DEBUG",
                    "thread": "http-nio-8169-exec-5",
                    "class": "o.s.web.servlet.DispatcherServlet",
                    "message": "GET "/api/admin/store/order/list?status=all&dateLimit=&orderNo=&page=1&limit=20&type=2&temp=1782376414", parameters={masked}" }
                    
{
                    "app": "Crmeb",
                    "timestamp":"2026-06-25 16:33:34.913",
                    "level": "DEBUG",
                    "thread": "http-nio-8169-exec-4",
                    "class": "o.s.web.servlet.DispatcherServlet",
                    "message": "GET "/api/admin/store/order/status/num?dateLimit=&type=2&orderId=&temp=1782376414", parameters={masked}" }
                    
{
                    "app": "Crmeb",
                    "timestamp":"2026-06-25 16:33:34.914",
                    "level": "DEBUG",
                    "thread": "http-nio-8169-exec-4",
                    "class": "o.s.w.s.m.m.a.RequestMappingHandlerMapping",
                    "message": "Mapped to com.zbkj.admin.controller.StoreOrderController#getOrderStatusNum(String, Integer, String)" }
                    
{
                    "app": "Crmeb",
                    "timestamp":"2026-06-25 16:33:34.914",
                    "level": "DEBUG",
                    "thread": "http-nio-8169-exec-5",
                    "class": "o.s.w.s.m.m.a.RequestMappingHandlerMapping",
                    "message": "Mapped to com.zbkj.admin.controller.StoreOrderController#getList(StoreOrderSearchRequest, PageParamRequest)" }
                    
{
                    "app": "Crmeb",
                    "timestamp":"2026-06-25 16:33:34.916",
                    "level": "DEBUG",
                    "thread": "http-nio-8169-exec-23",
                    "class": "o.s.web.servlet.DispatcherServlet",
                    "message": "GET "/api/admin/pass/shipment/express?temp=1782376414", parameters={masked}" }
                    
{
                    "app": "Crmeb",
                    "timestamp":"2026-06-25 16:33:34.916",
                    "level": "DEBUG",
                    "thread": "http-nio-8169-exec-23",
                    "class": "o.s.w.s.m.m.a.RequestMappingHandlerMapping",
                    "message": "Mapped to com.zbkj.admin.controller.OnePassController#onePassShipmentExpress()" }
                    
{
                    "app": "Crmeb",
                    "timestamp":"2026-06-25 16:33:35.015",
                    "level": "DEBUG",
                    "thread": "http-nio-8169-exec-23",
                    "class": "o.s.web.client.RestTemplate",
                    "message": "HTTP POST https://sms.crmeb.net/api/v2/user/login" }
                    
{
                    "app": "Crmeb",
                    "timestamp":"2026-06-25 16:33:35.016",
                    "level": "DEBUG",
                    "thread": "http-nio-8169-exec-23",
                    "class": "o.s.web.client.RestTemplate",
                    "message": "Accept=[text/plain, application/json, application/cbor, application/*+json, text/html, */*]" }
                    
{
                    "app": "Crmeb",
                    "timestamp":"2026-06-25 16:33:35.016",
                    "level": "DEBUG",
                    "thread": "http-nio-8169-exec-23",
                    "class": "o.s.web.client.RestTemplate",
                    "message": "Writing [{access_key=[11111], secret_key=[11111]}] as "application/x-www-form-urlencoded"" }
                    
{
                    "app": "Crmeb",
                    "timestamp":"2026-06-25 16:33:35.183",
                    "level": "DEBUG",
                    "thread": "http-nio-8169-exec-23",
                    "class": "o.s.web.client.RestTemplate",
                    "message": "Response 200 OK" }
                    
{
                    "app": "Crmeb",
                    "timestamp":"2026-06-25 16:33:35.183",
                    "level": "DEBUG",
                    "thread": "http-nio-8169-exec-23",
                    "class": "o.s.web.client.RestTemplate",
                    "message": "Reading to [java.lang.String] as "application/json"" }
                    
{
                    "app": "Crmeb",
                    "timestamp":"2026-06-25 16:33:35.184",
                    "level": "DEBUG",
                    "thread": "http-nio-8169-exec-23",
                    "class": "o.s.w.s.m.m.a.ExceptionHandlerExceptionResolver",
                    "message": "Using @ExceptionHandler com.zbkj.service.exception.GlobalExceptionHandler#defaultExceptionHandler(HttpServletRequest, Exception)" }
                    
{
                    "app": "Crmeb",
                    "timestamp":"2026-06-25 16:33:35.231",
                    "level": "DEBUG",
                    "thread": "http-nio-8169-exec-23",
                    "class": "o.s.w.s.m.m.a.RequestResponseBodyMethodProcessor",
                    "message": "Using 'application/json', given [application/json, text/plain, */*] and supported [application/json, application/*+json, application/json, application/*+json, application/cbor]" }
                    
{
                    "app": "Crmeb",
                    "timestamp":"2026-06-25 16:33:35.231",
                    "level": "DEBUG",
                    "thread": "http-nio-8169-exec-23",
                    "class": "o.s.w.s.m.m.a.RequestResponseBodyMethodProcessor",
                    "message": "Writing [com.zbkj.common.result.CommonResult@6822b448]" }
                    
{
                    "app": "Crmeb",
                    "timestamp":"2026-06-25 16:33:35.231",
                    "level": "DEBUG",
                    "thread": "http-nio-8169-exec-23",
                    "class": "o.s.w.s.m.m.a.ExceptionHandlerExceptionResolver",
                    "message": "Resolved [com.zbkj.common.exception.CrmebException: 一号通平台接口接口请求失败:accessKey或者secretKey不正确]" }
                    
{
                    "app": "Crmeb",
                    "timestamp":"2026-06-25 16:33:35.231",
                    "level": "DEBUG",
                    "thread": "http-nio-8169-exec-23",
                    "class": "o.s.web.servlet.DispatcherServlet",
                    "message": "Completed 200 OK" }
                    
{
                    "app": "Crmeb",
                    "timestamp":"2026-06-25 16:33:35.259",
                    "level": "DEBUG",
                    "thread": "http-nio-8169-exec-5",
                    "class": "o.s.w.s.m.m.a.RequestResponseBodyMethodProcessor",
                    "message": "Using 'application/json', given [application/json, text/plain, */*] and supported [application/json, application/*+json, application/json, application/*+json, application/cbor]" }
                    
{
                    "app": "Crmeb",
                    "timestamp":"2026-06-25 16:33:35.259",
                    "level": "DEBUG",
                    "thread": "http-nio-8169-exec-5",
                    "class": "o.s.w.s.m.m.a.RequestResponseBodyMethodProcessor",
                    "message": "Writing [com.zbkj.common.result.CommonResult@7b521d4a]" }
                    
{
                    "app": "Crmeb",
                    "timestamp":"2026-06-25 16:33:35.259",
                    "level": "DEBUG",
                    "thread": "http-nio-8169-exec-5",
                    "class": "o.s.web.servlet.DispatcherServlet",
                    "message": "Completed 200 OK" }
                    
{
                    "app": "Crmeb",
                    "timestamp":"2026-06-25 16:33:35.359",
                    "level": "DEBUG",
                    "thread": "http-nio-8169-exec-4",
                    "class": "o.s.w.s.m.m.a.RequestResponseBodyMethodProcessor",
                    "message": "Using 'application/json', given [application/json, text/plain, */*] and supported [application/json, application/*+json, application/json, application/*+json, application/cbor]" }
                    
{
                    "app": "Crmeb",
                    "timestamp":"2026-06-25 16:33:35.359",
                    "level": "DEBUG",
                    "thread": "http-nio-8169-exec-4",
                    "class": "o.s.w.s.m.m.a.RequestResponseBodyMethodProcessor",
                    "message": "Writing [com.zbkj.common.result.CommonResult@70688ff]" }
                    
{
                    "app": "Crmeb",
                    "timestamp":"2026-06-25 16:33:35.359",
                    "level": "DEBUG",
                    "thread": "http-nio-8169-exec-4",
                    "class": "o.s.web.servlet.DispatcherServlet",
                    "message": "Completed 200 OK" }
                    
{
                    "app": "Crmeb",
                    "timestamp":"2026-06-25 16:33:36.101",
                    "level": "DEBUG",
                    "thread": "http-nio-8169-exec-20",
                    "class": "o.s.web.servlet.DispatcherServlet",
                    "message": "GET "/api/admin/statistics/home/chart/order?temp=1782376416", parameters={masked}" }
                    
{
                    "app": "Crmeb",
                    "timestamp":"2026-06-25 16:33:36.101",
                    "level": "DEBUG",
                    "thread": "http-nio-8169-exec-20",
                    "class": "o.s.w.s.m.m.a.RequestMappingHandlerMapping",
                    "message": "Mapped to com.zbkj.admin.controller.HomeController#chartOrder()" }
                    
{
                    "app": "Crmeb",
                    "timestamp":"2026-06-25 16:33:36.106",
                    "level": "DEBUG",
                    "thread": "http-nio-8169-exec-16",
                    "class": "o.s.web.servlet.DispatcherServlet",
                    "message": "GET "/api/admin/statistics/user/channel?temp=1782376416", parameters={masked}" }
                    
{
                    "app": "Crmeb",
                    "timestamp":"2026-06-25 16:33:36.106",
                    "level": "DEBUG",
                    "thread": "http-nio-8169-exec-16",
                    "class": "o.s.w.s.m.m.a.RequestMappingHandlerMapping",
                    "message": "Mapped to com.zbkj.admin.controller.UserStatisticsController#getChannelData()" }
                    
{
                    "app": "Crmeb",
                    "timestamp":"2026-06-25 16:33:36.111",
                    "level": "DEBUG",
                    "thread": "http-nio-8169-exec-1",
                    "class": "o.s.web.servlet.DispatcherServlet",
                    "message": "GET "/api/admin/statistics/user/overview?dateLimit=lately7&temp=1782376416", parameters={masked}" }
                    
{
                    "app": "Crmeb",
                    "timestamp":"2026-06-25 16:33:36.111",
                    "level": "DEBUG",
                    "thread": "http-nio-8169-exec-1",
                    "class": "o.s.w.s.m.m.a.RequestMappingHandlerMapping",
                    "message": "Mapped to com.zbkj.admin.controller.UserStatisticsController#getOverview(String)" }
                    
{
                    "app": "Crmeb",
                    "timestamp":"2026-06-25 16:33:36.111",
                    "level": "DEBUG",
                    "thread": "http-nio-8169-exec-17",
                    "class": "o.s.web.servlet.DispatcherServlet",
                    "message": "GET "/api/admin/statistics/home/index?temp=1782376416", parameters={masked}" }
                    
{
                    "app": "Crmeb",
                    "timestamp":"2026-06-25 16:33:36.111",
                    "level": "DEBUG",
                    "thread": "http-nio-8169-exec-17",
                    "class": "o.s.w.s.m.m.a.RequestMappingHandlerMapping",
                    "message": "Mapped to com.zbkj.admin.controller.HomeController#indexDate()" }
                    
{
                    "app": "Crmeb",
                    "timestamp":"2026-06-25 16:33:36.113",
                    "level": "DEBUG",
                    "thread": "http-nio-8169-exec-19",
                    "class": "o.s.web.servlet.DispatcherServlet",
                    "message": "GET "/api/admin/statistics/home/operating/data?temp=1782376416", parameters={masked}" }
                    
{
                    "app": "Crmeb",
                    "timestamp":"2026-06-25 16:33:36.113",
                    "level": "DEBUG",
                    "thread": "http-nio-8169-exec-19",
                    "class": "o.s.w.s.m.m.a.RequestMappingHandlerMapping",
                    "message": "Mapped to com.zbkj.admin.controller.HomeController#operatingData()" }
                    
{
                    "app": "Crmeb",
                    "timestamp":"2026-06-25 16:33:36.123",
                    "level": "DEBUG",
                    "thread": "http-nio-8169-exec-30",
                    "class": "o.s.web.servlet.DispatcherServlet",
                    "message": "GET "/api/admin/statistics/home/chart/user?temp=1782376416", parameters={masked}" }
                    
{
                    "app": "Crmeb",
                    "timestamp":"2026-06-25 16:33:36.124",
                    "level": "DEBUG",
                    "thread": "http-nio-8169-exec-30",
                    "class": "o.s.w.s.m.m.a.RequestMappingHandlerMapping",
                    "message": "Mapped to com.zbkj.admin.controller.HomeController#chartUser()" }
                    
{
                    "app": "Crmeb",
                    "timestamp":"2026-06-25 16:33:36.145",
                    "level": "DEBUG",
                    "thread": "http-nio-8169-exec-20",
                    "class": "o.s.w.s.m.m.a.RequestResponseBodyMethodProcessor",
                    "message": "Using 'application/json', given [application/json, text/plain, */*] and supported [application/json, application/*+json, application/json, application/*+json, application/cbor]" }
                    
{
                    "app": "Crmeb",
                    "timestamp":"2026-06-25 16:33:36.145",
                    "level": "DEBUG",
                    "thread": "http-nio-8169-exec-20",
                    "class": "o.s.w.s.m.m.a.RequestResponseBodyMethodProcessor",
                    "message": "Writing [com.zbkj.common.result.CommonResult@6a3fc78b]" }
                    
{
                    "app": "Crmeb",
                    "timestamp":"2026-06-25 16:33:36.145",
                    "level": "DEBUG",
                    "thread": "http-nio-8169-exec-20",
                    "class": "o.s.web.servlet.DispatcherServlet",
                    "message": "Completed 200 OK" }
                    
{
                    "app": "Crmeb",
                    "timestamp":"2026-06-25 16:33:36.155",
                    "level": "DEBUG",
                    "thread": "http-nio-8169-exec-16",
                    "class": "o.s.w.s.m.m.a.RequestResponseBodyMethodProcessor",
                    "message": "Using 'application/json', given [application/json, text/plain, */*] and supported [application/json, application/*+json, application/json, application/*+json, application/cbor]" }
                    
{
                    "app": "Crmeb",
                    "timestamp":"2026-06-25 16:33:36.155",
                    "level": "DEBUG",
                    "thread": "http-nio-8169-exec-16",
                    "class": "o.s.w.s.m.m.a.RequestResponseBodyMethodProcessor",
                    "message": "Writing [com.zbkj.common.result.CommonResult@e97d81d]" }
                    
{
                    "app": "Crmeb",
                    "timestamp":"2026-06-25 16:33:36.155",
                    "level": "DEBUG",
                    "thread": "http-nio-8169-exec-16",
                    "class": "o.s.web.servlet.DispatcherServlet",
                    "message": "Completed 200 OK" }
                    
{
                    "app": "Crmeb",
                    "timestamp":"2026-06-25 16:33:36.170",
                    "level": "DEBUG",
                    "thread": "http-nio-8169-exec-30",
                    "class": "o.s.w.s.m.m.a.RequestResponseBodyMethodProcessor",
                    "message": "Using 'application/json', given [application/json, text/plain, */*] and supported [application/json, application/*+json, application/json, application/*+json, application/cbor]" }
                    
{
                    "app": "Crmeb",
                    "timestamp":"2026-06-25 16:33:36.170",
                    "level": "DEBUG",
                    "thread": "http-nio-8169-exec-30",
                    "class": "o.s.w.s.m.m.a.RequestResponseBodyMethodProcessor",
                    "message": "Writing [com.zbkj.common.result.CommonResult@72890fdb]" }
                    
{
                    "app": "Crmeb",
                    "timestamp":"2026-06-25 16:33:36.170",
                    "level": "DEBUG",
                    "thread": "http-nio-8169-exec-30",
                    "class": "o.s.web.servlet.DispatcherServlet",
                    "message": "Completed 200 OK" }
                    
{
                    "app": "Crmeb",
                    "timestamp":"2026-06-25 16:33:36.449",
                    "level": "DEBUG",
                    "thread": "http-nio-8169-exec-17",
                    "class": "o.s.w.s.m.m.a.RequestResponseBodyMethodProcessor",
                    "message": "Using 'application/json', given [application/json, text/plain, */*] and supported [application/json, application/*+json, application/json, application/*+json, application/cbor]" }
                    
{
                    "app": "Crmeb",
                    "timestamp":"2026-06-25 16:33:36.449",
                    "level": "DEBUG",
                    "thread": "http-nio-8169-exec-17",
                    "class": "o.s.w.s.m.m.a.RequestResponseBodyMethodProcessor",
                    "message": "Writing [com.zbkj.common.result.CommonResult@418908a9]" }
                    
{
                    "app": "Crmeb",
                    "timestamp":"2026-06-25 16:33:36.449",
                    "level": "DEBUG",
                    "thread": "http-nio-8169-exec-17",
                    "class": "o.s.web.servlet.DispatcherServlet",
                    "message": "Completed 200 OK" }
                    
{
                    "app": "Crmeb",
                    "timestamp":"2026-06-25 16:33:36.560",
                    "level": "DEBUG",
                    "thread": "http-nio-8169-exec-19",
                    "class": "o.s.w.s.m.m.a.RequestResponseBodyMethodProcessor",
                    "message": "Using 'application/json', given [application/json, text/plain, */*] and supported [application/json, application/*+json, application/json, application/*+json, application/cbor]" }
                    
{
                    "app": "Crmeb",
                    "timestamp":"2026-06-25 16:33:36.560",
                    "level": "DEBUG",
                    "thread": "http-nio-8169-exec-19",
                    "class": "o.s.w.s.m.m.a.RequestResponseBodyMethodProcessor",
                    "message": "Writing [com.zbkj.common.result.CommonResult@24976f5a]" }
                    
{
                    "app": "Crmeb",
                    "timestamp":"2026-06-25 16:33:36.561",
                    "level": "DEBUG",
                    "thread": "http-nio-8169-exec-19",
                    "class": "o.s.web.servlet.DispatcherServlet",
                    "message": "Completed 200 OK" }
                    
{
                    "app": "Crmeb",
                    "timestamp":"2026-06-25 16:33:36.825",
                    "level": "DEBUG",
                    "thread": "http-nio-8169-exec-1",
                    "class": "o.s.w.s.m.m.a.RequestResponseBodyMethodProcessor",
                    "message": "Using 'application/json', given [application/json, text/plain, */*] and supported [application/json, application/*+json, application/json, application/*+json, application/cbor]" }
                    
{
                    "app": "Crmeb",
                    "timestamp":"2026-06-25 16:33:36.826",
                    "level": "DEBUG",
                    "thread": "http-nio-8169-exec-1",
                    "class": "o.s.w.s.m.m.a.RequestResponseBodyMethodProcessor",
                    "message": "Writing [com.zbkj.common.result.CommonResult@26ad65bb]" }
                    
{
                    "app": "Crmeb",
                    "timestamp":"2026-06-25 16:33:36.826",
                    "level": "DEBUG",
                    "thread": "http-nio-8169-exec-1",
                    "class": "o.s.web.servlet.DispatcherServlet",
                    "message": "Completed 200 OK" }
                    
{
                    "app": "Crmeb",
                    "timestamp":"2026-06-25 17:32:58.306",
                    "level": "DEBUG",
                    "thread": "SpringContextShutdownHook",
                    "class": "o.s.b.w.s.c.AnnotationConfigServletWebServerApplicationContext",
                    "message": "Closing org.springframework.boot.web.servlet.context.AnnotationConfigServletWebServerApplicationContext@1eb6749b, started on Thu Jun 25 11:11:08 CST 2026" }
                    
{
                    "app": "Crmeb",
                    "timestamp":"2026-06-25 17:32:58.424",
                    "level": "DEBUG",
                    "thread": "SpringContextShutdownHook",
                    "class": "o.s.b.a.endpoint.jmx.JmxEndpointExporter",
                    "message": "Unregister endpoint with ObjectName 'org.springframework.boot:type=Endpoint,name=Beans' from the JMX domain" }
                    
{
                    "app": "Crmeb",
                    "timestamp":"2026-06-25 17:32:58.424",
                    "level": "DEBUG",
                    "thread": "SpringContextShutdownHook",
                    "class": "o.s.b.a.endpoint.jmx.JmxEndpointExporter",
                    "message": "Unregister endpoint with ObjectName 'org.springframework.boot:type=Endpoint,name=Caches' from the JMX domain" }
                    
{
                    "app": "Crmeb",
                    "timestamp":"2026-06-25 17:32:58.424",
                    "level": "DEBUG",
                    "thread": "SpringContextShutdownHook",
                    "class": "o.s.b.a.endpoint.jmx.JmxEndpointExporter",
                    "message": "Unregister endpoint with ObjectName 'org.springframework.boot:type=Endpoint,name=Health' from the JMX domain" }
                    
{
                    "app": "Crmeb",
                    "timestamp":"2026-06-25 17:32:58.424",
                    "level": "DEBUG",
                    "thread": "SpringContextShutdownHook",
                    "class": "o.s.b.a.endpoint.jmx.JmxEndpointExporter",
                    "message": "Unregister endpoint with ObjectName 'org.springframework.boot:type=Endpoint,name=Info' from the JMX domain" }
                    
{
                    "app": "Crmeb",
                    "timestamp":"2026-06-25 17:32:58.424",
                    "level": "DEBUG",
                    "thread": "SpringContextShutdownHook",
                    "class": "o.s.b.a.endpoint.jmx.JmxEndpointExporter",
                    "message": "Unregister endpoint with ObjectName 'org.springframework.boot:type=Endpoint,name=Conditions' from the JMX domain" }
                    
{
                    "app": "Crmeb",
                    "timestamp":"2026-06-25 17:32:58.424",
                    "level": "DEBUG",
                    "thread": "SpringContextShutdownHook",
                    "class": "o.s.b.a.endpoint.jmx.JmxEndpointExporter",
                    "message": "Unregister endpoint with ObjectName 'org.springframework.boot:type=Endpoint,name=Configprops' from the JMX domain" }
                    
{
                    "app": "Crmeb",
                    "timestamp":"2026-06-25 17:32:58.424",
                    "level": "DEBUG",
                    "thread": "SpringContextShutdownHook",
                    "class": "o.s.b.a.endpoint.jmx.JmxEndpointExporter",
                    "message": "Unregister endpoint with ObjectName 'org.springframework.boot:type=Endpoint,name=Env' from the JMX domain" }
                    
{
                    "app": "Crmeb",
                    "timestamp":"2026-06-25 17:32:58.424",
                    "level": "DEBUG",
                    "thread": "SpringContextShutdownHook",
                    "class": "o.s.b.a.endpoint.jmx.JmxEndpointExporter",
                    "message": "Unregister endpoint with ObjectName 'org.springframework.boot:type=Endpoint,name=Loggers' from the JMX domain" }
                    
{
                    "app": "Crmeb",
                    "timestamp":"2026-06-25 17:32:58.424",
                    "level": "DEBUG",
                    "thread": "SpringContextShutdownHook",
                    "class": "o.s.b.a.endpoint.jmx.JmxEndpointExporter",
                    "message": "Unregister endpoint with ObjectName 'org.springframework.boot:type=Endpoint,name=Threaddump' from the JMX domain" }
                    
{
                    "app": "Crmeb",
                    "timestamp":"2026-06-25 17:32:58.424",
                    "level": "DEBUG",
                    "thread": "SpringContextShutdownHook",
                    "class": "o.s.b.a.endpoint.jmx.JmxEndpointExporter",
                    "message": "Unregister endpoint with ObjectName 'org.springframework.boot:type=Endpoint,name=Metrics' from the JMX domain" }
                    
{
                    "app": "Crmeb",
                    "timestamp":"2026-06-25 17:32:58.424",
                    "level": "DEBUG",
                    "thread": "SpringContextShutdownHook",
                    "class": "o.s.b.a.endpoint.jmx.JmxEndpointExporter",
                    "message": "Unregister endpoint with ObjectName 'org.springframework.boot:type=Endpoint,name=Scheduledtasks' from the JMX domain" }
                    
{
                    "app": "Crmeb",
                    "timestamp":"2026-06-25 17:32:58.425",
                    "level": "DEBUG",
                    "thread": "SpringContextShutdownHook",
                    "class": "o.s.b.a.endpoint.jmx.JmxEndpointExporter",
                    "message": "Unregister endpoint with ObjectName 'org.springframework.boot:type=Endpoint,name=Mappings' from the JMX domain" }
                    
