{
                    "app": "Crmeb",
                    "timestamp":"2026-06-30 10:00:51.656",
                    "level": "DEBUG",
                    "thread": "main",
                    "class": "o.s.b.c.l.ClasspathLoggingApplicationListener",
                    "message": "Application started with classpath: [file:/C:/Program%20Files/Java/jdk1.8.0_211/jre/lib/charsets.jar, file:/C:/Program%20Files/Java/jdk1.8.0_211/jre/lib/deploy.jar, file:/C:/Program%20Files/Java/jdk1.8.0_211/jre/lib/ext/access-bridge-64.jar, file:/C:/Program%20Files/Java/jdk1.8.0_211/jre/lib/ext/cldrdata.jar, file:/C:/Program%20Files/Java/jdk1.8.0_211/jre/lib/ext/dnsns.jar, file:/C:/Program%20Files/Java/jdk1.8.0_211/jre/lib/ext/jaccess.jar, file:/C:/Program%20Files/Java/jdk1.8.0_211/jre/lib/ext/jfxrt.jar, file:/C:/Program%20Files/Java/jdk1.8.0_211/jre/lib/ext/localedata.jar, file:/C:/Program%20Files/Java/jdk1.8.0_211/jre/lib/ext/nashorn.jar, file:/C:/Program%20Files/Java/jdk1.8.0_211/jre/lib/ext/sunec.jar, file:/C:/Program%20Files/Java/jdk1.8.0_211/jre/lib/ext/sunjce_provider.jar, file:/C:/Program%20Files/Java/jdk1.8.0_211/jre/lib/ext/sunmscapi.jar, file:/C:/Program%20Files/Java/jdk1.8.0_211/jre/lib/ext/sunpkcs11.jar, file:/C:/Program%20Files/Java/jdk1.8.0_211/jre/lib/ext/zipfs.jar, file:/C:/Program%20Files/Java/jdk1.8.0_211/jre/lib/javaws.jar, file:/C:/Program%20Files/Java/jdk1.8.0_211/jre/lib/jce.jar, file:/C:/Program%20Files/Java/jdk1.8.0_211/jre/lib/jfr.jar, file:/C:/Program%20Files/Java/jdk1.8.0_211/jre/lib/jfxswt.jar, file:/C:/Program%20Files/Java/jdk1.8.0_211/jre/lib/jsse.jar, file:/C:/Program%20Files/Java/jdk1.8.0_211/jre/lib/management-agent.jar, file:/C:/Program%20Files/Java/jdk1.8.0_211/jre/lib/plugin.jar, file:/C:/Program%20Files/Java/jdk1.8.0_211/jre/lib/resources.jar, file:/C:/Program%20Files/Java/jdk1.8.0_211/jre/lib/rt.jar, file:/D:/Desktop/code/crmeb_java/crmeb/crmeb-admin/target/classes/, file:/D:/Desktop/code/crmeb_java/crmeb/crmeb-service/target/classes/, file:/D:/Desktop/code/crmeb_java/crmeb/crmeb-common/target/classes/, file:/D:/java/apache-maven-3.6.3/repository/javax/servlet/javax.servlet-api/4.0.1/javax.servlet-api-4.0.1.jar, file:/D:/java/apache-maven-3.6.3/repository/javax/servlet/jstl/1.2/jstl-1.2.jar, file:/D:/java/apache-maven-3.6.3/repository/org/apache/tomcat/embed/tomcat-embed-jasper/9.0.33/tomcat-embed-jasper-9.0.33.jar, file:/D:/java/apache-maven-3.6.3/repository/org/apache/tomcat/embed/tomcat-embed-core/9.0.33/tomcat-embed-core-9.0.33.jar, file:/D:/java/apache-maven-3.6.3/repository/org/apache/tomcat/tomcat-annotations-api/9.0.33/tomcat-annotations-api-9.0.33.jar, file:/D:/java/apache-maven-3.6.3/repository/org/apache/tomcat/embed/tomcat-embed-el/9.0.33/tomcat-embed-el-9.0.33.jar, file:/D:/java/apache-maven-3.6.3/repository/org/eclipse/jdt/ecj/3.18.0/ecj-3.18.0.jar, file:/D:/java/apache-maven-3.6.3/repository/org/apache/tomcat/tomcat-jsp-api/9.0.33/tomcat-jsp-api-9.0.33.jar, file:/D:/java/apache-maven-3.6.3/repository/org/apache/tomcat/tomcat-el-api/9.0.33/tomcat-el-api-9.0.33.jar, file:/D:/java/apache-maven-3.6.3/repository/org/apache/tomcat/tomcat-servlet-api/9.0.33/tomcat-servlet-api-9.0.33.jar, file:/D:/java/apache-maven-3.6.3/repository/com/alibaba/fastjson/1.2.83/fastjson-1.2.83.jar, file:/D:/java/apache-maven-3.6.3/repository/com/alibaba/druid/1.1.20/druid-1.1.20.jar, file:/D:/java/apache-maven-3.6.3/repository/mysql/mysql-connector-java/5.1.24/mysql-connector-java-5.1.24.jar, file:/D:/java/apache-maven-3.6.3/repository/org/projectlombok/lombok/1.18.12/lombok-1.18.12.jar, file:/D:/java/apache-maven-3.6.3/repository/com/baomidou/mybatis-plus-boot-starter/3.3.1/mybatis-plus-boot-starter-3.3.1.jar, file:/D:/java/apache-maven-3.6.3/repository/org/springframework/boot/spring-boot-starter-jdbc/2.2.6.RELEASE/spring-boot-starter-jdbc-2.2.6.RELEASE.jar, file:/D:/java/apache-maven-3.6.3/repository/com/zaxxer/HikariCP/3.4.2/HikariCP-3.4.2.jar, file:/D:/java/apache-maven-3.6.3/repository/org/springframework/spring-jdbc/5.2.5.RELEASE/spring-jdbc-5.2.5.RELEASE.jar, file:/D:/java/apache-maven-3.6.3/repository/org/springframework/boot/spring-boot-test/2.2.6.RELEASE/spring-boot-test-2.2.6.RELEASE.jar, file:/D:/java/apache-maven-3.6.3/repository/org/springframework/spring-test/5.2.5.RELEASE/spring-test-5.2.5.RELEASE.jar, file:/D:/java/apache-maven-3.6.3/repository/com/baomidou/mybatis-plus/3.3.1/mybatis-plus-3.3.1.jar, file:/D:/java/apache-maven-3.6.3/repository/com/baomidou/mybatis-plus-extension/3.3.1/mybatis-plus-extension-3.3.1.jar, file:/D:/java/apache-maven-3.6.3/repository/com/baomidou/mybatis-plus-core/3.3.1/mybatis-plus-core-3.3.1.jar, file:/D:/java/apache-maven-3.6.3/repository/com/baomidou/mybatis-plus-annotation/3.3.1/mybatis-plus-annotation-3.3.1.jar, file:/D:/java/apache-maven-3.6.3/repository/org/mybatis/mybatis/3.5.3/mybatis-3.5.3.jar, file:/D:/java/apache-maven-3.6.3/repository/org/mybatis/mybatis-spring/2.0.3/mybatis-spring-2.0.3.jar, file:/D:/java/apache-maven-3.6.3/repository/com/baomidou/mybatis-plus-generator/3.3.1/mybatis-plus-generator-3.3.1.jar, file:/D:/java/apache-maven-3.6.3/repository/io/swagger/swagger-annotations/1.5.21/swagger-annotations-1.5.21.jar, file:/D:/java/apache-maven-3.6.3/repository/io/springfox/springfox-swagger2/2.9.2/springfox-swagger2-2.9.2.jar, file:/D:/java/apache-maven-3.6.3/repository/io/springfox/springfox-spi/2.9.2/springfox-spi-2.9.2.jar, file:/D:/java/apache-maven-3.6.3/repository/io/springfox/springfox-core/2.9.2/springfox-core-2.9.2.jar, file:/D:/java/apache-maven-3.6.3/repository/net/bytebuddy/byte-buddy/1.10.8/byte-buddy-1.10.8.jar, file:/D:/java/apache-maven-3.6.3/repository/io/springfox/springfox-schema/2.9.2/springfox-schema-2.9.2.jar, file:/D:/java/apache-maven-3.6.3/repository/io/springfox/springfox-swagger-common/2.9.2/springfox-swagger-common-2.9.2.jar, file:/D:/java/apache-maven-3.6.3/repository/io/springfox/springfox-spring-web/2.9.2/springfox-spring-web-2.9.2.jar, file:/D:/java/apache-maven-3.6.3/repository/com/google/guava/guava/20.0/guava-20.0.jar, file:/D:/java/apache-maven-3.6.3/repository/com/fasterxml/classmate/1.5.1/classmate-1.5.1.jar, file:/D:/java/apache-maven-3.6.3/repository/org/springframework/plugin/spring-plugin-core/1.2.0.RELEASE/spring-plugin-core-1.2.0.RELEASE.jar, file:/D:/java/apache-maven-3.6.3/repository/org/springframework/plugin/spring-plugin-metadata/1.2.0.RELEASE/spring-plugin-metadata-1.2.0.RELEASE.jar, file:/D:/java/apache-maven-3.6.3/repository/org/mapstruct/mapstruct/1.2.0.Final/mapstruct-1.2.0.Final.jar, file:/D:/java/apache-maven-3.6.3/repository/io/swagger/swagger-models/1.5.21/swagger-models-1.5.21.jar, file:/D:/java/apache-maven-3.6.3/repository/com/fasterxml/jackson/core/jackson-annotations/2.10.3/jackson-annotations-2.10.3.jar, file:/D:/java/apache-maven-3.6.3/repository/com/github/xiaoymin/swagger-bootstrap-ui/1.9.3/swagger-bootstrap-ui-1.9.3.jar, file:/D:/java/apache-maven-3.6.3/repository/org/springframework/boot/spring-boot-autoconfigure/2.2.6.RELEASE/spring-boot-autoconfigure-2.2.6.RELEASE.jar, file:/D:/java/apache-maven-3.6.3/repository/ch/qos/logback/logback-classic/1.2.3/logback-classic-1.2.3.jar, file:/D:/java/apache-maven-3.6.3/repository/ch/qos/logback/logback-core/1.2.3/logback-core-1.2.3.jar, file:/D:/java/apache-maven-3.6.3/repository/net/logstash/logback/logstash-logback-encoder/5.3/logstash-logback-encoder-5.3.jar, file:/D:/java/apache-maven-3.6.3/repository/com/fasterxml/jackson/core/jackson-databind/2.10.3/jackson-databind-2.10.3.jar, file:/D:/java/apache-maven-3.6.3/repository/com/fasterxml/jackson/core/jackson-core/2.10.3/jackson-core-2.10.3.jar, file:/D:/java/apache-maven-3.6.3/repository/org/springframework/boot/spring-boot-starter-web/2.2.6.RELEASE/spring-boot-starter-web-2.2.6.RELEASE.jar, file:/D:/java/apache-maven-3.6.3/repository/org/springframework/boot/spring-boot-starter-json/2.2.6.RELEASE/spring-boot-starter-json-2.2.6.RELEASE.jar, file:/D:/java/apache-maven-3.6.3/repository/com/fasterxml/jackson/datatype/jackson-datatype-jdk8/2.10.3/jackson-datatype-jdk8-2.10.3.jar, file:/D:/java/apache-maven-3.6.3/repository/com/fasterxml/jackson/datatype/jackson-datatype-jsr310/2.10.3/jackson-datatype-jsr310-2.10.3.jar, file:/D:/java/apache-maven-3.6.3/repository/com/fasterxml/jackson/module/jackson-module-parameter-names/2.10.3/jackson-module-parameter-names-2.10.3.jar, file:/D:/java/apache-maven-3.6.3/repository/org/springframework/boot/spring-boot-starter-tomcat/2.2.6.RELEASE/spring-boot-starter-tomcat-2.2.6.RELEASE.jar, file:/D:/java/apache-maven-3.6.3/repository/org/apache/tomcat/embed/tomcat-embed-websocket/9.0.33/tomcat-embed-websocket-9.0.33.jar, file:/D:/java/apache-maven-3.6.3/repository/org/springframework/boot/spring-boot-starter-validation/2.2.6.RELEASE/spring-boot-starter-validation-2.2.6.RELEASE.jar, file:/D:/java/apache-maven-3.6.3/repository/jakarta/validation/jakarta.validation-api/2.0.2/jakarta.validation-api-2.0.2.jar, file:/D:/java/apache-maven-3.6.3/repository/org/hibernate/validator/hibernate-validator/6.0.18.Final/hibernate-validator-6.0.18.Final.jar, file:/D:/java/apache-maven-3.6.3/repository/org/jboss/logging/jboss-logging/3.4.1.Final/jboss-logging-3.4.1.Final.jar, file:/D:/java/apache-maven-3.6.3/repository/org/springframework/spring-web/5.2.5.RELEASE/spring-web-5.2.5.RELEASE.jar, file:/D:/java/apache-maven-3.6.3/repository/org/springframework/spring-webmvc/5.2.5.RELEASE/spring-webmvc-5.2.5.RELEASE.jar, file:/D:/java/apache-maven-3.6.3/repository/org/springframework/boot/spring-boot-starter-data-redis/2.2.0.RELEASE/spring-boot-starter-data-redis-2.2.0.RELEASE.jar, file:/D:/java/apache-maven-3.6.3/repository/org/springframework/data/spring-data-redis/2.2.6.RELEASE/spring-data-redis-2.2.6.RELEASE.jar, file:/D:/java/apache-maven-3.6.3/repository/org/springframework/data/spring-data-keyvalue/2.2.6.RELEASE/spring-data-keyvalue-2.2.6.RELEASE.jar, file:/D:/java/apache-maven-3.6.3/repository/org/springframework/spring-oxm/5.2.5.RELEASE/spring-oxm-5.2.5.RELEASE.jar, file:/D:/java/apache-maven-3.6.3/repository/io/lettuce/lettuce-core/5.2.2.RELEASE/lettuce-core-5.2.2.RELEASE.jar, file:/D:/java/apache-maven-3.6.3/repository/io/netty/netty-common/4.1.48.Final/netty-common-4.1.48.Final.jar, file:/D:/java/apache-maven-3.6.3/repository/io/netty/netty-handler/4.1.48.Final/netty-handler-4.1.48.Final.jar, file:/D:/java/apache-maven-3.6.3/repository/io/netty/netty-resolver/4.1.48.Final/netty-resolver-4.1.48.Final.jar, file:/D:/java/apache-maven-3.6.3/repository/io/netty/netty-buffer/4.1.48.Final/netty-buffer-4.1.48.Final.jar, file:/D:/java/apache-maven-3.6.3/repository/io/netty/netty-codec/4.1.48.Final/netty-codec-4.1.48.Final.jar, file:/D:/java/apache-maven-3.6.3/repository/io/netty/netty-transport/4.1.48.Final/netty-transport-4.1.48.Final.jar, file:/D:/java/apache-maven-3.6.3/repository/io/projectreactor/reactor-core/3.3.4.RELEASE/reactor-core-3.3.4.RELEASE.jar, file:/D:/java/apache-maven-3.6.3/repository/org/reactivestreams/reactive-streams/1.0.3/reactive-streams-1.0.3.jar, file:/D:/java/apache-maven-3.6.3/repository/redis/clients/jedis/3.1.0/jedis-3.1.0.jar, file:/D:/java/apache-maven-3.6.3/repository/org/apache/commons/commons-pool2/2.7.0/commons-pool2-2.7.0.jar, file:/D:/java/apache-maven-3.6.3/repository/com/github/pagehelper/pagehelper-spring-boot-starter/1.2.5/pagehelper-spring-boot-starter-1.2.5.jar, file:/D:/java/apache-maven-3.6.3/repository/org/mybatis/spring/boot/mybatis-spring-boot-starter/1.3.2/mybatis-spring-boot-starter-1.3.2.jar, file:/D:/java/apache-maven-3.6.3/repository/org/mybatis/spring/boot/mybatis-spring-boot-autoconfigure/1.3.2/mybatis-spring-boot-autoconfigure-1.3.2.jar, file:/D:/java/apache-maven-3.6.3/repository/com/github/pagehelper/pagehelper-spring-boot-autoconfigure/1.2.5/pagehelper-spring-boot-autoconfigure-1.2.5.jar, file:/D:/java/apache-maven-3.6.3/repository/com/github/pagehelper/pagehelper/5.1.4/pagehelper-5.1.4.jar, file:/D:/java/apache-maven-3.6.3/repository/com/github/jsqlparser/jsqlparser/1.0/jsqlparser-1.0.jar, file:/D:/java/apache-maven-3.6.3/repository/javax/validation/validation-api/1.1.0.Final/validation-api-1.1.0.Final.jar, file:/D:/java/apache-maven-3.6.3/repository/org/springframework/data/spring-data-commons/2.2.6.RELEASE/spring-data-commons-2.2.6.RELEASE.jar, file:/D:/java/apache-maven-3.6.3/repository/cn/hutool/hutool-all/4.5.7/hutool-all-4.5.7.jar, file:/D:/java/apache-maven-3.6.3/repository/org/springframework/boot/spring-boot-starter-actuator/2.2.6.RELEASE/spring-boot-starter-actuator-2.2.6.RELEASE.jar, file:/D:/java/apache-maven-3.6.3/repository/org/springframework/boot/spring-boot-actuator-autoconfigure/2.2.6.RELEASE/spring-boot-actuator-autoconfigure-2.2.6.RELEASE.jar, file:/D:/java/apache-maven-3.6.3/repository/org/springframework/boot/spring-boot-actuator/2.2.6.RELEASE/spring-boot-actuator-2.2.6.RELEASE.jar, file:/D:/java/apache-maven-3.6.3/repository/io/micrometer/micrometer-core/1.3.6/micrometer-core-1.3.6.jar, file:/D:/java/apache-maven-3.6.3/repository/org/hdrhistogram/HdrHistogram/2.1.11/HdrHistogram-2.1.11.jar, file:/D:/java/apache-maven-3.6.3/repository/org/latencyutils/LatencyUtils/2.0.3/LatencyUtils-2.0.3.jar, file:/D:/java/apache-maven-3.6.3/repository/org/apache/httpcomponents/httpclient/4.5.6/httpclient-4.5.6.jar, file:/D:/java/apache-maven-3.6.3/repository/org/apache/httpcomponents/httpcore/4.4.13/httpcore-4.4.13.jar, file:/D:/java/apache-maven-3.6.3/repository/commons-logging/commons-logging/1.2/commons-logging-1.2.jar, file:/D:/java/apache-maven-3.6.3/repository/commons-codec/commons-codec/1.13/commons-codec-1.13.jar, file:/D:/java/apache-maven-3.6.3/repository/org/springframework/boot/spring-boot-starter-aop/2.2.6.RELEASE/spring-boot-starter-aop-2.2.6.RELEASE.jar, file:/D:/java/apache-maven-3.6.3/repository/org/springframework/spring-aop/5.2.5.RELEASE/spring-aop-5.2.5.RELEASE.jar, file:/D:/java/apache-maven-3.6.3/repository/org/aspectj/aspectjweaver/1.9.5/aspectjweaver-1.9.5.jar, file:/D:/java/apache-maven-3.6.3/repository/org/apache/commons/commons-lang3/3.5/commons-lang3-3.5.jar, file:/D:/java/apache-maven-3.6.3/repository/org/apache/poi/poi/3.17/poi-3.17.jar, file:/D:/java/apache-maven-3.6.3/repository/org/apache/commons/commons-collections4/4.1/commons-collections4-4.1.jar, file:/D:/java/apache-maven-3.6.3/repository/org/apache/poi/poi-ooxml/3.17/poi-ooxml-3.17.jar, file:/D:/java/apache-maven-3.6.3/repository/org/apache/poi/poi-ooxml-schemas/3.17/poi-ooxml-schemas-3.17.jar, file:/D:/java/apache-maven-3.6.3/repository/org/apache/xmlbeans/xmlbeans/2.6.0/xmlbeans-2.6.0.jar, file:/D:/java/apache-maven-3.6.3/repository/com/github/virtuald/curvesapi/1.04/curvesapi-1.04.jar, file:/D:/java/apache-maven-3.6.3/repository/commons-fileupload/commons-fileupload/1.3.3/commons-fileupload-1.3.3.jar, file:/D:/java/apache-maven-3.6.3/repository/commons-io/commons-io/2.4/commons-io-2.4.jar, file:/D:/java/apache-maven-3.6.3/repository/net/coobird/thumbnailator/0.4.8/thumbnailator-0.4.8.jar, file:/D:/java/apache-maven-3.6.3/repository/com/aliyun/oss/aliyun-sdk-oss/3.5.0/aliyun-sdk-oss-3.5.0.jar, file:/D:/java/apache-maven-3.6.3/repository/org/jdom/jdom/1.1/jdom-1.1.jar, file:/D:/java/apache-maven-3.6.3/repository/org/codehaus/jettison/jettison/1.1/jettison-1.1.jar, file:/D:/java/apache-maven-3.6.3/repository/stax/stax-api/1.0.1/stax-api-1.0.1.jar, file:/D:/java/apache-maven-3.6.3/repository/com/aliyun/aliyun-java-sdk-core/3.4.0/aliyun-java-sdk-core-3.4.0.jar, file:/D:/java/apache-maven-3.6.3/repository/com/aliyun/aliyun-java-sdk-ram/3.0.0/aliyun-java-sdk-ram-3.0.0.jar, file:/D:/java/apache-maven-3.6.3/repository/com/aliyun/aliyun-java-sdk-sts/3.0.0/aliyun-java-sdk-sts-3.0.0.jar, file:/D:/java/apache-maven-3.6.3/repository/com/aliyun/aliyun-java-sdk-ecs/4.2.0/aliyun-java-sdk-ecs-4.2.0.jar, file:/D:/java/apache-maven-3.6.3/repository/com/qcloud/cos_api/5.6.22/cos_api-5.6.22.jar, file:/D:/java/apache-maven-3.6.3/repository/joda-time/joda-time/2.10.5/joda-time-2.10.5.jar, file:/D:/java/apache-maven-3.6.3/repository/org/bouncycastle/bcprov-jdk15on/1.64/bcprov-jdk15on-1.64.jar, file:/D:/java/apache-maven-3.6.3/repository/com/qiniu/qiniu-java-sdk/7.2.28/qiniu-java-sdk-7.2.28.jar, file:/D:/java/apache-maven-3.6.3/repository/com/squareup/okhttp3/okhttp/3.14.7/okhttp-3.14.7.jar, file:/D:/java/apache-maven-3.6.3/repository/com/squareup/okio/okio/1.17.2/okio-1.17.2.jar, file:/D:/java/apache-maven-3.6.3/repository/com/amazonaws/aws-java-sdk-s3/1.12.99/aws-java-sdk-s3-1.12.99.jar, file:/D:/java/apache-maven-3.6.3/repository/com/amazonaws/aws-java-sdk-kms/1.12.99/aws-java-sdk-kms-1.12.99.jar, file:/D:/java/apache-maven-3.6.3/repository/com/amazonaws/aws-java-sdk-core/1.12.99/aws-java-sdk-core-1.12.99.jar, file:/D:/java/apache-maven-3.6.3/repository/software/amazon/ion/ion-java/1.0.2/ion-java-1.0.2.jar, file:/D:/java/apache-maven-3.6.3/repository/com/fasterxml/jackson/dataformat/jackson-dataformat-cbor/2.10.3/jackson-dataformat-cbor-2.10.3.jar, file:/D:/java/apache-maven-3.6.3/repository/com/amazonaws/jmespath-java/1.12.99/jmespath-java-1.12.99.jar, file:/D:/java/apache-maven-3.6.3/repository/dom4j/dom4j/1.6.1/dom4j-1.6.1.jar, file:/D:/java/apache-maven-3.6.3/repository/xml-apis/xml-apis/1.0.b2/xml-apis-1.0.b2.jar, file:/D:/java/apache-maven-3.6.3/repository/com/thoughtworks/xstream/xstream/1.4.18/xstream-1.4.18.jar, file:/D:/java/apache-maven-3.6.3/repository/io/github/x-stream/mxparser/1.2.2/mxparser-1.2.2.jar, file:/D:/java/apache-maven-3.6.3/repository/xmlpull/xmlpull/1.1.3.1/xmlpull-1.1.3.1.jar, file:/D:/java/apache-maven-3.6.3/repository/com/vaadin/external/google/android-json/0.0.20131108.vaadin1/android-json-0.0.20131108.vaadin1.jar, file:/D:/java/apache-maven-3.6.3/repository/org/apache/httpcomponents/httpmime/4.5.2/httpmime-4.5.2.jar, file:/D:/java/apache-maven-3.6.3/repository/com/google/zxing/core/3.3.3/core-3.3.3.jar, file:/D:/java/apache-maven-3.6.3/repository/com/google/zxing/javase/3.3.3/javase-3.3.3.jar, file:/D:/java/apache-maven-3.6.3/repository/com/beust/jcommander/1.72/jcommander-1.72.jar, file:/D:/java/apache-maven-3.6.3/repository/com/github/jai-imageio/jai-imageio-core/1.4.0/jai-imageio-core-1.4.0.jar, file:/D:/java/apache-maven-3.6.3/repository/io/jsonwebtoken/jjwt/0.9.1/jjwt-0.9.1.jar, file:/D:/java/apache-maven-3.6.3/repository/com/auth0/jwks-rsa/0.9.0/jwks-rsa-0.9.0.jar, file:/D:/java/apache-maven-3.6.3/repository/com/alipay/sdk/alipay-sdk-java/4.15.20.ALL/alipay-sdk-java-4.15.20.ALL.jar, file:/D:/java/apache-maven-3.6.3/repository/org/springframework/boot/spring-boot-starter-security/2.2.6.RELEASE/spring-boot-starter-security-2.2.6.RELEASE.jar, file:/D:/java/apache-maven-3.6.3/repository/org/springframework/security/spring-security-config/5.2.2.RELEASE/spring-security-config-5.2.2.RELEASE.jar, file:/D:/java/apache-maven-3.6.3/repository/org/springframework/security/spring-security-core/5.2.2.RELEASE/spring-security-core-5.2.2.RELEASE.jar, file:/D:/java/apache-maven-3.6.3/repository/org/springframework/security/spring-security-web/5.2.2.RELEASE/spring-security-web-5.2.2.RELEASE.jar, file:/D:/java/apache-maven-3.6.3/repository/com/anji-plus/spring-boot-starter-captcha/1.3.0/spring-boot-starter-captcha-1.3.0.jar, file:/D:/java/apache-maven-3.6.3/repository/com/anji-plus/captcha/1.3.0/captcha-1.3.0.jar, file:/D:/java/apache-maven-3.6.3/repository/com/jayway/jsonpath/json-path/2.4.0/json-path-2.4.0.jar, file:/D:/java/apache-maven-3.6.3/repository/net/minidev/json-smart/2.3/json-smart-2.3.jar, file:/D:/java/apache-maven-3.6.3/repository/net/minidev/accessors-smart/1.2/accessors-smart-1.2.jar, file:/D:/java/apache-maven-3.6.3/repository/org/ow2/asm/asm/5.0.4/asm-5.0.4.jar, file:/D:/java/apache-maven-3.6.3/repository/com/google/code/gson/gson/2.8.6/gson-2.8.6.jar, file:/D:/java/apache-maven-3.6.3/repository/org/springframework/boot/spring-boot-starter-quartz/2.2.6.RELEASE/spring-boot-starter-quartz-2.2.6.RELEASE.jar, file:/D:/java/apache-maven-3.6.3/repository/org/springframework/boot/spring-boot-starter/2.2.6.RELEASE/spring-boot-starter-2.2.6.RELEASE.jar, file:/D:/java/apache-maven-3.6.3/repository/org/springframework/boot/spring-boot/2.2.6.RELEASE/spring-boot-2.2.6.RELEASE.jar, file:/D:/java/apache-maven-3.6.3/repository/org/springframework/boot/spring-boot-starter-logging/2.2.6.RELEASE/spring-boot-starter-logging-2.2.6.RELEASE.jar, file:/D:/java/apache-maven-3.6.3/repository/org/apache/logging/log4j/log4j-to-slf4j/2.12.1/log4j-to-slf4j-2.12.1.jar, file:/D:/java/apache-maven-3.6.3/repository/org/apache/logging/log4j/log4j-api/2.12.1/log4j-api-2.12.1.jar, file:/D:/java/apache-maven-3.6.3/repository/org/slf4j/jul-to-slf4j/1.7.30/jul-to-slf4j-1.7.30.jar, file:/D:/java/apache-maven-3.6.3/repository/jakarta/annotation/jakarta.annotation-api/1.3.5/jakarta.annotation-api-1.3.5.jar, file:/D:/java/apache-maven-3.6.3/repository/org/springframework/spring-core/5.2.5.RELEASE/spring-core-5.2.5.RELEASE.jar, file:/D:/java/apache-maven-3.6.3/repository/org/springframework/spring-jcl/5.2.5.RELEASE/spring-jcl-5.2.5.RELEASE.jar, file:/D:/java/apache-maven-3.6.3/repository/org/yaml/snakeyaml/1.25/snakeyaml-1.25.jar, file:/D:/java/apache-maven-3.6.3/repository/org/springframework/spring-context-support/5.2.5.RELEASE/spring-context-support-5.2.5.RELEASE.jar, file:/D:/java/apache-maven-3.6.3/repository/org/springframework/spring-beans/5.2.5.RELEASE/spring-beans-5.2.5.RELEASE.jar, file:/D:/java/apache-maven-3.6.3/repository/org/springframework/spring-context/5.2.5.RELEASE/spring-context-5.2.5.RELEASE.jar, file:/D:/java/apache-maven-3.6.3/repository/org/springframework/spring-expression/5.2.5.RELEASE/spring-expression-5.2.5.RELEASE.jar, file:/D:/java/apache-maven-3.6.3/repository/org/springframework/spring-tx/5.2.5.RELEASE/spring-tx-5.2.5.RELEASE.jar, file:/D:/java/apache-maven-3.6.3/repository/org/quartz-scheduler/quartz/2.3.2/quartz-2.3.2.jar, file:/D:/java/apache-maven-3.6.3/repository/com/mchange/mchange-commons-java/0.2.15/mchange-commons-java-0.2.15.jar, file:/D:/java/apache-maven-3.6.3/repository/com/github/oshi/oshi-core/5.8.6/oshi-core-5.8.6.jar, file:/D:/java/apache-maven-3.6.3/repository/org/slf4j/slf4j-api/1.7.30/slf4j-api-1.7.30.jar, file:/D:/java/apache-maven-3.6.3/repository/net/java/dev/jna/jna/5.13.0/jna-5.13.0.jar, file:/D:/java/apache-maven-3.6.3/repository/net/java/dev/jna/jna-platform/5.13.0/jna-platform-5.13.0.jar, file:/D:/Program%20Files/JetBrains/IntelliJ%20IDEA%202022.1.3/lib/idea_rt.jar, file:/C:/Users/Administrator/AppData/Local/JetBrains/IntelliJIdea2022.1/captureAgent/debugger-agent.jar]" }
                    
{
                    "app": "Crmeb",
                    "timestamp":"2026-06-30 10:00:52.410",
                    "level": "DEBUG",
                    "thread": "main",
                    "class": "o.springframework.boot.SpringApplication",
                    "message": "Loading source class com.zbkj.admin.CrmebAdminApplication" }
                    
{
                    "app": "Crmeb",
                    "timestamp":"2026-06-30 10:00:52.497",
                    "level": "DEBUG",
                    "thread": "main",
                    "class": "o.s.b.c.c.ConfigFileApplicationListener",
                    "message": "Loaded config file 'file:/D:/Desktop/code/crmeb_java/crmeb/crmeb-admin/target/classes/application.yml' (classpath:/application.yml)" }
                    
{
                    "app": "Crmeb",
                    "timestamp":"2026-06-30 10:00:52.498",
                    "level": "DEBUG",
                    "thread": "main",
                    "class": "o.s.b.w.s.c.AnnotationConfigServletWebServerApplicationContext",
                    "message": "Refreshing org.springframework.boot.web.servlet.context.AnnotationConfigServletWebServerApplicationContext@4a067c25" }
                    
{
                    "app": "Crmeb",
                    "timestamp":"2026-06-30 10:01:07.535",
                    "level": "DEBUG",
                    "thread": "main",
                    "class": "o.s.b.w.e.t.TomcatServletWebServerFactory",
                    "message": "Code archive: D:\java\apache-maven-3.6.3\repository\org\springframework\boot\spring-boot\2.2.6.RELEASE\spring-boot-2.2.6.RELEASE.jar" }
                    
{
                    "app": "Crmeb",
                    "timestamp":"2026-06-30 10:01:07.535",
                    "level": "DEBUG",
                    "thread": "main",
                    "class": "o.s.b.w.e.t.TomcatServletWebServerFactory",
                    "message": "Code archive: D:\java\apache-maven-3.6.3\repository\org\springframework\boot\spring-boot\2.2.6.RELEASE\spring-boot-2.2.6.RELEASE.jar" }
                    
{
                    "app": "Crmeb",
                    "timestamp":"2026-06-30 10:01:07.535",
                    "level": "DEBUG",
                    "thread": "main",
                    "class": "o.s.b.w.e.t.TomcatServletWebServerFactory",
                    "message": "None of the document roots [src/main/webapp, public, static] point to a directory and will be ignored." }
                    
{
                    "app": "Crmeb",
                    "timestamp":"2026-06-30 10:01:08.680",
                    "level": "DEBUG",
                    "thread": "main",
                    "class": "o.s.web.context.ContextLoader",
                    "message": "Published root WebApplicationContext as ServletContext attribute with name [org.springframework.web.context.WebApplicationContext.ROOT]" }
                    
{
                    "app": "Crmeb",
                    "timestamp":"2026-06-30 10:01:09.930",
                    "level": "DEBUG",
                    "thread": "main",
                    "class": "o.s.b.w.s.ServletContextInitializerBeans",
                    "message": "Mapping filters: filterRegistrationBean urls=[/*] order=-2147483647, springSecurityFilterChain urls=[/*] order=-100, filterRegistrationBean urls=[/*] order=2147483647, filterRegistrationBean urls=[/api/*] order=2147483647, characterEncodingFilter urls=[/*] order=-2147483648, formContentFilter urls=[/*] order=-9900, requestContextFilter urls=[/*] order=-105, corsFilter urls=[/*] order=2147483647, jwtAuthenticationTokenFilter urls=[/*] order=2147483647" }
                    
{
                    "app": "Crmeb",
                    "timestamp":"2026-06-30 10:01:09.930",
                    "level": "DEBUG",
                    "thread": "main",
                    "class": "o.s.b.w.s.ServletContextInitializerBeans",
                    "message": "Mapping servlets: statViewServlet urls=[/druid/*], dispatcherServlet urls=[/]" }
                    
{
                    "app": "Crmeb",
                    "timestamp":"2026-06-30 10:01:09.972",
                    "level": "DEBUG",
                    "thread": "main",
                    "class": "o.s.b.a.m.w.servlet.WebMvcMetricsFilter",
                    "message": "Filter 'webMvcMetricsFilter' configured for use" }
                    
{
                    "app": "Crmeb",
                    "timestamp":"2026-06-30 10:01:09.972",
                    "level": "DEBUG",
                    "thread": "main",
                    "class": "o.s.b.w.s.f.OrderedRequestContextFilter",
                    "message": "Filter 'requestContextFilter' configured for use" }
                    
{
                    "app": "Crmeb",
                    "timestamp":"2026-06-30 10:01:09.973",
                    "level": "DEBUG",
                    "thread": "main",
                    "class": "o.springframework.web.filter.CorsFilter",
                    "message": "Filter 'corsFilter' configured for use" }
                    
{
                    "app": "Crmeb",
                    "timestamp":"2026-06-30 10:01:09.973",
                    "level": "DEBUG",
                    "thread": "main",
                    "class": "o.s.b.w.s.f.OrderedCharacterEncodingFilter",
                    "message": "Filter 'characterEncodingFilter' configured for use" }
                    
{
                    "app": "Crmeb",
                    "timestamp":"2026-06-30 10:01:09.973",
                    "level": "DEBUG",
                    "thread": "main",
                    "class": "o.s.b.w.s.DelegatingFilterProxyRegistrationBean$1",
                    "message": "Filter 'springSecurityFilterChain' configured for use" }
                    
{
                    "app": "Crmeb",
                    "timestamp":"2026-06-30 10:01:09.973",
                    "level": "DEBUG",
                    "thread": "main",
                    "class": "o.s.b.w.s.f.OrderedFormContentFilter",
                    "message": "Filter 'formContentFilter' configured for use" }
                    
{
                    "app": "Crmeb",
                    "timestamp":"2026-06-30 10:01:20.184",
                    "level": "DEBUG",
                    "thread": "main",
                    "class": "o.s.w.s.m.m.a.RequestMappingHandlerMapping",
                    "message": "331 mappings in 'requestMappingHandlerMapping'" }
                    
{
                    "app": "Crmeb",
                    "timestamp":"2026-06-30 10:01:20.781",
                    "level": "DEBUG",
                    "thread": "main",
                    "class": "o.s.b.a.SpringApplicationAdminMXBeanRegistrar$SpringApplicationAdmin",
                    "message": "Application Admin MBean registered with name 'org.springframework.boot:type=Admin,name=SpringApplication'" }
                    
{
                    "app": "Crmeb",
                    "timestamp":"2026-06-30 10:01:20.788",
                    "level": "DEBUG",
                    "thread": "main",
                    "class": "o.s.w.s.m.m.a.RequestMappingHandlerAdapter",
                    "message": "ControllerAdvice beans: 0 @ModelAttribute, 0 @InitBinder, 1 RequestBodyAdvice, 2 ResponseBodyAdvice" }
                    
{
                    "app": "Crmeb",
                    "timestamp":"2026-06-30 10:01:20.840",
                    "level": "DEBUG",
                    "thread": "main",
                    "class": "o.s.w.s.handler.SimpleUrlHandlerMapping",
                    "message": "Patterns [/webjars/**, /**, /doc.html, /crmebimage/**, /uploadf/**] in 'resourceHandlerMapping'" }
                    
{
                    "app": "Crmeb",
                    "timestamp":"2026-06-30 10:01:20.865",
                    "level": "DEBUG",
                    "thread": "main",
                    "class": "o.s.w.s.m.m.a.ExceptionHandlerExceptionResolver",
                    "message": "ControllerAdvice beans: 1 @ExceptionHandler, 2 ResponseBodyAdvice" }
                    
{
                    "app": "Crmeb",
                    "timestamp":"2026-06-30 10:02:45.415",
                    "level": "DEBUG",
                    "thread": "http-nio-8169-exec-1",
                    "class": "o.s.web.servlet.DispatcherServlet",
                    "message": "Detected StandardServletMultipartResolver" }
                    
{
                    "app": "Crmeb",
                    "timestamp":"2026-06-30 10:02:45.423",
                    "level": "DEBUG",
                    "thread": "http-nio-8169-exec-1",
                    "class": "o.s.web.servlet.DispatcherServlet",
                    "message": "enableLoggingRequestDetails='false': request parameters and headers will be masked to prevent unsafe logging of potentially sensitive data" }
                    
{
                    "app": "Crmeb",
                    "timestamp":"2026-06-30 15:04:02.328",
                    "level": "DEBUG",
                    "thread": "SpringContextShutdownHook",
                    "class": "o.s.b.w.s.c.AnnotationConfigServletWebServerApplicationContext",
                    "message": "Closing org.springframework.boot.web.servlet.context.AnnotationConfigServletWebServerApplicationContext@4a067c25, started on Tue Jun 30 10:00:52 CST 2026" }
                    
{
                    "app": "Crmeb",
                    "timestamp":"2026-06-30 15:04:10.371",
                    "level": "DEBUG",
                    "thread": "SpringContextShutdownHook",
                    "class": "o.s.b.a.endpoint.jmx.JmxEndpointExporter",
                    "message": "Unregister endpoint with ObjectName 'org.springframework.boot:type=Endpoint,name=Beans' from the JMX domain" }
                    
{
                    "app": "Crmeb",
                    "timestamp":"2026-06-30 15:04:10.377",
                    "level": "DEBUG",
                    "thread": "SpringContextShutdownHook",
                    "class": "o.s.b.a.endpoint.jmx.JmxEndpointExporter",
                    "message": "Unregister endpoint with ObjectName 'org.springframework.boot:type=Endpoint,name=Caches' from the JMX domain" }
                    
{
                    "app": "Crmeb",
                    "timestamp":"2026-06-30 15:04:10.378",
                    "level": "DEBUG",
                    "thread": "SpringContextShutdownHook",
                    "class": "o.s.b.a.endpoint.jmx.JmxEndpointExporter",
                    "message": "Unregister endpoint with ObjectName 'org.springframework.boot:type=Endpoint,name=Health' from the JMX domain" }
                    
{
                    "app": "Crmeb",
                    "timestamp":"2026-06-30 15:04:10.378",
                    "level": "DEBUG",
                    "thread": "SpringContextShutdownHook",
                    "class": "o.s.b.a.endpoint.jmx.JmxEndpointExporter",
                    "message": "Unregister endpoint with ObjectName 'org.springframework.boot:type=Endpoint,name=Info' from the JMX domain" }
                    
{
                    "app": "Crmeb",
                    "timestamp":"2026-06-30 15:04:10.378",
                    "level": "DEBUG",
                    "thread": "SpringContextShutdownHook",
                    "class": "o.s.b.a.endpoint.jmx.JmxEndpointExporter",
                    "message": "Unregister endpoint with ObjectName 'org.springframework.boot:type=Endpoint,name=Conditions' from the JMX domain" }
                    
{
                    "app": "Crmeb",
                    "timestamp":"2026-06-30 15:04:10.378",
                    "level": "DEBUG",
                    "thread": "SpringContextShutdownHook",
                    "class": "o.s.b.a.endpoint.jmx.JmxEndpointExporter",
                    "message": "Unregister endpoint with ObjectName 'org.springframework.boot:type=Endpoint,name=Configprops' from the JMX domain" }
                    
{
                    "app": "Crmeb",
                    "timestamp":"2026-06-30 15:04:10.378",
                    "level": "DEBUG",
                    "thread": "SpringContextShutdownHook",
                    "class": "o.s.b.a.endpoint.jmx.JmxEndpointExporter",
                    "message": "Unregister endpoint with ObjectName 'org.springframework.boot:type=Endpoint,name=Env' from the JMX domain" }
                    
{
                    "app": "Crmeb",
                    "timestamp":"2026-06-30 15:04:10.378",
                    "level": "DEBUG",
                    "thread": "SpringContextShutdownHook",
                    "class": "o.s.b.a.endpoint.jmx.JmxEndpointExporter",
                    "message": "Unregister endpoint with ObjectName 'org.springframework.boot:type=Endpoint,name=Loggers' from the JMX domain" }
                    
{
                    "app": "Crmeb",
                    "timestamp":"2026-06-30 15:04:10.378",
                    "level": "DEBUG",
                    "thread": "SpringContextShutdownHook",
                    "class": "o.s.b.a.endpoint.jmx.JmxEndpointExporter",
                    "message": "Unregister endpoint with ObjectName 'org.springframework.boot:type=Endpoint,name=Threaddump' from the JMX domain" }
                    
{
                    "app": "Crmeb",
                    "timestamp":"2026-06-30 15:04:10.378",
                    "level": "DEBUG",
                    "thread": "SpringContextShutdownHook",
                    "class": "o.s.b.a.endpoint.jmx.JmxEndpointExporter",
                    "message": "Unregister endpoint with ObjectName 'org.springframework.boot:type=Endpoint,name=Metrics' from the JMX domain" }
                    
{
                    "app": "Crmeb",
                    "timestamp":"2026-06-30 15:04:10.378",
                    "level": "DEBUG",
                    "thread": "SpringContextShutdownHook",
                    "class": "o.s.b.a.endpoint.jmx.JmxEndpointExporter",
                    "message": "Unregister endpoint with ObjectName 'org.springframework.boot:type=Endpoint,name=Scheduledtasks' from the JMX domain" }
                    
{
                    "app": "Crmeb",
                    "timestamp":"2026-06-30 15:04:10.378",
                    "level": "DEBUG",
                    "thread": "SpringContextShutdownHook",
                    "class": "o.s.b.a.endpoint.jmx.JmxEndpointExporter",
                    "message": "Unregister endpoint with ObjectName 'org.springframework.boot:type=Endpoint,name=Mappings' from the JMX domain" }
                    
{
                    "app": "Crmeb",
                    "timestamp":"2026-06-30 15:12:49.288",
                    "level": "DEBUG",
                    "thread": "main",
                    "class": "o.s.b.c.l.ClasspathLoggingApplicationListener",
                    "message": "Application started with classpath: [file:/C:/Program%20Files/Java/jdk1.8.0_211/jre/lib/charsets.jar, file:/C:/Program%20Files/Java/jdk1.8.0_211/jre/lib/deploy.jar, file:/C:/Program%20Files/Java/jdk1.8.0_211/jre/lib/ext/access-bridge-64.jar, file:/C:/Program%20Files/Java/jdk1.8.0_211/jre/lib/ext/cldrdata.jar, file:/C:/Program%20Files/Java/jdk1.8.0_211/jre/lib/ext/dnsns.jar, file:/C:/Program%20Files/Java/jdk1.8.0_211/jre/lib/ext/jaccess.jar, file:/C:/Program%20Files/Java/jdk1.8.0_211/jre/lib/ext/jfxrt.jar, file:/C:/Program%20Files/Java/jdk1.8.0_211/jre/lib/ext/localedata.jar, file:/C:/Program%20Files/Java/jdk1.8.0_211/jre/lib/ext/nashorn.jar, file:/C:/Program%20Files/Java/jdk1.8.0_211/jre/lib/ext/sunec.jar, file:/C:/Program%20Files/Java/jdk1.8.0_211/jre/lib/ext/sunjce_provider.jar, file:/C:/Program%20Files/Java/jdk1.8.0_211/jre/lib/ext/sunmscapi.jar, file:/C:/Program%20Files/Java/jdk1.8.0_211/jre/lib/ext/sunpkcs11.jar, file:/C:/Program%20Files/Java/jdk1.8.0_211/jre/lib/ext/zipfs.jar, file:/C:/Program%20Files/Java/jdk1.8.0_211/jre/lib/javaws.jar, file:/C:/Program%20Files/Java/jdk1.8.0_211/jre/lib/jce.jar, file:/C:/Program%20Files/Java/jdk1.8.0_211/jre/lib/jfr.jar, file:/C:/Program%20Files/Java/jdk1.8.0_211/jre/lib/jfxswt.jar, file:/C:/Program%20Files/Java/jdk1.8.0_211/jre/lib/jsse.jar, file:/C:/Program%20Files/Java/jdk1.8.0_211/jre/lib/management-agent.jar, file:/C:/Program%20Files/Java/jdk1.8.0_211/jre/lib/plugin.jar, file:/C:/Program%20Files/Java/jdk1.8.0_211/jre/lib/resources.jar, file:/C:/Program%20Files/Java/jdk1.8.0_211/jre/lib/rt.jar, file:/D:/Desktop/code/crmeb_java/crmeb/crmeb-admin/target/classes/, file:/D:/Desktop/code/crmeb_java/crmeb/crmeb-service/target/classes/, file:/D:/Desktop/code/crmeb_java/crmeb/crmeb-common/target/classes/, file:/D:/java/apache-maven-3.6.3/repository/javax/servlet/javax.servlet-api/4.0.1/javax.servlet-api-4.0.1.jar, file:/D:/java/apache-maven-3.6.3/repository/javax/servlet/jstl/1.2/jstl-1.2.jar, file:/D:/java/apache-maven-3.6.3/repository/org/apache/tomcat/embed/tomcat-embed-jasper/9.0.33/tomcat-embed-jasper-9.0.33.jar, file:/D:/java/apache-maven-3.6.3/repository/org/apache/tomcat/embed/tomcat-embed-core/9.0.33/tomcat-embed-core-9.0.33.jar, file:/D:/java/apache-maven-3.6.3/repository/org/apache/tomcat/tomcat-annotations-api/9.0.33/tomcat-annotations-api-9.0.33.jar, file:/D:/java/apache-maven-3.6.3/repository/org/apache/tomcat/embed/tomcat-embed-el/9.0.33/tomcat-embed-el-9.0.33.jar, file:/D:/java/apache-maven-3.6.3/repository/org/eclipse/jdt/ecj/3.18.0/ecj-3.18.0.jar, file:/D:/java/apache-maven-3.6.3/repository/org/apache/tomcat/tomcat-jsp-api/9.0.33/tomcat-jsp-api-9.0.33.jar, file:/D:/java/apache-maven-3.6.3/repository/org/apache/tomcat/tomcat-el-api/9.0.33/tomcat-el-api-9.0.33.jar, file:/D:/java/apache-maven-3.6.3/repository/org/apache/tomcat/tomcat-servlet-api/9.0.33/tomcat-servlet-api-9.0.33.jar, file:/D:/java/apache-maven-3.6.3/repository/com/alibaba/fastjson/1.2.83/fastjson-1.2.83.jar, file:/D:/java/apache-maven-3.6.3/repository/com/alibaba/druid/1.1.20/druid-1.1.20.jar, file:/D:/java/apache-maven-3.6.3/repository/mysql/mysql-connector-java/5.1.24/mysql-connector-java-5.1.24.jar, file:/D:/java/apache-maven-3.6.3/repository/org/projectlombok/lombok/1.18.12/lombok-1.18.12.jar, file:/D:/java/apache-maven-3.6.3/repository/com/baomidou/mybatis-plus-boot-starter/3.3.1/mybatis-plus-boot-starter-3.3.1.jar, file:/D:/java/apache-maven-3.6.3/repository/org/springframework/boot/spring-boot-starter-jdbc/2.2.6.RELEASE/spring-boot-starter-jdbc-2.2.6.RELEASE.jar, file:/D:/java/apache-maven-3.6.3/repository/com/zaxxer/HikariCP/3.4.2/HikariCP-3.4.2.jar, file:/D:/java/apache-maven-3.6.3/repository/org/springframework/spring-jdbc/5.2.5.RELEASE/spring-jdbc-5.2.5.RELEASE.jar, file:/D:/java/apache-maven-3.6.3/repository/org/springframework/boot/spring-boot-test/2.2.6.RELEASE/spring-boot-test-2.2.6.RELEASE.jar, file:/D:/java/apache-maven-3.6.3/repository/org/springframework/spring-test/5.2.5.RELEASE/spring-test-5.2.5.RELEASE.jar, file:/D:/java/apache-maven-3.6.3/repository/com/baomidou/mybatis-plus/3.3.1/mybatis-plus-3.3.1.jar, file:/D:/java/apache-maven-3.6.3/repository/com/baomidou/mybatis-plus-extension/3.3.1/mybatis-plus-extension-3.3.1.jar, file:/D:/java/apache-maven-3.6.3/repository/com/baomidou/mybatis-plus-core/3.3.1/mybatis-plus-core-3.3.1.jar, file:/D:/java/apache-maven-3.6.3/repository/com/baomidou/mybatis-plus-annotation/3.3.1/mybatis-plus-annotation-3.3.1.jar, file:/D:/java/apache-maven-3.6.3/repository/org/mybatis/mybatis/3.5.3/mybatis-3.5.3.jar, file:/D:/java/apache-maven-3.6.3/repository/org/mybatis/mybatis-spring/2.0.3/mybatis-spring-2.0.3.jar, file:/D:/java/apache-maven-3.6.3/repository/com/baomidou/mybatis-plus-generator/3.3.1/mybatis-plus-generator-3.3.1.jar, file:/D:/java/apache-maven-3.6.3/repository/io/swagger/swagger-annotations/1.5.21/swagger-annotations-1.5.21.jar, file:/D:/java/apache-maven-3.6.3/repository/io/springfox/springfox-swagger2/2.9.2/springfox-swagger2-2.9.2.jar, file:/D:/java/apache-maven-3.6.3/repository/io/springfox/springfox-spi/2.9.2/springfox-spi-2.9.2.jar, file:/D:/java/apache-maven-3.6.3/repository/io/springfox/springfox-core/2.9.2/springfox-core-2.9.2.jar, file:/D:/java/apache-maven-3.6.3/repository/net/bytebuddy/byte-buddy/1.10.8/byte-buddy-1.10.8.jar, file:/D:/java/apache-maven-3.6.3/repository/io/springfox/springfox-schema/2.9.2/springfox-schema-2.9.2.jar, file:/D:/java/apache-maven-3.6.3/repository/io/springfox/springfox-swagger-common/2.9.2/springfox-swagger-common-2.9.2.jar, file:/D:/java/apache-maven-3.6.3/repository/io/springfox/springfox-spring-web/2.9.2/springfox-spring-web-2.9.2.jar, file:/D:/java/apache-maven-3.6.3/repository/com/google/guava/guava/20.0/guava-20.0.jar, file:/D:/java/apache-maven-3.6.3/repository/com/fasterxml/classmate/1.5.1/classmate-1.5.1.jar, file:/D:/java/apache-maven-3.6.3/repository/org/springframework/plugin/spring-plugin-core/1.2.0.RELEASE/spring-plugin-core-1.2.0.RELEASE.jar, file:/D:/java/apache-maven-3.6.3/repository/org/springframework/plugin/spring-plugin-metadata/1.2.0.RELEASE/spring-plugin-metadata-1.2.0.RELEASE.jar, file:/D:/java/apache-maven-3.6.3/repository/org/mapstruct/mapstruct/1.2.0.Final/mapstruct-1.2.0.Final.jar, file:/D:/java/apache-maven-3.6.3/repository/io/swagger/swagger-models/1.5.21/swagger-models-1.5.21.jar, file:/D:/java/apache-maven-3.6.3/repository/com/fasterxml/jackson/core/jackson-annotations/2.10.3/jackson-annotations-2.10.3.jar, file:/D:/java/apache-maven-3.6.3/repository/com/github/xiaoymin/swagger-bootstrap-ui/1.9.3/swagger-bootstrap-ui-1.9.3.jar, file:/D:/java/apache-maven-3.6.3/repository/org/springframework/boot/spring-boot-autoconfigure/2.2.6.RELEASE/spring-boot-autoconfigure-2.2.6.RELEASE.jar, file:/D:/java/apache-maven-3.6.3/repository/ch/qos/logback/logback-classic/1.2.3/logback-classic-1.2.3.jar, file:/D:/java/apache-maven-3.6.3/repository/ch/qos/logback/logback-core/1.2.3/logback-core-1.2.3.jar, file:/D:/java/apache-maven-3.6.3/repository/net/logstash/logback/logstash-logback-encoder/5.3/logstash-logback-encoder-5.3.jar, file:/D:/java/apache-maven-3.6.3/repository/com/fasterxml/jackson/core/jackson-databind/2.10.3/jackson-databind-2.10.3.jar, file:/D:/java/apache-maven-3.6.3/repository/com/fasterxml/jackson/core/jackson-core/2.10.3/jackson-core-2.10.3.jar, file:/D:/java/apache-maven-3.6.3/repository/org/springframework/boot/spring-boot-starter-web/2.2.6.RELEASE/spring-boot-starter-web-2.2.6.RELEASE.jar, file:/D:/java/apache-maven-3.6.3/repository/org/springframework/boot/spring-boot-starter-json/2.2.6.RELEASE/spring-boot-starter-json-2.2.6.RELEASE.jar, file:/D:/java/apache-maven-3.6.3/repository/com/fasterxml/jackson/datatype/jackson-datatype-jdk8/2.10.3/jackson-datatype-jdk8-2.10.3.jar, file:/D:/java/apache-maven-3.6.3/repository/com/fasterxml/jackson/datatype/jackson-datatype-jsr310/2.10.3/jackson-datatype-jsr310-2.10.3.jar, file:/D:/java/apache-maven-3.6.3/repository/com/fasterxml/jackson/module/jackson-module-parameter-names/2.10.3/jackson-module-parameter-names-2.10.3.jar, file:/D:/java/apache-maven-3.6.3/repository/org/springframework/boot/spring-boot-starter-tomcat/2.2.6.RELEASE/spring-boot-starter-tomcat-2.2.6.RELEASE.jar, file:/D:/java/apache-maven-3.6.3/repository/org/apache/tomcat/embed/tomcat-embed-websocket/9.0.33/tomcat-embed-websocket-9.0.33.jar, file:/D:/java/apache-maven-3.6.3/repository/org/springframework/boot/spring-boot-starter-validation/2.2.6.RELEASE/spring-boot-starter-validation-2.2.6.RELEASE.jar, file:/D:/java/apache-maven-3.6.3/repository/jakarta/validation/jakarta.validation-api/2.0.2/jakarta.validation-api-2.0.2.jar, file:/D:/java/apache-maven-3.6.3/repository/org/hibernate/validator/hibernate-validator/6.0.18.Final/hibernate-validator-6.0.18.Final.jar, file:/D:/java/apache-maven-3.6.3/repository/org/jboss/logging/jboss-logging/3.4.1.Final/jboss-logging-3.4.1.Final.jar, file:/D:/java/apache-maven-3.6.3/repository/org/springframework/spring-web/5.2.5.RELEASE/spring-web-5.2.5.RELEASE.jar, file:/D:/java/apache-maven-3.6.3/repository/org/springframework/spring-webmvc/5.2.5.RELEASE/spring-webmvc-5.2.5.RELEASE.jar, file:/D:/java/apache-maven-3.6.3/repository/org/springframework/boot/spring-boot-starter-data-redis/2.2.0.RELEASE/spring-boot-starter-data-redis-2.2.0.RELEASE.jar, file:/D:/java/apache-maven-3.6.3/repository/org/springframework/data/spring-data-redis/2.2.6.RELEASE/spring-data-redis-2.2.6.RELEASE.jar, file:/D:/java/apache-maven-3.6.3/repository/org/springframework/data/spring-data-keyvalue/2.2.6.RELEASE/spring-data-keyvalue-2.2.6.RELEASE.jar, file:/D:/java/apache-maven-3.6.3/repository/org/springframework/spring-oxm/5.2.5.RELEASE/spring-oxm-5.2.5.RELEASE.jar, file:/D:/java/apache-maven-3.6.3/repository/io/lettuce/lettuce-core/5.2.2.RELEASE/lettuce-core-5.2.2.RELEASE.jar, file:/D:/java/apache-maven-3.6.3/repository/io/netty/netty-common/4.1.48.Final/netty-common-4.1.48.Final.jar, file:/D:/java/apache-maven-3.6.3/repository/io/netty/netty-handler/4.1.48.Final/netty-handler-4.1.48.Final.jar, file:/D:/java/apache-maven-3.6.3/repository/io/netty/netty-resolver/4.1.48.Final/netty-resolver-4.1.48.Final.jar, file:/D:/java/apache-maven-3.6.3/repository/io/netty/netty-buffer/4.1.48.Final/netty-buffer-4.1.48.Final.jar, file:/D:/java/apache-maven-3.6.3/repository/io/netty/netty-codec/4.1.48.Final/netty-codec-4.1.48.Final.jar, file:/D:/java/apache-maven-3.6.3/repository/io/netty/netty-transport/4.1.48.Final/netty-transport-4.1.48.Final.jar, file:/D:/java/apache-maven-3.6.3/repository/io/projectreactor/reactor-core/3.3.4.RELEASE/reactor-core-3.3.4.RELEASE.jar, file:/D:/java/apache-maven-3.6.3/repository/org/reactivestreams/reactive-streams/1.0.3/reactive-streams-1.0.3.jar, file:/D:/java/apache-maven-3.6.3/repository/redis/clients/jedis/3.1.0/jedis-3.1.0.jar, file:/D:/java/apache-maven-3.6.3/repository/org/apache/commons/commons-pool2/2.7.0/commons-pool2-2.7.0.jar, file:/D:/java/apache-maven-3.6.3/repository/com/github/pagehelper/pagehelper-spring-boot-starter/1.2.5/pagehelper-spring-boot-starter-1.2.5.jar, file:/D:/java/apache-maven-3.6.3/repository/org/mybatis/spring/boot/mybatis-spring-boot-starter/1.3.2/mybatis-spring-boot-starter-1.3.2.jar, file:/D:/java/apache-maven-3.6.3/repository/org/mybatis/spring/boot/mybatis-spring-boot-autoconfigure/1.3.2/mybatis-spring-boot-autoconfigure-1.3.2.jar, file:/D:/java/apache-maven-3.6.3/repository/com/github/pagehelper/pagehelper-spring-boot-autoconfigure/1.2.5/pagehelper-spring-boot-autoconfigure-1.2.5.jar, file:/D:/java/apache-maven-3.6.3/repository/com/github/pagehelper/pagehelper/5.1.4/pagehelper-5.1.4.jar, file:/D:/java/apache-maven-3.6.3/repository/com/github/jsqlparser/jsqlparser/1.0/jsqlparser-1.0.jar, file:/D:/java/apache-maven-3.6.3/repository/javax/validation/validation-api/1.1.0.Final/validation-api-1.1.0.Final.jar, file:/D:/java/apache-maven-3.6.3/repository/org/springframework/data/spring-data-commons/2.2.6.RELEASE/spring-data-commons-2.2.6.RELEASE.jar, file:/D:/java/apache-maven-3.6.3/repository/cn/hutool/hutool-all/4.5.7/hutool-all-4.5.7.jar, file:/D:/java/apache-maven-3.6.3/repository/org/springframework/boot/spring-boot-starter-actuator/2.2.6.RELEASE/spring-boot-starter-actuator-2.2.6.RELEASE.jar, file:/D:/java/apache-maven-3.6.3/repository/org/springframework/boot/spring-boot-actuator-autoconfigure/2.2.6.RELEASE/spring-boot-actuator-autoconfigure-2.2.6.RELEASE.jar, file:/D:/java/apache-maven-3.6.3/repository/org/springframework/boot/spring-boot-actuator/2.2.6.RELEASE/spring-boot-actuator-2.2.6.RELEASE.jar, file:/D:/java/apache-maven-3.6.3/repository/io/micrometer/micrometer-core/1.3.6/micrometer-core-1.3.6.jar, file:/D:/java/apache-maven-3.6.3/repository/org/hdrhistogram/HdrHistogram/2.1.11/HdrHistogram-2.1.11.jar, file:/D:/java/apache-maven-3.6.3/repository/org/latencyutils/LatencyUtils/2.0.3/LatencyUtils-2.0.3.jar, file:/D:/java/apache-maven-3.6.3/repository/org/apache/httpcomponents/httpclient/4.5.6/httpclient-4.5.6.jar, file:/D:/java/apache-maven-3.6.3/repository/org/apache/httpcomponents/httpcore/4.4.13/httpcore-4.4.13.jar, file:/D:/java/apache-maven-3.6.3/repository/commons-logging/commons-logging/1.2/commons-logging-1.2.jar, file:/D:/java/apache-maven-3.6.3/repository/commons-codec/commons-codec/1.13/commons-codec-1.13.jar, file:/D:/java/apache-maven-3.6.3/repository/org/springframework/boot/spring-boot-starter-aop/2.2.6.RELEASE/spring-boot-starter-aop-2.2.6.RELEASE.jar, file:/D:/java/apache-maven-3.6.3/repository/org/springframework/spring-aop/5.2.5.RELEASE/spring-aop-5.2.5.RELEASE.jar, file:/D:/java/apache-maven-3.6.3/repository/org/aspectj/aspectjweaver/1.9.5/aspectjweaver-1.9.5.jar, file:/D:/java/apache-maven-3.6.3/repository/org/apache/commons/commons-lang3/3.5/commons-lang3-3.5.jar, file:/D:/java/apache-maven-3.6.3/repository/org/apache/poi/poi/3.17/poi-3.17.jar, file:/D:/java/apache-maven-3.6.3/repository/org/apache/commons/commons-collections4/4.1/commons-collections4-4.1.jar, file:/D:/java/apache-maven-3.6.3/repository/org/apache/poi/poi-ooxml/3.17/poi-ooxml-3.17.jar, file:/D:/java/apache-maven-3.6.3/repository/org/apache/poi/poi-ooxml-schemas/3.17/poi-ooxml-schemas-3.17.jar, file:/D:/java/apache-maven-3.6.3/repository/org/apache/xmlbeans/xmlbeans/2.6.0/xmlbeans-2.6.0.jar, file:/D:/java/apache-maven-3.6.3/repository/com/github/virtuald/curvesapi/1.04/curvesapi-1.04.jar, file:/D:/java/apache-maven-3.6.3/repository/commons-fileupload/commons-fileupload/1.3.3/commons-fileupload-1.3.3.jar, file:/D:/java/apache-maven-3.6.3/repository/commons-io/commons-io/2.4/commons-io-2.4.jar, file:/D:/java/apache-maven-3.6.3/repository/net/coobird/thumbnailator/0.4.8/thumbnailator-0.4.8.jar, file:/D:/java/apache-maven-3.6.3/repository/com/aliyun/oss/aliyun-sdk-oss/3.5.0/aliyun-sdk-oss-3.5.0.jar, file:/D:/java/apache-maven-3.6.3/repository/org/jdom/jdom/1.1/jdom-1.1.jar, file:/D:/java/apache-maven-3.6.3/repository/org/codehaus/jettison/jettison/1.1/jettison-1.1.jar, file:/D:/java/apache-maven-3.6.3/repository/stax/stax-api/1.0.1/stax-api-1.0.1.jar, file:/D:/java/apache-maven-3.6.3/repository/com/aliyun/aliyun-java-sdk-core/3.4.0/aliyun-java-sdk-core-3.4.0.jar, file:/D:/java/apache-maven-3.6.3/repository/com/aliyun/aliyun-java-sdk-ram/3.0.0/aliyun-java-sdk-ram-3.0.0.jar, file:/D:/java/apache-maven-3.6.3/repository/com/aliyun/aliyun-java-sdk-sts/3.0.0/aliyun-java-sdk-sts-3.0.0.jar, file:/D:/java/apache-maven-3.6.3/repository/com/aliyun/aliyun-java-sdk-ecs/4.2.0/aliyun-java-sdk-ecs-4.2.0.jar, file:/D:/java/apache-maven-3.6.3/repository/com/qcloud/cos_api/5.6.22/cos_api-5.6.22.jar, file:/D:/java/apache-maven-3.6.3/repository/joda-time/joda-time/2.10.5/joda-time-2.10.5.jar, file:/D:/java/apache-maven-3.6.3/repository/org/bouncycastle/bcprov-jdk15on/1.64/bcprov-jdk15on-1.64.jar, file:/D:/java/apache-maven-3.6.3/repository/com/qiniu/qiniu-java-sdk/7.2.28/qiniu-java-sdk-7.2.28.jar, file:/D:/java/apache-maven-3.6.3/repository/com/squareup/okhttp3/okhttp/3.14.7/okhttp-3.14.7.jar, file:/D:/java/apache-maven-3.6.3/repository/com/squareup/okio/okio/1.17.2/okio-1.17.2.jar, file:/D:/java/apache-maven-3.6.3/repository/com/amazonaws/aws-java-sdk-s3/1.12.99/aws-java-sdk-s3-1.12.99.jar, file:/D:/java/apache-maven-3.6.3/repository/com/amazonaws/aws-java-sdk-kms/1.12.99/aws-java-sdk-kms-1.12.99.jar, file:/D:/java/apache-maven-3.6.3/repository/com/amazonaws/aws-java-sdk-core/1.12.99/aws-java-sdk-core-1.12.99.jar, file:/D:/java/apache-maven-3.6.3/repository/software/amazon/ion/ion-java/1.0.2/ion-java-1.0.2.jar, file:/D:/java/apache-maven-3.6.3/repository/com/fasterxml/jackson/dataformat/jackson-dataformat-cbor/2.10.3/jackson-dataformat-cbor-2.10.3.jar, file:/D:/java/apache-maven-3.6.3/repository/com/amazonaws/jmespath-java/1.12.99/jmespath-java-1.12.99.jar, file:/D:/java/apache-maven-3.6.3/repository/dom4j/dom4j/1.6.1/dom4j-1.6.1.jar, file:/D:/java/apache-maven-3.6.3/repository/xml-apis/xml-apis/1.0.b2/xml-apis-1.0.b2.jar, file:/D:/java/apache-maven-3.6.3/repository/com/thoughtworks/xstream/xstream/1.4.18/xstream-1.4.18.jar, file:/D:/java/apache-maven-3.6.3/repository/io/github/x-stream/mxparser/1.2.2/mxparser-1.2.2.jar, file:/D:/java/apache-maven-3.6.3/repository/xmlpull/xmlpull/1.1.3.1/xmlpull-1.1.3.1.jar, file:/D:/java/apache-maven-3.6.3/repository/com/vaadin/external/google/android-json/0.0.20131108.vaadin1/android-json-0.0.20131108.vaadin1.jar, file:/D:/java/apache-maven-3.6.3/repository/org/apache/httpcomponents/httpmime/4.5.2/httpmime-4.5.2.jar, file:/D:/java/apache-maven-3.6.3/repository/com/google/zxing/core/3.3.3/core-3.3.3.jar, file:/D:/java/apache-maven-3.6.3/repository/com/google/zxing/javase/3.3.3/javase-3.3.3.jar, file:/D:/java/apache-maven-3.6.3/repository/com/beust/jcommander/1.72/jcommander-1.72.jar, file:/D:/java/apache-maven-3.6.3/repository/com/github/jai-imageio/jai-imageio-core/1.4.0/jai-imageio-core-1.4.0.jar, file:/D:/java/apache-maven-3.6.3/repository/io/jsonwebtoken/jjwt/0.9.1/jjwt-0.9.1.jar, file:/D:/java/apache-maven-3.6.3/repository/com/auth0/jwks-rsa/0.9.0/jwks-rsa-0.9.0.jar, file:/D:/java/apache-maven-3.6.3/repository/com/alipay/sdk/alipay-sdk-java/4.15.20.ALL/alipay-sdk-java-4.15.20.ALL.jar, file:/D:/java/apache-maven-3.6.3/repository/org/springframework/boot/spring-boot-starter-security/2.2.6.RELEASE/spring-boot-starter-security-2.2.6.RELEASE.jar, file:/D:/java/apache-maven-3.6.3/repository/org/springframework/security/spring-security-config/5.2.2.RELEASE/spring-security-config-5.2.2.RELEASE.jar, file:/D:/java/apache-maven-3.6.3/repository/org/springframework/security/spring-security-core/5.2.2.RELEASE/spring-security-core-5.2.2.RELEASE.jar, file:/D:/java/apache-maven-3.6.3/repository/org/springframework/security/spring-security-web/5.2.2.RELEASE/spring-security-web-5.2.2.RELEASE.jar, file:/D:/java/apache-maven-3.6.3/repository/com/anji-plus/spring-boot-starter-captcha/1.3.0/spring-boot-starter-captcha-1.3.0.jar, file:/D:/java/apache-maven-3.6.3/repository/com/anji-plus/captcha/1.3.0/captcha-1.3.0.jar, file:/D:/java/apache-maven-3.6.3/repository/com/jayway/jsonpath/json-path/2.4.0/json-path-2.4.0.jar, file:/D:/java/apache-maven-3.6.3/repository/net/minidev/json-smart/2.3/json-smart-2.3.jar, file:/D:/java/apache-maven-3.6.3/repository/net/minidev/accessors-smart/1.2/accessors-smart-1.2.jar, file:/D:/java/apache-maven-3.6.3/repository/org/ow2/asm/asm/5.0.4/asm-5.0.4.jar, file:/D:/java/apache-maven-3.6.3/repository/com/google/code/gson/gson/2.8.6/gson-2.8.6.jar, file:/D:/java/apache-maven-3.6.3/repository/org/springframework/boot/spring-boot-starter-quartz/2.2.6.RELEASE/spring-boot-starter-quartz-2.2.6.RELEASE.jar, file:/D:/java/apache-maven-3.6.3/repository/org/springframework/boot/spring-boot-starter/2.2.6.RELEASE/spring-boot-starter-2.2.6.RELEASE.jar, file:/D:/java/apache-maven-3.6.3/repository/org/springframework/boot/spring-boot/2.2.6.RELEASE/spring-boot-2.2.6.RELEASE.jar, file:/D:/java/apache-maven-3.6.3/repository/org/springframework/boot/spring-boot-starter-logging/2.2.6.RELEASE/spring-boot-starter-logging-2.2.6.RELEASE.jar, file:/D:/java/apache-maven-3.6.3/repository/org/apache/logging/log4j/log4j-to-slf4j/2.12.1/log4j-to-slf4j-2.12.1.jar, file:/D:/java/apache-maven-3.6.3/repository/org/apache/logging/log4j/log4j-api/2.12.1/log4j-api-2.12.1.jar, file:/D:/java/apache-maven-3.6.3/repository/org/slf4j/jul-to-slf4j/1.7.30/jul-to-slf4j-1.7.30.jar, file:/D:/java/apache-maven-3.6.3/repository/jakarta/annotation/jakarta.annotation-api/1.3.5/jakarta.annotation-api-1.3.5.jar, file:/D:/java/apache-maven-3.6.3/repository/org/springframework/spring-core/5.2.5.RELEASE/spring-core-5.2.5.RELEASE.jar, file:/D:/java/apache-maven-3.6.3/repository/org/springframework/spring-jcl/5.2.5.RELEASE/spring-jcl-5.2.5.RELEASE.jar, file:/D:/java/apache-maven-3.6.3/repository/org/yaml/snakeyaml/1.25/snakeyaml-1.25.jar, file:/D:/java/apache-maven-3.6.3/repository/org/springframework/spring-context-support/5.2.5.RELEASE/spring-context-support-5.2.5.RELEASE.jar, file:/D:/java/apache-maven-3.6.3/repository/org/springframework/spring-beans/5.2.5.RELEASE/spring-beans-5.2.5.RELEASE.jar, file:/D:/java/apache-maven-3.6.3/repository/org/springframework/spring-context/5.2.5.RELEASE/spring-context-5.2.5.RELEASE.jar, file:/D:/java/apache-maven-3.6.3/repository/org/springframework/spring-expression/5.2.5.RELEASE/spring-expression-5.2.5.RELEASE.jar, file:/D:/java/apache-maven-3.6.3/repository/org/springframework/spring-tx/5.2.5.RELEASE/spring-tx-5.2.5.RELEASE.jar, file:/D:/java/apache-maven-3.6.3/repository/org/quartz-scheduler/quartz/2.3.2/quartz-2.3.2.jar, file:/D:/java/apache-maven-3.6.3/repository/com/mchange/mchange-commons-java/0.2.15/mchange-commons-java-0.2.15.jar, file:/D:/java/apache-maven-3.6.3/repository/com/github/oshi/oshi-core/5.8.6/oshi-core-5.8.6.jar, file:/D:/java/apache-maven-3.6.3/repository/org/slf4j/slf4j-api/1.7.30/slf4j-api-1.7.30.jar, file:/D:/java/apache-maven-3.6.3/repository/net/java/dev/jna/jna/5.13.0/jna-5.13.0.jar, file:/D:/java/apache-maven-3.6.3/repository/net/java/dev/jna/jna-platform/5.13.0/jna-platform-5.13.0.jar, file:/D:/Program%20Files/JetBrains/IntelliJ%20IDEA%202022.1.3/lib/idea_rt.jar, file:/C:/Users/Administrator/AppData/Local/JetBrains/IntelliJIdea2022.1/captureAgent/debugger-agent.jar]" }
                    
{
                    "app": "Crmeb",
                    "timestamp":"2026-06-30 15:12:49.382",
                    "level": "DEBUG",
                    "thread": "main",
                    "class": "o.springframework.boot.SpringApplication",
                    "message": "Loading source class com.zbkj.admin.CrmebAdminApplication" }
                    
{
                    "app": "Crmeb",
                    "timestamp":"2026-06-30 15:12:49.425",
                    "level": "DEBUG",
                    "thread": "main",
                    "class": "o.s.b.c.c.ConfigFileApplicationListener",
                    "message": "Loaded config file 'file:/D:/Desktop/code/crmeb_java/crmeb/crmeb-admin/target/classes/application.yml' (classpath:/application.yml)" }
                    
{
                    "app": "Crmeb",
                    "timestamp":"2026-06-30 15:12:49.426",
                    "level": "DEBUG",
                    "thread": "main",
                    "class": "o.s.b.w.s.c.AnnotationConfigServletWebServerApplicationContext",
                    "message": "Refreshing org.springframework.boot.web.servlet.context.AnnotationConfigServletWebServerApplicationContext@30d4b288" }
                    
{
                    "app": "Crmeb",
                    "timestamp":"2026-06-30 15:12:58.631",
                    "level": "DEBUG",
                    "thread": "main",
                    "class": "o.s.b.w.e.t.TomcatServletWebServerFactory",
                    "message": "Code archive: D:\java\apache-maven-3.6.3\repository\org\springframework\boot\spring-boot\2.2.6.RELEASE\spring-boot-2.2.6.RELEASE.jar" }
                    
{
                    "app": "Crmeb",
                    "timestamp":"2026-06-30 15:12:58.631",
                    "level": "DEBUG",
                    "thread": "main",
                    "class": "o.s.b.w.e.t.TomcatServletWebServerFactory",
                    "message": "Code archive: D:\java\apache-maven-3.6.3\repository\org\springframework\boot\spring-boot\2.2.6.RELEASE\spring-boot-2.2.6.RELEASE.jar" }
                    
{
                    "app": "Crmeb",
                    "timestamp":"2026-06-30 15:12:58.631",
                    "level": "DEBUG",
                    "thread": "main",
                    "class": "o.s.b.w.e.t.TomcatServletWebServerFactory",
                    "message": "None of the document roots [src/main/webapp, public, static] point to a directory and will be ignored." }
                    
{
                    "app": "Crmeb",
                    "timestamp":"2026-06-30 15:12:59.279",
                    "level": "DEBUG",
                    "thread": "main",
                    "class": "o.s.web.context.ContextLoader",
                    "message": "Published root WebApplicationContext as ServletContext attribute with name [org.springframework.web.context.WebApplicationContext.ROOT]" }
                    
{
                    "app": "Crmeb",
                    "timestamp":"2026-06-30 15:12:59.958",
                    "level": "DEBUG",
                    "thread": "main",
                    "class": "o.s.b.w.s.ServletContextInitializerBeans",
                    "message": "Mapping filters: filterRegistrationBean urls=[/*] order=-2147483647, springSecurityFilterChain urls=[/*] order=-100, filterRegistrationBean urls=[/*] order=2147483647, filterRegistrationBean urls=[/api/*] order=2147483647, characterEncodingFilter urls=[/*] order=-2147483648, formContentFilter urls=[/*] order=-9900, requestContextFilter urls=[/*] order=-105, corsFilter urls=[/*] order=2147483647, jwtAuthenticationTokenFilter urls=[/*] order=2147483647" }
                    
{
                    "app": "Crmeb",
                    "timestamp":"2026-06-30 15:12:59.958",
                    "level": "DEBUG",
                    "thread": "main",
                    "class": "o.s.b.w.s.ServletContextInitializerBeans",
                    "message": "Mapping servlets: statViewServlet urls=[/druid/*], dispatcherServlet urls=[/]" }
                    
{
                    "app": "Crmeb",
                    "timestamp":"2026-06-30 15:12:59.982",
                    "level": "DEBUG",
                    "thread": "main",
                    "class": "o.s.b.a.m.w.servlet.WebMvcMetricsFilter",
                    "message": "Filter 'webMvcMetricsFilter' configured for use" }
                    
{
                    "app": "Crmeb",
                    "timestamp":"2026-06-30 15:12:59.983",
                    "level": "DEBUG",
                    "thread": "main",
                    "class": "o.s.b.w.s.f.OrderedRequestContextFilter",
                    "message": "Filter 'requestContextFilter' configured for use" }
                    
{
                    "app": "Crmeb",
                    "timestamp":"2026-06-30 15:12:59.983",
                    "level": "DEBUG",
                    "thread": "main",
                    "class": "o.springframework.web.filter.CorsFilter",
                    "message": "Filter 'corsFilter' configured for use" }
                    
{
                    "app": "Crmeb",
                    "timestamp":"2026-06-30 15:12:59.983",
                    "level": "DEBUG",
                    "thread": "main",
                    "class": "o.s.b.w.s.f.OrderedCharacterEncodingFilter",
                    "message": "Filter 'characterEncodingFilter' configured for use" }
                    
{
                    "app": "Crmeb",
                    "timestamp":"2026-06-30 15:12:59.983",
                    "level": "DEBUG",
                    "thread": "main",
                    "class": "o.s.b.w.s.DelegatingFilterProxyRegistrationBean$1",
                    "message": "Filter 'springSecurityFilterChain' configured for use" }
                    
{
                    "app": "Crmeb",
                    "timestamp":"2026-06-30 15:12:59.983",
                    "level": "DEBUG",
                    "thread": "main",
                    "class": "o.s.b.w.s.f.OrderedFormContentFilter",
                    "message": "Filter 'formContentFilter' configured for use" }
                    
{
                    "app": "Crmeb",
                    "timestamp":"2026-06-30 15:13:13.778",
                    "level": "DEBUG",
                    "thread": "main",
                    "class": "o.s.w.s.m.m.a.RequestMappingHandlerMapping",
                    "message": "331 mappings in 'requestMappingHandlerMapping'" }
                    
{
                    "app": "Crmeb",
                    "timestamp":"2026-06-30 15:13:14.224",
                    "level": "DEBUG",
                    "thread": "main",
                    "class": "o.s.b.a.SpringApplicationAdminMXBeanRegistrar$SpringApplicationAdmin",
                    "message": "Application Admin MBean registered with name 'org.springframework.boot:type=Admin,name=SpringApplication'" }
                    
{
                    "app": "Crmeb",
                    "timestamp":"2026-06-30 15:13:14.234",
                    "level": "DEBUG",
                    "thread": "main",
                    "class": "o.s.w.s.m.m.a.RequestMappingHandlerAdapter",
                    "message": "ControllerAdvice beans: 0 @ModelAttribute, 0 @InitBinder, 1 RequestBodyAdvice, 2 ResponseBodyAdvice" }
                    
{
                    "app": "Crmeb",
                    "timestamp":"2026-06-30 15:13:14.283",
                    "level": "DEBUG",
                    "thread": "main",
                    "class": "o.s.w.s.handler.SimpleUrlHandlerMapping",
                    "message": "Patterns [/webjars/**, /**, /doc.html, /crmebimage/**, /uploadf/**] in 'resourceHandlerMapping'" }
                    
{
                    "app": "Crmeb",
                    "timestamp":"2026-06-30 15:13:14.297",
                    "level": "DEBUG",
                    "thread": "main",
                    "class": "o.s.w.s.m.m.a.ExceptionHandlerExceptionResolver",
                    "message": "ControllerAdvice beans: 1 @ExceptionHandler, 2 ResponseBodyAdvice" }
                    
{
                    "app": "Crmeb",
                    "timestamp":"2026-06-30 15:14:28.062",
                    "level": "DEBUG",
                    "thread": "http-nio-8169-exec-1",
                    "class": "o.s.web.servlet.DispatcherServlet",
                    "message": "Detected StandardServletMultipartResolver" }
                    
{
                    "app": "Crmeb",
                    "timestamp":"2026-06-30 15:14:28.073",
                    "level": "DEBUG",
                    "thread": "http-nio-8169-exec-1",
                    "class": "o.s.web.servlet.DispatcherServlet",
                    "message": "enableLoggingRequestDetails='false': request parameters and headers will be masked to prevent unsafe logging of potentially sensitive data" }
                    
{
                    "app": "Crmeb",
                    "timestamp":"2026-06-30 15:14:28.265",
                    "level": "DEBUG",
                    "thread": "http-nio-8169-exec-2",
                    "class": "o.s.web.servlet.DispatcherServlet",
                    "message": "GET "/api/admin/getLoginPic?temp=1782803668", parameters={masked}" }
                    
{
                    "app": "Crmeb",
                    "timestamp":"2026-06-30 15:14:28.275",
                    "level": "DEBUG",
                    "thread": "http-nio-8169-exec-2",
                    "class": "o.s.w.s.m.m.a.RequestMappingHandlerMapping",
                    "message": "Mapped to com.zbkj.admin.controller.AdminLoginController#getLoginPic()" }
                    
{
                    "app": "Crmeb",
                    "timestamp":"2026-06-30 15:14:28.691",
                    "level": "DEBUG",
                    "thread": "http-nio-8169-exec-2",
                    "class": "o.s.w.s.m.m.a.RequestResponseBodyMethodProcessor",
                    "message": "Using 'application/json', given [application/json, text/plain, */*] and supported [application/json, application/*+json, application/json, application/*+json, application/cbor]" }
                    
{
                    "app": "Crmeb",
                    "timestamp":"2026-06-30 15:14:28.692",
                    "level": "DEBUG",
                    "thread": "http-nio-8169-exec-2",
                    "class": "o.s.w.s.m.m.a.RequestResponseBodyMethodProcessor",
                    "message": "Writing [com.zbkj.common.result.CommonResult@3aacc00c]" }
                    
{
                    "app": "Crmeb",
                    "timestamp":"2026-06-30 15:14:28.706",
                    "level": "DEBUG",
                    "thread": "http-nio-8169-exec-2",
                    "class": "o.s.web.servlet.DispatcherServlet",
                    "message": "Completed 200 OK" }
                    
{
                    "app": "Crmeb",
                    "timestamp":"2026-06-30 15:14:31.241",
                    "level": "DEBUG",
                    "thread": "http-nio-8169-exec-5",
                    "class": "o.s.web.servlet.DispatcherServlet",
                    "message": "GET "/api/admin/getLoginPic?temp=1782803671", parameters={masked}" }
                    
{
                    "app": "Crmeb",
                    "timestamp":"2026-06-30 15:14:31.242",
                    "level": "DEBUG",
                    "thread": "http-nio-8169-exec-5",
                    "class": "o.s.w.s.m.m.a.RequestMappingHandlerMapping",
                    "message": "Mapped to com.zbkj.admin.controller.AdminLoginController#getLoginPic()" }
                    
{
                    "app": "Crmeb",
                    "timestamp":"2026-06-30 15:14:31.514",
                    "level": "DEBUG",
                    "thread": "http-nio-8169-exec-5",
                    "class": "o.s.w.s.m.m.a.RequestResponseBodyMethodProcessor",
                    "message": "Using 'application/json', given [application/json, text/plain, */*] and supported [application/json, application/*+json, application/json, application/*+json, application/cbor]" }
                    
{
                    "app": "Crmeb",
                    "timestamp":"2026-06-30 15:14:31.514",
                    "level": "DEBUG",
                    "thread": "http-nio-8169-exec-5",
                    "class": "o.s.w.s.m.m.a.RequestResponseBodyMethodProcessor",
                    "message": "Writing [com.zbkj.common.result.CommonResult@3744d00a]" }
                    
{
                    "app": "Crmeb",
                    "timestamp":"2026-06-30 15:14:31.515",
                    "level": "DEBUG",
                    "thread": "http-nio-8169-exec-5",
                    "class": "o.s.web.servlet.DispatcherServlet",
                    "message": "Completed 200 OK" }
                    
{
                    "app": "Crmeb",
                    "timestamp":"2026-06-30 15:14:37.991",
                    "level": "DEBUG",
                    "thread": "http-nio-8169-exec-10",
                    "class": "o.s.web.servlet.DispatcherServlet",
                    "message": "POST "/api/admin/login/account/detection", parameters={}" }
                    
{
                    "app": "Crmeb",
                    "timestamp":"2026-06-30 15:14:37.992",
                    "level": "DEBUG",
                    "thread": "http-nio-8169-exec-10",
                    "class": "o.s.w.s.m.m.a.RequestMappingHandlerMapping",
                    "message": "Mapped to com.zbkj.admin.controller.AdminLoginController#accountDetection(AdminAccountDetectionRequest)" }
                    
{
                    "app": "Crmeb",
                    "timestamp":"2026-06-30 15:14:38.007",
                    "level": "DEBUG",
                    "thread": "http-nio-8169-exec-10",
                    "class": "o.s.w.s.m.m.a.RequestResponseBodyMethodProcessor",
                    "message": "Read "application/json;charset=UTF-8" to [AdminAccountDetectionRequest(account=cjp)]" }
                    
{
                    "app": "Crmeb",
                    "timestamp":"2026-06-30 15:14:38.150",
                    "level": "DEBUG",
                    "thread": "http-nio-8169-exec-10",
                    "class": "o.s.w.s.m.m.a.RequestResponseBodyMethodProcessor",
                    "message": "Using 'application/json', given [application/json, text/plain, */*] and supported [application/json, application/*+json, application/json, application/*+json, application/cbor]" }
                    
{
                    "app": "Crmeb",
                    "timestamp":"2026-06-30 15:14:38.150",
                    "level": "DEBUG",
                    "thread": "http-nio-8169-exec-10",
                    "class": "o.s.w.s.m.m.a.RequestResponseBodyMethodProcessor",
                    "message": "Writing [com.zbkj.common.result.CommonResult@7ab21164]" }
                    
{
                    "app": "Crmeb",
                    "timestamp":"2026-06-30 15:14:38.153",
                    "level": "DEBUG",
                    "thread": "http-nio-8169-exec-10",
                    "class": "o.s.web.servlet.DispatcherServlet",
                    "message": "Completed 200 OK" }
                    
{
                    "app": "Crmeb",
                    "timestamp":"2026-06-30 15:14:42.322",
                    "level": "DEBUG",
                    "thread": "http-nio-8169-exec-7",
                    "class": "o.s.web.servlet.DispatcherServlet",
                    "message": "POST "/api/admin/login", parameters={}" }
                    
{
                    "app": "Crmeb",
                    "timestamp":"2026-06-30 15:14:42.323",
                    "level": "DEBUG",
                    "thread": "http-nio-8169-exec-7",
                    "class": "o.s.w.s.m.m.a.RequestMappingHandlerMapping",
                    "message": "Mapped to com.zbkj.admin.controller.AdminLoginController#SystemAdminLogin(SystemAdminLoginRequest, HttpServletRequest)" }
                    
{
                    "app": "Crmeb",
                    "timestamp":"2026-06-30 15:14:42.333",
                    "level": "DEBUG",
                    "thread": "http-nio-8169-exec-7",
                    "class": "o.s.w.s.m.m.a.RequestResponseBodyMethodProcessor",
                    "message": "Read "application/json;charset=UTF-8" to [SystemAdminLoginRequest(account=cjp, pwd=123456, captchaVO=com.anji.captcha.model.vo.CaptchaVO@caeab (truncated)...]" }
                    
{
                    "app": "Crmeb",
                    "timestamp":"2026-06-30 15:14:43.268",
                    "level": "DEBUG",
                    "thread": "http-nio-8169-exec-7",
                    "class": "o.s.w.s.m.m.a.RequestResponseBodyMethodProcessor",
                    "message": "Using 'application/json', given [application/json, text/plain, */*] and supported [application/json]" }
                    
{
                    "app": "Crmeb",
                    "timestamp":"2026-06-30 15:14:43.268",
                    "level": "DEBUG",
                    "thread": "http-nio-8169-exec-7",
                    "class": "o.s.w.s.m.m.a.RequestResponseBodyMethodProcessor",
                    "message": "Writing [com.zbkj.common.result.CommonResult@679f0647]" }
                    
{
                    "app": "Crmeb",
                    "timestamp":"2026-06-30 15:14:43.271",
                    "level": "DEBUG",
                    "thread": "http-nio-8169-exec-7",
                    "class": "o.s.web.servlet.DispatcherServlet",
                    "message": "Completed 200 OK" }
                    
{
                    "app": "Crmeb",
                    "timestamp":"2026-06-30 15:14:43.356",
                    "level": "DEBUG",
                    "thread": "http-nio-8169-exec-11",
                    "class": "o.s.web.servlet.DispatcherServlet",
                    "message": "GET "/api/admin/getAdminInfoByToken?token=acd6bd3b1a884d219d18a02e5c945b5c&temp=1782803683", parameters={masked}" }
                    
{
                    "app": "Crmeb",
                    "timestamp":"2026-06-30 15:14:43.357",
                    "level": "DEBUG",
                    "thread": "http-nio-8169-exec-11",
                    "class": "o.s.w.s.m.m.a.RequestMappingHandlerMapping",
                    "message": "Mapped to com.zbkj.admin.controller.AdminLoginController#getAdminInfo()" }
                    
{
                    "app": "Crmeb",
                    "timestamp":"2026-06-30 15:14:43.369",
                    "level": "DEBUG",
                    "thread": "http-nio-8169-exec-11",
                    "class": "o.s.w.s.m.m.a.RequestResponseBodyMethodProcessor",
                    "message": "Using 'application/json', given [application/json, text/plain, */*] and supported [application/json, application/*+json, application/json, application/*+json, application/cbor]" }
                    
{
                    "app": "Crmeb",
                    "timestamp":"2026-06-30 15:14:43.369",
                    "level": "DEBUG",
                    "thread": "http-nio-8169-exec-11",
                    "class": "o.s.w.s.m.m.a.RequestResponseBodyMethodProcessor",
                    "message": "Writing [com.zbkj.common.result.CommonResult@164b4cbc]" }
                    
{
                    "app": "Crmeb",
                    "timestamp":"2026-06-30 15:14:43.372",
                    "level": "DEBUG",
                    "thread": "http-nio-8169-exec-11",
                    "class": "o.s.web.servlet.DispatcherServlet",
                    "message": "Completed 200 OK" }
                    
{
                    "app": "Crmeb",
                    "timestamp":"2026-06-30 15:14:43.395",
                    "level": "DEBUG",
                    "thread": "http-nio-8169-exec-12",
                    "class": "o.s.web.servlet.DispatcherServlet",
                    "message": "GET "/api/admin/system/config/get/site/logo?temp=1782803683", parameters={masked}" }
                    
{
                    "app": "Crmeb",
                    "timestamp":"2026-06-30 15:14:43.395",
                    "level": "DEBUG",
                    "thread": "http-nio-8169-exec-12",
                    "class": "o.s.w.s.m.m.a.RequestMappingHandlerMapping",
                    "message": "Mapped to com.zbkj.admin.controller.SystemConfigController#getSiteLogo()" }
                    
{
                    "app": "Crmeb",
                    "timestamp":"2026-06-30 15:14:43.399",
                    "level": "DEBUG",
                    "thread": "http-nio-8169-exec-13",
                    "class": "o.s.web.servlet.DispatcherServlet",
                    "message": "GET "/api/admin/getMenus?temp=1782803683", parameters={masked}" }
                    
{
                    "app": "Crmeb",
                    "timestamp":"2026-06-30 15:14:43.400",
                    "level": "DEBUG",
                    "thread": "http-nio-8169-exec-13",
                    "class": "o.s.w.s.m.m.a.RequestMappingHandlerMapping",
                    "message": "Mapped to com.zbkj.admin.controller.AdminLoginController#getMenus()" }
                    
{
                    "app": "Crmeb",
                    "timestamp":"2026-06-30 15:14:43.460",
                    "level": "DEBUG",
                    "thread": "http-nio-8169-exec-13",
                    "class": "o.s.w.s.m.m.a.RequestResponseBodyMethodProcessor",
                    "message": "Using 'application/json', given [application/json, text/plain, */*] and supported [application/json, application/*+json, application/json, application/*+json, application/cbor]" }
                    
{
                    "app": "Crmeb",
                    "timestamp":"2026-06-30 15:14:43.460",
                    "level": "DEBUG",
                    "thread": "http-nio-8169-exec-13",
                    "class": "o.s.w.s.m.m.a.RequestResponseBodyMethodProcessor",
                    "message": "Writing [com.zbkj.common.result.CommonResult@38cf94f3]" }
                    
{
                    "app": "Crmeb",
                    "timestamp":"2026-06-30 15:14:43.463",
                    "level": "DEBUG",
                    "thread": "http-nio-8169-exec-13",
                    "class": "o.s.web.servlet.DispatcherServlet",
                    "message": "Completed 200 OK" }
                    
{
                    "app": "Crmeb",
                    "timestamp":"2026-06-30 15:14:43.469",
                    "level": "DEBUG",
                    "thread": "http-nio-8169-exec-12",
                    "class": "o.s.w.s.m.m.a.RequestResponseBodyMethodProcessor",
                    "message": "Using 'application/json', given [application/json, text/plain, */*] and supported [application/json, application/*+json, application/json, application/*+json, application/cbor]" }
                    
{
                    "app": "Crmeb",
                    "timestamp":"2026-06-30 15:14:43.470",
                    "level": "DEBUG",
                    "thread": "http-nio-8169-exec-12",
                    "class": "o.s.w.s.m.m.a.RequestResponseBodyMethodProcessor",
                    "message": "Writing [com.zbkj.common.result.CommonResult@5981b1fe]" }
                    
{
                    "app": "Crmeb",
                    "timestamp":"2026-06-30 15:14:43.470",
                    "level": "DEBUG",
                    "thread": "http-nio-8169-exec-12",
                    "class": "o.s.web.servlet.DispatcherServlet",
                    "message": "Completed 200 OK" }
                    
{
                    "app": "Crmeb",
                    "timestamp":"2026-06-30 15:14:43.491",
                    "level": "DEBUG",
                    "thread": "http-nio-8169-exec-4",
                    "class": "o.s.web.servlet.DispatcherServlet",
                    "message": "GET "/api/admin/getMenus?temp=1782803683", parameters={masked}" }
                    
{
                    "app": "Crmeb",
                    "timestamp":"2026-06-30 15:14:43.491",
                    "level": "DEBUG",
                    "thread": "http-nio-8169-exec-4",
                    "class": "o.s.w.s.m.m.a.RequestMappingHandlerMapping",
                    "message": "Mapped to com.zbkj.admin.controller.AdminLoginController#getMenus()" }
                    
{
                    "app": "Crmeb",
                    "timestamp":"2026-06-30 15:14:43.542",
                    "level": "DEBUG",
                    "thread": "http-nio-8169-exec-4",
                    "class": "o.s.w.s.m.m.a.RequestResponseBodyMethodProcessor",
                    "message": "Using 'application/json', given [application/json, text/plain, */*] and supported [application/json, application/*+json, application/json, application/*+json, application/cbor]" }
                    
{
                    "app": "Crmeb",
                    "timestamp":"2026-06-30 15:14:43.542",
                    "level": "DEBUG",
                    "thread": "http-nio-8169-exec-4",
                    "class": "o.s.w.s.m.m.a.RequestResponseBodyMethodProcessor",
                    "message": "Writing [com.zbkj.common.result.CommonResult@1030f427]" }
                    
{
                    "app": "Crmeb",
                    "timestamp":"2026-06-30 15:14:43.544",
                    "level": "DEBUG",
                    "thread": "http-nio-8169-exec-4",
                    "class": "o.s.web.servlet.DispatcherServlet",
                    "message": "Completed 200 OK" }
                    
{
                    "app": "Crmeb",
                    "timestamp":"2026-06-30 15:14:43.699",
                    "level": "DEBUG",
                    "thread": "http-nio-8169-exec-22",
                    "class": "o.s.web.servlet.DispatcherServlet",
                    "message": "GET "/api/admin/statistics/home/index?temp=1782803683", parameters={masked}" }
                    
{
                    "app": "Crmeb",
                    "timestamp":"2026-06-30 15:14:43.700",
                    "level": "DEBUG",
                    "thread": "http-nio-8169-exec-22",
                    "class": "o.s.w.s.m.m.a.RequestMappingHandlerMapping",
                    "message": "Mapped to com.zbkj.admin.controller.HomeController#indexDate()" }
                    
{
                    "app": "Crmeb",
                    "timestamp":"2026-06-30 15:14:43.702",
                    "level": "DEBUG",
                    "thread": "http-nio-8169-exec-21",
                    "class": "o.s.web.servlet.DispatcherServlet",
                    "message": "GET "/api/admin/statistics/home/chart/order?temp=1782803683", parameters={masked}" }
                    
{
                    "app": "Crmeb",
                    "timestamp":"2026-06-30 15:14:43.703",
                    "level": "DEBUG",
                    "thread": "http-nio-8169-exec-21",
                    "class": "o.s.w.s.m.m.a.RequestMappingHandlerMapping",
                    "message": "Mapped to com.zbkj.admin.controller.HomeController#chartOrder()" }
                    
{
                    "app": "Crmeb",
                    "timestamp":"2026-06-30 15:14:43.723",
                    "level": "DEBUG",
                    "thread": "http-nio-8169-exec-20",
                    "class": "o.s.web.servlet.DispatcherServlet",
                    "message": "GET "/api/admin/statistics/home/operating/data?temp=1782803683", parameters={masked}" }
                    
{
                    "app": "Crmeb",
                    "timestamp":"2026-06-30 15:14:43.724",
                    "level": "DEBUG",
                    "thread": "http-nio-8169-exec-20",
                    "class": "o.s.w.s.m.m.a.RequestMappingHandlerMapping",
                    "message": "Mapped to com.zbkj.admin.controller.HomeController#operatingData()" }
                    
{
                    "app": "Crmeb",
                    "timestamp":"2026-06-30 15:14:43.766",
                    "level": "DEBUG",
                    "thread": "http-nio-8169-exec-21",
                    "class": "o.s.w.s.m.m.a.RequestResponseBodyMethodProcessor",
                    "message": "Using 'application/json', given [application/json, text/plain, */*] and supported [application/json, application/*+json, application/json, application/*+json, application/cbor]" }
                    
{
                    "app": "Crmeb",
                    "timestamp":"2026-06-30 15:14:43.766",
                    "level": "DEBUG",
                    "thread": "http-nio-8169-exec-21",
                    "class": "o.s.w.s.m.m.a.RequestResponseBodyMethodProcessor",
                    "message": "Writing [com.zbkj.common.result.CommonResult@61ec47bd]" }
                    
{
                    "app": "Crmeb",
                    "timestamp":"2026-06-30 15:14:43.767",
                    "level": "DEBUG",
                    "thread": "http-nio-8169-exec-21",
                    "class": "o.s.web.servlet.DispatcherServlet",
                    "message": "Completed 200 OK" }
                    
{
                    "app": "Crmeb",
                    "timestamp":"2026-06-30 15:14:43.791",
                    "level": "DEBUG",
                    "thread": "http-nio-8169-exec-26",
                    "class": "o.s.web.servlet.DispatcherServlet",
                    "message": "GET "/api/admin/statistics/user/overview?dateLimit=lately7&temp=1782803683", parameters={masked}" }
                    
{
                    "app": "Crmeb",
                    "timestamp":"2026-06-30 15:14:43.792",
                    "level": "DEBUG",
                    "thread": "http-nio-8169-exec-26",
                    "class": "o.s.w.s.m.m.a.RequestMappingHandlerMapping",
                    "message": "Mapped to com.zbkj.admin.controller.UserStatisticsController#getOverview(String)" }
                    
{
                    "app": "Crmeb",
                    "timestamp":"2026-06-30 15:14:43.797",
                    "level": "DEBUG",
                    "thread": "http-nio-8169-exec-28",
                    "class": "o.s.web.servlet.DispatcherServlet",
                    "message": "GET "/api/admin/copyright/get/info?temp=1782803683", parameters={masked}" }
                    
{
                    "app": "Crmeb",
                    "timestamp":"2026-06-30 15:14:43.799",
                    "level": "DEBUG",
                    "thread": "http-nio-8169-exec-28",
                    "class": "o.s.w.s.m.m.a.RequestMappingHandlerMapping",
                    "message": "Mapped to com.zbkj.admin.controller.CopyrightController#getInfo()" }
                    
{
                    "app": "Crmeb",
                    "timestamp":"2026-06-30 15:14:43.801",
                    "level": "DEBUG",
                    "thread": "http-nio-8169-exec-25",
                    "class": "o.s.web.servlet.DispatcherServlet",
                    "message": "GET "/api/admin/statistics/user/channel?temp=1782803683", parameters={masked}" }
                    
{
                    "app": "Crmeb",
                    "timestamp":"2026-06-30 15:14:43.802",
                    "level": "DEBUG",
                    "thread": "http-nio-8169-exec-25",
                    "class": "o.s.w.s.m.m.a.RequestMappingHandlerMapping",
                    "message": "Mapped to com.zbkj.admin.controller.UserStatisticsController#getChannelData()" }
                    
{
                    "app": "Crmeb",
                    "timestamp":"2026-06-30 15:14:43.805",
                    "level": "DEBUG",
                    "thread": "http-nio-8169-exec-27",
                    "class": "o.s.web.servlet.DispatcherServlet",
                    "message": "GET "/api/admin/statistics/home/chart/user?temp=1782803683", parameters={masked}" }
                    
{
                    "app": "Crmeb",
                    "timestamp":"2026-06-30 15:14:43.806",
                    "level": "DEBUG",
                    "thread": "http-nio-8169-exec-27",
                    "class": "o.s.w.s.m.m.a.RequestMappingHandlerMapping",
                    "message": "Mapped to com.zbkj.admin.controller.HomeController#chartUser()" }
                    
{
                    "app": "Crmeb",
                    "timestamp":"2026-06-30 15:14:43.856",
                    "level": "DEBUG",
                    "thread": "http-nio-8169-exec-25",
                    "class": "o.s.w.s.m.m.a.RequestResponseBodyMethodProcessor",
                    "message": "Using 'application/json', given [application/json, text/plain, */*] and supported [application/json, application/*+json, application/json, application/*+json, application/cbor]" }
                    
{
                    "app": "Crmeb",
                    "timestamp":"2026-06-30 15:14:43.856",
                    "level": "DEBUG",
                    "thread": "http-nio-8169-exec-25",
                    "class": "o.s.w.s.m.m.a.RequestResponseBodyMethodProcessor",
                    "message": "Writing [com.zbkj.common.result.CommonResult@116420f7]" }
                    
{
                    "app": "Crmeb",
                    "timestamp":"2026-06-30 15:14:43.857",
                    "level": "DEBUG",
                    "thread": "http-nio-8169-exec-25",
                    "class": "o.s.web.servlet.DispatcherServlet",
                    "message": "Completed 200 OK" }
                    
{
                    "app": "Crmeb",
                    "timestamp":"2026-06-30 15:14:43.894",
                    "level": "DEBUG",
                    "thread": "http-nio-8169-exec-27",
                    "class": "o.s.w.s.m.m.a.RequestResponseBodyMethodProcessor",
                    "message": "Using 'application/json', given [application/json, text/plain, */*] and supported [application/json, application/*+json, application/json, application/*+json, application/cbor]" }
                    
{
                    "app": "Crmeb",
                    "timestamp":"2026-06-30 15:14:43.894",
                    "level": "DEBUG",
                    "thread": "http-nio-8169-exec-27",
                    "class": "o.s.w.s.m.m.a.RequestResponseBodyMethodProcessor",
                    "message": "Writing [com.zbkj.common.result.CommonResult@3b7fd006]" }
                    
{
                    "app": "Crmeb",
                    "timestamp":"2026-06-30 15:14:43.894",
                    "level": "DEBUG",
                    "thread": "http-nio-8169-exec-1",
                    "class": "o.s.web.servlet.DispatcherServlet",
                    "message": "GET "/api/public/jsconfig/get/front/domain?temp=1782803683", parameters={masked}" }
                    
{
                    "app": "Crmeb",
                    "timestamp":"2026-06-30 15:14:43.895",
                    "level": "DEBUG",
                    "thread": "http-nio-8169-exec-27",
                    "class": "o.s.web.servlet.DispatcherServlet",
                    "message": "Completed 200 OK" }
                    
{
                    "app": "Crmeb",
                    "timestamp":"2026-06-30 15:14:43.895",
                    "level": "DEBUG",
                    "thread": "http-nio-8169-exec-1",
                    "class": "o.s.w.s.m.m.a.RequestMappingHandlerMapping",
                    "message": "Mapped to com.zbkj.admin.pub.GetJSConfig#getFrontDomain()" }
                    
{
                    "app": "Crmeb",
                    "timestamp":"2026-06-30 15:14:43.907",
                    "level": "DEBUG",
                    "thread": "http-nio-8169-exec-28",
                    "class": "o.s.web.client.RestTemplate",
                    "message": "HTTP POST https://authorize.crmeb.net/api/auth_cert_query?domain_name=https://jzk.wit.cn/&label=22&version=CRMEB-JAVA-KY-v1.4" }
                    
{
                    "app": "Crmeb",
                    "timestamp":"2026-06-30 15:14:43.914",
                    "level": "DEBUG",
                    "thread": "http-nio-8169-exec-28",
                    "class": "o.s.web.client.RestTemplate",
                    "message": "Accept=[application/json, application/cbor, application/*+json, text/plain, text/html]" }
                    
{
                    "app": "Crmeb",
                    "timestamp":"2026-06-30 15:14:43.929",
                    "level": "DEBUG",
                    "thread": "http-nio-8169-exec-2",
                    "class": "o.s.web.servlet.DispatcherServlet",
                    "message": "GET "/api/public/jsconfig/get/admin/mediadomain?temp=1782803683", parameters={masked}" }
                    
{
                    "app": "Crmeb",
                    "timestamp":"2026-06-30 15:14:43.929",
                    "level": "DEBUG",
                    "thread": "http-nio-8169-exec-2",
                    "class": "o.s.w.s.m.m.a.RequestMappingHandlerMapping",
                    "message": "Mapped to com.zbkj.admin.pub.GetJSConfig#getMediaDomain()" }
                    
{
                    "app": "Crmeb",
                    "timestamp":"2026-06-30 15:14:43.938",
                    "level": "DEBUG",
                    "thread": "http-nio-8169-exec-1",
                    "class": "o.s.w.s.m.m.a.RequestResponseBodyMethodProcessor",
                    "message": "Using 'application/json', given [application/json, text/plain, */*] and supported [application/json, application/*+json, application/json, application/*+json, application/cbor]" }
                    
{
                    "app": "Crmeb",
                    "timestamp":"2026-06-30 15:14:43.938",
                    "level": "DEBUG",
                    "thread": "http-nio-8169-exec-1",
                    "class": "o.s.w.s.m.m.a.RequestResponseBodyMethodProcessor",
                    "message": "Writing [com.zbkj.common.result.CommonResult@180407a2]" }
                    
{
                    "app": "Crmeb",
                    "timestamp":"2026-06-30 15:14:43.938",
                    "level": "DEBUG",
                    "thread": "http-nio-8169-exec-1",
                    "class": "o.s.web.servlet.DispatcherServlet",
                    "message": "Completed 200 OK" }
                    
{
                    "app": "Crmeb",
                    "timestamp":"2026-06-30 15:14:44.016",
                    "level": "DEBUG",
                    "thread": "http-nio-8169-exec-2",
                    "class": "o.s.w.s.m.m.a.RequestResponseBodyMethodProcessor",
                    "message": "Using 'application/json', given [application/json, text/plain, */*] and supported [application/json, application/*+json, application/json, application/*+json, application/cbor]" }
                    
{
                    "app": "Crmeb",
                    "timestamp":"2026-06-30 15:14:44.016",
                    "level": "DEBUG",
                    "thread": "http-nio-8169-exec-2",
                    "class": "o.s.w.s.m.m.a.RequestResponseBodyMethodProcessor",
                    "message": "Writing [com.zbkj.common.result.CommonResult@11760ac1]" }
                    
{
                    "app": "Crmeb",
                    "timestamp":"2026-06-30 15:14:44.017",
                    "level": "DEBUG",
                    "thread": "http-nio-8169-exec-2",
                    "class": "o.s.web.servlet.DispatcherServlet",
                    "message": "Completed 200 OK" }
                    
{
                    "app": "Crmeb",
                    "timestamp":"2026-06-30 15:14:44.110",
                    "level": "DEBUG",
                    "thread": "http-nio-8169-exec-22",
                    "class": "o.s.w.s.m.m.a.RequestResponseBodyMethodProcessor",
                    "message": "Using 'application/json', given [application/json, text/plain, */*] and supported [application/json, application/*+json, application/json, application/*+json, application/cbor]" }
                    
{
                    "app": "Crmeb",
                    "timestamp":"2026-06-30 15:14:44.110",
                    "level": "DEBUG",
                    "thread": "http-nio-8169-exec-22",
                    "class": "o.s.w.s.m.m.a.RequestResponseBodyMethodProcessor",
                    "message": "Writing [com.zbkj.common.result.CommonResult@7e24ef8c]" }
                    
{
                    "app": "Crmeb",
                    "timestamp":"2026-06-30 15:14:44.112",
                    "level": "DEBUG",
                    "thread": "http-nio-8169-exec-22",
                    "class": "o.s.web.servlet.DispatcherServlet",
                    "message": "Completed 200 OK" }
                    
{
                    "app": "Crmeb",
                    "timestamp":"2026-06-30 15:14:44.239",
                    "level": "DEBUG",
                    "thread": "http-nio-8169-exec-28",
                    "class": "o.s.web.client.RestTemplate",
                    "message": "Response 200 OK" }
                    
{
                    "app": "Crmeb",
                    "timestamp":"2026-06-30 15:14:44.242",
                    "level": "DEBUG",
                    "thread": "http-nio-8169-exec-28",
                    "class": "o.s.web.client.RestTemplate",
                    "message": "Reading to [com.alibaba.fastjson.JSONObject]" }
                    
{
                    "app": "Crmeb",
                    "timestamp":"2026-06-30 15:14:44.246",
                    "level": "DEBUG",
                    "thread": "http-nio-8169-exec-28",
                    "class": "o.s.w.s.m.m.a.RequestResponseBodyMethodProcessor",
                    "message": "Using 'application/json', given [application/json, text/plain, */*] and supported [application/json, application/*+json, application/json, application/*+json, application/cbor]" }
                    
{
                    "app": "Crmeb",
                    "timestamp":"2026-06-30 15:14:44.246",
                    "level": "DEBUG",
                    "thread": "http-nio-8169-exec-28",
                    "class": "o.s.w.s.m.m.a.RequestResponseBodyMethodProcessor",
                    "message": "Writing [com.zbkj.common.result.CommonResult@7cb66f73]" }
                    
{
                    "app": "Crmeb",
                    "timestamp":"2026-06-30 15:14:44.248",
                    "level": "DEBUG",
                    "thread": "http-nio-8169-exec-28",
                    "class": "o.s.web.servlet.DispatcherServlet",
                    "message": "Completed 200 OK" }
                    
{
                    "app": "Crmeb",
                    "timestamp":"2026-06-30 15:14:44.260",
                    "level": "DEBUG",
                    "thread": "http-nio-8169-exec-20",
                    "class": "o.s.w.s.m.m.a.RequestResponseBodyMethodProcessor",
                    "message": "Using 'application/json', given [application/json, text/plain, */*] and supported [application/json, application/*+json, application/json, application/*+json, application/cbor]" }
                    
{
                    "app": "Crmeb",
                    "timestamp":"2026-06-30 15:14:44.260",
                    "level": "DEBUG",
                    "thread": "http-nio-8169-exec-20",
                    "class": "o.s.w.s.m.m.a.RequestResponseBodyMethodProcessor",
                    "message": "Writing [com.zbkj.common.result.CommonResult@543642a8]" }
                    
{
                    "app": "Crmeb",
                    "timestamp":"2026-06-30 15:14:44.260",
                    "level": "DEBUG",
                    "thread": "http-nio-8169-exec-20",
                    "class": "o.s.web.servlet.DispatcherServlet",
                    "message": "Completed 200 OK" }
                    
{
                    "app": "Crmeb",
                    "timestamp":"2026-06-30 15:14:44.601",
                    "level": "DEBUG",
                    "thread": "http-nio-8169-exec-26",
                    "class": "o.s.w.s.m.m.a.RequestResponseBodyMethodProcessor",
                    "message": "Using 'application/json', given [application/json, text/plain, */*] and supported [application/json, application/*+json, application/json, application/*+json, application/cbor]" }
                    
{
                    "app": "Crmeb",
                    "timestamp":"2026-06-30 15:14:44.601",
                    "level": "DEBUG",
                    "thread": "http-nio-8169-exec-26",
                    "class": "o.s.w.s.m.m.a.RequestResponseBodyMethodProcessor",
                    "message": "Writing [com.zbkj.common.result.CommonResult@4bdf93ce]" }
                    
{
                    "app": "Crmeb",
                    "timestamp":"2026-06-30 15:14:44.601",
                    "level": "DEBUG",
                    "thread": "http-nio-8169-exec-26",
                    "class": "o.s.web.servlet.DispatcherServlet",
                    "message": "Completed 200 OK" }
                    
{
                    "app": "Crmeb",
                    "timestamp":"2026-06-30 15:15:50.074",
                    "level": "DEBUG",
                    "thread": "http-nio-8169-exec-12",
                    "class": "o.s.web.servlet.DispatcherServlet",
                    "message": "GET "/api/admin/category/list/tree?status=-1&type=1&temp=1782803750", parameters={masked}" }
                    
{
                    "app": "Crmeb",
                    "timestamp":"2026-06-30 15:15:50.074",
                    "level": "DEBUG",
                    "thread": "http-nio-8169-exec-13",
                    "class": "o.s.web.servlet.DispatcherServlet",
                    "message": "GET "/api/admin/store/product/tabs/headers?page=1&limit=20&cateId=&keywords=&type=1&temp=1782803750", parameters={masked}" }
                    
{
                    "app": "Crmeb",
                    "timestamp":"2026-06-30 15:15:50.074",
                    "level": "DEBUG",
                    "thread": "http-nio-8169-exec-13",
                    "class": "o.s.w.s.m.m.a.RequestMappingHandlerMapping",
                    "message": "Mapped to com.zbkj.admin.controller.StoreProductController#getTabsHeader(StoreProductHeaderRequest)" }
                    
{
                    "app": "Crmeb",
                    "timestamp":"2026-06-30 15:15:50.074",
                    "level": "DEBUG",
                    "thread": "http-nio-8169-exec-12",
                    "class": "o.s.w.s.m.m.a.RequestMappingHandlerMapping",
                    "message": "Mapped to com.zbkj.admin.controller.CategoryController#getListTree(Integer, Integer, String)" }
                    
{
                    "app": "Crmeb",
                    "timestamp":"2026-06-30 15:15:50.077",
                    "level": "DEBUG",
                    "thread": "http-nio-8169-exec-4",
                    "class": "o.s.web.servlet.DispatcherServlet",
                    "message": "GET "/api/admin/store/product/list?page=1&limit=20&cateId=&keywords=&type=1&temp=1782803750", parameters={masked}" }
                    
{
                    "app": "Crmeb",
                    "timestamp":"2026-06-30 15:15:50.078",
                    "level": "DEBUG",
                    "thread": "http-nio-8169-exec-4",
                    "class": "o.s.w.s.m.m.a.RequestMappingHandlerMapping",
                    "message": "Mapped to com.zbkj.admin.controller.StoreProductController#getList(StoreProductSearchRequest, PageParamRequest)" }
                    
{
                    "app": "Crmeb",
                    "timestamp":"2026-06-30 15:15:50.168",
                    "level": "DEBUG",
                    "thread": "http-nio-8169-exec-12",
                    "class": "o.s.w.s.m.m.a.RequestResponseBodyMethodProcessor",
                    "message": "Using 'application/json', given [application/json, text/plain, */*] and supported [application/json, application/*+json, application/json, application/*+json, application/cbor]" }
                    
{
                    "app": "Crmeb",
                    "timestamp":"2026-06-30 15:15:50.169",
                    "level": "DEBUG",
                    "thread": "http-nio-8169-exec-12",
                    "class": "o.s.w.s.m.m.a.RequestResponseBodyMethodProcessor",
                    "message": "Writing [com.zbkj.common.result.CommonResult@249b3aaa]" }
                    
{
                    "app": "Crmeb",
                    "timestamp":"2026-06-30 15:15:50.170",
                    "level": "DEBUG",
                    "thread": "http-nio-8169-exec-12",
                    "class": "o.s.web.servlet.DispatcherServlet",
                    "message": "Completed 200 OK" }
                    
{
                    "app": "Crmeb",
                    "timestamp":"2026-06-30 15:15:50.207",
                    "level": "DEBUG",
                    "thread": "http-nio-8169-exec-4",
                    "class": "o.s.w.s.m.m.a.RequestResponseBodyMethodProcessor",
                    "message": "Using 'application/json', given [application/json, text/plain, */*] and supported [application/json, application/*+json, application/json, application/*+json, application/cbor]" }
                    
{
                    "app": "Crmeb",
                    "timestamp":"2026-06-30 15:15:50.207",
                    "level": "DEBUG",
                    "thread": "http-nio-8169-exec-4",
                    "class": "o.s.w.s.m.m.a.RequestResponseBodyMethodProcessor",
                    "message": "Writing [com.zbkj.common.result.CommonResult@5bd88d82]" }
                    
{
                    "app": "Crmeb",
                    "timestamp":"2026-06-30 15:15:50.209",
                    "level": "DEBUG",
                    "thread": "http-nio-8169-exec-4",
                    "class": "o.s.web.servlet.DispatcherServlet",
                    "message": "Completed 200 OK" }
                    
{
                    "app": "Crmeb",
                    "timestamp":"2026-06-30 15:15:50.393",
                    "level": "DEBUG",
                    "thread": "http-nio-8169-exec-13",
                    "class": "o.s.w.s.m.m.a.RequestResponseBodyMethodProcessor",
                    "message": "Using 'application/json', given [application/json, text/plain, */*] and supported [application/json, application/*+json, application/json, application/*+json, application/cbor]" }
                    
{
                    "app": "Crmeb",
                    "timestamp":"2026-06-30 15:15:50.393",
                    "level": "DEBUG",
                    "thread": "http-nio-8169-exec-13",
                    "class": "o.s.w.s.m.m.a.RequestResponseBodyMethodProcessor",
                    "message": "Writing [com.zbkj.common.result.CommonResult@68793aad]" }
                    
{
                    "app": "Crmeb",
                    "timestamp":"2026-06-30 15:15:50.393",
                    "level": "DEBUG",
                    "thread": "http-nio-8169-exec-13",
                    "class": "o.s.web.servlet.DispatcherServlet",
                    "message": "Completed 200 OK" }
                    
{
                    "app": "Crmeb",
                    "timestamp":"2026-06-30 15:15:52.731",
                    "level": "DEBUG",
                    "thread": "http-nio-8169-exec-19",
                    "class": "o.s.web.servlet.DispatcherServlet",
                    "message": "GET "/api/admin/store/product/tabs/headers?page=1&limit=20&cateId=&keywords=&type=2&temp=1782803752", parameters={masked}" }
                    
{
                    "app": "Crmeb",
                    "timestamp":"2026-06-30 15:15:52.732",
                    "level": "DEBUG",
                    "thread": "http-nio-8169-exec-19",
                    "class": "o.s.w.s.m.m.a.RequestMappingHandlerMapping",
                    "message": "Mapped to com.zbkj.admin.controller.StoreProductController#getTabsHeader(StoreProductHeaderRequest)" }
                    
{
                    "app": "Crmeb",
                    "timestamp":"2026-06-30 15:15:52.733",
                    "level": "DEBUG",
                    "thread": "http-nio-8169-exec-23",
                    "class": "o.s.web.servlet.DispatcherServlet",
                    "message": "GET "/api/admin/store/product/list?page=1&limit=20&cateId=&keywords=&type=2&temp=1782803752", parameters={masked}" }
                    
{
                    "app": "Crmeb",
                    "timestamp":"2026-06-30 15:15:52.733",
                    "level": "DEBUG",
                    "thread": "http-nio-8169-exec-23",
                    "class": "o.s.w.s.m.m.a.RequestMappingHandlerMapping",
                    "message": "Mapped to com.zbkj.admin.controller.StoreProductController#getList(StoreProductSearchRequest, PageParamRequest)" }
                    
{
                    "app": "Crmeb",
                    "timestamp":"2026-06-30 15:15:53.001",
                    "level": "DEBUG",
                    "thread": "http-nio-8169-exec-19",
                    "class": "o.s.w.s.m.m.a.RequestResponseBodyMethodProcessor",
                    "message": "Using 'application/json', given [application/json, text/plain, */*] and supported [application/json, application/*+json, application/json, application/*+json, application/cbor]" }
                    
{
                    "app": "Crmeb",
                    "timestamp":"2026-06-30 15:15:53.001",
                    "level": "DEBUG",
                    "thread": "http-nio-8169-exec-19",
                    "class": "o.s.w.s.m.m.a.RequestResponseBodyMethodProcessor",
                    "message": "Writing [com.zbkj.common.result.CommonResult@317be191]" }
                    
{
                    "app": "Crmeb",
                    "timestamp":"2026-06-30 15:15:53.002",
                    "level": "DEBUG",
                    "thread": "http-nio-8169-exec-19",
                    "class": "o.s.web.servlet.DispatcherServlet",
                    "message": "Completed 200 OK" }
                    
{
                    "app": "Crmeb",
                    "timestamp":"2026-06-30 15:15:53.119",
                    "level": "DEBUG",
                    "thread": "http-nio-8169-exec-23",
                    "class": "o.s.w.s.m.m.a.RequestResponseBodyMethodProcessor",
                    "message": "Using 'application/json', given [application/json, text/plain, */*] and supported [application/json, application/*+json, application/json, application/*+json, application/cbor]" }
                    
{
                    "app": "Crmeb",
                    "timestamp":"2026-06-30 15:15:53.119",
                    "level": "DEBUG",
                    "thread": "http-nio-8169-exec-23",
                    "class": "o.s.w.s.m.m.a.RequestResponseBodyMethodProcessor",
                    "message": "Writing [com.zbkj.common.result.CommonResult@3a2f54b5]" }
                    
{
                    "app": "Crmeb",
                    "timestamp":"2026-06-30 15:15:53.131",
                    "level": "DEBUG",
                    "thread": "http-nio-8169-exec-23",
                    "class": "o.s.web.servlet.DispatcherServlet",
                    "message": "Completed 200 OK" }
                    
{
                    "app": "Crmeb",
                    "timestamp":"2026-06-30 15:15:55.196",
                    "level": "DEBUG",
                    "thread": "http-nio-8169-exec-30",
                    "class": "o.s.web.servlet.DispatcherServlet",
                    "message": "GET "/api/admin/store/product/info/94?temp=1782803755", parameters={masked}" }
                    
{
                    "app": "Crmeb",
                    "timestamp":"2026-06-30 15:15:55.196",
                    "level": "DEBUG",
                    "thread": "http-nio-8169-exec-2",
                    "class": "o.s.web.servlet.DispatcherServlet",
                    "message": "GET "/api/admin/system/group/data/list?gid=70&temp=1782803755", parameters={masked}" }
                    
{
                    "app": "Crmeb",
                    "timestamp":"2026-06-30 15:15:55.196",
                    "level": "DEBUG",
                    "thread": "http-nio-8169-exec-2",
                    "class": "o.s.w.s.m.m.a.RequestMappingHandlerMapping",
                    "message": "Mapped to com.zbkj.admin.controller.SystemGroupDataController#getList(SystemGroupDataSearchRequest, PageParamRequest)" }
                    
{
                    "app": "Crmeb",
                    "timestamp":"2026-06-30 15:15:55.199",
                    "level": "DEBUG",
                    "thread": "http-nio-8169-exec-25",
                    "class": "o.s.web.servlet.DispatcherServlet",
                    "message": "POST "/api/admin/store/product/copy/config", parameters={}" }
                    
{
                    "app": "Crmeb",
                    "timestamp":"2026-06-30 15:15:55.200",
                    "level": "DEBUG",
                    "thread": "http-nio-8169-exec-25",
                    "class": "o.s.w.s.m.m.a.RequestMappingHandlerMapping",
                    "message": "Mapped to com.zbkj.admin.controller.StoreProductController#copyConfig()" }
                    
{
                    "app": "Crmeb",
                    "timestamp":"2026-06-30 15:15:55.200",
                    "level": "DEBUG",
                    "thread": "http-nio-8169-exec-1",
                    "class": "o.s.web.servlet.DispatcherServlet",
                    "message": "GET "/api/admin/express/shipping/templates/list?page=1&limit=9999&temp=1782803755", parameters={masked}" }
                    
{
                    "app": "Crmeb",
                    "timestamp":"2026-06-30 15:15:55.200",
                    "level": "DEBUG",
                    "thread": "http-nio-8169-exec-1",
                    "class": "o.s.w.s.m.m.a.RequestMappingHandlerMapping",
                    "message": "Mapped to com.zbkj.admin.controller.ShippingTemplatesController#getList(ShippingTemplatesSearchRequest, PageParamRequest)" }
                    
{
                    "app": "Crmeb",
                    "timestamp":"2026-06-30 15:15:55.203",
                    "level": "DEBUG",
                    "thread": "http-nio-8169-exec-30",
                    "class": "o.s.w.s.m.m.a.RequestMappingHandlerMapping",
                    "message": "Mapped to com.zbkj.admin.controller.StoreProductController#info(Integer)" }
                    
{
                    "app": "Crmeb",
                    "timestamp":"2026-06-30 15:15:55.204",
                    "level": "DEBUG",
                    "thread": "http-nio-8169-exec-27",
                    "class": "o.s.web.servlet.DispatcherServlet",
                    "message": "GET "/api/admin/category/list/tree?status=-1&type=1&temp=1782803755", parameters={masked}" }
                    
{
                    "app": "Crmeb",
                    "timestamp":"2026-06-30 15:15:55.206",
                    "level": "DEBUG",
                    "thread": "http-nio-8169-exec-27",
                    "class": "o.s.w.s.m.m.a.RequestMappingHandlerMapping",
                    "message": "Mapped to com.zbkj.admin.controller.CategoryController#getListTree(Integer, Integer, String)" }
                    
{
                    "app": "Crmeb",
                    "timestamp":"2026-06-30 15:15:55.252",
                    "level": "DEBUG",
                    "thread": "http-nio-8169-exec-27",
                    "class": "o.s.w.s.m.m.a.RequestResponseBodyMethodProcessor",
                    "message": "Using 'application/json', given [application/json, text/plain, */*] and supported [application/json, application/*+json, application/json, application/*+json, application/cbor]" }
                    
{
                    "app": "Crmeb",
                    "timestamp":"2026-06-30 15:15:55.252",
                    "level": "DEBUG",
                    "thread": "http-nio-8169-exec-27",
                    "class": "o.s.w.s.m.m.a.RequestResponseBodyMethodProcessor",
                    "message": "Writing [com.zbkj.common.result.CommonResult@697f8d36]" }
                    
{
                    "app": "Crmeb",
                    "timestamp":"2026-06-30 15:15:55.253",
                    "level": "DEBUG",
                    "thread": "http-nio-8169-exec-27",
                    "class": "o.s.web.servlet.DispatcherServlet",
                    "message": "Completed 200 OK" }
                    
{
                    "app": "Crmeb",
                    "timestamp":"2026-06-30 15:15:55.296",
                    "level": "DEBUG",
                    "thread": "http-nio-8169-exec-2",
                    "class": "o.s.w.s.m.m.a.RequestResponseBodyMethodProcessor",
                    "message": "Using 'application/json', given [application/json, text/plain, */*] and supported [application/json, application/*+json, application/json, application/*+json, application/cbor]" }
                    
{
                    "app": "Crmeb",
                    "timestamp":"2026-06-30 15:15:55.297",
                    "level": "DEBUG",
                    "thread": "http-nio-8169-exec-2",
                    "class": "o.s.w.s.m.m.a.RequestResponseBodyMethodProcessor",
                    "message": "Writing [com.zbkj.common.result.CommonResult@39085ef4]" }
                    
{
                    "app": "Crmeb",
                    "timestamp":"2026-06-30 15:15:55.304",
                    "level": "DEBUG",
                    "thread": "http-nio-8169-exec-2",
                    "class": "o.s.web.servlet.DispatcherServlet",
                    "message": "Completed 200 OK" }
                    
{
                    "app": "Crmeb",
                    "timestamp":"2026-06-30 15:15:55.346",
                    "level": "DEBUG",
                    "thread": "http-nio-8169-exec-1",
                    "class": "o.s.w.s.m.m.a.RequestResponseBodyMethodProcessor",
                    "message": "Using 'application/json', given [application/json, text/plain, */*] and supported [application/json, application/*+json, application/json, application/*+json, application/cbor]" }
                    
{
                    "app": "Crmeb",
                    "timestamp":"2026-06-30 15:15:55.346",
                    "level": "DEBUG",
                    "thread": "http-nio-8169-exec-1",
                    "class": "o.s.w.s.m.m.a.RequestResponseBodyMethodProcessor",
                    "message": "Writing [com.zbkj.common.result.CommonResult@4ba665e5]" }
                    
{
                    "app": "Crmeb",
                    "timestamp":"2026-06-30 15:15:55.349",
                    "level": "DEBUG",
                    "thread": "http-nio-8169-exec-25",
                    "class": "o.s.web.client.RestTemplate",
                    "message": "HTTP POST https://sms.crmeb.net/api/v2/user/login" }
                    
{
                    "app": "Crmeb",
                    "timestamp":"2026-06-30 15:15:55.349",
                    "level": "DEBUG",
                    "thread": "http-nio-8169-exec-1",
                    "class": "o.s.web.servlet.DispatcherServlet",
                    "message": "Completed 200 OK" }
                    
{
                    "app": "Crmeb",
                    "timestamp":"2026-06-30 15:15:55.349",
                    "level": "DEBUG",
                    "thread": "http-nio-8169-exec-25",
                    "class": "o.s.web.client.RestTemplate",
                    "message": "Accept=[text/plain, application/json, application/cbor, application/*+json, text/html, */*]" }
                    
{
                    "app": "Crmeb",
                    "timestamp":"2026-06-30 15:15:55.351",
                    "level": "DEBUG",
                    "thread": "http-nio-8169-exec-25",
                    "class": "o.s.web.client.RestTemplate",
                    "message": "Writing [{access_key=[11111], secret_key=[11111]}] as "application/x-www-form-urlencoded"" }
                    
{
                    "app": "Crmeb",
                    "timestamp":"2026-06-30 15:15:55.479",
                    "level": "DEBUG",
                    "thread": "http-nio-8169-exec-30",
                    "class": "o.s.w.s.m.m.a.RequestResponseBodyMethodProcessor",
                    "message": "Using 'application/json', given [application/json, text/plain, */*] and supported [application/json, application/*+json, application/json, application/*+json, application/cbor]" }
                    
{
                    "app": "Crmeb",
                    "timestamp":"2026-06-30 15:15:55.479",
                    "level": "DEBUG",
                    "thread": "http-nio-8169-exec-30",
                    "class": "o.s.w.s.m.m.a.RequestResponseBodyMethodProcessor",
                    "message": "Writing [com.zbkj.common.result.CommonResult@6b94c6e4]" }
                    
{
                    "app": "Crmeb",
                    "timestamp":"2026-06-30 15:15:55.484",
                    "level": "DEBUG",
                    "thread": "http-nio-8169-exec-30",
                    "class": "o.s.web.servlet.DispatcherServlet",
                    "message": "Completed 200 OK" }
                    
{
                    "app": "Crmeb",
                    "timestamp":"2026-06-30 15:15:55.613",
                    "level": "DEBUG",
                    "thread": "http-nio-8169-exec-25",
                    "class": "o.s.web.client.RestTemplate",
                    "message": "Response 200 OK" }
                    
{
                    "app": "Crmeb",
                    "timestamp":"2026-06-30 15:15:55.613",
                    "level": "DEBUG",
                    "thread": "http-nio-8169-exec-25",
                    "class": "o.s.web.client.RestTemplate",
                    "message": "Reading to [java.lang.String] as "application/json"" }
                    
{
                    "app": "Crmeb",
                    "timestamp":"2026-06-30 15:15:55.616",
                    "level": "DEBUG",
                    "thread": "http-nio-8169-exec-26",
                    "class": "o.s.web.servlet.DispatcherServlet",
                    "message": "GET "/api/admin/store/product/rule/list?page=1&limit=9999&keywords=&temp=1782803755", parameters={masked}" }
                    
{
                    "app": "Crmeb",
                    "timestamp":"2026-06-30 15:15:55.616",
                    "level": "DEBUG",
                    "thread": "http-nio-8169-exec-26",
                    "class": "o.s.w.s.m.m.a.RequestMappingHandlerMapping",
                    "message": "Mapped to com.zbkj.admin.controller.StoreProductRuleController#getList(StoreProductRuleSearchRequest, PageParamRequest)" }
                    
{
                    "app": "Crmeb",
                    "timestamp":"2026-06-30 15:15:55.622",
                    "level": "DEBUG",
                    "thread": "http-nio-8169-exec-25",
                    "class": "o.s.w.s.m.m.a.ExceptionHandlerExceptionResolver",
                    "message": "Using @ExceptionHandler com.zbkj.service.exception.GlobalExceptionHandler#defaultExceptionHandler(HttpServletRequest, Exception)" }
                    
{
                    "app": "Crmeb",
                    "timestamp":"2026-06-30 15:15:55.636",
                    "level": "DEBUG",
                    "thread": "http-nio-8169-exec-20",
                    "class": "o.s.web.servlet.DispatcherServlet",
                    "message": "GET "/api/admin/marketing/coupon/send/list?type=3&temp=1782803755", parameters={masked}" }
                    
{
                    "app": "Crmeb",
                    "timestamp":"2026-06-30 15:15:55.636",
                    "level": "DEBUG",
                    "thread": "http-nio-8169-exec-20",
                    "class": "o.s.w.s.m.m.a.RequestMappingHandlerMapping",
                    "message": "Mapped to com.zbkj.admin.controller.StoreCouponController#getSendList(SearchAndPageRequest)" }
                    
{
                    "app": "Crmeb",
                    "timestamp":"2026-06-30 15:15:55.694",
                    "level": "DEBUG",
                    "thread": "http-nio-8169-exec-25",
                    "class": "o.s.w.s.m.m.a.RequestResponseBodyMethodProcessor",
                    "message": "Using 'application/json', given [application/json, text/plain, */*] and supported [application/json, application/*+json, application/json, application/*+json, application/cbor]" }
                    
{
                    "app": "Crmeb",
                    "timestamp":"2026-06-30 15:15:55.694",
                    "level": "DEBUG",
                    "thread": "http-nio-8169-exec-25",
                    "class": "o.s.w.s.m.m.a.RequestResponseBodyMethodProcessor",
                    "message": "Writing [com.zbkj.common.result.CommonResult@6d8daaae]" }
                    
{
                    "app": "Crmeb",
                    "timestamp":"2026-06-30 15:15:55.695",
                    "level": "DEBUG",
                    "thread": "http-nio-8169-exec-25",
                    "class": "o.s.w.s.m.m.a.ExceptionHandlerExceptionResolver",
                    "message": "Resolved [com.zbkj.common.exception.CrmebException: 一号通平台接口接口请求失败:accessKey或者secretKey不正确]" }
                    
{
                    "app": "Crmeb",
                    "timestamp":"2026-06-30 15:15:55.695",
                    "level": "DEBUG",
                    "thread": "http-nio-8169-exec-25",
                    "class": "o.s.web.servlet.DispatcherServlet",
                    "message": "Completed 200 OK" }
                    
{
                    "app": "Crmeb",
                    "timestamp":"2026-06-30 15:15:55.716",
                    "level": "DEBUG",
                    "thread": "http-nio-8169-exec-20",
                    "class": "o.s.w.s.m.m.a.RequestResponseBodyMethodProcessor",
                    "message": "Using 'application/json', given [application/json, text/plain, */*] and supported [application/json, application/*+json, application/json, application/*+json, application/cbor]" }
                    
{
                    "app": "Crmeb",
                    "timestamp":"2026-06-30 15:15:55.716",
                    "level": "DEBUG",
                    "thread": "http-nio-8169-exec-20",
                    "class": "o.s.w.s.m.m.a.RequestResponseBodyMethodProcessor",
                    "message": "Writing [com.zbkj.common.result.CommonResult@6e042140]" }
                    
{
                    "app": "Crmeb",
                    "timestamp":"2026-06-30 15:15:55.716",
                    "level": "DEBUG",
                    "thread": "http-nio-8169-exec-20",
                    "class": "o.s.web.servlet.DispatcherServlet",
                    "message": "Completed 200 OK" }
                    
{
                    "app": "Crmeb",
                    "timestamp":"2026-06-30 15:15:55.733",
                    "level": "DEBUG",
                    "thread": "http-nio-8169-exec-26",
                    "class": "o.s.w.s.m.m.a.RequestResponseBodyMethodProcessor",
                    "message": "Using 'application/json', given [application/json, text/plain, */*] and supported [application/json, application/*+json, application/json, application/*+json, application/cbor]" }
                    
{
                    "app": "Crmeb",
                    "timestamp":"2026-06-30 15:15:55.733",
                    "level": "DEBUG",
                    "thread": "http-nio-8169-exec-26",
                    "class": "o.s.w.s.m.m.a.RequestResponseBodyMethodProcessor",
                    "message": "Writing [com.zbkj.common.result.CommonResult@449d4fdd]" }
                    
{
                    "app": "Crmeb",
                    "timestamp":"2026-06-30 15:15:55.734",
                    "level": "DEBUG",
                    "thread": "http-nio-8169-exec-26",
                    "class": "o.s.web.servlet.DispatcherServlet",
                    "message": "Completed 200 OK" }
                    
{
                    "app": "Crmeb",
                    "timestamp":"2026-06-30 15:16:02.040",
                    "level": "DEBUG",
                    "thread": "http-nio-8169-exec-7",
                    "class": "o.s.web.servlet.DispatcherServlet",
                    "message": "POST "/api/admin/store/product/update", parameters={}" }
                    
{
                    "app": "Crmeb",
                    "timestamp":"2026-06-30 15:16:02.041",
                    "level": "DEBUG",
                    "thread": "http-nio-8169-exec-7",
                    "class": "o.s.w.s.m.m.a.RequestMappingHandlerMapping",
                    "message": "Mapped to com.zbkj.admin.controller.StoreProductController#update(StoreProductAddRequest)" }
                    
{
                    "app": "Crmeb",
                    "timestamp":"2026-06-30 15:16:02.044",
                    "level": "DEBUG",
                    "thread": "http-nio-8169-exec-7",
                    "class": "o.s.w.s.m.m.a.RequestResponseBodyMethodProcessor",
                    "message": "Read "application/json;charset=UTF-8" to [StoreProductAddRequest(id=94, image=http://jzk.wit.cn/crmebimage/public/content/2026/05/20/a68f9636e (truncated)...]" }
                    
{
                    "app": "Crmeb",
                    "timestamp":"2026-06-30 15:16:03.432",
                    "level": "DEBUG",
                    "thread": "http-nio-8169-exec-7",
                    "class": "o.s.w.s.m.m.a.RequestResponseBodyMethodProcessor",
                    "message": "Using 'application/json', given [application/json, text/plain, */*] and supported [application/json, application/*+json, application/json, application/*+json, application/cbor]" }
                    
{
                    "app": "Crmeb",
                    "timestamp":"2026-06-30 15:16:03.432",
                    "level": "DEBUG",
                    "thread": "http-nio-8169-exec-7",
                    "class": "o.s.w.s.m.m.a.RequestResponseBodyMethodProcessor",
                    "message": "Writing [com.zbkj.common.result.CommonResult@218109c3]" }
                    
{
                    "app": "Crmeb",
                    "timestamp":"2026-06-30 15:16:03.433",
                    "level": "DEBUG",
                    "thread": "http-nio-8169-exec-7",
                    "class": "o.s.web.servlet.DispatcherServlet",
                    "message": "Completed 200 OK" }
                    
{
                    "app": "Crmeb",
                    "timestamp":"2026-06-30 15:16:04.035",
                    "level": "DEBUG",
                    "thread": "http-nio-8169-exec-11",
                    "class": "o.s.web.servlet.DispatcherServlet",
                    "message": "GET "/api/admin/store/product/list?page=1&limit=20&cateId=&keywords=&type=1&temp=1782803763", parameters={masked}" }
                    
{
                    "app": "Crmeb",
                    "timestamp":"2026-06-30 15:16:04.035",
                    "level": "DEBUG",
                    "thread": "http-nio-8169-exec-11",
                    "class": "o.s.w.s.m.m.a.RequestMappingHandlerMapping",
                    "message": "Mapped to com.zbkj.admin.controller.StoreProductController#getList(StoreProductSearchRequest, PageParamRequest)" }
                    
{
                    "app": "Crmeb",
                    "timestamp":"2026-06-30 15:16:04.038",
                    "level": "DEBUG",
                    "thread": "http-nio-8169-exec-3",
                    "class": "o.s.web.servlet.DispatcherServlet",
                    "message": "GET "/api/admin/category/list/tree?status=-1&type=1&temp=1782803763", parameters={masked}" }
                    
{
                    "app": "Crmeb",
                    "timestamp":"2026-06-30 15:16:04.038",
                    "level": "DEBUG",
                    "thread": "http-nio-8169-exec-14",
                    "class": "o.s.web.servlet.DispatcherServlet",
                    "message": "GET "/api/admin/store/product/tabs/headers?page=1&limit=20&cateId=&keywords=&type=1&temp=1782803763", parameters={masked}" }
                    
{
                    "app": "Crmeb",
                    "timestamp":"2026-06-30 15:16:04.038",
                    "level": "DEBUG",
                    "thread": "http-nio-8169-exec-14",
                    "class": "o.s.w.s.m.m.a.RequestMappingHandlerMapping",
                    "message": "Mapped to com.zbkj.admin.controller.StoreProductController#getTabsHeader(StoreProductHeaderRequest)" }
                    
{
                    "app": "Crmeb",
                    "timestamp":"2026-06-30 15:16:04.038",
                    "level": "DEBUG",
                    "thread": "http-nio-8169-exec-3",
                    "class": "o.s.w.s.m.m.a.RequestMappingHandlerMapping",
                    "message": "Mapped to com.zbkj.admin.controller.CategoryController#getListTree(Integer, Integer, String)" }
                    
{
                    "app": "Crmeb",
                    "timestamp":"2026-06-30 15:16:04.080",
                    "level": "DEBUG",
                    "thread": "http-nio-8169-exec-3",
                    "class": "o.s.w.s.m.m.a.RequestResponseBodyMethodProcessor",
                    "message": "Using 'application/json', given [application/json, text/plain, */*] and supported [application/json, application/*+json, application/json, application/*+json, application/cbor]" }
                    
{
                    "app": "Crmeb",
                    "timestamp":"2026-06-30 15:16:04.081",
                    "level": "DEBUG",
                    "thread": "http-nio-8169-exec-3",
                    "class": "o.s.w.s.m.m.a.RequestResponseBodyMethodProcessor",
                    "message": "Writing [com.zbkj.common.result.CommonResult@74a22f7f]" }
                    
{
                    "app": "Crmeb",
                    "timestamp":"2026-06-30 15:16:04.081",
                    "level": "DEBUG",
                    "thread": "http-nio-8169-exec-3",
                    "class": "o.s.web.servlet.DispatcherServlet",
                    "message": "Completed 200 OK" }
                    
{
                    "app": "Crmeb",
                    "timestamp":"2026-06-30 15:16:04.126",
                    "level": "DEBUG",
                    "thread": "http-nio-8169-exec-11",
                    "class": "o.s.w.s.m.m.a.RequestResponseBodyMethodProcessor",
                    "message": "Using 'application/json', given [application/json, text/plain, */*] and supported [application/json, application/*+json, application/json, application/*+json, application/cbor]" }
                    
{
                    "app": "Crmeb",
                    "timestamp":"2026-06-30 15:16:04.126",
                    "level": "DEBUG",
                    "thread": "http-nio-8169-exec-11",
                    "class": "o.s.w.s.m.m.a.RequestResponseBodyMethodProcessor",
                    "message": "Writing [com.zbkj.common.result.CommonResult@54f3515a]" }
                    
{
                    "app": "Crmeb",
                    "timestamp":"2026-06-30 15:16:04.126",
                    "level": "DEBUG",
                    "thread": "http-nio-8169-exec-11",
                    "class": "o.s.web.servlet.DispatcherServlet",
                    "message": "Completed 200 OK" }
                    
{
                    "app": "Crmeb",
                    "timestamp":"2026-06-30 15:16:04.347",
                    "level": "DEBUG",
                    "thread": "http-nio-8169-exec-14",
                    "class": "o.s.w.s.m.m.a.RequestResponseBodyMethodProcessor",
                    "message": "Using 'application/json', given [application/json, text/plain, */*] and supported [application/json, application/*+json, application/json, application/*+json, application/cbor]" }
                    
{
                    "app": "Crmeb",
                    "timestamp":"2026-06-30 15:16:04.348",
                    "level": "DEBUG",
                    "thread": "http-nio-8169-exec-14",
                    "class": "o.s.w.s.m.m.a.RequestResponseBodyMethodProcessor",
                    "message": "Writing [com.zbkj.common.result.CommonResult@49d51a06]" }
                    
{
                    "app": "Crmeb",
                    "timestamp":"2026-06-30 15:16:04.348",
                    "level": "DEBUG",
                    "thread": "http-nio-8169-exec-14",
                    "class": "o.s.web.servlet.DispatcherServlet",
                    "message": "Completed 200 OK" }
                    
{
                    "app": "Crmeb",
                    "timestamp":"2026-06-30 15:16:05.672",
                    "level": "DEBUG",
                    "thread": "http-nio-8169-exec-13",
                    "class": "o.s.web.servlet.DispatcherServlet",
                    "message": "GET "/api/admin/store/product/tabs/headers?page=1&limit=20&cateId=&keywords=&type=2&temp=1782803765", parameters={masked}" }
                    
{
                    "app": "Crmeb",
                    "timestamp":"2026-06-30 15:16:05.673",
                    "level": "DEBUG",
                    "thread": "http-nio-8169-exec-13",
                    "class": "o.s.w.s.m.m.a.RequestMappingHandlerMapping",
                    "message": "Mapped to com.zbkj.admin.controller.StoreProductController#getTabsHeader(StoreProductHeaderRequest)" }
                    
{
                    "app": "Crmeb",
                    "timestamp":"2026-06-30 15:16:05.676",
                    "level": "DEBUG",
                    "thread": "http-nio-8169-exec-12",
                    "class": "o.s.web.servlet.DispatcherServlet",
                    "message": "GET "/api/admin/store/product/list?page=1&limit=20&cateId=&keywords=&type=2&temp=1782803765", parameters={masked}" }
                    
{
                    "app": "Crmeb",
                    "timestamp":"2026-06-30 15:16:05.676",
                    "level": "DEBUG",
                    "thread": "http-nio-8169-exec-12",
                    "class": "o.s.w.s.m.m.a.RequestMappingHandlerMapping",
                    "message": "Mapped to com.zbkj.admin.controller.StoreProductController#getList(StoreProductSearchRequest, PageParamRequest)" }
                    
{
                    "app": "Crmeb",
                    "timestamp":"2026-06-30 15:16:05.945",
                    "level": "DEBUG",
                    "thread": "http-nio-8169-exec-13",
                    "class": "o.s.w.s.m.m.a.RequestResponseBodyMethodProcessor",
                    "message": "Using 'application/json', given [application/json, text/plain, */*] and supported [application/json, application/*+json, application/json, application/*+json, application/cbor]" }
                    
{
                    "app": "Crmeb",
                    "timestamp":"2026-06-30 15:16:05.945",
                    "level": "DEBUG",
                    "thread": "http-nio-8169-exec-13",
                    "class": "o.s.w.s.m.m.a.RequestResponseBodyMethodProcessor",
                    "message": "Writing [com.zbkj.common.result.CommonResult@430f7de5]" }
                    
{
                    "app": "Crmeb",
                    "timestamp":"2026-06-30 15:16:05.946",
                    "level": "DEBUG",
                    "thread": "http-nio-8169-exec-13",
                    "class": "o.s.web.servlet.DispatcherServlet",
                    "message": "Completed 200 OK" }
                    
{
                    "app": "Crmeb",
                    "timestamp":"2026-06-30 15:16:05.977",
                    "level": "DEBUG",
                    "thread": "http-nio-8169-exec-12",
                    "class": "o.s.w.s.m.m.a.RequestResponseBodyMethodProcessor",
                    "message": "Using 'application/json', given [application/json, text/plain, */*] and supported [application/json, application/*+json, application/json, application/*+json, application/cbor]" }
                    
{
                    "app": "Crmeb",
                    "timestamp":"2026-06-30 15:16:05.977",
                    "level": "DEBUG",
                    "thread": "http-nio-8169-exec-12",
                    "class": "o.s.w.s.m.m.a.RequestResponseBodyMethodProcessor",
                    "message": "Writing [com.zbkj.common.result.CommonResult@7ddc3389]" }
                    
{
                    "app": "Crmeb",
                    "timestamp":"2026-06-30 15:16:05.977",
                    "level": "DEBUG",
                    "thread": "http-nio-8169-exec-12",
                    "class": "o.s.web.servlet.DispatcherServlet",
                    "message": "Completed 200 OK" }
                    
{
                    "app": "Crmeb",
                    "timestamp":"2026-06-30 15:16:10.111",
                    "level": "DEBUG",
                    "thread": "http-nio-8169-exec-29",
                    "class": "o.s.web.servlet.DispatcherServlet",
                    "message": "GET "/api/admin/category/list/tree?status=-1&type=1&temp=1782803770", parameters={masked}" }
                    
{
                    "app": "Crmeb",
                    "timestamp":"2026-06-30 15:16:10.111",
                    "level": "DEBUG",
                    "thread": "http-nio-8169-exec-27",
                    "class": "o.s.web.servlet.DispatcherServlet",
                    "message": "GET "/api/admin/express/shipping/templates/list?page=1&limit=9999&temp=1782803770", parameters={masked}" }
                    
{
                    "app": "Crmeb",
                    "timestamp":"2026-06-30 15:16:10.111",
                    "level": "DEBUG",
                    "thread": "http-nio-8169-exec-29",
                    "class": "o.s.w.s.m.m.a.RequestMappingHandlerMapping",
                    "message": "Mapped to com.zbkj.admin.controller.CategoryController#getListTree(Integer, Integer, String)" }
                    
{
                    "app": "Crmeb",
                    "timestamp":"2026-06-30 15:16:10.111",
                    "level": "DEBUG",
                    "thread": "http-nio-8169-exec-27",
                    "class": "o.s.w.s.m.m.a.RequestMappingHandlerMapping",
                    "message": "Mapped to com.zbkj.admin.controller.ShippingTemplatesController#getList(ShippingTemplatesSearchRequest, PageParamRequest)" }
                    
{
                    "app": "Crmeb",
                    "timestamp":"2026-06-30 15:16:10.112",
                    "level": "DEBUG",
                    "thread": "http-nio-8169-exec-18",
                    "class": "o.s.web.servlet.DispatcherServlet",
                    "message": "GET "/api/admin/store/product/info/94?temp=1782803770", parameters={masked}" }
                    
{
                    "app": "Crmeb",
                    "timestamp":"2026-06-30 15:16:10.113",
                    "level": "DEBUG",
                    "thread": "http-nio-8169-exec-18",
                    "class": "o.s.w.s.m.m.a.RequestMappingHandlerMapping",
                    "message": "Mapped to com.zbkj.admin.controller.StoreProductController#info(Integer)" }
                    
{
                    "app": "Crmeb",
                    "timestamp":"2026-06-30 15:16:10.114",
                    "level": "DEBUG",
                    "thread": "http-nio-8169-exec-15",
                    "class": "o.s.web.servlet.DispatcherServlet",
                    "message": "POST "/api/admin/store/product/copy/config", parameters={}" }
                    
{
                    "app": "Crmeb",
                    "timestamp":"2026-06-30 15:16:10.114",
                    "level": "DEBUG",
                    "thread": "http-nio-8169-exec-15",
                    "class": "o.s.w.s.m.m.a.RequestMappingHandlerMapping",
                    "message": "Mapped to com.zbkj.admin.controller.StoreProductController#copyConfig()" }
                    
{
                    "app": "Crmeb",
                    "timestamp":"2026-06-30 15:16:10.125",
                    "level": "DEBUG",
                    "thread": "http-nio-8169-exec-21",
                    "class": "o.s.web.servlet.DispatcherServlet",
                    "message": "GET "/api/admin/system/group/data/list?gid=70&temp=1782803770", parameters={masked}" }
                    
{
                    "app": "Crmeb",
                    "timestamp":"2026-06-30 15:16:10.125",
                    "level": "DEBUG",
                    "thread": "http-nio-8169-exec-21",
                    "class": "o.s.w.s.m.m.a.RequestMappingHandlerMapping",
                    "message": "Mapped to com.zbkj.admin.controller.SystemGroupDataController#getList(SystemGroupDataSearchRequest, PageParamRequest)" }
                    
{
                    "app": "Crmeb",
                    "timestamp":"2026-06-30 15:16:10.157",
                    "level": "DEBUG",
                    "thread": "http-nio-8169-exec-29",
                    "class": "o.s.w.s.m.m.a.RequestResponseBodyMethodProcessor",
                    "message": "Using 'application/json', given [application/json, text/plain, */*] and supported [application/json, application/*+json, application/json, application/*+json, application/cbor]" }
                    
{
                    "app": "Crmeb",
                    "timestamp":"2026-06-30 15:16:10.158",
                    "level": "DEBUG",
                    "thread": "http-nio-8169-exec-29",
                    "class": "o.s.w.s.m.m.a.RequestResponseBodyMethodProcessor",
                    "message": "Writing [com.zbkj.common.result.CommonResult@2f0f7c54]" }
                    
{
                    "app": "Crmeb",
                    "timestamp":"2026-06-30 15:16:10.158",
                    "level": "DEBUG",
                    "thread": "http-nio-8169-exec-29",
                    "class": "o.s.web.servlet.DispatcherServlet",
                    "message": "Completed 200 OK" }
                    
{
                    "app": "Crmeb",
                    "timestamp":"2026-06-30 15:16:10.198",
                    "level": "DEBUG",
                    "thread": "http-nio-8169-exec-27",
                    "class": "o.s.w.s.m.m.a.RequestResponseBodyMethodProcessor",
                    "message": "Using 'application/json', given [application/json, text/plain, */*] and supported [application/json, application/*+json, application/json, application/*+json, application/cbor]" }
                    
{
                    "app": "Crmeb",
                    "timestamp":"2026-06-30 15:16:10.199",
                    "level": "DEBUG",
                    "thread": "http-nio-8169-exec-27",
                    "class": "o.s.w.s.m.m.a.RequestResponseBodyMethodProcessor",
                    "message": "Writing [com.zbkj.common.result.CommonResult@64e73bb9]" }
                    
{
                    "app": "Crmeb",
                    "timestamp":"2026-06-30 15:16:10.200",
                    "level": "DEBUG",
                    "thread": "http-nio-8169-exec-27",
                    "class": "o.s.web.servlet.DispatcherServlet",
                    "message": "Completed 200 OK" }
                    
{
                    "app": "Crmeb",
                    "timestamp":"2026-06-30 15:16:10.217",
                    "level": "DEBUG",
                    "thread": "http-nio-8169-exec-21",
                    "class": "o.s.w.s.m.m.a.RequestResponseBodyMethodProcessor",
                    "message": "Using 'application/json', given [application/json, text/plain, */*] and supported [application/json, application/*+json, application/json, application/*+json, application/cbor]" }
                    
{
                    "app": "Crmeb",
                    "timestamp":"2026-06-30 15:16:10.217",
                    "level": "DEBUG",
                    "thread": "http-nio-8169-exec-21",
                    "class": "o.s.w.s.m.m.a.RequestResponseBodyMethodProcessor",
                    "message": "Writing [com.zbkj.common.result.CommonResult@52fd9fa6]" }
                    
{
                    "app": "Crmeb",
                    "timestamp":"2026-06-30 15:16:10.217",
                    "level": "DEBUG",
                    "thread": "http-nio-8169-exec-21",
                    "class": "o.s.web.servlet.DispatcherServlet",
                    "message": "Completed 200 OK" }
                    
{
                    "app": "Crmeb",
                    "timestamp":"2026-06-30 15:16:10.265",
                    "level": "DEBUG",
                    "thread": "http-nio-8169-exec-15",
                    "class": "o.s.web.client.RestTemplate",
                    "message": "HTTP POST https://sms.crmeb.net/api/v2/user/login" }
                    
{
                    "app": "Crmeb",
                    "timestamp":"2026-06-30 15:16:10.265",
                    "level": "DEBUG",
                    "thread": "http-nio-8169-exec-15",
                    "class": "o.s.web.client.RestTemplate",
                    "message": "Accept=[text/plain, application/json, application/cbor, application/*+json, text/html, */*]" }
                    
{
                    "app": "Crmeb",
                    "timestamp":"2026-06-30 15:16:10.265",
                    "level": "DEBUG",
                    "thread": "http-nio-8169-exec-15",
                    "class": "o.s.web.client.RestTemplate",
                    "message": "Writing [{access_key=[11111], secret_key=[11111]}] as "application/x-www-form-urlencoded"" }
                    
{
                    "app": "Crmeb",
                    "timestamp":"2026-06-30 15:16:10.326",
                    "level": "DEBUG",
                    "thread": "http-nio-8169-exec-18",
                    "class": "o.s.w.s.m.m.a.RequestResponseBodyMethodProcessor",
                    "message": "Using 'application/json', given [application/json, text/plain, */*] and supported [application/json, application/*+json, application/json, application/*+json, application/cbor]" }
                    
{
                    "app": "Crmeb",
                    "timestamp":"2026-06-30 15:16:10.327",
                    "level": "DEBUG",
                    "thread": "http-nio-8169-exec-18",
                    "class": "o.s.w.s.m.m.a.RequestResponseBodyMethodProcessor",
                    "message": "Writing [com.zbkj.common.result.CommonResult@401a0d13]" }
                    
{
                    "app": "Crmeb",
                    "timestamp":"2026-06-30 15:16:10.327",
                    "level": "DEBUG",
                    "thread": "http-nio-8169-exec-18",
                    "class": "o.s.web.servlet.DispatcherServlet",
                    "message": "Completed 200 OK" }
                    
{
                    "app": "Crmeb",
                    "timestamp":"2026-06-30 15:16:10.440",
                    "level": "DEBUG",
                    "thread": "http-nio-8169-exec-15",
                    "class": "o.s.web.client.RestTemplate",
                    "message": "Response 200 OK" }
                    
{
                    "app": "Crmeb",
                    "timestamp":"2026-06-30 15:16:10.440",
                    "level": "DEBUG",
                    "thread": "http-nio-8169-exec-15",
                    "class": "o.s.web.client.RestTemplate",
                    "message": "Reading to [java.lang.String] as "application/json"" }
                    
{
                    "app": "Crmeb",
                    "timestamp":"2026-06-30 15:16:10.441",
                    "level": "DEBUG",
                    "thread": "http-nio-8169-exec-15",
                    "class": "o.s.w.s.m.m.a.ExceptionHandlerExceptionResolver",
                    "message": "Using @ExceptionHandler com.zbkj.service.exception.GlobalExceptionHandler#defaultExceptionHandler(HttpServletRequest, Exception)" }
                    
{
                    "app": "Crmeb",
                    "timestamp":"2026-06-30 15:16:10.457",
                    "level": "DEBUG",
                    "thread": "http-nio-8169-exec-30",
                    "class": "o.s.web.servlet.DispatcherServlet",
                    "message": "GET "/api/admin/marketing/coupon/send/list?type=3&temp=1782803770", parameters={masked}" }
                    
{
                    "app": "Crmeb",
                    "timestamp":"2026-06-30 15:16:10.457",
                    "level": "DEBUG",
                    "thread": "http-nio-8169-exec-30",
                    "class": "o.s.w.s.m.m.a.RequestMappingHandlerMapping",
                    "message": "Mapped to com.zbkj.admin.controller.StoreCouponController#getSendList(SearchAndPageRequest)" }
                    
{
                    "app": "Crmeb",
                    "timestamp":"2026-06-30 15:16:10.457",
                    "level": "DEBUG",
                    "thread": "http-nio-8169-exec-28",
                    "class": "o.s.web.servlet.DispatcherServlet",
                    "message": "GET "/api/admin/store/product/rule/list?page=1&limit=9999&keywords=&temp=1782803770", parameters={masked}" }
                    
{
                    "app": "Crmeb",
                    "timestamp":"2026-06-30 15:16:10.458",
                    "level": "DEBUG",
                    "thread": "http-nio-8169-exec-28",
                    "class": "o.s.w.s.m.m.a.RequestMappingHandlerMapping",
                    "message": "Mapped to com.zbkj.admin.controller.StoreProductRuleController#getList(StoreProductRuleSearchRequest, PageParamRequest)" }
                    
{
                    "app": "Crmeb",
                    "timestamp":"2026-06-30 15:16:10.490",
                    "level": "DEBUG",
                    "thread": "http-nio-8169-exec-15",
                    "class": "o.s.w.s.m.m.a.RequestResponseBodyMethodProcessor",
                    "message": "Using 'application/json', given [application/json, text/plain, */*] and supported [application/json, application/*+json, application/json, application/*+json, application/cbor]" }
                    
{
                    "app": "Crmeb",
                    "timestamp":"2026-06-30 15:16:10.490",
                    "level": "DEBUG",
                    "thread": "http-nio-8169-exec-15",
                    "class": "o.s.w.s.m.m.a.RequestResponseBodyMethodProcessor",
                    "message": "Writing [com.zbkj.common.result.CommonResult@5b3c978e]" }
                    
{
                    "app": "Crmeb",
                    "timestamp":"2026-06-30 15:16:10.491",
                    "level": "DEBUG",
                    "thread": "http-nio-8169-exec-15",
                    "class": "o.s.w.s.m.m.a.ExceptionHandlerExceptionResolver",
                    "message": "Resolved [com.zbkj.common.exception.CrmebException: 一号通平台接口接口请求失败:accessKey或者secretKey不正确]" }
                    
{
                    "app": "Crmeb",
                    "timestamp":"2026-06-30 15:16:10.491",
                    "level": "DEBUG",
                    "thread": "http-nio-8169-exec-15",
                    "class": "o.s.web.servlet.DispatcherServlet",
                    "message": "Completed 200 OK" }
                    
{
                    "app": "Crmeb",
                    "timestamp":"2026-06-30 15:16:10.502",
                    "level": "DEBUG",
                    "thread": "http-nio-8169-exec-30",
                    "class": "o.s.w.s.m.m.a.RequestResponseBodyMethodProcessor",
                    "message": "Using 'application/json', given [application/json, text/plain, */*] and supported [application/json, application/*+json, application/json, application/*+json, application/cbor]" }
                    
{
                    "app": "Crmeb",
                    "timestamp":"2026-06-30 15:16:10.503",
                    "level": "DEBUG",
                    "thread": "http-nio-8169-exec-30",
                    "class": "o.s.w.s.m.m.a.RequestResponseBodyMethodProcessor",
                    "message": "Writing [com.zbkj.common.result.CommonResult@343fce32]" }
                    
{
                    "app": "Crmeb",
                    "timestamp":"2026-06-30 15:16:10.504",
                    "level": "DEBUG",
                    "thread": "http-nio-8169-exec-30",
                    "class": "o.s.web.servlet.DispatcherServlet",
                    "message": "Completed 200 OK" }
                    
{
                    "app": "Crmeb",
                    "timestamp":"2026-06-30 15:16:10.549",
                    "level": "DEBUG",
                    "thread": "http-nio-8169-exec-28",
                    "class": "o.s.w.s.m.m.a.RequestResponseBodyMethodProcessor",
                    "message": "Using 'application/json', given [application/json, text/plain, */*] and supported [application/json, application/*+json, application/json, application/*+json, application/cbor]" }
                    
{
                    "app": "Crmeb",
                    "timestamp":"2026-06-30 15:16:10.549",
                    "level": "DEBUG",
                    "thread": "http-nio-8169-exec-28",
                    "class": "o.s.w.s.m.m.a.RequestResponseBodyMethodProcessor",
                    "message": "Writing [com.zbkj.common.result.CommonResult@20abd5f4]" }
                    
{
                    "app": "Crmeb",
                    "timestamp":"2026-06-30 15:16:10.550",
                    "level": "DEBUG",
                    "thread": "http-nio-8169-exec-28",
                    "class": "o.s.web.servlet.DispatcherServlet",
                    "message": "Completed 200 OK" }
                    
{
                    "app": "Crmeb",
                    "timestamp":"2026-06-30 15:16:19.141",
                    "level": "DEBUG",
                    "thread": "http-nio-8169-exec-26",
                    "class": "o.s.web.servlet.DispatcherServlet",
                    "message": "GET "/api/admin/store/product/tabs/headers?page=1&limit=20&cateId=&keywords=&type=1&temp=1782803779", parameters={masked}" }
                    
{
                    "app": "Crmeb",
                    "timestamp":"2026-06-30 15:16:19.142",
                    "level": "DEBUG",
                    "thread": "http-nio-8169-exec-26",
                    "class": "o.s.w.s.m.m.a.RequestMappingHandlerMapping",
                    "message": "Mapped to com.zbkj.admin.controller.StoreProductController#getTabsHeader(StoreProductHeaderRequest)" }
                    
{
                    "app": "Crmeb",
                    "timestamp":"2026-06-30 15:16:19.151",
                    "level": "DEBUG",
                    "thread": "http-nio-8169-exec-7",
                    "class": "o.s.web.servlet.DispatcherServlet",
                    "message": "GET "/api/admin/category/list/tree?status=-1&type=1&temp=1782803779", parameters={masked}" }
                    
{
                    "app": "Crmeb",
                    "timestamp":"2026-06-30 15:16:19.152",
                    "level": "DEBUG",
                    "thread": "http-nio-8169-exec-7",
                    "class": "o.s.w.s.m.m.a.RequestMappingHandlerMapping",
                    "message": "Mapped to com.zbkj.admin.controller.CategoryController#getListTree(Integer, Integer, String)" }
                    
{
                    "app": "Crmeb",
                    "timestamp":"2026-06-30 15:16:19.152",
                    "level": "DEBUG",
                    "thread": "http-nio-8169-exec-6",
                    "class": "o.s.web.servlet.DispatcherServlet",
                    "message": "GET "/api/admin/store/product/list?page=1&limit=20&cateId=&keywords=&type=1&temp=1782803779", parameters={masked}" }
                    
{
                    "app": "Crmeb",
                    "timestamp":"2026-06-30 15:16:19.152",
                    "level": "DEBUG",
                    "thread": "http-nio-8169-exec-6",
                    "class": "o.s.w.s.m.m.a.RequestMappingHandlerMapping",
                    "message": "Mapped to com.zbkj.admin.controller.StoreProductController#getList(StoreProductSearchRequest, PageParamRequest)" }
                    
{
                    "app": "Crmeb",
                    "timestamp":"2026-06-30 15:16:19.196",
                    "level": "DEBUG",
                    "thread": "http-nio-8169-exec-7",
                    "class": "o.s.w.s.m.m.a.RequestResponseBodyMethodProcessor",
                    "message": "Using 'application/json', given [application/json, text/plain, */*] and supported [application/json, application/*+json, application/json, application/*+json, application/cbor]" }
                    
{
                    "app": "Crmeb",
                    "timestamp":"2026-06-30 15:16:19.197",
                    "level": "DEBUG",
                    "thread": "http-nio-8169-exec-7",
                    "class": "o.s.w.s.m.m.a.RequestResponseBodyMethodProcessor",
                    "message": "Writing [com.zbkj.common.result.CommonResult@79153576]" }
                    
{
                    "app": "Crmeb",
                    "timestamp":"2026-06-30 15:16:19.197",
                    "level": "DEBUG",
                    "thread": "http-nio-8169-exec-7",
                    "class": "o.s.web.servlet.DispatcherServlet",
                    "message": "Completed 200 OK" }
                    
{
                    "app": "Crmeb",
                    "timestamp":"2026-06-30 15:16:19.198",
                    "level": "DEBUG",
                    "thread": "http-nio-8169-exec-6",
                    "class": "o.s.w.s.m.m.a.RequestResponseBodyMethodProcessor",
                    "message": "Using 'application/json', given [application/json, text/plain, */*] and supported [application/json, application/*+json, application/json, application/*+json, application/cbor]" }
                    
{
                    "app": "Crmeb",
                    "timestamp":"2026-06-30 15:16:19.199",
                    "level": "DEBUG",
                    "thread": "http-nio-8169-exec-6",
                    "class": "o.s.w.s.m.m.a.RequestResponseBodyMethodProcessor",
                    "message": "Writing [com.zbkj.common.result.CommonResult@220ee094]" }
                    
{
                    "app": "Crmeb",
                    "timestamp":"2026-06-30 15:16:19.199",
                    "level": "DEBUG",
                    "thread": "http-nio-8169-exec-6",
                    "class": "o.s.web.servlet.DispatcherServlet",
                    "message": "Completed 200 OK" }
                    
{
                    "app": "Crmeb",
                    "timestamp":"2026-06-30 15:16:19.420",
                    "level": "DEBUG",
                    "thread": "http-nio-8169-exec-26",
                    "class": "o.s.w.s.m.m.a.RequestResponseBodyMethodProcessor",
                    "message": "Using 'application/json', given [application/json, text/plain, */*] and supported [application/json, application/*+json, application/json, application/*+json, application/cbor]" }
                    
{
                    "app": "Crmeb",
                    "timestamp":"2026-06-30 15:16:19.420",
                    "level": "DEBUG",
                    "thread": "http-nio-8169-exec-26",
                    "class": "o.s.w.s.m.m.a.RequestResponseBodyMethodProcessor",
                    "message": "Writing [com.zbkj.common.result.CommonResult@78a15d4c]" }
                    
{
                    "app": "Crmeb",
                    "timestamp":"2026-06-30 15:16:19.420",
                    "level": "DEBUG",
                    "thread": "http-nio-8169-exec-26",
                    "class": "o.s.web.servlet.DispatcherServlet",
                    "message": "Completed 200 OK" }
                    
{
                    "app": "Crmeb",
                    "timestamp":"2026-06-30 15:20:09.608",
                    "level": "DEBUG",
                    "thread": "http-nio-8169-exec-4",
                    "class": "o.s.web.servlet.DispatcherServlet",
                    "message": "GET "/api/admin/store/product/list?page=1&limit=20&cateId=&keywords=&type=2&temp=1782804009", parameters={masked}" }
                    
{
                    "app": "Crmeb",
                    "timestamp":"2026-06-30 15:20:09.609",
                    "level": "DEBUG",
                    "thread": "http-nio-8169-exec-4",
                    "class": "o.s.w.s.m.m.a.RequestMappingHandlerMapping",
                    "message": "Mapped to com.zbkj.admin.controller.StoreProductController#getList(StoreProductSearchRequest, PageParamRequest)" }
                    
{
                    "app": "Crmeb",
                    "timestamp":"2026-06-30 15:20:09.611",
                    "level": "DEBUG",
                    "thread": "http-nio-8169-exec-13",
                    "class": "o.s.web.servlet.DispatcherServlet",
                    "message": "GET "/api/admin/store/product/tabs/headers?page=1&limit=20&cateId=&keywords=&type=2&temp=1782804009", parameters={masked}" }
                    
{
                    "app": "Crmeb",
                    "timestamp":"2026-06-30 15:20:09.613",
                    "level": "DEBUG",
                    "thread": "http-nio-8169-exec-13",
                    "class": "o.s.w.s.m.m.a.RequestMappingHandlerMapping",
                    "message": "Mapped to com.zbkj.admin.controller.StoreProductController#getTabsHeader(StoreProductHeaderRequest)" }
                    
{
                    "app": "Crmeb",
                    "timestamp":"2026-06-30 15:20:09.887",
                    "level": "DEBUG",
                    "thread": "http-nio-8169-exec-13",
                    "class": "o.s.w.s.m.m.a.RequestResponseBodyMethodProcessor",
                    "message": "Using 'application/json', given [application/json, text/plain, */*] and supported [application/json, application/*+json, application/json, application/*+json, application/cbor]" }
                    
{
                    "app": "Crmeb",
                    "timestamp":"2026-06-30 15:20:09.887",
                    "level": "DEBUG",
                    "thread": "http-nio-8169-exec-13",
                    "class": "o.s.w.s.m.m.a.RequestResponseBodyMethodProcessor",
                    "message": "Writing [com.zbkj.common.result.CommonResult@310b4f38]" }
                    
{
                    "app": "Crmeb",
                    "timestamp":"2026-06-30 15:20:09.887",
                    "level": "DEBUG",
                    "thread": "http-nio-8169-exec-13",
                    "class": "o.s.web.servlet.DispatcherServlet",
                    "message": "Completed 200 OK" }
                    
{
                    "app": "Crmeb",
                    "timestamp":"2026-06-30 15:20:09.934",
                    "level": "DEBUG",
                    "thread": "http-nio-8169-exec-4",
                    "class": "o.s.w.s.m.m.a.RequestResponseBodyMethodProcessor",
                    "message": "Using 'application/json', given [application/json, text/plain, */*] and supported [application/json, application/*+json, application/json, application/*+json, application/cbor]" }
                    
{
                    "app": "Crmeb",
                    "timestamp":"2026-06-30 15:20:09.934",
                    "level": "DEBUG",
                    "thread": "http-nio-8169-exec-4",
                    "class": "o.s.w.s.m.m.a.RequestResponseBodyMethodProcessor",
                    "message": "Writing [com.zbkj.common.result.CommonResult@1e8fd1b2]" }
                    
{
                    "app": "Crmeb",
                    "timestamp":"2026-06-30 15:20:09.934",
                    "level": "DEBUG",
                    "thread": "http-nio-8169-exec-4",
                    "class": "o.s.web.servlet.DispatcherServlet",
                    "message": "Completed 200 OK" }
                    
{
                    "app": "Crmeb",
                    "timestamp":"2026-06-30 15:20:13.149",
                    "level": "DEBUG",
                    "thread": "http-nio-8169-exec-18",
                    "class": "o.s.web.servlet.DispatcherServlet",
                    "message": "GET "/api/admin/system/group/data/list?gid=70&temp=1782804013", parameters={masked}" }
                    
{
                    "app": "Crmeb",
                    "timestamp":"2026-06-30 15:20:13.150",
                    "level": "DEBUG",
                    "thread": "http-nio-8169-exec-18",
                    "class": "o.s.w.s.m.m.a.RequestMappingHandlerMapping",
                    "message": "Mapped to com.zbkj.admin.controller.SystemGroupDataController#getList(SystemGroupDataSearchRequest, PageParamRequest)" }
                    
{
                    "app": "Crmeb",
                    "timestamp":"2026-06-30 15:20:13.154",
                    "level": "DEBUG",
                    "thread": "http-nio-8169-exec-21",
                    "class": "o.s.web.servlet.DispatcherServlet",
                    "message": "GET "/api/admin/express/shipping/templates/list?page=1&limit=9999&temp=1782804013", parameters={masked}" }
                    
{
                    "app": "Crmeb",
                    "timestamp":"2026-06-30 15:20:13.155",
                    "level": "DEBUG",
                    "thread": "http-nio-8169-exec-21",
                    "class": "o.s.w.s.m.m.a.RequestMappingHandlerMapping",
                    "message": "Mapped to com.zbkj.admin.controller.ShippingTemplatesController#getList(ShippingTemplatesSearchRequest, PageParamRequest)" }
                    
{
                    "app": "Crmeb",
                    "timestamp":"2026-06-30 15:20:13.155",
                    "level": "DEBUG",
                    "thread": "http-nio-8169-exec-24",
                    "class": "o.s.web.servlet.DispatcherServlet",
                    "message": "POST "/api/admin/store/product/copy/config", parameters={}" }
                    
{
                    "app": "Crmeb",
                    "timestamp":"2026-06-30 15:20:13.155",
                    "level": "DEBUG",
                    "thread": "http-nio-8169-exec-29",
                    "class": "o.s.web.servlet.DispatcherServlet",
                    "message": "GET "/api/admin/category/list/tree?status=-1&type=1&temp=1782804013", parameters={masked}" }
                    
{
                    "app": "Crmeb",
                    "timestamp":"2026-06-30 15:20:13.156",
                    "level": "DEBUG",
                    "thread": "http-nio-8169-exec-24",
                    "class": "o.s.w.s.m.m.a.RequestMappingHandlerMapping",
                    "message": "Mapped to com.zbkj.admin.controller.StoreProductController#copyConfig()" }
                    
{
                    "app": "Crmeb",
                    "timestamp":"2026-06-30 15:20:13.156",
                    "level": "DEBUG",
                    "thread": "http-nio-8169-exec-29",
                    "class": "o.s.w.s.m.m.a.RequestMappingHandlerMapping",
                    "message": "Mapped to com.zbkj.admin.controller.CategoryController#getListTree(Integer, Integer, String)" }
                    
{
                    "app": "Crmeb",
                    "timestamp":"2026-06-30 15:20:13.157",
                    "level": "DEBUG",
                    "thread": "http-nio-8169-exec-23",
                    "class": "o.s.web.servlet.DispatcherServlet",
                    "message": "GET "/api/admin/store/product/info/94?temp=1782804013", parameters={masked}" }
                    
{
                    "app": "Crmeb",
                    "timestamp":"2026-06-30 15:20:13.160",
                    "level": "DEBUG",
                    "thread": "http-nio-8169-exec-23",
                    "class": "o.s.w.s.m.m.a.RequestMappingHandlerMapping",
                    "message": "Mapped to com.zbkj.admin.controller.StoreProductController#info(Integer)" }
                    
{
                    "app": "Crmeb",
                    "timestamp":"2026-06-30 15:20:13.205",
                    "level": "DEBUG",
                    "thread": "http-nio-8169-exec-29",
                    "class": "o.s.w.s.m.m.a.RequestResponseBodyMethodProcessor",
                    "message": "Using 'application/json', given [application/json, text/plain, */*] and supported [application/json, application/*+json, application/json, application/*+json, application/cbor]" }
                    
{
                    "app": "Crmeb",
                    "timestamp":"2026-06-30 15:20:13.205",
                    "level": "DEBUG",
                    "thread": "http-nio-8169-exec-29",
                    "class": "o.s.w.s.m.m.a.RequestResponseBodyMethodProcessor",
                    "message": "Writing [com.zbkj.common.result.CommonResult@337b5dff]" }
                    
{
                    "app": "Crmeb",
                    "timestamp":"2026-06-30 15:20:13.206",
                    "level": "DEBUG",
                    "thread": "http-nio-8169-exec-29",
                    "class": "o.s.web.servlet.DispatcherServlet",
                    "message": "Completed 200 OK" }
                    
{
                    "app": "Crmeb",
                    "timestamp":"2026-06-30 15:20:13.245",
                    "level": "DEBUG",
                    "thread": "http-nio-8169-exec-21",
                    "class": "o.s.w.s.m.m.a.RequestResponseBodyMethodProcessor",
                    "message": "Using 'application/json', given [application/json, text/plain, */*] and supported [application/json, application/*+json, application/json, application/*+json, application/cbor]" }
                    
{
                    "app": "Crmeb",
                    "timestamp":"2026-06-30 15:20:13.245",
                    "level": "DEBUG",
                    "thread": "http-nio-8169-exec-21",
                    "class": "o.s.w.s.m.m.a.RequestResponseBodyMethodProcessor",
                    "message": "Writing [com.zbkj.common.result.CommonResult@4b9ed48d]" }
                    
{
                    "app": "Crmeb",
                    "timestamp":"2026-06-30 15:20:13.246",
                    "level": "DEBUG",
                    "thread": "http-nio-8169-exec-21",
                    "class": "o.s.web.servlet.DispatcherServlet",
                    "message": "Completed 200 OK" }
                    
{
                    "app": "Crmeb",
                    "timestamp":"2026-06-30 15:20:13.251",
                    "level": "DEBUG",
                    "thread": "http-nio-8169-exec-18",
                    "class": "o.s.w.s.m.m.a.RequestResponseBodyMethodProcessor",
                    "message": "Using 'application/json', given [application/json, text/plain, */*] and supported [application/json, application/*+json, application/json, application/*+json, application/cbor]" }
                    
{
                    "app": "Crmeb",
                    "timestamp":"2026-06-30 15:20:13.252",
                    "level": "DEBUG",
                    "thread": "http-nio-8169-exec-18",
                    "class": "o.s.w.s.m.m.a.RequestResponseBodyMethodProcessor",
                    "message": "Writing [com.zbkj.common.result.CommonResult@39c3cbfc]" }
                    
{
                    "app": "Crmeb",
                    "timestamp":"2026-06-30 15:20:13.254",
                    "level": "DEBUG",
                    "thread": "http-nio-8169-exec-18",
                    "class": "o.s.web.servlet.DispatcherServlet",
                    "message": "Completed 200 OK" }
                    
{
                    "app": "Crmeb",
                    "timestamp":"2026-06-30 15:20:13.319",
                    "level": "DEBUG",
                    "thread": "http-nio-8169-exec-24",
                    "class": "o.s.web.client.RestTemplate",
                    "message": "HTTP POST https://sms.crmeb.net/api/v2/user/login" }
                    
{
                    "app": "Crmeb",
                    "timestamp":"2026-06-30 15:20:13.320",
                    "level": "DEBUG",
                    "thread": "http-nio-8169-exec-24",
                    "class": "o.s.web.client.RestTemplate",
                    "message": "Accept=[text/plain, application/json, application/cbor, application/*+json, text/html, */*]" }
                    
{
                    "app": "Crmeb",
                    "timestamp":"2026-06-30 15:20:13.320",
                    "level": "DEBUG",
                    "thread": "http-nio-8169-exec-24",
                    "class": "o.s.web.client.RestTemplate",
                    "message": "Writing [{access_key=[11111], secret_key=[11111]}] as "application/x-www-form-urlencoded"" }
                    
{
                    "app": "Crmeb",
                    "timestamp":"2026-06-30 15:20:13.403",
                    "level": "DEBUG",
                    "thread": "http-nio-8169-exec-23",
                    "class": "o.s.w.s.m.m.a.RequestResponseBodyMethodProcessor",
                    "message": "Using 'application/json', given [application/json, text/plain, */*] and supported [application/json, application/*+json, application/json, application/*+json, application/cbor]" }
                    
{
                    "app": "Crmeb",
                    "timestamp":"2026-06-30 15:20:13.403",
                    "level": "DEBUG",
                    "thread": "http-nio-8169-exec-23",
                    "class": "o.s.w.s.m.m.a.RequestResponseBodyMethodProcessor",
                    "message": "Writing [com.zbkj.common.result.CommonResult@338227ee]" }
                    
{
                    "app": "Crmeb",
                    "timestamp":"2026-06-30 15:20:13.404",
                    "level": "DEBUG",
                    "thread": "http-nio-8169-exec-23",
                    "class": "o.s.web.servlet.DispatcherServlet",
                    "message": "Completed 200 OK" }
                    
{
                    "app": "Crmeb",
                    "timestamp":"2026-06-30 15:20:13.521",
                    "level": "DEBUG",
                    "thread": "http-nio-8169-exec-24",
                    "class": "o.s.web.client.RestTemplate",
                    "message": "Response 200 OK" }
                    
{
                    "app": "Crmeb",
                    "timestamp":"2026-06-30 15:20:13.522",
                    "level": "DEBUG",
                    "thread": "http-nio-8169-exec-24",
                    "class": "o.s.web.client.RestTemplate",
                    "message": "Reading to [java.lang.String] as "application/json"" }
                    
{
                    "app": "Crmeb",
                    "timestamp":"2026-06-30 15:20:13.523",
                    "level": "DEBUG",
                    "thread": "http-nio-8169-exec-24",
                    "class": "o.s.w.s.m.m.a.ExceptionHandlerExceptionResolver",
                    "message": "Using @ExceptionHandler com.zbkj.service.exception.GlobalExceptionHandler#defaultExceptionHandler(HttpServletRequest, Exception)" }
                    
{
                    "app": "Crmeb",
                    "timestamp":"2026-06-30 15:20:13.541",
                    "level": "DEBUG",
                    "thread": "http-nio-8169-exec-15",
                    "class": "o.s.web.servlet.DispatcherServlet",
                    "message": "GET "/api/admin/marketing/coupon/send/list?type=3&temp=1782804013", parameters={masked}" }
                    
{
                    "app": "Crmeb",
                    "timestamp":"2026-06-30 15:20:13.542",
                    "level": "DEBUG",
                    "thread": "http-nio-8169-exec-15",
                    "class": "o.s.w.s.m.m.a.RequestMappingHandlerMapping",
                    "message": "Mapped to com.zbkj.admin.controller.StoreCouponController#getSendList(SearchAndPageRequest)" }
                    
{
                    "app": "Crmeb",
                    "timestamp":"2026-06-30 15:20:13.544",
                    "level": "DEBUG",
                    "thread": "http-nio-8169-exec-30",
                    "class": "o.s.web.servlet.DispatcherServlet",
                    "message": "GET "/api/admin/store/product/rule/list?page=1&limit=9999&keywords=&temp=1782804013", parameters={masked}" }
                    
{
                    "app": "Crmeb",
                    "timestamp":"2026-06-30 15:20:13.545",
                    "level": "DEBUG",
                    "thread": "http-nio-8169-exec-30",
                    "class": "o.s.w.s.m.m.a.RequestMappingHandlerMapping",
                    "message": "Mapped to com.zbkj.admin.controller.StoreProductRuleController#getList(StoreProductRuleSearchRequest, PageParamRequest)" }
                    
{
                    "app": "Crmeb",
                    "timestamp":"2026-06-30 15:20:13.588",
                    "level": "DEBUG",
                    "thread": "http-nio-8169-exec-15",
                    "class": "o.s.w.s.m.m.a.RequestResponseBodyMethodProcessor",
                    "message": "Using 'application/json', given [application/json, text/plain, */*] and supported [application/json, application/*+json, application/json, application/*+json, application/cbor]" }
                    
{
                    "app": "Crmeb",
                    "timestamp":"2026-06-30 15:20:13.588",
                    "level": "DEBUG",
                    "thread": "http-nio-8169-exec-15",
                    "class": "o.s.w.s.m.m.a.RequestResponseBodyMethodProcessor",
                    "message": "Writing [com.zbkj.common.result.CommonResult@5be96d82]" }
                    
{
                    "app": "Crmeb",
                    "timestamp":"2026-06-30 15:20:13.589",
                    "level": "DEBUG",
                    "thread": "http-nio-8169-exec-15",
                    "class": "o.s.web.servlet.DispatcherServlet",
                    "message": "Completed 200 OK" }
                    
{
                    "app": "Crmeb",
                    "timestamp":"2026-06-30 15:20:13.641",
                    "level": "DEBUG",
                    "thread": "http-nio-8169-exec-30",
                    "class": "o.s.w.s.m.m.a.RequestResponseBodyMethodProcessor",
                    "message": "Using 'application/json', given [application/json, text/plain, */*] and supported [application/json, application/*+json, application/json, application/*+json, application/cbor]" }
                    
{
                    "app": "Crmeb",
                    "timestamp":"2026-06-30 15:20:13.641",
                    "level": "DEBUG",
                    "thread": "http-nio-8169-exec-30",
                    "class": "o.s.w.s.m.m.a.RequestResponseBodyMethodProcessor",
                    "message": "Writing [com.zbkj.common.result.CommonResult@3af76fa]" }
                    
{
                    "app": "Crmeb",
                    "timestamp":"2026-06-30 15:20:13.642",
                    "level": "DEBUG",
                    "thread": "http-nio-8169-exec-30",
                    "class": "o.s.web.servlet.DispatcherServlet",
                    "message": "Completed 200 OK" }
                    
{
                    "app": "Crmeb",
                    "timestamp":"2026-06-30 15:20:13.655",
                    "level": "DEBUG",
                    "thread": "http-nio-8169-exec-24",
                    "class": "o.s.w.s.m.m.a.RequestResponseBodyMethodProcessor",
                    "message": "Using 'application/json', given [application/json, text/plain, */*] and supported [application/json, application/*+json, application/json, application/*+json, application/cbor]" }
                    
{
                    "app": "Crmeb",
                    "timestamp":"2026-06-30 15:20:13.655",
                    "level": "DEBUG",
                    "thread": "http-nio-8169-exec-24",
                    "class": "o.s.w.s.m.m.a.RequestResponseBodyMethodProcessor",
                    "message": "Writing [com.zbkj.common.result.CommonResult@1772e3c6]" }
                    
{
                    "app": "Crmeb",
                    "timestamp":"2026-06-30 15:20:13.655",
                    "level": "DEBUG",
                    "thread": "http-nio-8169-exec-24",
                    "class": "o.s.w.s.m.m.a.ExceptionHandlerExceptionResolver",
                    "message": "Resolved [com.zbkj.common.exception.CrmebException: 一号通平台接口接口请求失败:accessKey或者secretKey不正确]" }
                    
{
                    "app": "Crmeb",
                    "timestamp":"2026-06-30 15:20:13.656",
                    "level": "DEBUG",
                    "thread": "http-nio-8169-exec-24",
                    "class": "o.s.web.servlet.DispatcherServlet",
                    "message": "Completed 200 OK" }
                    
{
                    "app": "Crmeb",
                    "timestamp":"2026-06-30 15:20:45.111",
                    "level": "DEBUG",
                    "thread": "http-nio-8169-exec-7",
                    "class": "o.s.web.servlet.DispatcherServlet",
                    "message": "GET "/api/admin/store/product/list?page=1&limit=20&cateId=&keywords=&type=1&temp=1782804045", parameters={masked}" }
                    
{
                    "app": "Crmeb",
                    "timestamp":"2026-06-30 15:20:45.111",
                    "level": "DEBUG",
                    "thread": "http-nio-8169-exec-6",
                    "class": "o.s.web.servlet.DispatcherServlet",
                    "message": "GET "/api/admin/category/list/tree?status=-1&type=1&temp=1782804045", parameters={masked}" }
                    
{
                    "app": "Crmeb",
                    "timestamp":"2026-06-30 15:20:45.112",
                    "level": "DEBUG",
                    "thread": "http-nio-8169-exec-22",
                    "class": "o.s.web.servlet.DispatcherServlet",
                    "message": "GET "/api/admin/store/product/tabs/headers?page=1&limit=20&cateId=&keywords=&type=1&temp=1782804045", parameters={masked}" }
                    
{
                    "app": "Crmeb",
                    "timestamp":"2026-06-30 15:20:45.113",
                    "level": "DEBUG",
                    "thread": "http-nio-8169-exec-6",
                    "class": "o.s.w.s.m.m.a.RequestMappingHandlerMapping",
                    "message": "Mapped to com.zbkj.admin.controller.CategoryController#getListTree(Integer, Integer, String)" }
                    
{
                    "app": "Crmeb",
                    "timestamp":"2026-06-30 15:20:45.113",
                    "level": "DEBUG",
                    "thread": "http-nio-8169-exec-7",
                    "class": "o.s.w.s.m.m.a.RequestMappingHandlerMapping",
                    "message": "Mapped to com.zbkj.admin.controller.StoreProductController#getList(StoreProductSearchRequest, PageParamRequest)" }
                    
{
                    "app": "Crmeb",
                    "timestamp":"2026-06-30 15:20:45.113",
                    "level": "DEBUG",
                    "thread": "http-nio-8169-exec-22",
                    "class": "o.s.w.s.m.m.a.RequestMappingHandlerMapping",
                    "message": "Mapped to com.zbkj.admin.controller.StoreProductController#getTabsHeader(StoreProductHeaderRequest)" }
                    
{
                    "app": "Crmeb",
                    "timestamp":"2026-06-30 15:20:45.162",
                    "level": "DEBUG",
                    "thread": "http-nio-8169-exec-7",
                    "class": "o.s.w.s.m.m.a.RequestResponseBodyMethodProcessor",
                    "message": "Using 'application/json', given [application/json, text/plain, */*] and supported [application/json, application/*+json, application/json, application/*+json, application/cbor]" }
                    
{
                    "app": "Crmeb",
                    "timestamp":"2026-06-30 15:20:45.163",
                    "level": "DEBUG",
                    "thread": "http-nio-8169-exec-6",
                    "class": "o.s.w.s.m.m.a.RequestResponseBodyMethodProcessor",
                    "message": "Using 'application/json', given [application/json, text/plain, */*] and supported [application/json, application/*+json, application/json, application/*+json, application/cbor]" }
                    
{
                    "app": "Crmeb",
                    "timestamp":"2026-06-30 15:20:45.163",
                    "level": "DEBUG",
                    "thread": "http-nio-8169-exec-7",
                    "class": "o.s.w.s.m.m.a.RequestResponseBodyMethodProcessor",
                    "message": "Writing [com.zbkj.common.result.CommonResult@64b9b5aa]" }
                    
{
                    "app": "Crmeb",
                    "timestamp":"2026-06-30 15:20:45.163",
                    "level": "DEBUG",
                    "thread": "http-nio-8169-exec-6",
                    "class": "o.s.w.s.m.m.a.RequestResponseBodyMethodProcessor",
                    "message": "Writing [com.zbkj.common.result.CommonResult@886044e]" }
                    
{
                    "app": "Crmeb",
                    "timestamp":"2026-06-30 15:20:45.164",
                    "level": "DEBUG",
                    "thread": "http-nio-8169-exec-6",
                    "class": "o.s.web.servlet.DispatcherServlet",
                    "message": "Completed 200 OK" }
                    
{
                    "app": "Crmeb",
                    "timestamp":"2026-06-30 15:20:45.164",
                    "level": "DEBUG",
                    "thread": "http-nio-8169-exec-7",
                    "class": "o.s.web.servlet.DispatcherServlet",
                    "message": "Completed 200 OK" }
                    
{
                    "app": "Crmeb",
                    "timestamp":"2026-06-30 15:20:45.389",
                    "level": "DEBUG",
                    "thread": "http-nio-8169-exec-22",
                    "class": "o.s.w.s.m.m.a.RequestResponseBodyMethodProcessor",
                    "message": "Using 'application/json', given [application/json, text/plain, */*] and supported [application/json, application/*+json, application/json, application/*+json, application/cbor]" }
                    
{
                    "app": "Crmeb",
                    "timestamp":"2026-06-30 15:20:45.390",
                    "level": "DEBUG",
                    "thread": "http-nio-8169-exec-22",
                    "class": "o.s.w.s.m.m.a.RequestResponseBodyMethodProcessor",
                    "message": "Writing [com.zbkj.common.result.CommonResult@6d5aaf48]" }
                    
{
                    "app": "Crmeb",
                    "timestamp":"2026-06-30 15:20:45.391",
                    "level": "DEBUG",
                    "thread": "http-nio-8169-exec-22",
                    "class": "o.s.web.servlet.DispatcherServlet",
                    "message": "Completed 200 OK" }
                    
{
                    "app": "Crmeb",
                    "timestamp":"2026-06-30 15:21:48.692",
                    "level": "DEBUG",
                    "thread": "http-nio-8169-exec-13",
                    "class": "o.s.web.servlet.DispatcherServlet",
                    "message": "GET "/api/admin/store/product/tabs/headers?page=1&limit=20&cateId=&keywords=&type=2&temp=1782804108", parameters={masked}" }
                    
{
                    "app": "Crmeb",
                    "timestamp":"2026-06-30 15:21:48.693",
                    "level": "DEBUG",
                    "thread": "http-nio-8169-exec-13",
                    "class": "o.s.w.s.m.m.a.RequestMappingHandlerMapping",
                    "message": "Mapped to com.zbkj.admin.controller.StoreProductController#getTabsHeader(StoreProductHeaderRequest)" }
                    
{
                    "app": "Crmeb",
                    "timestamp":"2026-06-30 15:21:48.710",
                    "level": "DEBUG",
                    "thread": "http-nio-8169-exec-9",
                    "class": "o.s.web.servlet.DispatcherServlet",
                    "message": "GET "/api/admin/store/product/list?page=1&limit=20&cateId=&keywords=&type=2&temp=1782804108", parameters={masked}" }
                    
{
                    "app": "Crmeb",
                    "timestamp":"2026-06-30 15:21:48.710",
                    "level": "DEBUG",
                    "thread": "http-nio-8169-exec-9",
                    "class": "o.s.w.s.m.m.a.RequestMappingHandlerMapping",
                    "message": "Mapped to com.zbkj.admin.controller.StoreProductController#getList(StoreProductSearchRequest, PageParamRequest)" }
                    
{
                    "app": "Crmeb",
                    "timestamp":"2026-06-30 15:21:48.961",
                    "level": "DEBUG",
                    "thread": "http-nio-8169-exec-13",
                    "class": "o.s.w.s.m.m.a.RequestResponseBodyMethodProcessor",
                    "message": "Using 'application/json', given [application/json, text/plain, */*] and supported [application/json, application/*+json, application/json, application/*+json, application/cbor]" }
                    
{
                    "app": "Crmeb",
                    "timestamp":"2026-06-30 15:21:48.961",
                    "level": "DEBUG",
                    "thread": "http-nio-8169-exec-13",
                    "class": "o.s.w.s.m.m.a.RequestResponseBodyMethodProcessor",
                    "message": "Writing [com.zbkj.common.result.CommonResult@38f9d8eb]" }
                    
{
                    "app": "Crmeb",
                    "timestamp":"2026-06-30 15:21:48.961",
                    "level": "DEBUG",
                    "thread": "http-nio-8169-exec-13",
                    "class": "o.s.web.servlet.DispatcherServlet",
                    "message": "Completed 200 OK" }
                    
{
                    "app": "Crmeb",
                    "timestamp":"2026-06-30 15:21:49.055",
                    "level": "DEBUG",
                    "thread": "http-nio-8169-exec-9",
                    "class": "o.s.w.s.m.m.a.RequestResponseBodyMethodProcessor",
                    "message": "Using 'application/json', given [application/json, text/plain, */*] and supported [application/json, application/*+json, application/json, application/*+json, application/cbor]" }
                    
{
                    "app": "Crmeb",
                    "timestamp":"2026-06-30 15:21:49.055",
                    "level": "DEBUG",
                    "thread": "http-nio-8169-exec-9",
                    "class": "o.s.w.s.m.m.a.RequestResponseBodyMethodProcessor",
                    "message": "Writing [com.zbkj.common.result.CommonResult@bf4e5d4]" }
                    
{
                    "app": "Crmeb",
                    "timestamp":"2026-06-30 15:21:49.056",
                    "level": "DEBUG",
                    "thread": "http-nio-8169-exec-9",
                    "class": "o.s.web.servlet.DispatcherServlet",
                    "message": "Completed 200 OK" }
                    
{
                    "app": "Crmeb",
                    "timestamp":"2026-06-30 15:21:52.165",
                    "level": "DEBUG",
                    "thread": "http-nio-8169-exec-23",
                    "class": "o.s.web.servlet.DispatcherServlet",
                    "message": "GET "/api/admin/express/shipping/templates/list?page=1&limit=9999&temp=1782804112", parameters={masked}" }
                    
{
                    "app": "Crmeb",
                    "timestamp":"2026-06-30 15:21:52.167",
                    "level": "DEBUG",
                    "thread": "http-nio-8169-exec-23",
                    "class": "o.s.w.s.m.m.a.RequestMappingHandlerMapping",
                    "message": "Mapped to com.zbkj.admin.controller.ShippingTemplatesController#getList(ShippingTemplatesSearchRequest, PageParamRequest)" }
                    
{
                    "app": "Crmeb",
                    "timestamp":"2026-06-30 15:21:52.173",
                    "level": "DEBUG",
                    "thread": "http-nio-8169-exec-21",
                    "class": "o.s.web.servlet.DispatcherServlet",
                    "message": "GET "/api/admin/store/product/info/94?temp=1782804112", parameters={masked}" }
                    
{
                    "app": "Crmeb",
                    "timestamp":"2026-06-30 15:21:52.173",
                    "level": "DEBUG",
                    "thread": "http-nio-8169-exec-18",
                    "class": "o.s.web.servlet.DispatcherServlet",
                    "message": "GET "/api/admin/system/group/data/list?gid=70&temp=1782804112", parameters={masked}" }
                    
{
                    "app": "Crmeb",
                    "timestamp":"2026-06-30 15:21:52.173",
                    "level": "DEBUG",
                    "thread": "http-nio-8169-exec-18",
                    "class": "o.s.w.s.m.m.a.RequestMappingHandlerMapping",
                    "message": "Mapped to com.zbkj.admin.controller.SystemGroupDataController#getList(SystemGroupDataSearchRequest, PageParamRequest)" }
                    
{
                    "app": "Crmeb",
                    "timestamp":"2026-06-30 15:21:52.176",
                    "level": "DEBUG",
                    "thread": "http-nio-8169-exec-21",
                    "class": "o.s.w.s.m.m.a.RequestMappingHandlerMapping",
                    "message": "Mapped to com.zbkj.admin.controller.StoreProductController#info(Integer)" }
                    
{
                    "app": "Crmeb",
                    "timestamp":"2026-06-30 15:21:52.180",
                    "level": "DEBUG",
                    "thread": "http-nio-8169-exec-29",
                    "class": "o.s.web.servlet.DispatcherServlet",
                    "message": "GET "/api/admin/category/list/tree?status=-1&type=1&temp=1782804112", parameters={masked}" }
                    
{
                    "app": "Crmeb",
                    "timestamp":"2026-06-30 15:21:52.181",
                    "level": "DEBUG",
                    "thread": "http-nio-8169-exec-29",
                    "class": "o.s.w.s.m.m.a.RequestMappingHandlerMapping",
                    "message": "Mapped to com.zbkj.admin.controller.CategoryController#getListTree(Integer, Integer, String)" }
                    
{
                    "app": "Crmeb",
                    "timestamp":"2026-06-30 15:21:52.193",
                    "level": "DEBUG",
                    "thread": "http-nio-8169-exec-19",
                    "class": "o.s.web.servlet.DispatcherServlet",
                    "message": "POST "/api/admin/store/product/copy/config", parameters={}" }
                    
{
                    "app": "Crmeb",
                    "timestamp":"2026-06-30 15:21:52.193",
                    "level": "DEBUG",
                    "thread": "http-nio-8169-exec-19",
                    "class": "o.s.w.s.m.m.a.RequestMappingHandlerMapping",
                    "message": "Mapped to com.zbkj.admin.controller.StoreProductController#copyConfig()" }
                    
{
                    "app": "Crmeb",
                    "timestamp":"2026-06-30 15:21:52.248",
                    "level": "DEBUG",
                    "thread": "http-nio-8169-exec-29",
                    "class": "o.s.w.s.m.m.a.RequestResponseBodyMethodProcessor",
                    "message": "Using 'application/json', given [application/json, text/plain, */*] and supported [application/json, application/*+json, application/json, application/*+json, application/cbor]" }
                    
{
                    "app": "Crmeb",
                    "timestamp":"2026-06-30 15:21:52.248",
                    "level": "DEBUG",
                    "thread": "http-nio-8169-exec-29",
                    "class": "o.s.w.s.m.m.a.RequestResponseBodyMethodProcessor",
                    "message": "Writing [com.zbkj.common.result.CommonResult@51606fed]" }
                    
{
                    "app": "Crmeb",
                    "timestamp":"2026-06-30 15:21:52.250",
                    "level": "DEBUG",
                    "thread": "http-nio-8169-exec-29",
                    "class": "o.s.web.servlet.DispatcherServlet",
                    "message": "Completed 200 OK" }
                    
{
                    "app": "Crmeb",
                    "timestamp":"2026-06-30 15:21:52.263",
                    "level": "DEBUG",
                    "thread": "http-nio-8169-exec-23",
                    "class": "o.s.w.s.m.m.a.RequestResponseBodyMethodProcessor",
                    "message": "Using 'application/json', given [application/json, text/plain, */*] and supported [application/json, application/*+json, application/json, application/*+json, application/cbor]" }
                    
{
                    "app": "Crmeb",
                    "timestamp":"2026-06-30 15:21:52.264",
                    "level": "DEBUG",
                    "thread": "http-nio-8169-exec-23",
                    "class": "o.s.w.s.m.m.a.RequestResponseBodyMethodProcessor",
                    "message": "Writing [com.zbkj.common.result.CommonResult@404b62b]" }
                    
{
                    "app": "Crmeb",
                    "timestamp":"2026-06-30 15:21:52.265",
                    "level": "DEBUG",
                    "thread": "http-nio-8169-exec-23",
                    "class": "o.s.web.servlet.DispatcherServlet",
                    "message": "Completed 200 OK" }
                    
{
                    "app": "Crmeb",
                    "timestamp":"2026-06-30 15:21:52.269",
                    "level": "DEBUG",
                    "thread": "http-nio-8169-exec-18",
                    "class": "o.s.w.s.m.m.a.RequestResponseBodyMethodProcessor",
                    "message": "Using 'application/json', given [application/json, text/plain, */*] and supported [application/json, application/*+json, application/json, application/*+json, application/cbor]" }
                    
{
                    "app": "Crmeb",
                    "timestamp":"2026-06-30 15:21:52.269",
                    "level": "DEBUG",
                    "thread": "http-nio-8169-exec-18",
                    "class": "o.s.w.s.m.m.a.RequestResponseBodyMethodProcessor",
                    "message": "Writing [com.zbkj.common.result.CommonResult@7d6f0d0]" }
                    
{
                    "app": "Crmeb",
                    "timestamp":"2026-06-30 15:21:52.271",
                    "level": "DEBUG",
                    "thread": "http-nio-8169-exec-18",
                    "class": "o.s.web.servlet.DispatcherServlet",
                    "message": "Completed 200 OK" }
                    
{
                    "app": "Crmeb",
                    "timestamp":"2026-06-30 15:21:52.356",
                    "level": "DEBUG",
                    "thread": "http-nio-8169-exec-19",
                    "class": "o.s.web.client.RestTemplate",
                    "message": "HTTP POST https://sms.crmeb.net/api/v2/user/login" }
                    
{
                    "app": "Crmeb",
                    "timestamp":"2026-06-30 15:21:52.356",
                    "level": "DEBUG",
                    "thread": "http-nio-8169-exec-19",
                    "class": "o.s.web.client.RestTemplate",
                    "message": "Accept=[text/plain, application/json, application/cbor, application/*+json, text/html, */*]" }
                    
{
                    "app": "Crmeb",
                    "timestamp":"2026-06-30 15:21:52.356",
                    "level": "DEBUG",
                    "thread": "http-nio-8169-exec-19",
                    "class": "o.s.web.client.RestTemplate",
                    "message": "Writing [{access_key=[11111], secret_key=[11111]}] as "application/x-www-form-urlencoded"" }
                    
{
                    "app": "Crmeb",
                    "timestamp":"2026-06-30 15:21:52.399",
                    "level": "DEBUG",
                    "thread": "http-nio-8169-exec-21",
                    "class": "o.s.w.s.m.m.a.RequestResponseBodyMethodProcessor",
                    "message": "Using 'application/json', given [application/json, text/plain, */*] and supported [application/json, application/*+json, application/json, application/*+json, application/cbor]" }
                    
{
                    "app": "Crmeb",
                    "timestamp":"2026-06-30 15:21:52.399",
                    "level": "DEBUG",
                    "thread": "http-nio-8169-exec-21",
                    "class": "o.s.w.s.m.m.a.RequestResponseBodyMethodProcessor",
                    "message": "Writing [com.zbkj.common.result.CommonResult@1194a2bc]" }
                    
{
                    "app": "Crmeb",
                    "timestamp":"2026-06-30 15:21:52.400",
                    "level": "DEBUG",
                    "thread": "http-nio-8169-exec-21",
                    "class": "o.s.web.servlet.DispatcherServlet",
                    "message": "Completed 200 OK" }
                    
{
                    "app": "Crmeb",
                    "timestamp":"2026-06-30 15:21:52.528",
                    "level": "DEBUG",
                    "thread": "http-nio-8169-exec-15",
                    "class": "o.s.web.servlet.DispatcherServlet",
                    "message": "GET "/api/admin/store/product/rule/list?page=1&limit=9999&keywords=&temp=1782804112", parameters={masked}" }
                    
{
                    "app": "Crmeb",
                    "timestamp":"2026-06-30 15:21:52.529",
                    "level": "DEBUG",
                    "thread": "http-nio-8169-exec-15",
                    "class": "o.s.w.s.m.m.a.RequestMappingHandlerMapping",
                    "message": "Mapped to com.zbkj.admin.controller.StoreProductRuleController#getList(StoreProductRuleSearchRequest, PageParamRequest)" }
                    
{
                    "app": "Crmeb",
                    "timestamp":"2026-06-30 15:21:52.535",
                    "level": "DEBUG",
                    "thread": "http-nio-8169-exec-19",
                    "class": "o.s.web.client.RestTemplate",
                    "message": "Response 200 OK" }
                    
{
                    "app": "Crmeb",
                    "timestamp":"2026-06-30 15:21:52.535",
                    "level": "DEBUG",
                    "thread": "http-nio-8169-exec-19",
                    "class": "o.s.web.client.RestTemplate",
                    "message": "Reading to [java.lang.String] as "application/json"" }
                    
{
                    "app": "Crmeb",
                    "timestamp":"2026-06-30 15:21:52.535",
                    "level": "DEBUG",
                    "thread": "http-nio-8169-exec-19",
                    "class": "o.s.w.s.m.m.a.ExceptionHandlerExceptionResolver",
                    "message": "Using @ExceptionHandler com.zbkj.service.exception.GlobalExceptionHandler#defaultExceptionHandler(HttpServletRequest, Exception)" }
                    
{
                    "app": "Crmeb",
                    "timestamp":"2026-06-30 15:21:52.548",
                    "level": "DEBUG",
                    "thread": "http-nio-8169-exec-30",
                    "class": "o.s.web.servlet.DispatcherServlet",
                    "message": "GET "/api/admin/marketing/coupon/send/list?type=3&temp=1782804112", parameters={masked}" }
                    
{
                    "app": "Crmeb",
                    "timestamp":"2026-06-30 15:21:52.548",
                    "level": "DEBUG",
                    "thread": "http-nio-8169-exec-30",
                    "class": "o.s.w.s.m.m.a.RequestMappingHandlerMapping",
                    "message": "Mapped to com.zbkj.admin.controller.StoreCouponController#getSendList(SearchAndPageRequest)" }
                    
{
                    "app": "Crmeb",
                    "timestamp":"2026-06-30 15:21:52.584",
                    "level": "DEBUG",
                    "thread": "http-nio-8169-exec-19",
                    "class": "o.s.w.s.m.m.a.RequestResponseBodyMethodProcessor",
                    "message": "Using 'application/json', given [application/json, text/plain, */*] and supported [application/json, application/*+json, application/json, application/*+json, application/cbor]" }
                    
{
                    "app": "Crmeb",
                    "timestamp":"2026-06-30 15:21:52.584",
                    "level": "DEBUG",
                    "thread": "http-nio-8169-exec-19",
                    "class": "o.s.w.s.m.m.a.RequestResponseBodyMethodProcessor",
                    "message": "Writing [com.zbkj.common.result.CommonResult@3c09a6f0]" }
                    
{
                    "app": "Crmeb",
                    "timestamp":"2026-06-30 15:21:52.585",
                    "level": "DEBUG",
                    "thread": "http-nio-8169-exec-19",
                    "class": "o.s.w.s.m.m.a.ExceptionHandlerExceptionResolver",
                    "message": "Resolved [com.zbkj.common.exception.CrmebException: 一号通平台接口接口请求失败:accessKey或者secretKey不正确]" }
                    
{
                    "app": "Crmeb",
                    "timestamp":"2026-06-30 15:21:52.585",
                    "level": "DEBUG",
                    "thread": "http-nio-8169-exec-19",
                    "class": "o.s.web.servlet.DispatcherServlet",
                    "message": "Completed 200 OK" }
                    
{
                    "app": "Crmeb",
                    "timestamp":"2026-06-30 15:21:52.602",
                    "level": "DEBUG",
                    "thread": "http-nio-8169-exec-30",
                    "class": "o.s.w.s.m.m.a.RequestResponseBodyMethodProcessor",
                    "message": "Using 'application/json', given [application/json, text/plain, */*] and supported [application/json, application/*+json, application/json, application/*+json, application/cbor]" }
                    
{
                    "app": "Crmeb",
                    "timestamp":"2026-06-30 15:21:52.602",
                    "level": "DEBUG",
                    "thread": "http-nio-8169-exec-30",
                    "class": "o.s.w.s.m.m.a.RequestResponseBodyMethodProcessor",
                    "message": "Writing [com.zbkj.common.result.CommonResult@5648a630]" }
                    
{
                    "app": "Crmeb",
                    "timestamp":"2026-06-30 15:21:52.603",
                    "level": "DEBUG",
                    "thread": "http-nio-8169-exec-30",
                    "class": "o.s.web.servlet.DispatcherServlet",
                    "message": "Completed 200 OK" }
                    
{
                    "app": "Crmeb",
                    "timestamp":"2026-06-30 15:21:52.625",
                    "level": "DEBUG",
                    "thread": "http-nio-8169-exec-15",
                    "class": "o.s.w.s.m.m.a.RequestResponseBodyMethodProcessor",
                    "message": "Using 'application/json', given [application/json, text/plain, */*] and supported [application/json, application/*+json, application/json, application/*+json, application/cbor]" }
                    
{
                    "app": "Crmeb",
                    "timestamp":"2026-06-30 15:21:52.625",
                    "level": "DEBUG",
                    "thread": "http-nio-8169-exec-15",
                    "class": "o.s.w.s.m.m.a.RequestResponseBodyMethodProcessor",
                    "message": "Writing [com.zbkj.common.result.CommonResult@505a5141]" }
                    
{
                    "app": "Crmeb",
                    "timestamp":"2026-06-30 15:21:52.626",
                    "level": "DEBUG",
                    "thread": "http-nio-8169-exec-15",
                    "class": "o.s.web.servlet.DispatcherServlet",
                    "message": "Completed 200 OK" }
                    
{
                    "app": "Crmeb",
                    "timestamp":"2026-06-30 15:23:14.146",
                    "level": "DEBUG",
                    "thread": "http-nio-8169-exec-8",
                    "class": "o.s.web.servlet.DispatcherServlet",
                    "message": "GET "/api/admin/store/product/list?page=1&limit=20&cateId=&keywords=&type=1&temp=1782804194", parameters={masked}" }
                    
{
                    "app": "Crmeb",
                    "timestamp":"2026-06-30 15:23:14.148",
                    "level": "DEBUG",
                    "thread": "http-nio-8169-exec-8",
                    "class": "o.s.w.s.m.m.a.RequestMappingHandlerMapping",
                    "message": "Mapped to com.zbkj.admin.controller.StoreProductController#getList(StoreProductSearchRequest, PageParamRequest)" }
                    
{
                    "app": "Crmeb",
                    "timestamp":"2026-06-30 15:23:14.152",
                    "level": "DEBUG",
                    "thread": "http-nio-8169-exec-10",
                    "class": "o.s.web.servlet.DispatcherServlet",
                    "message": "GET "/api/admin/store/product/tabs/headers?page=1&limit=20&cateId=&keywords=&type=1&temp=1782804194", parameters={masked}" }
                    
{
                    "app": "Crmeb",
                    "timestamp":"2026-06-30 15:23:14.152",
                    "level": "DEBUG",
                    "thread": "http-nio-8169-exec-10",
                    "class": "o.s.w.s.m.m.a.RequestMappingHandlerMapping",
                    "message": "Mapped to com.zbkj.admin.controller.StoreProductController#getTabsHeader(StoreProductHeaderRequest)" }
                    
{
                    "app": "Crmeb",
                    "timestamp":"2026-06-30 15:23:14.152",
                    "level": "DEBUG",
                    "thread": "http-nio-8169-exec-11",
                    "class": "o.s.web.servlet.DispatcherServlet",
                    "message": "GET "/api/admin/category/list/tree?status=-1&type=1&temp=1782804194", parameters={masked}" }
                    
{
                    "app": "Crmeb",
                    "timestamp":"2026-06-30 15:23:14.153",
                    "level": "DEBUG",
                    "thread": "http-nio-8169-exec-11",
                    "class": "o.s.w.s.m.m.a.RequestMappingHandlerMapping",
                    "message": "Mapped to com.zbkj.admin.controller.CategoryController#getListTree(Integer, Integer, String)" }
                    
{
                    "app": "Crmeb",
                    "timestamp":"2026-06-30 15:23:14.197",
                    "level": "DEBUG",
                    "thread": "http-nio-8169-exec-8",
                    "class": "o.s.w.s.m.m.a.RequestResponseBodyMethodProcessor",
                    "message": "Using 'application/json', given [application/json, text/plain, */*] and supported [application/json, application/*+json, application/json, application/*+json, application/cbor]" }
                    
{
                    "app": "Crmeb",
                    "timestamp":"2026-06-30 15:23:14.197",
                    "level": "DEBUG",
                    "thread": "http-nio-8169-exec-8",
                    "class": "o.s.w.s.m.m.a.RequestResponseBodyMethodProcessor",
                    "message": "Writing [com.zbkj.common.result.CommonResult@3fdeb37c]" }
                    
{
                    "app": "Crmeb",
                    "timestamp":"2026-06-30 15:23:14.197",
                    "level": "DEBUG",
                    "thread": "http-nio-8169-exec-8",
                    "class": "o.s.web.servlet.DispatcherServlet",
                    "message": "Completed 200 OK" }
                    
{
                    "app": "Crmeb",
                    "timestamp":"2026-06-30 15:23:14.199",
                    "level": "DEBUG",
                    "thread": "http-nio-8169-exec-11",
                    "class": "o.s.w.s.m.m.a.RequestResponseBodyMethodProcessor",
                    "message": "Using 'application/json', given [application/json, text/plain, */*] and supported [application/json, application/*+json, application/json, application/*+json, application/cbor]" }
                    
{
                    "app": "Crmeb",
                    "timestamp":"2026-06-30 15:23:14.199",
                    "level": "DEBUG",
                    "thread": "http-nio-8169-exec-11",
                    "class": "o.s.w.s.m.m.a.RequestResponseBodyMethodProcessor",
                    "message": "Writing [com.zbkj.common.result.CommonResult@35145b7]" }
                    
{
                    "app": "Crmeb",
                    "timestamp":"2026-06-30 15:23:14.200",
                    "level": "DEBUG",
                    "thread": "http-nio-8169-exec-11",
                    "class": "o.s.web.servlet.DispatcherServlet",
                    "message": "Completed 200 OK" }
                    
{
                    "app": "Crmeb",
                    "timestamp":"2026-06-30 15:23:14.438",
                    "level": "DEBUG",
                    "thread": "http-nio-8169-exec-10",
                    "class": "o.s.w.s.m.m.a.RequestResponseBodyMethodProcessor",
                    "message": "Using 'application/json', given [application/json, text/plain, */*] and supported [application/json, application/*+json, application/json, application/*+json, application/cbor]" }
                    
{
                    "app": "Crmeb",
                    "timestamp":"2026-06-30 15:23:14.439",
                    "level": "DEBUG",
                    "thread": "http-nio-8169-exec-10",
                    "class": "o.s.w.s.m.m.a.RequestResponseBodyMethodProcessor",
                    "message": "Writing [com.zbkj.common.result.CommonResult@3e999da3]" }
                    
{
                    "app": "Crmeb",
                    "timestamp":"2026-06-30 15:23:14.439",
                    "level": "DEBUG",
                    "thread": "http-nio-8169-exec-10",
                    "class": "o.s.web.servlet.DispatcherServlet",
                    "message": "Completed 200 OK" }
                    
{
                    "app": "Crmeb",
                    "timestamp":"2026-06-30 15:23:15.300",
                    "level": "DEBUG",
                    "thread": "http-nio-8169-exec-4",
                    "class": "o.s.web.servlet.DispatcherServlet",
                    "message": "GET "/api/admin/category/list/tree?status=-1&type=1&temp=1782804195", parameters={masked}" }
                    
{
                    "app": "Crmeb",
                    "timestamp":"2026-06-30 15:23:15.301",
                    "level": "DEBUG",
                    "thread": "http-nio-8169-exec-4",
                    "class": "o.s.w.s.m.m.a.RequestMappingHandlerMapping",
                    "message": "Mapped to com.zbkj.admin.controller.CategoryController#getListTree(Integer, Integer, String)" }
                    
{
                    "app": "Crmeb",
                    "timestamp":"2026-06-30 15:23:15.302",
                    "level": "DEBUG",
                    "thread": "http-nio-8169-exec-9",
                    "class": "o.s.web.servlet.DispatcherServlet",
                    "message": "POST "/api/admin/store/product/copy/config", parameters={}" }
                    
{
                    "app": "Crmeb",
                    "timestamp":"2026-06-30 15:23:15.302",
                    "level": "DEBUG",
                    "thread": "http-nio-8169-exec-12",
                    "class": "o.s.web.servlet.DispatcherServlet",
                    "message": "GET "/api/admin/system/group/data/list?gid=70&temp=1782804195", parameters={masked}" }
                    
{
                    "app": "Crmeb",
                    "timestamp":"2026-06-30 15:23:15.302",
                    "level": "DEBUG",
                    "thread": "http-nio-8169-exec-9",
                    "class": "o.s.w.s.m.m.a.RequestMappingHandlerMapping",
                    "message": "Mapped to com.zbkj.admin.controller.StoreProductController#copyConfig()" }
                    
{
                    "app": "Crmeb",
                    "timestamp":"2026-06-30 15:23:15.302",
                    "level": "DEBUG",
                    "thread": "http-nio-8169-exec-12",
                    "class": "o.s.w.s.m.m.a.RequestMappingHandlerMapping",
                    "message": "Mapped to com.zbkj.admin.controller.SystemGroupDataController#getList(SystemGroupDataSearchRequest, PageParamRequest)" }
                    
{
                    "app": "Crmeb",
                    "timestamp":"2026-06-30 15:23:15.306",
                    "level": "DEBUG",
                    "thread": "http-nio-8169-exec-16",
                    "class": "o.s.web.servlet.DispatcherServlet",
                    "message": "GET "/api/admin/express/shipping/templates/list?page=1&limit=9999&temp=1782804195", parameters={masked}" }
                    
{
                    "app": "Crmeb",
                    "timestamp":"2026-06-30 15:23:15.306",
                    "level": "DEBUG",
                    "thread": "http-nio-8169-exec-16",
                    "class": "o.s.w.s.m.m.a.RequestMappingHandlerMapping",
                    "message": "Mapped to com.zbkj.admin.controller.ShippingTemplatesController#getList(ShippingTemplatesSearchRequest, PageParamRequest)" }
                    
{
                    "app": "Crmeb",
                    "timestamp":"2026-06-30 15:23:15.348",
                    "level": "DEBUG",
                    "thread": "http-nio-8169-exec-4",
                    "class": "o.s.w.s.m.m.a.RequestResponseBodyMethodProcessor",
                    "message": "Using 'application/json', given [application/json, text/plain, */*] and supported [application/json, application/*+json, application/json, application/*+json, application/cbor]" }
                    
{
                    "app": "Crmeb",
                    "timestamp":"2026-06-30 15:23:15.348",
                    "level": "DEBUG",
                    "thread": "http-nio-8169-exec-4",
                    "class": "o.s.w.s.m.m.a.RequestResponseBodyMethodProcessor",
                    "message": "Writing [com.zbkj.common.result.CommonResult@7926c865]" }
                    
{
                    "app": "Crmeb",
                    "timestamp":"2026-06-30 15:23:15.348",
                    "level": "DEBUG",
                    "thread": "http-nio-8169-exec-4",
                    "class": "o.s.web.servlet.DispatcherServlet",
                    "message": "Completed 200 OK" }
                    
{
                    "app": "Crmeb",
                    "timestamp":"2026-06-30 15:23:15.392",
                    "level": "DEBUG",
                    "thread": "http-nio-8169-exec-12",
                    "class": "o.s.w.s.m.m.a.RequestResponseBodyMethodProcessor",
                    "message": "Using 'application/json', given [application/json, text/plain, */*] and supported [application/json, application/*+json, application/json, application/*+json, application/cbor]" }
                    
{
                    "app": "Crmeb",
                    "timestamp":"2026-06-30 15:23:15.392",
                    "level": "DEBUG",
                    "thread": "http-nio-8169-exec-16",
                    "class": "o.s.w.s.m.m.a.RequestResponseBodyMethodProcessor",
                    "message": "Using 'application/json', given [application/json, text/plain, */*] and supported [application/json, application/*+json, application/json, application/*+json, application/cbor]" }
                    
{
                    "app": "Crmeb",
                    "timestamp":"2026-06-30 15:23:15.393",
                    "level": "DEBUG",
                    "thread": "http-nio-8169-exec-12",
                    "class": "o.s.w.s.m.m.a.RequestResponseBodyMethodProcessor",
                    "message": "Writing [com.zbkj.common.result.CommonResult@2d4d37a7]" }
                    
{
                    "app": "Crmeb",
                    "timestamp":"2026-06-30 15:23:15.393",
                    "level": "DEBUG",
                    "thread": "http-nio-8169-exec-16",
                    "class": "o.s.w.s.m.m.a.RequestResponseBodyMethodProcessor",
                    "message": "Writing [com.zbkj.common.result.CommonResult@67b9982d]" }
                    
{
                    "app": "Crmeb",
                    "timestamp":"2026-06-30 15:23:15.393",
                    "level": "DEBUG",
                    "thread": "http-nio-8169-exec-16",
                    "class": "o.s.web.servlet.DispatcherServlet",
                    "message": "Completed 200 OK" }
                    
{
                    "app": "Crmeb",
                    "timestamp":"2026-06-30 15:23:15.393",
                    "level": "DEBUG",
                    "thread": "http-nio-8169-exec-12",
                    "class": "o.s.web.servlet.DispatcherServlet",
                    "message": "Completed 200 OK" }
                    
{
                    "app": "Crmeb",
                    "timestamp":"2026-06-30 15:23:15.459",
                    "level": "DEBUG",
                    "thread": "http-nio-8169-exec-9",
                    "class": "o.s.web.client.RestTemplate",
                    "message": "HTTP POST https://sms.crmeb.net/api/v2/user/login" }
                    
{
                    "app": "Crmeb",
                    "timestamp":"2026-06-30 15:23:15.459",
                    "level": "DEBUG",
                    "thread": "http-nio-8169-exec-9",
                    "class": "o.s.web.client.RestTemplate",
                    "message": "Accept=[text/plain, application/json, application/cbor, application/*+json, text/html, */*]" }
                    
{
                    "app": "Crmeb",
                    "timestamp":"2026-06-30 15:23:15.459",
                    "level": "DEBUG",
                    "thread": "http-nio-8169-exec-9",
                    "class": "o.s.web.client.RestTemplate",
                    "message": "Writing [{access_key=[11111], secret_key=[11111]}] as "application/x-www-form-urlencoded"" }
                    
{
                    "app": "Crmeb",
                    "timestamp":"2026-06-30 15:23:15.654",
                    "level": "DEBUG",
                    "thread": "http-nio-8169-exec-9",
                    "class": "o.s.web.client.RestTemplate",
                    "message": "Response 200 OK" }
                    
{
                    "app": "Crmeb",
                    "timestamp":"2026-06-30 15:23:15.654",
                    "level": "DEBUG",
                    "thread": "http-nio-8169-exec-9",
                    "class": "o.s.web.client.RestTemplate",
                    "message": "Reading to [java.lang.String] as "application/json"" }
                    
{
                    "app": "Crmeb",
                    "timestamp":"2026-06-30 15:23:15.655",
                    "level": "DEBUG",
                    "thread": "http-nio-8169-exec-9",
                    "class": "o.s.w.s.m.m.a.ExceptionHandlerExceptionResolver",
                    "message": "Using @ExceptionHandler com.zbkj.service.exception.GlobalExceptionHandler#defaultExceptionHandler(HttpServletRequest, Exception)" }
                    
{
                    "app": "Crmeb",
                    "timestamp":"2026-06-30 15:23:15.704",
                    "level": "DEBUG",
                    "thread": "http-nio-8169-exec-9",
                    "class": "o.s.w.s.m.m.a.RequestResponseBodyMethodProcessor",
                    "message": "Using 'application/json', given [application/json, text/plain, */*] and supported [application/json, application/*+json, application/json, application/*+json, application/cbor]" }
                    
{
                    "app": "Crmeb",
                    "timestamp":"2026-06-30 15:23:15.704",
                    "level": "DEBUG",
                    "thread": "http-nio-8169-exec-9",
                    "class": "o.s.w.s.m.m.a.RequestResponseBodyMethodProcessor",
                    "message": "Writing [com.zbkj.common.result.CommonResult@503c4712]" }
                    
{
                    "app": "Crmeb",
                    "timestamp":"2026-06-30 15:23:15.704",
                    "level": "DEBUG",
                    "thread": "http-nio-8169-exec-9",
                    "class": "o.s.w.s.m.m.a.ExceptionHandlerExceptionResolver",
                    "message": "Resolved [com.zbkj.common.exception.CrmebException: 一号通平台接口接口请求失败:accessKey或者secretKey不正确]" }
                    
{
                    "app": "Crmeb",
                    "timestamp":"2026-06-30 15:23:15.704",
                    "level": "DEBUG",
                    "thread": "http-nio-8169-exec-9",
                    "class": "o.s.web.servlet.DispatcherServlet",
                    "message": "Completed 200 OK" }
                    
{
                    "app": "Crmeb",
                    "timestamp":"2026-06-30 15:25:37.844",
                    "level": "DEBUG",
                    "thread": "http-nio-8169-exec-30",
                    "class": "o.s.web.servlet.DispatcherServlet",
                    "message": "GET "/api/admin/system/group/data/list?gid=70&temp=1782804337", parameters={masked}" }
                    
{
                    "app": "Crmeb",
                    "timestamp":"2026-06-30 15:25:37.845",
                    "level": "DEBUG",
                    "thread": "http-nio-8169-exec-30",
                    "class": "o.s.w.s.m.m.a.RequestMappingHandlerMapping",
                    "message": "Mapped to com.zbkj.admin.controller.SystemGroupDataController#getList(SystemGroupDataSearchRequest, PageParamRequest)" }
                    
{
                    "app": "Crmeb",
                    "timestamp":"2026-06-30 15:25:37.847",
                    "level": "DEBUG",
                    "thread": "http-nio-8169-exec-2",
                    "class": "o.s.web.servlet.DispatcherServlet",
                    "message": "GET "/api/admin/category/list/tree?status=-1&type=1&temp=1782804337", parameters={masked}" }
                    
{
                    "app": "Crmeb",
                    "timestamp":"2026-06-30 15:25:37.848",
                    "level": "DEBUG",
                    "thread": "http-nio-8169-exec-2",
                    "class": "o.s.w.s.m.m.a.RequestMappingHandlerMapping",
                    "message": "Mapped to com.zbkj.admin.controller.CategoryController#getListTree(Integer, Integer, String)" }
                    
{
                    "app": "Crmeb",
                    "timestamp":"2026-06-30 15:25:37.862",
                    "level": "DEBUG",
                    "thread": "http-nio-8169-exec-19",
                    "class": "o.s.web.servlet.DispatcherServlet",
                    "message": "GET "/api/admin/express/shipping/templates/list?page=1&limit=9999&temp=1782804337", parameters={masked}" }
                    
{
                    "app": "Crmeb",
                    "timestamp":"2026-06-30 15:25:37.863",
                    "level": "DEBUG",
                    "thread": "http-nio-8169-exec-19",
                    "class": "o.s.w.s.m.m.a.RequestMappingHandlerMapping",
                    "message": "Mapped to com.zbkj.admin.controller.ShippingTemplatesController#getList(ShippingTemplatesSearchRequest, PageParamRequest)" }
                    
{
                    "app": "Crmeb",
                    "timestamp":"2026-06-30 15:25:37.891",
                    "level": "DEBUG",
                    "thread": "http-nio-8169-exec-2",
                    "class": "o.s.w.s.m.m.a.RequestResponseBodyMethodProcessor",
                    "message": "Using 'application/json', given [application/json, text/plain, */*] and supported [application/json, application/*+json, application/json, application/*+json, application/cbor]" }
                    
{
                    "app": "Crmeb",
                    "timestamp":"2026-06-30 15:25:37.891",
                    "level": "DEBUG",
                    "thread": "http-nio-8169-exec-2",
                    "class": "o.s.w.s.m.m.a.RequestResponseBodyMethodProcessor",
                    "message": "Writing [com.zbkj.common.result.CommonResult@7ffd1417]" }
                    
{
                    "app": "Crmeb",
                    "timestamp":"2026-06-30 15:25:37.891",
                    "level": "DEBUG",
                    "thread": "http-nio-8169-exec-2",
                    "class": "o.s.web.servlet.DispatcherServlet",
                    "message": "Completed 200 OK" }
                    
{
                    "app": "Crmeb",
                    "timestamp":"2026-06-30 15:25:37.928",
                    "level": "DEBUG",
                    "thread": "http-nio-8169-exec-30",
                    "class": "o.s.w.s.m.m.a.RequestResponseBodyMethodProcessor",
                    "message": "Using 'application/json', given [application/json, text/plain, */*] and supported [application/json, application/*+json, application/json, application/*+json, application/cbor]" }
                    
{
                    "app": "Crmeb",
                    "timestamp":"2026-06-30 15:25:37.929",
                    "level": "DEBUG",
                    "thread": "http-nio-8169-exec-30",
                    "class": "o.s.w.s.m.m.a.RequestResponseBodyMethodProcessor",
                    "message": "Writing [com.zbkj.common.result.CommonResult@525a1651]" }
                    
{
                    "app": "Crmeb",
                    "timestamp":"2026-06-30 15:25:37.929",
                    "level": "DEBUG",
                    "thread": "http-nio-8169-exec-30",
                    "class": "o.s.web.servlet.DispatcherServlet",
                    "message": "Completed 200 OK" }
                    
{
                    "app": "Crmeb",
                    "timestamp":"2026-06-30 15:25:37.952",
                    "level": "DEBUG",
                    "thread": "http-nio-8169-exec-19",
                    "class": "o.s.w.s.m.m.a.RequestResponseBodyMethodProcessor",
                    "message": "Using 'application/json', given [application/json, text/plain, */*] and supported [application/json, application/*+json, application/json, application/*+json, application/cbor]" }
                    
{
                    "app": "Crmeb",
                    "timestamp":"2026-06-30 15:25:37.952",
                    "level": "DEBUG",
                    "thread": "http-nio-8169-exec-19",
                    "class": "o.s.w.s.m.m.a.RequestResponseBodyMethodProcessor",
                    "message": "Writing [com.zbkj.common.result.CommonResult@510439bb]" }
                    
{
                    "app": "Crmeb",
                    "timestamp":"2026-06-30 15:25:37.954",
                    "level": "DEBUG",
                    "thread": "http-nio-8169-exec-19",
                    "class": "o.s.web.servlet.DispatcherServlet",
                    "message": "Completed 200 OK" }
                    
{
                    "app": "Crmeb",
                    "timestamp":"2026-06-30 15:26:29.598",
                    "level": "DEBUG",
                    "thread": "http-nio-8169-exec-20",
                    "class": "o.s.web.servlet.DispatcherServlet",
                    "message": "GET "/api/admin/store/product/tabs/headers?page=1&limit=20&cateId=&keywords=&type=1&temp=1782804389", parameters={masked}" }
                    
{
                    "app": "Crmeb",
                    "timestamp":"2026-06-30 15:26:29.597",
                    "level": "DEBUG",
                    "thread": "http-nio-8169-exec-25",
                    "class": "o.s.web.servlet.DispatcherServlet",
                    "message": "GET "/api/admin/store/product/list?page=1&limit=20&cateId=&keywords=&type=1&temp=1782804389", parameters={masked}" }
                    
{
                    "app": "Crmeb",
                    "timestamp":"2026-06-30 15:26:29.598",
                    "level": "DEBUG",
                    "thread": "http-nio-8169-exec-20",
                    "class": "o.s.w.s.m.m.a.RequestMappingHandlerMapping",
                    "message": "Mapped to com.zbkj.admin.controller.StoreProductController#getTabsHeader(StoreProductHeaderRequest)" }
                    
{
                    "app": "Crmeb",
                    "timestamp":"2026-06-30 15:26:29.598",
                    "level": "DEBUG",
                    "thread": "http-nio-8169-exec-25",
                    "class": "o.s.w.s.m.m.a.RequestMappingHandlerMapping",
                    "message": "Mapped to com.zbkj.admin.controller.StoreProductController#getList(StoreProductSearchRequest, PageParamRequest)" }
                    
{
                    "app": "Crmeb",
                    "timestamp":"2026-06-30 15:26:29.733",
                    "level": "DEBUG",
                    "thread": "http-nio-8169-exec-7",
                    "class": "o.s.web.servlet.DispatcherServlet",
                    "message": "GET "/api/admin/category/list/tree?status=-1&type=1&temp=1782804389", parameters={masked}" }
                    
{
                    "app": "Crmeb",
                    "timestamp":"2026-06-30 15:26:29.734",
                    "level": "DEBUG",
                    "thread": "http-nio-8169-exec-7",
                    "class": "o.s.w.s.m.m.a.RequestMappingHandlerMapping",
                    "message": "Mapped to com.zbkj.admin.controller.CategoryController#getListTree(Integer, Integer, String)" }
                    
{
                    "app": "Crmeb",
                    "timestamp":"2026-06-30 15:26:29.775",
                    "level": "DEBUG",
                    "thread": "http-nio-8169-exec-25",
                    "class": "o.s.w.s.m.m.a.RequestResponseBodyMethodProcessor",
                    "message": "Using 'application/json', given [application/json, text/plain, */*] and supported [application/json, application/*+json, application/json, application/*+json, application/cbor]" }
                    
{
                    "app": "Crmeb",
                    "timestamp":"2026-06-30 15:26:29.775",
                    "level": "DEBUG",
                    "thread": "http-nio-8169-exec-25",
                    "class": "o.s.w.s.m.m.a.RequestResponseBodyMethodProcessor",
                    "message": "Writing [com.zbkj.common.result.CommonResult@3df4a0fc]" }
                    
{
                    "app": "Crmeb",
                    "timestamp":"2026-06-30 15:26:29.776",
                    "level": "DEBUG",
                    "thread": "http-nio-8169-exec-25",
                    "class": "o.s.web.servlet.DispatcherServlet",
                    "message": "Completed 200 OK" }
                    
{
                    "app": "Crmeb",
                    "timestamp":"2026-06-30 15:26:29.787",
                    "level": "DEBUG",
                    "thread": "http-nio-8169-exec-7",
                    "class": "o.s.w.s.m.m.a.RequestResponseBodyMethodProcessor",
                    "message": "Using 'application/json', given [application/json, text/plain, */*] and supported [application/json, application/*+json, application/json, application/*+json, application/cbor]" }
                    
{
                    "app": "Crmeb",
                    "timestamp":"2026-06-30 15:26:29.788",
                    "level": "DEBUG",
                    "thread": "http-nio-8169-exec-7",
                    "class": "o.s.w.s.m.m.a.RequestResponseBodyMethodProcessor",
                    "message": "Writing [com.zbkj.common.result.CommonResult@31d65f9d]" }
                    
{
                    "app": "Crmeb",
                    "timestamp":"2026-06-30 15:26:29.789",
                    "level": "DEBUG",
                    "thread": "http-nio-8169-exec-7",
                    "class": "o.s.web.servlet.DispatcherServlet",
                    "message": "Completed 200 OK" }
                    
{
                    "app": "Crmeb",
                    "timestamp":"2026-06-30 15:26:29.989",
                    "level": "DEBUG",
                    "thread": "http-nio-8169-exec-20",
                    "class": "o.s.w.s.m.m.a.RequestResponseBodyMethodProcessor",
                    "message": "Using 'application/json', given [application/json, text/plain, */*] and supported [application/json, application/*+json, application/json, application/*+json, application/cbor]" }
                    
{
                    "app": "Crmeb",
                    "timestamp":"2026-06-30 15:26:29.989",
                    "level": "DEBUG",
                    "thread": "http-nio-8169-exec-20",
                    "class": "o.s.w.s.m.m.a.RequestResponseBodyMethodProcessor",
                    "message": "Writing [com.zbkj.common.result.CommonResult@617df945]" }
                    
{
                    "app": "Crmeb",
                    "timestamp":"2026-06-30 15:26:29.989",
                    "level": "DEBUG",
                    "thread": "http-nio-8169-exec-20",
                    "class": "o.s.web.servlet.DispatcherServlet",
                    "message": "Completed 200 OK" }
                    
{
                    "app": "Crmeb",
                    "timestamp":"2026-06-30 15:26:32.241",
                    "level": "DEBUG",
                    "thread": "http-nio-8169-exec-11",
                    "class": "o.s.web.servlet.DispatcherServlet",
                    "message": "GET "/api/admin/express/shipping/templates/list?page=1&limit=9999&temp=1782804392", parameters={masked}" }
                    
{
                    "app": "Crmeb",
                    "timestamp":"2026-06-30 15:26:32.241",
                    "level": "DEBUG",
                    "thread": "http-nio-8169-exec-11",
                    "class": "o.s.w.s.m.m.a.RequestMappingHandlerMapping",
                    "message": "Mapped to com.zbkj.admin.controller.ShippingTemplatesController#getList(ShippingTemplatesSearchRequest, PageParamRequest)" }
                    
{
                    "app": "Crmeb",
                    "timestamp":"2026-06-30 15:26:32.242",
                    "level": "DEBUG",
                    "thread": "http-nio-8169-exec-8",
                    "class": "o.s.web.servlet.DispatcherServlet",
                    "message": "GET "/api/admin/system/group/data/list?gid=70&temp=1782804392", parameters={masked}" }
                    
{
                    "app": "Crmeb",
                    "timestamp":"2026-06-30 15:26:32.242",
                    "level": "DEBUG",
                    "thread": "http-nio-8169-exec-8",
                    "class": "o.s.w.s.m.m.a.RequestMappingHandlerMapping",
                    "message": "Mapped to com.zbkj.admin.controller.SystemGroupDataController#getList(SystemGroupDataSearchRequest, PageParamRequest)" }
                    
{
                    "app": "Crmeb",
                    "timestamp":"2026-06-30 15:26:32.245",
                    "level": "DEBUG",
                    "thread": "http-nio-8169-exec-10",
                    "class": "o.s.web.servlet.DispatcherServlet",
                    "message": "GET "/api/admin/category/list/tree?status=-1&type=1&temp=1782804392", parameters={masked}" }
                    
{
                    "app": "Crmeb",
                    "timestamp":"2026-06-30 15:26:32.245",
                    "level": "DEBUG",
                    "thread": "http-nio-8169-exec-10",
                    "class": "o.s.w.s.m.m.a.RequestMappingHandlerMapping",
                    "message": "Mapped to com.zbkj.admin.controller.CategoryController#getListTree(Integer, Integer, String)" }
                    
{
                    "app": "Crmeb",
                    "timestamp":"2026-06-30 15:26:32.288",
                    "level": "DEBUG",
                    "thread": "http-nio-8169-exec-10",
                    "class": "o.s.w.s.m.m.a.RequestResponseBodyMethodProcessor",
                    "message": "Using 'application/json', given [application/json, text/plain, */*] and supported [application/json, application/*+json, application/json, application/*+json, application/cbor]" }
                    
{
                    "app": "Crmeb",
                    "timestamp":"2026-06-30 15:26:32.289",
                    "level": "DEBUG",
                    "thread": "http-nio-8169-exec-10",
                    "class": "o.s.w.s.m.m.a.RequestResponseBodyMethodProcessor",
                    "message": "Writing [com.zbkj.common.result.CommonResult@610e5620]" }
                    
{
                    "app": "Crmeb",
                    "timestamp":"2026-06-30 15:26:32.289",
                    "level": "DEBUG",
                    "thread": "http-nio-8169-exec-10",
                    "class": "o.s.web.servlet.DispatcherServlet",
                    "message": "Completed 200 OK" }
                    
{
                    "app": "Crmeb",
                    "timestamp":"2026-06-30 15:26:32.331",
                    "level": "DEBUG",
                    "thread": "http-nio-8169-exec-8",
                    "class": "o.s.w.s.m.m.a.RequestResponseBodyMethodProcessor",
                    "message": "Using 'application/json', given [application/json, text/plain, */*] and supported [application/json, application/*+json, application/json, application/*+json, application/cbor]" }
                    
{
                    "app": "Crmeb",
                    "timestamp":"2026-06-30 15:26:32.331",
                    "level": "DEBUG",
                    "thread": "http-nio-8169-exec-8",
                    "class": "o.s.w.s.m.m.a.RequestResponseBodyMethodProcessor",
                    "message": "Writing [com.zbkj.common.result.CommonResult@f02e266]" }
                    
{
                    "app": "Crmeb",
                    "timestamp":"2026-06-30 15:26:32.331",
                    "level": "DEBUG",
                    "thread": "http-nio-8169-exec-8",
                    "class": "o.s.web.servlet.DispatcherServlet",
                    "message": "Completed 200 OK" }
                    
{
                    "app": "Crmeb",
                    "timestamp":"2026-06-30 15:26:32.331",
                    "level": "DEBUG",
                    "thread": "http-nio-8169-exec-11",
                    "class": "o.s.w.s.m.m.a.RequestResponseBodyMethodProcessor",
                    "message": "Using 'application/json', given [application/json, text/plain, */*] and supported [application/json, application/*+json, application/json, application/*+json, application/cbor]" }
                    
{
                    "app": "Crmeb",
                    "timestamp":"2026-06-30 15:26:32.331",
                    "level": "DEBUG",
                    "thread": "http-nio-8169-exec-11",
                    "class": "o.s.w.s.m.m.a.RequestResponseBodyMethodProcessor",
                    "message": "Writing [com.zbkj.common.result.CommonResult@2137a65f]" }
                    
{
                    "app": "Crmeb",
                    "timestamp":"2026-06-30 15:26:32.331",
                    "level": "DEBUG",
                    "thread": "http-nio-8169-exec-11",
                    "class": "o.s.web.servlet.DispatcherServlet",
                    "message": "Completed 200 OK" }
                    
{
                    "app": "Crmeb",
                    "timestamp":"2026-06-30 15:26:41.545",
                    "level": "DEBUG",
                    "thread": "http-nio-8169-exec-4",
                    "class": "o.s.web.servlet.DispatcherServlet",
                    "message": "GET "/api/admin/category/list/tree?status=-1&type=1&temp=1782804401", parameters={masked}" }
                    
{
                    "app": "Crmeb",
                    "timestamp":"2026-06-30 15:26:41.545",
                    "level": "DEBUG",
                    "thread": "http-nio-8169-exec-13",
                    "class": "o.s.web.servlet.DispatcherServlet",
                    "message": "GET "/api/admin/store/product/tabs/headers?page=1&limit=20&cateId=&keywords=&type=1&temp=1782804401", parameters={masked}" }
                    
{
                    "app": "Crmeb",
                    "timestamp":"2026-06-30 15:26:41.545",
                    "level": "DEBUG",
                    "thread": "http-nio-8169-exec-4",
                    "class": "o.s.w.s.m.m.a.RequestMappingHandlerMapping",
                    "message": "Mapped to com.zbkj.admin.controller.CategoryController#getListTree(Integer, Integer, String)" }
                    
{
                    "app": "Crmeb",
                    "timestamp":"2026-06-30 15:26:41.546",
                    "level": "DEBUG",
                    "thread": "http-nio-8169-exec-13",
                    "class": "o.s.w.s.m.m.a.RequestMappingHandlerMapping",
                    "message": "Mapped to com.zbkj.admin.controller.StoreProductController#getTabsHeader(StoreProductHeaderRequest)" }
                    
{
                    "app": "Crmeb",
                    "timestamp":"2026-06-30 15:26:41.549",
                    "level": "DEBUG",
                    "thread": "http-nio-8169-exec-16",
                    "class": "o.s.web.servlet.DispatcherServlet",
                    "message": "GET "/api/admin/store/product/list?page=1&limit=20&cateId=&keywords=&type=1&temp=1782804401", parameters={masked}" }
                    
{
                    "app": "Crmeb",
                    "timestamp":"2026-06-30 15:26:41.549",
                    "level": "DEBUG",
                    "thread": "http-nio-8169-exec-16",
                    "class": "o.s.w.s.m.m.a.RequestMappingHandlerMapping",
                    "message": "Mapped to com.zbkj.admin.controller.StoreProductController#getList(StoreProductSearchRequest, PageParamRequest)" }
                    
{
                    "app": "Crmeb",
                    "timestamp":"2026-06-30 15:26:41.592",
                    "level": "DEBUG",
                    "thread": "http-nio-8169-exec-16",
                    "class": "o.s.w.s.m.m.a.RequestResponseBodyMethodProcessor",
                    "message": "Using 'application/json', given [application/json, text/plain, */*] and supported [application/json, application/*+json, application/json, application/*+json, application/cbor]" }
                    
{
                    "app": "Crmeb",
                    "timestamp":"2026-06-30 15:26:41.593",
                    "level": "DEBUG",
                    "thread": "http-nio-8169-exec-16",
                    "class": "o.s.w.s.m.m.a.RequestResponseBodyMethodProcessor",
                    "message": "Writing [com.zbkj.common.result.CommonResult@7aecc5a8]" }
                    
{
                    "app": "Crmeb",
                    "timestamp":"2026-06-30 15:26:41.593",
                    "level": "DEBUG",
                    "thread": "http-nio-8169-exec-16",
                    "class": "o.s.web.servlet.DispatcherServlet",
                    "message": "Completed 200 OK" }
                    
{
                    "app": "Crmeb",
                    "timestamp":"2026-06-30 15:26:41.595",
                    "level": "DEBUG",
                    "thread": "http-nio-8169-exec-4",
                    "class": "o.s.w.s.m.m.a.RequestResponseBodyMethodProcessor",
                    "message": "Using 'application/json', given [application/json, text/plain, */*] and supported [application/json, application/*+json, application/json, application/*+json, application/cbor]" }
                    
{
                    "app": "Crmeb",
                    "timestamp":"2026-06-30 15:26:41.595",
                    "level": "DEBUG",
                    "thread": "http-nio-8169-exec-4",
                    "class": "o.s.w.s.m.m.a.RequestResponseBodyMethodProcessor",
                    "message": "Writing [com.zbkj.common.result.CommonResult@494d7471]" }
                    
{
                    "app": "Crmeb",
                    "timestamp":"2026-06-30 15:26:41.595",
                    "level": "DEBUG",
                    "thread": "http-nio-8169-exec-4",
                    "class": "o.s.web.servlet.DispatcherServlet",
                    "message": "Completed 200 OK" }
                    
{
                    "app": "Crmeb",
                    "timestamp":"2026-06-30 15:26:41.811",
                    "level": "DEBUG",
                    "thread": "http-nio-8169-exec-13",
                    "class": "o.s.w.s.m.m.a.RequestResponseBodyMethodProcessor",
                    "message": "Using 'application/json', given [application/json, text/plain, */*] and supported [application/json, application/*+json, application/json, application/*+json, application/cbor]" }
                    
{
                    "app": "Crmeb",
                    "timestamp":"2026-06-30 15:26:41.812",
                    "level": "DEBUG",
                    "thread": "http-nio-8169-exec-13",
                    "class": "o.s.w.s.m.m.a.RequestResponseBodyMethodProcessor",
                    "message": "Writing [com.zbkj.common.result.CommonResult@19bdce75]" }
                    
{
                    "app": "Crmeb",
                    "timestamp":"2026-06-30 15:26:41.812",
                    "level": "DEBUG",
                    "thread": "http-nio-8169-exec-13",
                    "class": "o.s.web.servlet.DispatcherServlet",
                    "message": "Completed 200 OK" }
                    
{
                    "app": "Crmeb",
                    "timestamp":"2026-06-30 15:26:43.062",
                    "level": "DEBUG",
                    "thread": "http-nio-8169-exec-27",
                    "class": "o.s.web.servlet.DispatcherServlet",
                    "message": "GET "/api/admin/system/group/data/list?gid=70&temp=1782804402", parameters={masked}" }
                    
{
                    "app": "Crmeb",
                    "timestamp":"2026-06-30 15:26:43.064",
                    "level": "DEBUG",
                    "thread": "http-nio-8169-exec-27",
                    "class": "o.s.w.s.m.m.a.RequestMappingHandlerMapping",
                    "message": "Mapped to com.zbkj.admin.controller.SystemGroupDataController#getList(SystemGroupDataSearchRequest, PageParamRequest)" }
                    
{
                    "app": "Crmeb",
                    "timestamp":"2026-06-30 15:26:43.064",
                    "level": "DEBUG",
                    "thread": "http-nio-8169-exec-23",
                    "class": "o.s.web.servlet.DispatcherServlet",
                    "message": "GET "/api/admin/express/shipping/templates/list?page=1&limit=9999&temp=1782804402", parameters={masked}" }
                    
{
                    "app": "Crmeb",
                    "timestamp":"2026-06-30 15:26:43.065",
                    "level": "DEBUG",
                    "thread": "http-nio-8169-exec-23",
                    "class": "o.s.w.s.m.m.a.RequestMappingHandlerMapping",
                    "message": "Mapped to com.zbkj.admin.controller.ShippingTemplatesController#getList(ShippingTemplatesSearchRequest, PageParamRequest)" }
                    
{
                    "app": "Crmeb",
                    "timestamp":"2026-06-30 15:26:43.068",
                    "level": "DEBUG",
                    "thread": "http-nio-8169-exec-17",
                    "class": "o.s.web.servlet.DispatcherServlet",
                    "message": "GET "/api/admin/category/list/tree?status=-1&type=1&temp=1782804402", parameters={masked}" }
                    
{
                    "app": "Crmeb",
                    "timestamp":"2026-06-30 15:26:43.069",
                    "level": "DEBUG",
                    "thread": "http-nio-8169-exec-17",
                    "class": "o.s.w.s.m.m.a.RequestMappingHandlerMapping",
                    "message": "Mapped to com.zbkj.admin.controller.CategoryController#getListTree(Integer, Integer, String)" }
                    
{
                    "app": "Crmeb",
                    "timestamp":"2026-06-30 15:26:43.114",
                    "level": "DEBUG",
                    "thread": "http-nio-8169-exec-17",
                    "class": "o.s.w.s.m.m.a.RequestResponseBodyMethodProcessor",
                    "message": "Using 'application/json', given [application/json, text/plain, */*] and supported [application/json, application/*+json, application/json, application/*+json, application/cbor]" }
                    
{
                    "app": "Crmeb",
                    "timestamp":"2026-06-30 15:26:43.114",
                    "level": "DEBUG",
                    "thread": "http-nio-8169-exec-17",
                    "class": "o.s.w.s.m.m.a.RequestResponseBodyMethodProcessor",
                    "message": "Writing [com.zbkj.common.result.CommonResult@3349b8af]" }
                    
{
                    "app": "Crmeb",
                    "timestamp":"2026-06-30 15:26:43.114",
                    "level": "DEBUG",
                    "thread": "http-nio-8169-exec-17",
                    "class": "o.s.web.servlet.DispatcherServlet",
                    "message": "Completed 200 OK" }
                    
{
                    "app": "Crmeb",
                    "timestamp":"2026-06-30 15:26:43.148",
                    "level": "DEBUG",
                    "thread": "http-nio-8169-exec-23",
                    "class": "o.s.w.s.m.m.a.RequestResponseBodyMethodProcessor",
                    "message": "Using 'application/json', given [application/json, text/plain, */*] and supported [application/json, application/*+json, application/json, application/*+json, application/cbor]" }
                    
{
                    "app": "Crmeb",
                    "timestamp":"2026-06-30 15:26:43.149",
                    "level": "DEBUG",
                    "thread": "http-nio-8169-exec-23",
                    "class": "o.s.w.s.m.m.a.RequestResponseBodyMethodProcessor",
                    "message": "Writing [com.zbkj.common.result.CommonResult@5bc47cbf]" }
                    
{
                    "app": "Crmeb",
                    "timestamp":"2026-06-30 15:26:43.150",
                    "level": "DEBUG",
                    "thread": "http-nio-8169-exec-23",
                    "class": "o.s.web.servlet.DispatcherServlet",
                    "message": "Completed 200 OK" }
                    
{
                    "app": "Crmeb",
                    "timestamp":"2026-06-30 15:26:43.158",
                    "level": "DEBUG",
                    "thread": "http-nio-8169-exec-27",
                    "class": "o.s.w.s.m.m.a.RequestResponseBodyMethodProcessor",
                    "message": "Using 'application/json', given [application/json, text/plain, */*] and supported [application/json, application/*+json, application/json, application/*+json, application/cbor]" }
                    
{
                    "app": "Crmeb",
                    "timestamp":"2026-06-30 15:26:43.158",
                    "level": "DEBUG",
                    "thread": "http-nio-8169-exec-27",
                    "class": "o.s.w.s.m.m.a.RequestResponseBodyMethodProcessor",
                    "message": "Writing [com.zbkj.common.result.CommonResult@193a240f]" }
                    
{
                    "app": "Crmeb",
                    "timestamp":"2026-06-30 15:26:43.159",
                    "level": "DEBUG",
                    "thread": "http-nio-8169-exec-27",
                    "class": "o.s.web.servlet.DispatcherServlet",
                    "message": "Completed 200 OK" }
                    
{
                    "app": "Crmeb",
                    "timestamp":"2026-06-30 15:26:46.967",
                    "level": "DEBUG",
                    "thread": "http-nio-8169-exec-30",
                    "class": "o.s.web.servlet.DispatcherServlet",
                    "message": "GET "/api/admin/store/product/tabs/headers?page=1&limit=20&cateId=&keywords=&type=1&temp=1782804406", parameters={masked}" }
                    
{
                    "app": "Crmeb",
                    "timestamp":"2026-06-30 15:26:46.968",
                    "level": "DEBUG",
                    "thread": "http-nio-8169-exec-2",
                    "class": "o.s.web.servlet.DispatcherServlet",
                    "message": "GET "/api/admin/store/product/list?page=1&limit=20&cateId=&keywords=&type=1&temp=1782804406", parameters={masked}" }
                    
{
                    "app": "Crmeb",
                    "timestamp":"2026-06-30 15:26:46.968",
                    "level": "DEBUG",
                    "thread": "http-nio-8169-exec-2",
                    "class": "o.s.w.s.m.m.a.RequestMappingHandlerMapping",
                    "message": "Mapped to com.zbkj.admin.controller.StoreProductController#getList(StoreProductSearchRequest, PageParamRequest)" }
                    
{
                    "app": "Crmeb",
                    "timestamp":"2026-06-30 15:26:46.968",
                    "level": "DEBUG",
                    "thread": "http-nio-8169-exec-30",
                    "class": "o.s.w.s.m.m.a.RequestMappingHandlerMapping",
                    "message": "Mapped to com.zbkj.admin.controller.StoreProductController#getTabsHeader(StoreProductHeaderRequest)" }
                    
{
                    "app": "Crmeb",
                    "timestamp":"2026-06-30 15:26:46.970",
                    "level": "DEBUG",
                    "thread": "http-nio-8169-exec-19",
                    "class": "o.s.web.servlet.DispatcherServlet",
                    "message": "GET "/api/admin/category/list/tree?status=-1&type=1&temp=1782804406", parameters={masked}" }
                    
{
                    "app": "Crmeb",
                    "timestamp":"2026-06-30 15:26:46.970",
                    "level": "DEBUG",
                    "thread": "http-nio-8169-exec-19",
                    "class": "o.s.w.s.m.m.a.RequestMappingHandlerMapping",
                    "message": "Mapped to com.zbkj.admin.controller.CategoryController#getListTree(Integer, Integer, String)" }
                    
{
                    "app": "Crmeb",
                    "timestamp":"2026-06-30 15:26:47.013",
                    "level": "DEBUG",
                    "thread": "http-nio-8169-exec-2",
                    "class": "o.s.w.s.m.m.a.RequestResponseBodyMethodProcessor",
                    "message": "Using 'application/json', given [application/json, text/plain, */*] and supported [application/json, application/*+json, application/json, application/*+json, application/cbor]" }
                    
{
                    "app": "Crmeb",
                    "timestamp":"2026-06-30 15:26:47.014",
                    "level": "DEBUG",
                    "thread": "http-nio-8169-exec-2",
                    "class": "o.s.w.s.m.m.a.RequestResponseBodyMethodProcessor",
                    "message": "Writing [com.zbkj.common.result.CommonResult@16d7b5f1]" }
                    
{
                    "app": "Crmeb",
                    "timestamp":"2026-06-30 15:26:47.014",
                    "level": "DEBUG",
                    "thread": "http-nio-8169-exec-2",
                    "class": "o.s.web.servlet.DispatcherServlet",
                    "message": "Completed 200 OK" }
                    
{
                    "app": "Crmeb",
                    "timestamp":"2026-06-30 15:26:47.016",
                    "level": "DEBUG",
                    "thread": "http-nio-8169-exec-19",
                    "class": "o.s.w.s.m.m.a.RequestResponseBodyMethodProcessor",
                    "message": "Using 'application/json', given [application/json, text/plain, */*] and supported [application/json, application/*+json, application/json, application/*+json, application/cbor]" }
                    
{
                    "app": "Crmeb",
                    "timestamp":"2026-06-30 15:26:47.016",
                    "level": "DEBUG",
                    "thread": "http-nio-8169-exec-19",
                    "class": "o.s.w.s.m.m.a.RequestResponseBodyMethodProcessor",
                    "message": "Writing [com.zbkj.common.result.CommonResult@28a107aa]" }
                    
{
                    "app": "Crmeb",
                    "timestamp":"2026-06-30 15:26:47.016",
                    "level": "DEBUG",
                    "thread": "http-nio-8169-exec-19",
                    "class": "o.s.web.servlet.DispatcherServlet",
                    "message": "Completed 200 OK" }
                    
{
                    "app": "Crmeb",
                    "timestamp":"2026-06-30 15:26:47.239",
                    "level": "DEBUG",
                    "thread": "http-nio-8169-exec-30",
                    "class": "o.s.w.s.m.m.a.RequestResponseBodyMethodProcessor",
                    "message": "Using 'application/json', given [application/json, text/plain, */*] and supported [application/json, application/*+json, application/json, application/*+json, application/cbor]" }
                    
{
                    "app": "Crmeb",
                    "timestamp":"2026-06-30 15:26:47.240",
                    "level": "DEBUG",
                    "thread": "http-nio-8169-exec-30",
                    "class": "o.s.w.s.m.m.a.RequestResponseBodyMethodProcessor",
                    "message": "Writing [com.zbkj.common.result.CommonResult@18604afc]" }
                    
{
                    "app": "Crmeb",
                    "timestamp":"2026-06-30 15:26:47.241",
                    "level": "DEBUG",
                    "thread": "http-nio-8169-exec-30",
                    "class": "o.s.web.servlet.DispatcherServlet",
                    "message": "Completed 200 OK" }
                    
{
                    "app": "Crmeb",
                    "timestamp":"2026-06-30 15:26:48.276",
                    "level": "DEBUG",
                    "thread": "http-nio-8169-exec-20",
                    "class": "o.s.web.servlet.DispatcherServlet",
                    "message": "GET "/api/admin/express/shipping/templates/list?page=1&limit=9999&temp=1782804408", parameters={masked}" }
                    
{
                    "app": "Crmeb",
                    "timestamp":"2026-06-30 15:26:48.277",
                    "level": "DEBUG",
                    "thread": "http-nio-8169-exec-20",
                    "class": "o.s.w.s.m.m.a.RequestMappingHandlerMapping",
                    "message": "Mapped to com.zbkj.admin.controller.ShippingTemplatesController#getList(ShippingTemplatesSearchRequest, PageParamRequest)" }
                    
{
                    "app": "Crmeb",
                    "timestamp":"2026-06-30 15:26:48.277",
                    "level": "DEBUG",
                    "thread": "http-nio-8169-exec-25",
                    "class": "o.s.web.servlet.DispatcherServlet",
                    "message": "GET "/api/admin/category/list/tree?status=-1&type=1&temp=1782804408", parameters={masked}" }
                    
{
                    "app": "Crmeb",
                    "timestamp":"2026-06-30 15:26:48.278",
                    "level": "DEBUG",
                    "thread": "http-nio-8169-exec-25",
                    "class": "o.s.w.s.m.m.a.RequestMappingHandlerMapping",
                    "message": "Mapped to com.zbkj.admin.controller.CategoryController#getListTree(Integer, Integer, String)" }
                    
{
                    "app": "Crmeb",
                    "timestamp":"2026-06-30 15:26:48.277",
                    "level": "DEBUG",
                    "thread": "http-nio-8169-exec-7",
                    "class": "o.s.web.servlet.DispatcherServlet",
                    "message": "GET "/api/admin/system/group/data/list?gid=70&temp=1782804408", parameters={masked}" }
                    
{
                    "app": "Crmeb",
                    "timestamp":"2026-06-30 15:26:48.278",
                    "level": "DEBUG",
                    "thread": "http-nio-8169-exec-7",
                    "class": "o.s.w.s.m.m.a.RequestMappingHandlerMapping",
                    "message": "Mapped to com.zbkj.admin.controller.SystemGroupDataController#getList(SystemGroupDataSearchRequest, PageParamRequest)" }
                    
{
                    "app": "Crmeb",
                    "timestamp":"2026-06-30 15:26:48.321",
                    "level": "DEBUG",
                    "thread": "http-nio-8169-exec-25",
                    "class": "o.s.w.s.m.m.a.RequestResponseBodyMethodProcessor",
                    "message": "Using 'application/json', given [application/json, text/plain, */*] and supported [application/json, application/*+json, application/json, application/*+json, application/cbor]" }
                    
{
                    "app": "Crmeb",
                    "timestamp":"2026-06-30 15:26:48.321",
                    "level": "DEBUG",
                    "thread": "http-nio-8169-exec-25",
                    "class": "o.s.w.s.m.m.a.RequestResponseBodyMethodProcessor",
                    "message": "Writing [com.zbkj.common.result.CommonResult@782ab9b3]" }
                    
{
                    "app": "Crmeb",
                    "timestamp":"2026-06-30 15:26:48.322",
                    "level": "DEBUG",
                    "thread": "http-nio-8169-exec-25",
                    "class": "o.s.web.servlet.DispatcherServlet",
                    "message": "Completed 200 OK" }
                    
{
                    "app": "Crmeb",
                    "timestamp":"2026-06-30 15:26:48.360",
                    "level": "DEBUG",
                    "thread": "http-nio-8169-exec-7",
                    "class": "o.s.w.s.m.m.a.RequestResponseBodyMethodProcessor",
                    "message": "Using 'application/json', given [application/json, text/plain, */*] and supported [application/json, application/*+json, application/json, application/*+json, application/cbor]" }
                    
{
                    "app": "Crmeb",
                    "timestamp":"2026-06-30 15:26:48.360",
                    "level": "DEBUG",
                    "thread": "http-nio-8169-exec-7",
                    "class": "o.s.w.s.m.m.a.RequestResponseBodyMethodProcessor",
                    "message": "Writing [com.zbkj.common.result.CommonResult@2c3f1b9b]" }
                    
{
                    "app": "Crmeb",
                    "timestamp":"2026-06-30 15:26:48.361",
                    "level": "DEBUG",
                    "thread": "http-nio-8169-exec-7",
                    "class": "o.s.web.servlet.DispatcherServlet",
                    "message": "Completed 200 OK" }
                    
{
                    "app": "Crmeb",
                    "timestamp":"2026-06-30 15:26:48.366",
                    "level": "DEBUG",
                    "thread": "http-nio-8169-exec-20",
                    "class": "o.s.w.s.m.m.a.RequestResponseBodyMethodProcessor",
                    "message": "Using 'application/json', given [application/json, text/plain, */*] and supported [application/json, application/*+json, application/json, application/*+json, application/cbor]" }
                    
{
                    "app": "Crmeb",
                    "timestamp":"2026-06-30 15:26:48.366",
                    "level": "DEBUG",
                    "thread": "http-nio-8169-exec-20",
                    "class": "o.s.w.s.m.m.a.RequestResponseBodyMethodProcessor",
                    "message": "Writing [com.zbkj.common.result.CommonResult@24e36119]" }
                    
{
                    "app": "Crmeb",
                    "timestamp":"2026-06-30 15:26:48.366",
                    "level": "DEBUG",
                    "thread": "http-nio-8169-exec-20",
                    "class": "o.s.web.servlet.DispatcherServlet",
                    "message": "Completed 200 OK" }
                    
{
                    "app": "Crmeb",
                    "timestamp":"2026-06-30 15:26:53.670",
                    "level": "DEBUG",
                    "thread": "http-nio-8169-exec-11",
                    "class": "o.s.web.servlet.DispatcherServlet",
                    "message": "GET "/api/admin/store/product/tabs/headers?page=1&limit=20&cateId=&keywords=&type=1&temp=1782804413", parameters={masked}" }
                    
{
                    "app": "Crmeb",
                    "timestamp":"2026-06-30 15:26:53.670",
                    "level": "DEBUG",
                    "thread": "http-nio-8169-exec-10",
                    "class": "o.s.web.servlet.DispatcherServlet",
                    "message": "GET "/api/admin/category/list/tree?status=-1&type=1&temp=1782804413", parameters={masked}" }
                    
{
                    "app": "Crmeb",
                    "timestamp":"2026-06-30 15:26:53.671",
                    "level": "DEBUG",
                    "thread": "http-nio-8169-exec-11",
                    "class": "o.s.w.s.m.m.a.RequestMappingHandlerMapping",
                    "message": "Mapped to com.zbkj.admin.controller.StoreProductController#getTabsHeader(StoreProductHeaderRequest)" }
                    
{
                    "app": "Crmeb",
                    "timestamp":"2026-06-30 15:26:53.671",
                    "level": "DEBUG",
                    "thread": "http-nio-8169-exec-10",
                    "class": "o.s.w.s.m.m.a.RequestMappingHandlerMapping",
                    "message": "Mapped to com.zbkj.admin.controller.CategoryController#getListTree(Integer, Integer, String)" }
                    
{
                    "app": "Crmeb",
                    "timestamp":"2026-06-30 15:26:53.673",
                    "level": "DEBUG",
                    "thread": "http-nio-8169-exec-8",
                    "class": "o.s.web.servlet.DispatcherServlet",
                    "message": "GET "/api/admin/store/product/list?page=1&limit=20&cateId=&keywords=&type=1&temp=1782804413", parameters={masked}" }
                    
{
                    "app": "Crmeb",
                    "timestamp":"2026-06-30 15:26:53.673",
                    "level": "DEBUG",
                    "thread": "http-nio-8169-exec-8",
                    "class": "o.s.w.s.m.m.a.RequestMappingHandlerMapping",
                    "message": "Mapped to com.zbkj.admin.controller.StoreProductController#getList(StoreProductSearchRequest, PageParamRequest)" }
                    
{
                    "app": "Crmeb",
                    "timestamp":"2026-06-30 15:26:53.717",
                    "level": "DEBUG",
                    "thread": "http-nio-8169-exec-10",
                    "class": "o.s.w.s.m.m.a.RequestResponseBodyMethodProcessor",
                    "message": "Using 'application/json', given [application/json, text/plain, */*] and supported [application/json, application/*+json, application/json, application/*+json, application/cbor]" }
                    
{
                    "app": "Crmeb",
                    "timestamp":"2026-06-30 15:26:53.717",
                    "level": "DEBUG",
                    "thread": "http-nio-8169-exec-10",
                    "class": "o.s.w.s.m.m.a.RequestResponseBodyMethodProcessor",
                    "message": "Writing [com.zbkj.common.result.CommonResult@4165448e]" }
                    
{
                    "app": "Crmeb",
                    "timestamp":"2026-06-30 15:26:53.717",
                    "level": "DEBUG",
                    "thread": "http-nio-8169-exec-10",
                    "class": "o.s.web.servlet.DispatcherServlet",
                    "message": "Completed 200 OK" }
                    
{
                    "app": "Crmeb",
                    "timestamp":"2026-06-30 15:26:53.718",
                    "level": "DEBUG",
                    "thread": "http-nio-8169-exec-8",
                    "class": "o.s.w.s.m.m.a.RequestResponseBodyMethodProcessor",
                    "message": "Using 'application/json', given [application/json, text/plain, */*] and supported [application/json, application/*+json, application/json, application/*+json, application/cbor]" }
                    
{
                    "app": "Crmeb",
                    "timestamp":"2026-06-30 15:26:53.718",
                    "level": "DEBUG",
                    "thread": "http-nio-8169-exec-8",
                    "class": "o.s.w.s.m.m.a.RequestResponseBodyMethodProcessor",
                    "message": "Writing [com.zbkj.common.result.CommonResult@1cc8d6e1]" }
                    
{
                    "app": "Crmeb",
                    "timestamp":"2026-06-30 15:26:53.718",
                    "level": "DEBUG",
                    "thread": "http-nio-8169-exec-8",
                    "class": "o.s.web.servlet.DispatcherServlet",
                    "message": "Completed 200 OK" }
                    
{
                    "app": "Crmeb",
                    "timestamp":"2026-06-30 15:26:53.924",
                    "level": "DEBUG",
                    "thread": "http-nio-8169-exec-11",
                    "class": "o.s.w.s.m.m.a.RequestResponseBodyMethodProcessor",
                    "message": "Using 'application/json', given [application/json, text/plain, */*] and supported [application/json, application/*+json, application/json, application/*+json, application/cbor]" }
                    
{
                    "app": "Crmeb",
                    "timestamp":"2026-06-30 15:26:53.924",
                    "level": "DEBUG",
                    "thread": "http-nio-8169-exec-11",
                    "class": "o.s.w.s.m.m.a.RequestResponseBodyMethodProcessor",
                    "message": "Writing [com.zbkj.common.result.CommonResult@1a1b895f]" }
                    
{
                    "app": "Crmeb",
                    "timestamp":"2026-06-30 15:26:53.924",
                    "level": "DEBUG",
                    "thread": "http-nio-8169-exec-11",
                    "class": "o.s.web.servlet.DispatcherServlet",
                    "message": "Completed 200 OK" }
                    
{
                    "app": "Crmeb",
                    "timestamp":"2026-06-30 15:26:55.777",
                    "level": "DEBUG",
                    "thread": "http-nio-8169-exec-16",
                    "class": "o.s.web.servlet.DispatcherServlet",
                    "message": "GET "/api/admin/system/group/data/list?gid=70&temp=1782804415", parameters={masked}" }
                    
{
                    "app": "Crmeb",
                    "timestamp":"2026-06-30 15:26:55.777",
                    "level": "DEBUG",
                    "thread": "http-nio-8169-exec-4",
                    "class": "o.s.web.servlet.DispatcherServlet",
                    "message": "GET "/api/admin/express/shipping/templates/list?page=1&limit=9999&temp=1782804415", parameters={masked}" }
                    
{
                    "app": "Crmeb",
                    "timestamp":"2026-06-30 15:26:55.777",
                    "level": "DEBUG",
                    "thread": "http-nio-8169-exec-16",
                    "class": "o.s.w.s.m.m.a.RequestMappingHandlerMapping",
                    "message": "Mapped to com.zbkj.admin.controller.SystemGroupDataController#getList(SystemGroupDataSearchRequest, PageParamRequest)" }
                    
{
                    "app": "Crmeb",
                    "timestamp":"2026-06-30 15:26:55.777",
                    "level": "DEBUG",
                    "thread": "http-nio-8169-exec-4",
                    "class": "o.s.w.s.m.m.a.RequestMappingHandlerMapping",
                    "message": "Mapped to com.zbkj.admin.controller.ShippingTemplatesController#getList(ShippingTemplatesSearchRequest, PageParamRequest)" }
                    
{
                    "app": "Crmeb",
                    "timestamp":"2026-06-30 15:26:55.779",
                    "level": "DEBUG",
                    "thread": "http-nio-8169-exec-13",
                    "class": "o.s.web.servlet.DispatcherServlet",
                    "message": "GET "/api/admin/category/list/tree?status=-1&type=1&temp=1782804415", parameters={masked}" }
                    
{
                    "app": "Crmeb",
                    "timestamp":"2026-06-30 15:26:55.779",
                    "level": "DEBUG",
                    "thread": "http-nio-8169-exec-13",
                    "class": "o.s.w.s.m.m.a.RequestMappingHandlerMapping",
                    "message": "Mapped to com.zbkj.admin.controller.CategoryController#getListTree(Integer, Integer, String)" }
                    
{
                    "app": "Crmeb",
                    "timestamp":"2026-06-30 15:26:55.833",
                    "level": "DEBUG",
                    "thread": "http-nio-8169-exec-13",
                    "class": "o.s.w.s.m.m.a.RequestResponseBodyMethodProcessor",
                    "message": "Using 'application/json', given [application/json, text/plain, */*] and supported [application/json, application/*+json, application/json, application/*+json, application/cbor]" }
                    
{
                    "app": "Crmeb",
                    "timestamp":"2026-06-30 15:26:55.833",
                    "level": "DEBUG",
                    "thread": "http-nio-8169-exec-13",
                    "class": "o.s.w.s.m.m.a.RequestResponseBodyMethodProcessor",
                    "message": "Writing [com.zbkj.common.result.CommonResult@2668d403]" }
                    
{
                    "app": "Crmeb",
                    "timestamp":"2026-06-30 15:26:55.833",
                    "level": "DEBUG",
                    "thread": "http-nio-8169-exec-13",
                    "class": "o.s.web.servlet.DispatcherServlet",
                    "message": "Completed 200 OK" }
                    
{
                    "app": "Crmeb",
                    "timestamp":"2026-06-30 15:26:55.864",
                    "level": "DEBUG",
                    "thread": "http-nio-8169-exec-4",
                    "class": "o.s.w.s.m.m.a.RequestResponseBodyMethodProcessor",
                    "message": "Using 'application/json', given [application/json, text/plain, */*] and supported [application/json, application/*+json, application/json, application/*+json, application/cbor]" }
                    
{
                    "app": "Crmeb",
                    "timestamp":"2026-06-30 15:26:55.864",
                    "level": "DEBUG",
                    "thread": "http-nio-8169-exec-4",
                    "class": "o.s.w.s.m.m.a.RequestResponseBodyMethodProcessor",
                    "message": "Writing [com.zbkj.common.result.CommonResult@2e6b97a2]" }
                    
{
                    "app": "Crmeb",
                    "timestamp":"2026-06-30 15:26:55.864",
                    "level": "DEBUG",
                    "thread": "http-nio-8169-exec-4",
                    "class": "o.s.web.servlet.DispatcherServlet",
                    "message": "Completed 200 OK" }
                    
{
                    "app": "Crmeb",
                    "timestamp":"2026-06-30 15:26:55.865",
                    "level": "DEBUG",
                    "thread": "http-nio-8169-exec-16",
                    "class": "o.s.w.s.m.m.a.RequestResponseBodyMethodProcessor",
                    "message": "Using 'application/json', given [application/json, text/plain, */*] and supported [application/json, application/*+json, application/json, application/*+json, application/cbor]" }
                    
{
                    "app": "Crmeb",
                    "timestamp":"2026-06-30 15:26:55.865",
                    "level": "DEBUG",
                    "thread": "http-nio-8169-exec-16",
                    "class": "o.s.w.s.m.m.a.RequestResponseBodyMethodProcessor",
                    "message": "Writing [com.zbkj.common.result.CommonResult@4317ee91]" }
                    
{
                    "app": "Crmeb",
                    "timestamp":"2026-06-30 15:26:55.866",
                    "level": "DEBUG",
                    "thread": "http-nio-8169-exec-16",
                    "class": "o.s.web.servlet.DispatcherServlet",
                    "message": "Completed 200 OK" }
                    
{
                    "app": "Crmeb",
                    "timestamp":"2026-06-30 15:27:01.134",
                    "level": "DEBUG",
                    "thread": "http-nio-8169-exec-27",
                    "class": "o.s.web.servlet.DispatcherServlet",
                    "message": "GET "/api/admin/category/list/tree?status=-1&type=1&temp=1782804421", parameters={masked}" }
                    
{
                    "app": "Crmeb",
                    "timestamp":"2026-06-30 15:27:01.134",
                    "level": "DEBUG",
                    "thread": "http-nio-8169-exec-23",
                    "class": "o.s.web.servlet.DispatcherServlet",
                    "message": "GET "/api/admin/store/product/tabs/headers?page=1&limit=20&cateId=&keywords=&type=1&temp=1782804421", parameters={masked}" }
                    
{
                    "app": "Crmeb",
                    "timestamp":"2026-06-30 15:27:01.136",
                    "level": "DEBUG",
                    "thread": "http-nio-8169-exec-27",
                    "class": "o.s.w.s.m.m.a.RequestMappingHandlerMapping",
                    "message": "Mapped to com.zbkj.admin.controller.CategoryController#getListTree(Integer, Integer, String)" }
                    
{
                    "app": "Crmeb",
                    "timestamp":"2026-06-30 15:27:01.136",
                    "level": "DEBUG",
                    "thread": "http-nio-8169-exec-23",
                    "class": "o.s.w.s.m.m.a.RequestMappingHandlerMapping",
                    "message": "Mapped to com.zbkj.admin.controller.StoreProductController#getTabsHeader(StoreProductHeaderRequest)" }
                    
{
                    "app": "Crmeb",
                    "timestamp":"2026-06-30 15:27:01.138",
                    "level": "DEBUG",
                    "thread": "http-nio-8169-exec-17",
                    "class": "o.s.web.servlet.DispatcherServlet",
                    "message": "GET "/api/admin/store/product/list?page=1&limit=20&cateId=&keywords=&type=1&temp=1782804421", parameters={masked}" }
                    
{
                    "app": "Crmeb",
                    "timestamp":"2026-06-30 15:27:01.139",
                    "level": "DEBUG",
                    "thread": "http-nio-8169-exec-17",
                    "class": "o.s.w.s.m.m.a.RequestMappingHandlerMapping",
                    "message": "Mapped to com.zbkj.admin.controller.StoreProductController#getList(StoreProductSearchRequest, PageParamRequest)" }
                    
{
                    "app": "Crmeb",
                    "timestamp":"2026-06-30 15:27:01.180",
                    "level": "DEBUG",
                    "thread": "http-nio-8169-exec-27",
                    "class": "o.s.w.s.m.m.a.RequestResponseBodyMethodProcessor",
                    "message": "Using 'application/json', given [application/json, text/plain, */*] and supported [application/json, application/*+json, application/json, application/*+json, application/cbor]" }
                    
{
                    "app": "Crmeb",
                    "timestamp":"2026-06-30 15:27:01.180",
                    "level": "DEBUG",
                    "thread": "http-nio-8169-exec-27",
                    "class": "o.s.w.s.m.m.a.RequestResponseBodyMethodProcessor",
                    "message": "Writing [com.zbkj.common.result.CommonResult@5cdfadb4]" }
                    
{
                    "app": "Crmeb",
                    "timestamp":"2026-06-30 15:27:01.180",
                    "level": "DEBUG",
                    "thread": "http-nio-8169-exec-27",
                    "class": "o.s.web.servlet.DispatcherServlet",
                    "message": "Completed 200 OK" }
                    
{
                    "app": "Crmeb",
                    "timestamp":"2026-06-30 15:27:01.203",
                    "level": "DEBUG",
                    "thread": "http-nio-8169-exec-17",
                    "class": "o.s.w.s.m.m.a.RequestResponseBodyMethodProcessor",
                    "message": "Using 'application/json', given [application/json, text/plain, */*] and supported [application/json, application/*+json, application/json, application/*+json, application/cbor]" }
                    
{
                    "app": "Crmeb",
                    "timestamp":"2026-06-30 15:27:01.203",
                    "level": "DEBUG",
                    "thread": "http-nio-8169-exec-17",
                    "class": "o.s.w.s.m.m.a.RequestResponseBodyMethodProcessor",
                    "message": "Writing [com.zbkj.common.result.CommonResult@18b14aff]" }
                    
{
                    "app": "Crmeb",
                    "timestamp":"2026-06-30 15:27:01.204",
                    "level": "DEBUG",
                    "thread": "http-nio-8169-exec-17",
                    "class": "o.s.web.servlet.DispatcherServlet",
                    "message": "Completed 200 OK" }
                    
{
                    "app": "Crmeb",
                    "timestamp":"2026-06-30 15:27:01.422",
                    "level": "DEBUG",
                    "thread": "http-nio-8169-exec-23",
                    "class": "o.s.w.s.m.m.a.RequestResponseBodyMethodProcessor",
                    "message": "Using 'application/json', given [application/json, text/plain, */*] and supported [application/json, application/*+json, application/json, application/*+json, application/cbor]" }
                    
{
                    "app": "Crmeb",
                    "timestamp":"2026-06-30 15:27:01.422",
                    "level": "DEBUG",
                    "thread": "http-nio-8169-exec-23",
                    "class": "o.s.w.s.m.m.a.RequestResponseBodyMethodProcessor",
                    "message": "Writing [com.zbkj.common.result.CommonResult@469baafc]" }
                    
{
                    "app": "Crmeb",
                    "timestamp":"2026-06-30 15:27:01.422",
                    "level": "DEBUG",
                    "thread": "http-nio-8169-exec-23",
                    "class": "o.s.web.servlet.DispatcherServlet",
                    "message": "Completed 200 OK" }
                    
{
                    "app": "Crmeb",
                    "timestamp":"2026-06-30 15:27:02.635",
                    "level": "DEBUG",
                    "thread": "http-nio-8169-exec-30",
                    "class": "o.s.web.servlet.DispatcherServlet",
                    "message": "GET "/api/admin/system/group/data/list?gid=70&temp=1782804422", parameters={masked}" }
                    
{
                    "app": "Crmeb",
                    "timestamp":"2026-06-30 15:27:02.635",
                    "level": "DEBUG",
                    "thread": "http-nio-8169-exec-19",
                    "class": "o.s.web.servlet.DispatcherServlet",
                    "message": "GET "/api/admin/category/list/tree?status=-1&type=1&temp=1782804422", parameters={masked}" }
                    
{
                    "app": "Crmeb",
                    "timestamp":"2026-06-30 15:27:02.636",
                    "level": "DEBUG",
                    "thread": "http-nio-8169-exec-30",
                    "class": "o.s.w.s.m.m.a.RequestMappingHandlerMapping",
                    "message": "Mapped to com.zbkj.admin.controller.SystemGroupDataController#getList(SystemGroupDataSearchRequest, PageParamRequest)" }
                    
{
                    "app": "Crmeb",
                    "timestamp":"2026-06-30 15:27:02.636",
                    "level": "DEBUG",
                    "thread": "http-nio-8169-exec-19",
                    "class": "o.s.w.s.m.m.a.RequestMappingHandlerMapping",
                    "message": "Mapped to com.zbkj.admin.controller.CategoryController#getListTree(Integer, Integer, String)" }
                    
{
                    "app": "Crmeb",
                    "timestamp":"2026-06-30 15:27:02.639",
                    "level": "DEBUG",
                    "thread": "http-nio-8169-exec-2",
                    "class": "o.s.web.servlet.DispatcherServlet",
                    "message": "GET "/api/admin/express/shipping/templates/list?page=1&limit=9999&temp=1782804422", parameters={masked}" }
                    
{
                    "app": "Crmeb",
                    "timestamp":"2026-06-30 15:27:02.640",
                    "level": "DEBUG",
                    "thread": "http-nio-8169-exec-2",
                    "class": "o.s.w.s.m.m.a.RequestMappingHandlerMapping",
                    "message": "Mapped to com.zbkj.admin.controller.ShippingTemplatesController#getList(ShippingTemplatesSearchRequest, PageParamRequest)" }
                    
{
                    "app": "Crmeb",
                    "timestamp":"2026-06-30 15:27:02.683",
                    "level": "DEBUG",
                    "thread": "http-nio-8169-exec-19",
                    "class": "o.s.w.s.m.m.a.RequestResponseBodyMethodProcessor",
                    "message": "Using 'application/json', given [application/json, text/plain, */*] and supported [application/json, application/*+json, application/json, application/*+json, application/cbor]" }
                    
{
                    "app": "Crmeb",
                    "timestamp":"2026-06-30 15:27:02.683",
                    "level": "DEBUG",
                    "thread": "http-nio-8169-exec-19",
                    "class": "o.s.w.s.m.m.a.RequestResponseBodyMethodProcessor",
                    "message": "Writing [com.zbkj.common.result.CommonResult@6347d905]" }
                    
{
                    "app": "Crmeb",
                    "timestamp":"2026-06-30 15:27:02.684",
                    "level": "DEBUG",
                    "thread": "http-nio-8169-exec-19",
                    "class": "o.s.web.servlet.DispatcherServlet",
                    "message": "Completed 200 OK" }
                    
{
                    "app": "Crmeb",
                    "timestamp":"2026-06-30 15:27:02.721",
                    "level": "DEBUG",
                    "thread": "http-nio-8169-exec-2",
                    "class": "o.s.w.s.m.m.a.RequestResponseBodyMethodProcessor",
                    "message": "Using 'application/json', given [application/json, text/plain, */*] and supported [application/json, application/*+json, application/json, application/*+json, application/cbor]" }
                    
{
                    "app": "Crmeb",
                    "timestamp":"2026-06-30 15:27:02.721",
                    "level": "DEBUG",
                    "thread": "http-nio-8169-exec-30",
                    "class": "o.s.w.s.m.m.a.RequestResponseBodyMethodProcessor",
                    "message": "Using 'application/json', given [application/json, text/plain, */*] and supported [application/json, application/*+json, application/json, application/*+json, application/cbor]" }
                    
{
                    "app": "Crmeb",
                    "timestamp":"2026-06-30 15:27:02.721",
                    "level": "DEBUG",
                    "thread": "http-nio-8169-exec-2",
                    "class": "o.s.w.s.m.m.a.RequestResponseBodyMethodProcessor",
                    "message": "Writing [com.zbkj.common.result.CommonResult@497e3b12]" }
                    
{
                    "app": "Crmeb",
                    "timestamp":"2026-06-30 15:27:02.721",
                    "level": "DEBUG",
                    "thread": "http-nio-8169-exec-30",
                    "class": "o.s.w.s.m.m.a.RequestResponseBodyMethodProcessor",
                    "message": "Writing [com.zbkj.common.result.CommonResult@40a201a7]" }
                    
{
                    "app": "Crmeb",
                    "timestamp":"2026-06-30 15:27:02.722",
                    "level": "DEBUG",
                    "thread": "http-nio-8169-exec-2",
                    "class": "o.s.web.servlet.DispatcherServlet",
                    "message": "Completed 200 OK" }
                    
{
                    "app": "Crmeb",
                    "timestamp":"2026-06-30 15:27:02.722",
                    "level": "DEBUG",
                    "thread": "http-nio-8169-exec-30",
                    "class": "o.s.web.servlet.DispatcherServlet",
                    "message": "Completed 200 OK" }
                    
{
                    "app": "Crmeb",
                    "timestamp":"2026-06-30 15:27:20.881",
                    "level": "DEBUG",
                    "thread": "http-nio-8169-exec-22",
                    "class": "o.s.web.servlet.DispatcherServlet",
                    "message": "GET "/api/admin/store/product/list?page=1&limit=20&cateId=&keywords=&type=1&temp=1782804440", parameters={masked}" }
                    
{
                    "app": "Crmeb",
                    "timestamp":"2026-06-30 15:27:20.881",
                    "level": "DEBUG",
                    "thread": "http-nio-8169-exec-22",
                    "class": "o.s.w.s.m.m.a.RequestMappingHandlerMapping",
                    "message": "Mapped to com.zbkj.admin.controller.StoreProductController#getList(StoreProductSearchRequest, PageParamRequest)" }
                    
{
                    "app": "Crmeb",
                    "timestamp":"2026-06-30 15:27:20.882",
                    "level": "DEBUG",
                    "thread": "http-nio-8169-exec-26",
                    "class": "o.s.web.servlet.DispatcherServlet",
                    "message": "GET "/api/admin/category/list/tree?status=-1&type=1&temp=1782804440", parameters={masked}" }
                    
{
                    "app": "Crmeb",
                    "timestamp":"2026-06-30 15:27:20.882",
                    "level": "DEBUG",
                    "thread": "http-nio-8169-exec-26",
                    "class": "o.s.w.s.m.m.a.RequestMappingHandlerMapping",
                    "message": "Mapped to com.zbkj.admin.controller.CategoryController#getListTree(Integer, Integer, String)" }
                    
{
                    "app": "Crmeb",
                    "timestamp":"2026-06-30 15:27:20.882",
                    "level": "DEBUG",
                    "thread": "http-nio-8169-exec-6",
                    "class": "o.s.web.servlet.DispatcherServlet",
                    "message": "GET "/api/admin/store/product/tabs/headers?page=1&limit=20&cateId=&keywords=&type=1&temp=1782804440", parameters={masked}" }
                    
{
                    "app": "Crmeb",
                    "timestamp":"2026-06-30 15:27:20.882",
                    "level": "DEBUG",
                    "thread": "http-nio-8169-exec-6",
                    "class": "o.s.w.s.m.m.a.RequestMappingHandlerMapping",
                    "message": "Mapped to com.zbkj.admin.controller.StoreProductController#getTabsHeader(StoreProductHeaderRequest)" }
                    
{
                    "app": "Crmeb",
                    "timestamp":"2026-06-30 15:27:20.926",
                    "level": "DEBUG",
                    "thread": "http-nio-8169-exec-26",
                    "class": "o.s.w.s.m.m.a.RequestResponseBodyMethodProcessor",
                    "message": "Using 'application/json', given [application/json, text/plain, */*] and supported [application/json, application/*+json, application/json, application/*+json, application/cbor]" }
                    
{
                    "app": "Crmeb",
                    "timestamp":"2026-06-30 15:27:20.926",
                    "level": "DEBUG",
                    "thread": "http-nio-8169-exec-26",
                    "class": "o.s.w.s.m.m.a.RequestResponseBodyMethodProcessor",
                    "message": "Writing [com.zbkj.common.result.CommonResult@68d8d552]" }
                    
{
                    "app": "Crmeb",
                    "timestamp":"2026-06-30 15:27:20.927",
                    "level": "DEBUG",
                    "thread": "http-nio-8169-exec-26",
                    "class": "o.s.web.servlet.DispatcherServlet",
                    "message": "Completed 200 OK" }
                    
{
                    "app": "Crmeb",
                    "timestamp":"2026-06-30 15:27:20.936",
                    "level": "DEBUG",
                    "thread": "http-nio-8169-exec-22",
                    "class": "o.s.w.s.m.m.a.RequestResponseBodyMethodProcessor",
                    "message": "Using 'application/json', given [application/json, text/plain, */*] and supported [application/json, application/*+json, application/json, application/*+json, application/cbor]" }
                    
{
                    "app": "Crmeb",
                    "timestamp":"2026-06-30 15:27:20.936",
                    "level": "DEBUG",
                    "thread": "http-nio-8169-exec-22",
                    "class": "o.s.w.s.m.m.a.RequestResponseBodyMethodProcessor",
                    "message": "Writing [com.zbkj.common.result.CommonResult@169fa078]" }
                    
{
                    "app": "Crmeb",
                    "timestamp":"2026-06-30 15:27:20.936",
                    "level": "DEBUG",
                    "thread": "http-nio-8169-exec-22",
                    "class": "o.s.web.servlet.DispatcherServlet",
                    "message": "Completed 200 OK" }
                    
{
                    "app": "Crmeb",
                    "timestamp":"2026-06-30 15:27:21.164",
                    "level": "DEBUG",
                    "thread": "http-nio-8169-exec-6",
                    "class": "o.s.w.s.m.m.a.RequestResponseBodyMethodProcessor",
                    "message": "Using 'application/json', given [application/json, text/plain, */*] and supported [application/json, application/*+json, application/json, application/*+json, application/cbor]" }
                    
{
                    "app": "Crmeb",
                    "timestamp":"2026-06-30 15:27:21.164",
                    "level": "DEBUG",
                    "thread": "http-nio-8169-exec-6",
                    "class": "o.s.w.s.m.m.a.RequestResponseBodyMethodProcessor",
                    "message": "Writing [com.zbkj.common.result.CommonResult@1c2aefe6]" }
                    
{
                    "app": "Crmeb",
                    "timestamp":"2026-06-30 15:27:21.164",
                    "level": "DEBUG",
                    "thread": "http-nio-8169-exec-6",
                    "class": "o.s.web.servlet.DispatcherServlet",
                    "message": "Completed 200 OK" }
                    
{
                    "app": "Crmeb",
                    "timestamp":"2026-06-30 15:27:45.811",
                    "level": "DEBUG",
                    "thread": "http-nio-8169-exec-11",
                    "class": "o.s.web.servlet.DispatcherServlet",
                    "message": "GET "/api/admin/store/product/tabs/headers?page=1&limit=20&cateId=&keywords=&type=2&temp=1782804465", parameters={masked}" }
                    
{
                    "app": "Crmeb",
                    "timestamp":"2026-06-30 15:27:45.812",
                    "level": "DEBUG",
                    "thread": "http-nio-8169-exec-11",
                    "class": "o.s.w.s.m.m.a.RequestMappingHandlerMapping",
                    "message": "Mapped to com.zbkj.admin.controller.StoreProductController#getTabsHeader(StoreProductHeaderRequest)" }
                    
{
                    "app": "Crmeb",
                    "timestamp":"2026-06-30 15:27:45.829",
                    "level": "DEBUG",
                    "thread": "http-nio-8169-exec-5",
                    "class": "o.s.web.servlet.DispatcherServlet",
                    "message": "GET "/api/admin/store/product/list?page=1&limit=20&cateId=&keywords=&type=2&temp=1782804465", parameters={masked}" }
                    
{
                    "app": "Crmeb",
                    "timestamp":"2026-06-30 15:27:45.829",
                    "level": "DEBUG",
                    "thread": "http-nio-8169-exec-5",
                    "class": "o.s.w.s.m.m.a.RequestMappingHandlerMapping",
                    "message": "Mapped to com.zbkj.admin.controller.StoreProductController#getList(StoreProductSearchRequest, PageParamRequest)" }
                    
{
                    "app": "Crmeb",
                    "timestamp":"2026-06-30 15:27:46.097",
                    "level": "DEBUG",
                    "thread": "http-nio-8169-exec-11",
                    "class": "o.s.w.s.m.m.a.RequestResponseBodyMethodProcessor",
                    "message": "Using 'application/json', given [application/json, text/plain, */*] and supported [application/json, application/*+json, application/json, application/*+json, application/cbor]" }
                    
{
                    "app": "Crmeb",
                    "timestamp":"2026-06-30 15:27:46.097",
                    "level": "DEBUG",
                    "thread": "http-nio-8169-exec-11",
                    "class": "o.s.w.s.m.m.a.RequestResponseBodyMethodProcessor",
                    "message": "Writing [com.zbkj.common.result.CommonResult@138fb95c]" }
                    
{
                    "app": "Crmeb",
                    "timestamp":"2026-06-30 15:27:46.099",
                    "level": "DEBUG",
                    "thread": "http-nio-8169-exec-11",
                    "class": "o.s.web.servlet.DispatcherServlet",
                    "message": "Completed 200 OK" }
                    
{
                    "app": "Crmeb",
                    "timestamp":"2026-06-30 15:27:46.148",
                    "level": "DEBUG",
                    "thread": "http-nio-8169-exec-5",
                    "class": "o.s.w.s.m.m.a.RequestResponseBodyMethodProcessor",
                    "message": "Using 'application/json', given [application/json, text/plain, */*] and supported [application/json, application/*+json, application/json, application/*+json, application/cbor]" }
                    
{
                    "app": "Crmeb",
                    "timestamp":"2026-06-30 15:27:46.149",
                    "level": "DEBUG",
                    "thread": "http-nio-8169-exec-5",
                    "class": "o.s.w.s.m.m.a.RequestResponseBodyMethodProcessor",
                    "message": "Writing [com.zbkj.common.result.CommonResult@12e79f5a]" }
                    
{
                    "app": "Crmeb",
                    "timestamp":"2026-06-30 15:27:46.149",
                    "level": "DEBUG",
                    "thread": "http-nio-8169-exec-5",
                    "class": "o.s.web.servlet.DispatcherServlet",
                    "message": "Completed 200 OK" }
                    
{
                    "app": "Crmeb",
                    "timestamp":"2026-06-30 15:27:47.157",
                    "level": "DEBUG",
                    "thread": "http-nio-8169-exec-9",
                    "class": "o.s.web.servlet.DispatcherServlet",
                    "message": "GET "/api/admin/express/shipping/templates/list?page=1&limit=9999&temp=1782804467", parameters={masked}" }
                    
{
                    "app": "Crmeb",
                    "timestamp":"2026-06-30 15:27:47.157",
                    "level": "DEBUG",
                    "thread": "http-nio-8169-exec-29",
                    "class": "o.s.web.servlet.DispatcherServlet",
                    "message": "GET "/api/admin/system/group/data/list?gid=70&temp=1782804467", parameters={masked}" }
                    
{
                    "app": "Crmeb",
                    "timestamp":"2026-06-30 15:27:47.158",
                    "level": "DEBUG",
                    "thread": "http-nio-8169-exec-12",
                    "class": "o.s.web.servlet.DispatcherServlet",
                    "message": "GET "/api/admin/category/list/tree?status=-1&type=1&temp=1782804467", parameters={masked}" }
                    
{
                    "app": "Crmeb",
                    "timestamp":"2026-06-30 15:27:47.158",
                    "level": "DEBUG",
                    "thread": "http-nio-8169-exec-9",
                    "class": "o.s.w.s.m.m.a.RequestMappingHandlerMapping",
                    "message": "Mapped to com.zbkj.admin.controller.ShippingTemplatesController#getList(ShippingTemplatesSearchRequest, PageParamRequest)" }
                    
{
                    "app": "Crmeb",
                    "timestamp":"2026-06-30 15:27:47.158",
                    "level": "DEBUG",
                    "thread": "http-nio-8169-exec-12",
                    "class": "o.s.w.s.m.m.a.RequestMappingHandlerMapping",
                    "message": "Mapped to com.zbkj.admin.controller.CategoryController#getListTree(Integer, Integer, String)" }
                    
{
                    "app": "Crmeb",
                    "timestamp":"2026-06-30 15:27:47.158",
                    "level": "DEBUG",
                    "thread": "http-nio-8169-exec-29",
                    "class": "o.s.w.s.m.m.a.RequestMappingHandlerMapping",
                    "message": "Mapped to com.zbkj.admin.controller.SystemGroupDataController#getList(SystemGroupDataSearchRequest, PageParamRequest)" }
                    
{
                    "app": "Crmeb",
                    "timestamp":"2026-06-30 15:27:47.160",
                    "level": "DEBUG",
                    "thread": "http-nio-8169-exec-16",
                    "class": "o.s.web.servlet.DispatcherServlet",
                    "message": "GET "/api/admin/store/product/info/94?temp=1782804467", parameters={masked}" }
                    
{
                    "app": "Crmeb",
                    "timestamp":"2026-06-30 15:27:47.162",
                    "level": "DEBUG",
                    "thread": "http-nio-8169-exec-16",
                    "class": "o.s.w.s.m.m.a.RequestMappingHandlerMapping",
                    "message": "Mapped to com.zbkj.admin.controller.StoreProductController#info(Integer)" }
                    
{
                    "app": "Crmeb",
                    "timestamp":"2026-06-30 15:27:47.204",
                    "level": "DEBUG",
                    "thread": "http-nio-8169-exec-12",
                    "class": "o.s.w.s.m.m.a.RequestResponseBodyMethodProcessor",
                    "message": "Using 'application/json', given [application/json, text/plain, */*] and supported [application/json, application/*+json, application/json, application/*+json, application/cbor]" }
                    
{
                    "app": "Crmeb",
                    "timestamp":"2026-06-30 15:27:47.204",
                    "level": "DEBUG",
                    "thread": "http-nio-8169-exec-12",
                    "class": "o.s.w.s.m.m.a.RequestResponseBodyMethodProcessor",
                    "message": "Writing [com.zbkj.common.result.CommonResult@81683aa]" }
                    
{
                    "app": "Crmeb",
                    "timestamp":"2026-06-30 15:27:47.205",
                    "level": "DEBUG",
                    "thread": "http-nio-8169-exec-12",
                    "class": "o.s.web.servlet.DispatcherServlet",
                    "message": "Completed 200 OK" }
                    
{
                    "app": "Crmeb",
                    "timestamp":"2026-06-30 15:27:47.248",
                    "level": "DEBUG",
                    "thread": "http-nio-8169-exec-29",
                    "class": "o.s.w.s.m.m.a.RequestResponseBodyMethodProcessor",
                    "message": "Using 'application/json', given [application/json, text/plain, */*] and supported [application/json, application/*+json, application/json, application/*+json, application/cbor]" }
                    
{
                    "app": "Crmeb",
                    "timestamp":"2026-06-30 15:27:47.249",
                    "level": "DEBUG",
                    "thread": "http-nio-8169-exec-29",
                    "class": "o.s.w.s.m.m.a.RequestResponseBodyMethodProcessor",
                    "message": "Writing [com.zbkj.common.result.CommonResult@6dd1d407]" }
                    
{
                    "app": "Crmeb",
                    "timestamp":"2026-06-30 15:27:47.249",
                    "level": "DEBUG",
                    "thread": "http-nio-8169-exec-29",
                    "class": "o.s.web.servlet.DispatcherServlet",
                    "message": "Completed 200 OK" }
                    
{
                    "app": "Crmeb",
                    "timestamp":"2026-06-30 15:27:47.249",
                    "level": "DEBUG",
                    "thread": "http-nio-8169-exec-9",
                    "class": "o.s.w.s.m.m.a.RequestResponseBodyMethodProcessor",
                    "message": "Using 'application/json', given [application/json, text/plain, */*] and supported [application/json, application/*+json, application/json, application/*+json, application/cbor]" }
                    
{
                    "app": "Crmeb",
                    "timestamp":"2026-06-30 15:27:47.249",
                    "level": "DEBUG",
                    "thread": "http-nio-8169-exec-9",
                    "class": "o.s.w.s.m.m.a.RequestResponseBodyMethodProcessor",
                    "message": "Writing [com.zbkj.common.result.CommonResult@2f2aa52f]" }
                    
{
                    "app": "Crmeb",
                    "timestamp":"2026-06-30 15:27:47.249",
                    "level": "DEBUG",
                    "thread": "http-nio-8169-exec-9",
                    "class": "o.s.web.servlet.DispatcherServlet",
                    "message": "Completed 200 OK" }
                    
{
                    "app": "Crmeb",
                    "timestamp":"2026-06-30 15:27:47.397",
                    "level": "DEBUG",
                    "thread": "http-nio-8169-exec-16",
                    "class": "o.s.w.s.m.m.a.RequestResponseBodyMethodProcessor",
                    "message": "Using 'application/json', given [application/json, text/plain, */*] and supported [application/json, application/*+json, application/json, application/*+json, application/cbor]" }
                    
{
                    "app": "Crmeb",
                    "timestamp":"2026-06-30 15:27:47.397",
                    "level": "DEBUG",
                    "thread": "http-nio-8169-exec-16",
                    "class": "o.s.w.s.m.m.a.RequestResponseBodyMethodProcessor",
                    "message": "Writing [com.zbkj.common.result.CommonResult@5e7bc05e]" }
                    
{
                    "app": "Crmeb",
                    "timestamp":"2026-06-30 15:27:47.398",
                    "level": "DEBUG",
                    "thread": "http-nio-8169-exec-16",
                    "class": "o.s.web.servlet.DispatcherServlet",
                    "message": "Completed 200 OK" }
                    
{
                    "app": "Crmeb",
                    "timestamp":"2026-06-30 15:27:47.528",
                    "level": "DEBUG",
                    "thread": "http-nio-8169-exec-23",
                    "class": "o.s.web.servlet.DispatcherServlet",
                    "message": "GET "/api/admin/marketing/coupon/send/list?type=3&temp=1782804467", parameters={masked}" }
                    
{
                    "app": "Crmeb",
                    "timestamp":"2026-06-30 15:27:47.529",
                    "level": "DEBUG",
                    "thread": "http-nio-8169-exec-23",
                    "class": "o.s.w.s.m.m.a.RequestMappingHandlerMapping",
                    "message": "Mapped to com.zbkj.admin.controller.StoreCouponController#getSendList(SearchAndPageRequest)" }
                    
{
                    "app": "Crmeb",
                    "timestamp":"2026-06-30 15:27:47.551",
                    "level": "DEBUG",
                    "thread": "http-nio-8169-exec-1",
                    "class": "o.s.web.servlet.DispatcherServlet",
                    "message": "GET "/api/admin/store/product/rule/list?page=1&limit=9999&keywords=&temp=1782804467", parameters={masked}" }
                    
{
                    "app": "Crmeb",
                    "timestamp":"2026-06-30 15:27:47.551",
                    "level": "DEBUG",
                    "thread": "http-nio-8169-exec-1",
                    "class": "o.s.w.s.m.m.a.RequestMappingHandlerMapping",
                    "message": "Mapped to com.zbkj.admin.controller.StoreProductRuleController#getList(StoreProductRuleSearchRequest, PageParamRequest)" }
                    
{
                    "app": "Crmeb",
                    "timestamp":"2026-06-30 15:27:47.576",
                    "level": "DEBUG",
                    "thread": "http-nio-8169-exec-23",
                    "class": "o.s.w.s.m.m.a.RequestResponseBodyMethodProcessor",
                    "message": "Using 'application/json', given [application/json, text/plain, */*] and supported [application/json, application/*+json, application/json, application/*+json, application/cbor]" }
                    
{
                    "app": "Crmeb",
                    "timestamp":"2026-06-30 15:27:47.576",
                    "level": "DEBUG",
                    "thread": "http-nio-8169-exec-23",
                    "class": "o.s.w.s.m.m.a.RequestResponseBodyMethodProcessor",
                    "message": "Writing [com.zbkj.common.result.CommonResult@26536618]" }
                    
{
                    "app": "Crmeb",
                    "timestamp":"2026-06-30 15:27:47.577",
                    "level": "DEBUG",
                    "thread": "http-nio-8169-exec-23",
                    "class": "o.s.web.servlet.DispatcherServlet",
                    "message": "Completed 200 OK" }
                    
{
                    "app": "Crmeb",
                    "timestamp":"2026-06-30 15:27:47.650",
                    "level": "DEBUG",
                    "thread": "http-nio-8169-exec-1",
                    "class": "o.s.w.s.m.m.a.RequestResponseBodyMethodProcessor",
                    "message": "Using 'application/json', given [application/json, text/plain, */*] and supported [application/json, application/*+json, application/json, application/*+json, application/cbor]" }
                    
{
                    "app": "Crmeb",
                    "timestamp":"2026-06-30 15:27:47.650",
                    "level": "DEBUG",
                    "thread": "http-nio-8169-exec-1",
                    "class": "o.s.w.s.m.m.a.RequestResponseBodyMethodProcessor",
                    "message": "Writing [com.zbkj.common.result.CommonResult@de62ef8]" }
                    
{
                    "app": "Crmeb",
                    "timestamp":"2026-06-30 15:27:47.650",
                    "level": "DEBUG",
                    "thread": "http-nio-8169-exec-1",
                    "class": "o.s.web.servlet.DispatcherServlet",
                    "message": "Completed 200 OK" }
                    
{
                    "app": "Crmeb",
                    "timestamp":"2026-06-30 15:27:53.724",
                    "level": "DEBUG",
                    "thread": "http-nio-8169-exec-30",
                    "class": "o.s.web.servlet.DispatcherServlet",
                    "message": "GET "/api/admin/store/product/tabs/headers?page=1&limit=20&cateId=&keywords=&type=1&temp=1782804473", parameters={masked}" }
                    
{
                    "app": "Crmeb",
                    "timestamp":"2026-06-30 15:27:53.725",
                    "level": "DEBUG",
                    "thread": "http-nio-8169-exec-30",
                    "class": "o.s.w.s.m.m.a.RequestMappingHandlerMapping",
                    "message": "Mapped to com.zbkj.admin.controller.StoreProductController#getTabsHeader(StoreProductHeaderRequest)" }
                    
{
                    "app": "Crmeb",
                    "timestamp":"2026-06-30 15:27:53.726",
                    "level": "DEBUG",
                    "thread": "http-nio-8169-exec-19",
                    "class": "o.s.web.servlet.DispatcherServlet",
                    "message": "GET "/api/admin/store/product/list?page=1&limit=20&cateId=&keywords=&type=1&temp=1782804473", parameters={masked}" }
                    
{
                    "app": "Crmeb",
                    "timestamp":"2026-06-30 15:27:53.726",
                    "level": "DEBUG",
                    "thread": "http-nio-8169-exec-19",
                    "class": "o.s.w.s.m.m.a.RequestMappingHandlerMapping",
                    "message": "Mapped to com.zbkj.admin.controller.StoreProductController#getList(StoreProductSearchRequest, PageParamRequest)" }
                    
{
                    "app": "Crmeb",
                    "timestamp":"2026-06-30 15:27:53.730",
                    "level": "DEBUG",
                    "thread": "http-nio-8169-exec-15",
                    "class": "o.s.web.servlet.DispatcherServlet",
                    "message": "GET "/api/admin/category/list/tree?status=-1&type=1&temp=1782804473", parameters={masked}" }
                    
{
                    "app": "Crmeb",
                    "timestamp":"2026-06-30 15:27:53.731",
                    "level": "DEBUG",
                    "thread": "http-nio-8169-exec-15",
                    "class": "o.s.w.s.m.m.a.RequestMappingHandlerMapping",
                    "message": "Mapped to com.zbkj.admin.controller.CategoryController#getListTree(Integer, Integer, String)" }
                    
{
                    "app": "Crmeb",
                    "timestamp":"2026-06-30 15:27:53.772",
                    "level": "DEBUG",
                    "thread": "http-nio-8169-exec-15",
                    "class": "o.s.w.s.m.m.a.RequestResponseBodyMethodProcessor",
                    "message": "Using 'application/json', given [application/json, text/plain, */*] and supported [application/json, application/*+json, application/json, application/*+json, application/cbor]" }
                    
{
                    "app": "Crmeb",
                    "timestamp":"2026-06-30 15:27:53.772",
                    "level": "DEBUG",
                    "thread": "http-nio-8169-exec-15",
                    "class": "o.s.w.s.m.m.a.RequestResponseBodyMethodProcessor",
                    "message": "Writing [com.zbkj.common.result.CommonResult@5d3a45c7]" }
                    
{
                    "app": "Crmeb",
                    "timestamp":"2026-06-30 15:27:53.772",
                    "level": "DEBUG",
                    "thread": "http-nio-8169-exec-19",
                    "class": "o.s.w.s.m.m.a.RequestResponseBodyMethodProcessor",
                    "message": "Using 'application/json', given [application/json, text/plain, */*] and supported [application/json, application/*+json, application/json, application/*+json, application/cbor]" }
                    
{
                    "app": "Crmeb",
                    "timestamp":"2026-06-30 15:27:53.772",
                    "level": "DEBUG",
                    "thread": "http-nio-8169-exec-15",
                    "class": "o.s.web.servlet.DispatcherServlet",
                    "message": "Completed 200 OK" }
                    
{
                    "app": "Crmeb",
                    "timestamp":"2026-06-30 15:27:53.772",
                    "level": "DEBUG",
                    "thread": "http-nio-8169-exec-19",
                    "class": "o.s.w.s.m.m.a.RequestResponseBodyMethodProcessor",
                    "message": "Writing [com.zbkj.common.result.CommonResult@43c5a5cd]" }
                    
{
                    "app": "Crmeb",
                    "timestamp":"2026-06-30 15:27:53.773",
                    "level": "DEBUG",
                    "thread": "http-nio-8169-exec-19",
                    "class": "o.s.web.servlet.DispatcherServlet",
                    "message": "Completed 200 OK" }
                    
{
                    "app": "Crmeb",
                    "timestamp":"2026-06-30 15:27:54.004",
                    "level": "DEBUG",
                    "thread": "http-nio-8169-exec-30",
                    "class": "o.s.w.s.m.m.a.RequestResponseBodyMethodProcessor",
                    "message": "Using 'application/json', given [application/json, text/plain, */*] and supported [application/json, application/*+json, application/json, application/*+json, application/cbor]" }
                    
{
                    "app": "Crmeb",
                    "timestamp":"2026-06-30 15:27:54.006",
                    "level": "DEBUG",
                    "thread": "http-nio-8169-exec-30",
                    "class": "o.s.w.s.m.m.a.RequestResponseBodyMethodProcessor",
                    "message": "Writing [com.zbkj.common.result.CommonResult@b903d55]" }
                    
{
                    "app": "Crmeb",
                    "timestamp":"2026-06-30 15:27:54.006",
                    "level": "DEBUG",
                    "thread": "http-nio-8169-exec-30",
                    "class": "o.s.web.servlet.DispatcherServlet",
                    "message": "Completed 200 OK" }
                    
{
                    "app": "Crmeb",
                    "timestamp":"2026-06-30 15:50:15.807",
                    "level": "DEBUG",
                    "thread": "http-nio-8169-exec-26",
                    "class": "o.s.web.servlet.DispatcherServlet",
                    "message": "GET "/api/admin/store/product/list?page=1&limit=20&cateId=&keywords=&type=2&temp=1782805815", parameters={masked}" }
                    
{
                    "app": "Crmeb",
                    "timestamp":"2026-06-30 15:50:15.807",
                    "level": "DEBUG",
                    "thread": "http-nio-8169-exec-6",
                    "class": "o.s.web.servlet.DispatcherServlet",
                    "message": "GET "/api/admin/store/product/tabs/headers?page=1&limit=20&cateId=&keywords=&type=2&temp=1782805815", parameters={masked}" }
                    
{
                    "app": "Crmeb",
                    "timestamp":"2026-06-30 15:50:15.821",
                    "level": "DEBUG",
                    "thread": "http-nio-8169-exec-26",
                    "class": "o.s.w.s.m.m.a.RequestMappingHandlerMapping",
                    "message": "Mapped to com.zbkj.admin.controller.StoreProductController#getList(StoreProductSearchRequest, PageParamRequest)" }
                    
{
                    "app": "Crmeb",
                    "timestamp":"2026-06-30 15:50:15.821",
                    "level": "DEBUG",
                    "thread": "http-nio-8169-exec-6",
                    "class": "o.s.w.s.m.m.a.RequestMappingHandlerMapping",
                    "message": "Mapped to com.zbkj.admin.controller.StoreProductController#getTabsHeader(StoreProductHeaderRequest)" }
                    
{
                    "app": "Crmeb",
                    "timestamp":"2026-06-30 15:50:16.126",
                    "level": "DEBUG",
                    "thread": "http-nio-8169-exec-6",
                    "class": "o.s.w.s.m.m.a.RequestResponseBodyMethodProcessor",
                    "message": "Using 'application/json', given [application/json, text/plain, */*] and supported [application/json, application/*+json, application/json, application/*+json, application/cbor]" }
                    
{
                    "app": "Crmeb",
                    "timestamp":"2026-06-30 15:50:16.126",
                    "level": "DEBUG",
                    "thread": "http-nio-8169-exec-6",
                    "class": "o.s.w.s.m.m.a.RequestResponseBodyMethodProcessor",
                    "message": "Writing [com.zbkj.common.result.CommonResult@1eed3a07]" }
                    
{
                    "app": "Crmeb",
                    "timestamp":"2026-06-30 15:50:16.127",
                    "level": "DEBUG",
                    "thread": "http-nio-8169-exec-6",
                    "class": "o.s.web.servlet.DispatcherServlet",
                    "message": "Completed 200 OK" }
                    
{
                    "app": "Crmeb",
                    "timestamp":"2026-06-30 15:50:16.174",
                    "level": "DEBUG",
                    "thread": "http-nio-8169-exec-26",
                    "class": "o.s.w.s.m.m.a.RequestResponseBodyMethodProcessor",
                    "message": "Using 'application/json', given [application/json, text/plain, */*] and supported [application/json, application/*+json, application/json, application/*+json, application/cbor]" }
                    
{
                    "app": "Crmeb",
                    "timestamp":"2026-06-30 15:50:16.174",
                    "level": "DEBUG",
                    "thread": "http-nio-8169-exec-26",
                    "class": "o.s.w.s.m.m.a.RequestResponseBodyMethodProcessor",
                    "message": "Writing [com.zbkj.common.result.CommonResult@5392341c]" }
                    
{
                    "app": "Crmeb",
                    "timestamp":"2026-06-30 15:50:16.175",
                    "level": "DEBUG",
                    "thread": "http-nio-8169-exec-26",
                    "class": "o.s.web.servlet.DispatcherServlet",
                    "message": "Completed 200 OK" }
                    
{
                    "app": "Crmeb",
                    "timestamp":"2026-06-30 15:50:16.588",
                    "level": "DEBUG",
                    "thread": "http-nio-8169-exec-11",
                    "class": "o.s.web.servlet.DispatcherServlet",
                    "message": "GET "/api/admin/store/product/list?page=1&limit=20&cateId=&keywords=&type=1&temp=1782805816", parameters={masked}" }
                    
{
                    "app": "Crmeb",
                    "timestamp":"2026-06-30 15:50:16.588",
                    "level": "DEBUG",
                    "thread": "http-nio-8169-exec-11",
                    "class": "o.s.w.s.m.m.a.RequestMappingHandlerMapping",
                    "message": "Mapped to com.zbkj.admin.controller.StoreProductController#getList(StoreProductSearchRequest, PageParamRequest)" }
                    
{
                    "app": "Crmeb",
                    "timestamp":"2026-06-30 15:50:16.595",
                    "level": "DEBUG",
                    "thread": "http-nio-8169-exec-5",
                    "class": "o.s.web.servlet.DispatcherServlet",
                    "message": "GET "/api/admin/store/product/tabs/headers?page=1&limit=20&cateId=&keywords=&type=1&temp=1782805816", parameters={masked}" }
                    
{
                    "app": "Crmeb",
                    "timestamp":"2026-06-30 15:50:16.596",
                    "level": "DEBUG",
                    "thread": "http-nio-8169-exec-5",
                    "class": "o.s.w.s.m.m.a.RequestMappingHandlerMapping",
                    "message": "Mapped to com.zbkj.admin.controller.StoreProductController#getTabsHeader(StoreProductHeaderRequest)" }
                    
{
                    "app": "Crmeb",
                    "timestamp":"2026-06-30 15:50:16.634",
                    "level": "DEBUG",
                    "thread": "http-nio-8169-exec-11",
                    "class": "o.s.w.s.m.m.a.RequestResponseBodyMethodProcessor",
                    "message": "Using 'application/json', given [application/json, text/plain, */*] and supported [application/json, application/*+json, application/json, application/*+json, application/cbor]" }
                    
{
                    "app": "Crmeb",
                    "timestamp":"2026-06-30 15:50:16.634",
                    "level": "DEBUG",
                    "thread": "http-nio-8169-exec-11",
                    "class": "o.s.w.s.m.m.a.RequestResponseBodyMethodProcessor",
                    "message": "Writing [com.zbkj.common.result.CommonResult@45807ee9]" }
                    
{
                    "app": "Crmeb",
                    "timestamp":"2026-06-30 15:50:16.635",
                    "level": "DEBUG",
                    "thread": "http-nio-8169-exec-11",
                    "class": "o.s.web.servlet.DispatcherServlet",
                    "message": "Completed 200 OK" }
                    
{
                    "app": "Crmeb",
                    "timestamp":"2026-06-30 15:50:16.869",
                    "level": "DEBUG",
                    "thread": "http-nio-8169-exec-5",
                    "class": "o.s.w.s.m.m.a.RequestResponseBodyMethodProcessor",
                    "message": "Using 'application/json', given [application/json, text/plain, */*] and supported [application/json, application/*+json, application/json, application/*+json, application/cbor]" }
                    
{
                    "app": "Crmeb",
                    "timestamp":"2026-06-30 15:50:16.869",
                    "level": "DEBUG",
                    "thread": "http-nio-8169-exec-5",
                    "class": "o.s.w.s.m.m.a.RequestResponseBodyMethodProcessor",
                    "message": "Writing [com.zbkj.common.result.CommonResult@8e1238a]" }
                    
{
                    "app": "Crmeb",
                    "timestamp":"2026-06-30 15:50:16.869",
                    "level": "DEBUG",
                    "thread": "http-nio-8169-exec-5",
                    "class": "o.s.web.servlet.DispatcherServlet",
                    "message": "Completed 200 OK" }
                    
{
                    "app": "Crmeb",
                    "timestamp":"2026-06-30 15:50:19.121",
                    "level": "DEBUG",
                    "thread": "http-nio-8169-exec-14",
                    "class": "o.s.web.servlet.DispatcherServlet",
                    "message": "GET "/api/admin/store/product/list?page=1&limit=20&cateId=&keywords=&type=2&temp=1782805819", parameters={masked}" }
                    
{
                    "app": "Crmeb",
                    "timestamp":"2026-06-30 15:50:19.122",
                    "level": "DEBUG",
                    "thread": "http-nio-8169-exec-14",
                    "class": "o.s.w.s.m.m.a.RequestMappingHandlerMapping",
                    "message": "Mapped to com.zbkj.admin.controller.StoreProductController#getList(StoreProductSearchRequest, PageParamRequest)" }
                    
{
                    "app": "Crmeb",
                    "timestamp":"2026-06-30 15:50:19.132",
                    "level": "DEBUG",
                    "thread": "http-nio-8169-exec-4",
                    "class": "o.s.web.servlet.DispatcherServlet",
                    "message": "GET "/api/admin/store/product/tabs/headers?page=1&limit=20&cateId=&keywords=&type=2&temp=1782805819", parameters={masked}" }
                    
{
                    "app": "Crmeb",
                    "timestamp":"2026-06-30 15:50:19.133",
                    "level": "DEBUG",
                    "thread": "http-nio-8169-exec-4",
                    "class": "o.s.w.s.m.m.a.RequestMappingHandlerMapping",
                    "message": "Mapped to com.zbkj.admin.controller.StoreProductController#getTabsHeader(StoreProductHeaderRequest)" }
                    
{
                    "app": "Crmeb",
                    "timestamp":"2026-06-30 15:50:19.406",
                    "level": "DEBUG",
                    "thread": "http-nio-8169-exec-4",
                    "class": "o.s.w.s.m.m.a.RequestResponseBodyMethodProcessor",
                    "message": "Using 'application/json', given [application/json, text/plain, */*] and supported [application/json, application/*+json, application/json, application/*+json, application/cbor]" }
                    
{
                    "app": "Crmeb",
                    "timestamp":"2026-06-30 15:50:19.406",
                    "level": "DEBUG",
                    "thread": "http-nio-8169-exec-4",
                    "class": "o.s.w.s.m.m.a.RequestResponseBodyMethodProcessor",
                    "message": "Writing [com.zbkj.common.result.CommonResult@5b26e6b0]" }
                    
{
                    "app": "Crmeb",
                    "timestamp":"2026-06-30 15:50:19.407",
                    "level": "DEBUG",
                    "thread": "http-nio-8169-exec-4",
                    "class": "o.s.web.servlet.DispatcherServlet",
                    "message": "Completed 200 OK" }
                    
{
                    "app": "Crmeb",
                    "timestamp":"2026-06-30 15:50:19.417",
                    "level": "DEBUG",
                    "thread": "http-nio-8169-exec-14",
                    "class": "o.s.w.s.m.m.a.RequestResponseBodyMethodProcessor",
                    "message": "Using 'application/json', given [application/json, text/plain, */*] and supported [application/json, application/*+json, application/json, application/*+json, application/cbor]" }
                    
{
                    "app": "Crmeb",
                    "timestamp":"2026-06-30 15:50:19.417",
                    "level": "DEBUG",
                    "thread": "http-nio-8169-exec-14",
                    "class": "o.s.w.s.m.m.a.RequestResponseBodyMethodProcessor",
                    "message": "Writing [com.zbkj.common.result.CommonResult@150f9ef0]" }
                    
{
                    "app": "Crmeb",
                    "timestamp":"2026-06-30 15:50:19.418",
                    "level": "DEBUG",
                    "thread": "http-nio-8169-exec-14",
                    "class": "o.s.web.servlet.DispatcherServlet",
                    "message": "Completed 200 OK" }
                    
{
                    "app": "Crmeb",
                    "timestamp":"2026-06-30 15:50:19.610",
                    "level": "DEBUG",
                    "thread": "http-nio-8169-exec-16",
                    "class": "o.s.web.servlet.DispatcherServlet",
                    "message": "GET "/api/admin/store/product/tabs/headers?page=1&limit=20&cateId=&keywords=&type=3&temp=1782805819", parameters={masked}" }
                    
{
                    "app": "Crmeb",
                    "timestamp":"2026-06-30 15:50:19.610",
                    "level": "DEBUG",
                    "thread": "http-nio-8169-exec-16",
                    "class": "o.s.w.s.m.m.a.RequestMappingHandlerMapping",
                    "message": "Mapped to com.zbkj.admin.controller.StoreProductController#getTabsHeader(StoreProductHeaderRequest)" }
                    
{
                    "app": "Crmeb",
                    "timestamp":"2026-06-30 15:50:19.647",
                    "level": "DEBUG",
                    "thread": "http-nio-8169-exec-29",
                    "class": "o.s.web.servlet.DispatcherServlet",
                    "message": "GET "/api/admin/store/product/list?page=1&limit=20&cateId=&keywords=&type=3&temp=1782805819", parameters={masked}" }
                    
{
                    "app": "Crmeb",
                    "timestamp":"2026-06-30 15:50:19.647",
                    "level": "DEBUG",
                    "thread": "http-nio-8169-exec-29",
                    "class": "o.s.w.s.m.m.a.RequestMappingHandlerMapping",
                    "message": "Mapped to com.zbkj.admin.controller.StoreProductController#getList(StoreProductSearchRequest, PageParamRequest)" }
                    
{
                    "app": "Crmeb",
                    "timestamp":"2026-06-30 15:50:19.720",
                    "level": "DEBUG",
                    "thread": "http-nio-8169-exec-29",
                    "class": "o.s.w.s.m.m.a.RequestResponseBodyMethodProcessor",
                    "message": "Using 'application/json', given [application/json, text/plain, */*] and supported [application/json, application/*+json, application/json, application/*+json, application/cbor]" }
                    
{
                    "app": "Crmeb",
                    "timestamp":"2026-06-30 15:50:19.721",
                    "level": "DEBUG",
                    "thread": "http-nio-8169-exec-29",
                    "class": "o.s.w.s.m.m.a.RequestResponseBodyMethodProcessor",
                    "message": "Writing [com.zbkj.common.result.CommonResult@41d4b5a2]" }
                    
{
                    "app": "Crmeb",
                    "timestamp":"2026-06-30 15:50:19.721",
                    "level": "DEBUG",
                    "thread": "http-nio-8169-exec-29",
                    "class": "o.s.web.servlet.DispatcherServlet",
                    "message": "Completed 200 OK" }
                    
{
                    "app": "Crmeb",
                    "timestamp":"2026-06-30 15:50:19.877",
                    "level": "DEBUG",
                    "thread": "http-nio-8169-exec-16",
                    "class": "o.s.w.s.m.m.a.RequestResponseBodyMethodProcessor",
                    "message": "Using 'application/json', given [application/json, text/plain, */*] and supported [application/json, application/*+json, application/json, application/*+json, application/cbor]" }
                    
{
                    "app": "Crmeb",
                    "timestamp":"2026-06-30 15:50:19.877",
                    "level": "DEBUG",
                    "thread": "http-nio-8169-exec-16",
                    "class": "o.s.w.s.m.m.a.RequestResponseBodyMethodProcessor",
                    "message": "Writing [com.zbkj.common.result.CommonResult@4e579c79]" }
                    
{
                    "app": "Crmeb",
                    "timestamp":"2026-06-30 15:50:19.878",
                    "level": "DEBUG",
                    "thread": "http-nio-8169-exec-16",
                    "class": "o.s.web.servlet.DispatcherServlet",
                    "message": "Completed 200 OK" }
                    
{
                    "app": "Crmeb",
                    "timestamp":"2026-06-30 15:50:20.356",
                    "level": "DEBUG",
                    "thread": "http-nio-8169-exec-1",
                    "class": "o.s.web.servlet.DispatcherServlet",
                    "message": "GET "/api/admin/store/product/list?page=1&limit=20&cateId=&keywords=&type=4&temp=1782805820", parameters={masked}" }
                    
{
                    "app": "Crmeb",
                    "timestamp":"2026-06-30 15:50:20.357",
                    "level": "DEBUG",
                    "thread": "http-nio-8169-exec-1",
                    "class": "o.s.w.s.m.m.a.RequestMappingHandlerMapping",
                    "message": "Mapped to com.zbkj.admin.controller.StoreProductController#getList(StoreProductSearchRequest, PageParamRequest)" }
                    
{
                    "app": "Crmeb",
                    "timestamp":"2026-06-30 15:50:20.380",
                    "level": "DEBUG",
                    "thread": "http-nio-8169-exec-23",
                    "class": "o.s.web.servlet.DispatcherServlet",
                    "message": "GET "/api/admin/store/product/tabs/headers?page=1&limit=20&cateId=&keywords=&type=4&temp=1782805820", parameters={masked}" }
                    
{
                    "app": "Crmeb",
                    "timestamp":"2026-06-30 15:50:20.381",
                    "level": "DEBUG",
                    "thread": "http-nio-8169-exec-23",
                    "class": "o.s.w.s.m.m.a.RequestMappingHandlerMapping",
                    "message": "Mapped to com.zbkj.admin.controller.StoreProductController#getTabsHeader(StoreProductHeaderRequest)" }
                    
{
                    "app": "Crmeb",
                    "timestamp":"2026-06-30 15:50:20.455",
                    "level": "DEBUG",
                    "thread": "http-nio-8169-exec-1",
                    "class": "o.s.w.s.m.m.a.RequestResponseBodyMethodProcessor",
                    "message": "Using 'application/json', given [application/json, text/plain, */*] and supported [application/json, application/*+json, application/json, application/*+json, application/cbor]" }
                    
{
                    "app": "Crmeb",
                    "timestamp":"2026-06-30 15:50:20.456",
                    "level": "DEBUG",
                    "thread": "http-nio-8169-exec-1",
                    "class": "o.s.w.s.m.m.a.RequestResponseBodyMethodProcessor",
                    "message": "Writing [com.zbkj.common.result.CommonResult@1cb64d8b]" }
                    
{
                    "app": "Crmeb",
                    "timestamp":"2026-06-30 15:50:20.457",
                    "level": "DEBUG",
                    "thread": "http-nio-8169-exec-1",
                    "class": "o.s.web.servlet.DispatcherServlet",
                    "message": "Completed 200 OK" }
                    
{
                    "app": "Crmeb",
                    "timestamp":"2026-06-30 15:50:20.646",
                    "level": "DEBUG",
                    "thread": "http-nio-8169-exec-23",
                    "class": "o.s.w.s.m.m.a.RequestResponseBodyMethodProcessor",
                    "message": "Using 'application/json', given [application/json, text/plain, */*] and supported [application/json, application/*+json, application/json, application/*+json, application/cbor]" }
                    
{
                    "app": "Crmeb",
                    "timestamp":"2026-06-30 15:50:20.646",
                    "level": "DEBUG",
                    "thread": "http-nio-8169-exec-23",
                    "class": "o.s.w.s.m.m.a.RequestResponseBodyMethodProcessor",
                    "message": "Writing [com.zbkj.common.result.CommonResult@a461525]" }
                    
{
                    "app": "Crmeb",
                    "timestamp":"2026-06-30 15:50:20.646",
                    "level": "DEBUG",
                    "thread": "http-nio-8169-exec-23",
                    "class": "o.s.web.servlet.DispatcherServlet",
                    "message": "Completed 200 OK" }
                    
{
                    "app": "Crmeb",
                    "timestamp":"2026-06-30 15:50:21.490",
                    "level": "DEBUG",
                    "thread": "http-nio-8169-exec-19",
                    "class": "o.s.web.servlet.DispatcherServlet",
                    "message": "GET "/api/admin/store/product/tabs/headers?page=1&limit=20&cateId=&keywords=&type=1&temp=1782805821", parameters={masked}" }
                    
{
                    "app": "Crmeb",
                    "timestamp":"2026-06-30 15:50:21.491",
                    "level": "DEBUG",
                    "thread": "http-nio-8169-exec-19",
                    "class": "o.s.w.s.m.m.a.RequestMappingHandlerMapping",
                    "message": "Mapped to com.zbkj.admin.controller.StoreProductController#getTabsHeader(StoreProductHeaderRequest)" }
                    
{
                    "app": "Crmeb",
                    "timestamp":"2026-06-30 15:50:21.513",
                    "level": "DEBUG",
                    "thread": "http-nio-8169-exec-18",
                    "class": "o.s.web.servlet.DispatcherServlet",
                    "message": "GET "/api/admin/store/product/list?page=1&limit=20&cateId=&keywords=&type=1&temp=1782805821", parameters={masked}" }
                    
{
                    "app": "Crmeb",
                    "timestamp":"2026-06-30 15:50:21.514",
                    "level": "DEBUG",
                    "thread": "http-nio-8169-exec-18",
                    "class": "o.s.w.s.m.m.a.RequestMappingHandlerMapping",
                    "message": "Mapped to com.zbkj.admin.controller.StoreProductController#getList(StoreProductSearchRequest, PageParamRequest)" }
                    
{
                    "app": "Crmeb",
                    "timestamp":"2026-06-30 15:50:21.559",
                    "level": "DEBUG",
                    "thread": "http-nio-8169-exec-18",
                    "class": "o.s.w.s.m.m.a.RequestResponseBodyMethodProcessor",
                    "message": "Using 'application/json', given [application/json, text/plain, */*] and supported [application/json, application/*+json, application/json, application/*+json, application/cbor]" }
                    
{
                    "app": "Crmeb",
                    "timestamp":"2026-06-30 15:50:21.559",
                    "level": "DEBUG",
                    "thread": "http-nio-8169-exec-18",
                    "class": "o.s.w.s.m.m.a.RequestResponseBodyMethodProcessor",
                    "message": "Writing [com.zbkj.common.result.CommonResult@2e6f42fe]" }
                    
{
                    "app": "Crmeb",
                    "timestamp":"2026-06-30 15:50:21.559",
                    "level": "DEBUG",
                    "thread": "http-nio-8169-exec-18",
                    "class": "o.s.web.servlet.DispatcherServlet",
                    "message": "Completed 200 OK" }
                    
{
                    "app": "Crmeb",
                    "timestamp":"2026-06-30 15:50:21.953",
                    "level": "DEBUG",
                    "thread": "http-nio-8169-exec-19",
                    "class": "o.s.w.s.m.m.a.RequestResponseBodyMethodProcessor",
                    "message": "Using 'application/json', given [application/json, text/plain, */*] and supported [application/json, application/*+json, application/json, application/*+json, application/cbor]" }
                    
{
                    "app": "Crmeb",
                    "timestamp":"2026-06-30 15:50:21.954",
                    "level": "DEBUG",
                    "thread": "http-nio-8169-exec-19",
                    "class": "o.s.w.s.m.m.a.RequestResponseBodyMethodProcessor",
                    "message": "Writing [com.zbkj.common.result.CommonResult@74613b9e]" }
                    
{
                    "app": "Crmeb",
                    "timestamp":"2026-06-30 15:50:21.954",
                    "level": "DEBUG",
                    "thread": "http-nio-8169-exec-19",
                    "class": "o.s.web.servlet.DispatcherServlet",
                    "message": "Completed 200 OK" }
                    
{
                    "app": "Crmeb",
                    "timestamp":"2026-06-30 15:50:42.829",
                    "level": "DEBUG",
                    "thread": "http-nio-8169-exec-7",
                    "class": "o.s.web.servlet.DispatcherServlet",
                    "message": "GET "/api/admin/store/product/list?page=1&limit=20&cateId=&keywords=&type=2&temp=1782805842", parameters={masked}" }
                    
{
                    "app": "Crmeb",
                    "timestamp":"2026-06-30 15:50:42.830",
                    "level": "DEBUG",
                    "thread": "http-nio-8169-exec-7",
                    "class": "o.s.w.s.m.m.a.RequestMappingHandlerMapping",
                    "message": "Mapped to com.zbkj.admin.controller.StoreProductController#getList(StoreProductSearchRequest, PageParamRequest)" }
                    
{
                    "app": "Crmeb",
                    "timestamp":"2026-06-30 15:50:42.850",
                    "level": "DEBUG",
                    "thread": "http-nio-8169-exec-20",
                    "class": "o.s.web.servlet.DispatcherServlet",
                    "message": "GET "/api/admin/store/product/tabs/headers?page=1&limit=20&cateId=&keywords=&type=2&temp=1782805842", parameters={masked}" }
                    
{
                    "app": "Crmeb",
                    "timestamp":"2026-06-30 15:50:42.851",
                    "level": "DEBUG",
                    "thread": "http-nio-8169-exec-20",
                    "class": "o.s.w.s.m.m.a.RequestMappingHandlerMapping",
                    "message": "Mapped to com.zbkj.admin.controller.StoreProductController#getTabsHeader(StoreProductHeaderRequest)" }
                    
{
                    "app": "Crmeb",
                    "timestamp":"2026-06-30 15:50:43.153",
                    "level": "DEBUG",
                    "thread": "http-nio-8169-exec-20",
                    "class": "o.s.w.s.m.m.a.RequestResponseBodyMethodProcessor",
                    "message": "Using 'application/json', given [application/json, text/plain, */*] and supported [application/json, application/*+json, application/json, application/*+json, application/cbor]" }
                    
{
                    "app": "Crmeb",
                    "timestamp":"2026-06-30 15:50:43.153",
                    "level": "DEBUG",
                    "thread": "http-nio-8169-exec-20",
                    "class": "o.s.w.s.m.m.a.RequestResponseBodyMethodProcessor",
                    "message": "Writing [com.zbkj.common.result.CommonResult@183a1d12]" }
                    
{
                    "app": "Crmeb",
                    "timestamp":"2026-06-30 15:50:43.182",
                    "level": "DEBUG",
                    "thread": "http-nio-8169-exec-20",
                    "class": "o.s.web.servlet.DispatcherServlet",
                    "message": "Completed 200 OK" }
                    
{
                    "app": "Crmeb",
                    "timestamp":"2026-06-30 15:50:43.225",
                    "level": "DEBUG",
                    "thread": "http-nio-8169-exec-7",
                    "class": "o.s.w.s.m.m.a.RequestResponseBodyMethodProcessor",
                    "message": "Using 'application/json', given [application/json, text/plain, */*] and supported [application/json, application/*+json, application/json, application/*+json, application/cbor]" }
                    
{
                    "app": "Crmeb",
                    "timestamp":"2026-06-30 15:50:43.226",
                    "level": "DEBUG",
                    "thread": "http-nio-8169-exec-7",
                    "class": "o.s.w.s.m.m.a.RequestResponseBodyMethodProcessor",
                    "message": "Writing [com.zbkj.common.result.CommonResult@12d728ca]" }
                    
{
                    "app": "Crmeb",
                    "timestamp":"2026-06-30 15:50:43.226",
                    "level": "DEBUG",
                    "thread": "http-nio-8169-exec-7",
                    "class": "o.s.web.servlet.DispatcherServlet",
                    "message": "Completed 200 OK" }
                    
{
                    "app": "Crmeb",
                    "timestamp":"2026-06-30 15:50:43.665",
                    "level": "DEBUG",
                    "thread": "http-nio-8169-exec-22",
                    "class": "o.s.web.servlet.DispatcherServlet",
                    "message": "GET "/api/admin/store/product/tabs/headers?page=1&limit=20&cateId=&keywords=&type=3&temp=1782805843", parameters={masked}" }
                    
{
                    "app": "Crmeb",
                    "timestamp":"2026-06-30 15:50:43.666",
                    "level": "DEBUG",
                    "thread": "http-nio-8169-exec-22",
                    "class": "o.s.w.s.m.m.a.RequestMappingHandlerMapping",
                    "message": "Mapped to com.zbkj.admin.controller.StoreProductController#getTabsHeader(StoreProductHeaderRequest)" }
                    
{
                    "app": "Crmeb",
                    "timestamp":"2026-06-30 15:50:43.708",
                    "level": "DEBUG",
                    "thread": "http-nio-8169-exec-25",
                    "class": "o.s.web.servlet.DispatcherServlet",
                    "message": "GET "/api/admin/store/product/list?page=1&limit=20&cateId=&keywords=&type=3&temp=1782805843", parameters={masked}" }
                    
{
                    "app": "Crmeb",
                    "timestamp":"2026-06-30 15:50:43.708",
                    "level": "DEBUG",
                    "thread": "http-nio-8169-exec-25",
                    "class": "o.s.w.s.m.m.a.RequestMappingHandlerMapping",
                    "message": "Mapped to com.zbkj.admin.controller.StoreProductController#getList(StoreProductSearchRequest, PageParamRequest)" }
                    
{
                    "app": "Crmeb",
                    "timestamp":"2026-06-30 15:50:43.760",
                    "level": "DEBUG",
                    "thread": "http-nio-8169-exec-25",
                    "class": "o.s.w.s.m.m.a.RequestResponseBodyMethodProcessor",
                    "message": "Using 'application/json', given [application/json, text/plain, */*] and supported [application/json, application/*+json, application/json, application/*+json, application/cbor]" }
                    
{
                    "app": "Crmeb",
                    "timestamp":"2026-06-30 15:50:43.761",
                    "level": "DEBUG",
                    "thread": "http-nio-8169-exec-25",
                    "class": "o.s.w.s.m.m.a.RequestResponseBodyMethodProcessor",
                    "message": "Writing [com.zbkj.common.result.CommonResult@51c7e0df]" }
                    
{
                    "app": "Crmeb",
                    "timestamp":"2026-06-30 15:50:43.761",
                    "level": "DEBUG",
                    "thread": "http-nio-8169-exec-25",
                    "class": "o.s.web.servlet.DispatcherServlet",
                    "message": "Completed 200 OK" }
                    
{
                    "app": "Crmeb",
                    "timestamp":"2026-06-30 15:50:43.962",
                    "level": "DEBUG",
                    "thread": "http-nio-8169-exec-22",
                    "class": "o.s.w.s.m.m.a.RequestResponseBodyMethodProcessor",
                    "message": "Using 'application/json', given [application/json, text/plain, */*] and supported [application/json, application/*+json, application/json, application/*+json, application/cbor]" }
                    
{
                    "app": "Crmeb",
                    "timestamp":"2026-06-30 15:50:43.962",
                    "level": "DEBUG",
                    "thread": "http-nio-8169-exec-22",
                    "class": "o.s.w.s.m.m.a.RequestResponseBodyMethodProcessor",
                    "message": "Writing [com.zbkj.common.result.CommonResult@19412928]" }
                    
{
                    "app": "Crmeb",
                    "timestamp":"2026-06-30 15:50:43.963",
                    "level": "DEBUG",
                    "thread": "http-nio-8169-exec-22",
                    "class": "o.s.web.servlet.DispatcherServlet",
                    "message": "Completed 200 OK" }
                    
{
                    "app": "Crmeb",
                    "timestamp":"2026-06-30 15:50:45.125",
                    "level": "DEBUG",
                    "thread": "http-nio-8169-exec-8",
                    "class": "o.s.web.servlet.DispatcherServlet",
                    "message": "GET "/api/admin/store/product/tabs/headers?page=1&limit=20&cateId=&keywords=&type=2&temp=1782805845", parameters={masked}" }
                    
{
                    "app": "Crmeb",
                    "timestamp":"2026-06-30 15:50:45.125",
                    "level": "DEBUG",
                    "thread": "http-nio-8169-exec-8",
                    "class": "o.s.w.s.m.m.a.RequestMappingHandlerMapping",
                    "message": "Mapped to com.zbkj.admin.controller.StoreProductController#getTabsHeader(StoreProductHeaderRequest)" }
                    
{
                    "app": "Crmeb",
                    "timestamp":"2026-06-30 15:50:45.133",
                    "level": "DEBUG",
                    "thread": "http-nio-8169-exec-10",
                    "class": "o.s.web.servlet.DispatcherServlet",
                    "message": "GET "/api/admin/store/product/list?page=1&limit=20&cateId=&keywords=&type=2&temp=1782805845", parameters={masked}" }
                    
{
                    "app": "Crmeb",
                    "timestamp":"2026-06-30 15:50:45.134",
                    "level": "DEBUG",
                    "thread": "http-nio-8169-exec-10",
                    "class": "o.s.w.s.m.m.a.RequestMappingHandlerMapping",
                    "message": "Mapped to com.zbkj.admin.controller.StoreProductController#getList(StoreProductSearchRequest, PageParamRequest)" }
                    
{
                    "app": "Crmeb",
                    "timestamp":"2026-06-30 15:50:45.441",
                    "level": "DEBUG",
                    "thread": "http-nio-8169-exec-8",
                    "class": "o.s.w.s.m.m.a.RequestResponseBodyMethodProcessor",
                    "message": "Using 'application/json', given [application/json, text/plain, */*] and supported [application/json, application/*+json, application/json, application/*+json, application/cbor]" }
                    
{
                    "app": "Crmeb",
                    "timestamp":"2026-06-30 15:50:45.441",
                    "level": "DEBUG",
                    "thread": "http-nio-8169-exec-8",
                    "class": "o.s.w.s.m.m.a.RequestResponseBodyMethodProcessor",
                    "message": "Writing [com.zbkj.common.result.CommonResult@195b977f]" }
                    
{
                    "app": "Crmeb",
                    "timestamp":"2026-06-30 15:50:45.442",
                    "level": "DEBUG",
                    "thread": "http-nio-8169-exec-8",
                    "class": "o.s.web.servlet.DispatcherServlet",
                    "message": "Completed 200 OK" }
                    
{
                    "app": "Crmeb",
                    "timestamp":"2026-06-30 15:50:45.488",
                    "level": "DEBUG",
                    "thread": "http-nio-8169-exec-10",
                    "class": "o.s.w.s.m.m.a.RequestResponseBodyMethodProcessor",
                    "message": "Using 'application/json', given [application/json, text/plain, */*] and supported [application/json, application/*+json, application/json, application/*+json, application/cbor]" }
                    
{
                    "app": "Crmeb",
                    "timestamp":"2026-06-30 15:50:45.508",
                    "level": "DEBUG",
                    "thread": "http-nio-8169-exec-10",
                    "class": "o.s.w.s.m.m.a.RequestResponseBodyMethodProcessor",
                    "message": "Writing [com.zbkj.common.result.CommonResult@2be99132]" }
                    
{
                    "app": "Crmeb",
                    "timestamp":"2026-06-30 15:50:45.509",
                    "level": "DEBUG",
                    "thread": "http-nio-8169-exec-10",
                    "class": "o.s.web.servlet.DispatcherServlet",
                    "message": "Completed 200 OK" }
                    
{
                    "app": "Crmeb",
                    "timestamp":"2026-06-30 15:50:46.399",
                    "level": "DEBUG",
                    "thread": "http-nio-8169-exec-5",
                    "class": "o.s.web.servlet.DispatcherServlet",
                    "message": "GET "/api/admin/export/excel/product?cateId=&keywords=&type=2&temp=1782805846", parameters={masked}" }
                    
{
                    "app": "Crmeb",
                    "timestamp":"2026-06-30 15:50:46.399",
                    "level": "DEBUG",
                    "thread": "http-nio-8169-exec-5",
                    "class": "o.s.w.s.m.m.a.RequestMappingHandlerMapping",
                    "message": "Mapped to com.zbkj.admin.controller.ExcelController#export(StoreProductSearchRequest)" }
                    
{
                    "app": "Crmeb",
                    "timestamp":"2026-06-30 15:50:53.220",
                    "level": "DEBUG",
                    "thread": "http-nio-8169-exec-5",
                    "class": "o.s.w.s.m.m.a.RequestResponseBodyMethodProcessor",
                    "message": "Using 'application/json', given [application/json, text/plain, */*] and supported [application/json, application/*+json, application/json, application/*+json, application/cbor]" }
                    
{
                    "app": "Crmeb",
                    "timestamp":"2026-06-30 15:50:53.220",
                    "level": "DEBUG",
                    "thread": "http-nio-8169-exec-5",
                    "class": "o.s.w.s.m.m.a.RequestResponseBodyMethodProcessor",
                    "message": "Writing [com.zbkj.common.result.CommonResult@69359627]" }
                    
{
                    "app": "Crmeb",
                    "timestamp":"2026-06-30 15:50:53.238",
                    "level": "DEBUG",
                    "thread": "http-nio-8169-exec-5",
                    "class": "o.s.web.servlet.DispatcherServlet",
                    "message": "Completed 200 OK" }
                    
{
                    "app": "Crmeb",
                    "timestamp":"2026-06-30 15:51:06.409",
                    "level": "DEBUG",
                    "thread": "http-nio-8169-exec-13",
                    "class": "o.s.web.servlet.DispatcherServlet",
                    "message": "GET "/api/admin/getAdminInfoByToken?token=acd6bd3b1a884d219d18a02e5c945b5c&temp=1782805866", parameters={masked}" }
                    
{
                    "app": "Crmeb",
                    "timestamp":"2026-06-30 15:51:06.409",
                    "level": "DEBUG",
                    "thread": "http-nio-8169-exec-13",
                    "class": "o.s.w.s.m.m.a.RequestMappingHandlerMapping",
                    "message": "Mapped to com.zbkj.admin.controller.AdminLoginController#getAdminInfo()" }
                    
{
                    "app": "Crmeb",
                    "timestamp":"2026-06-30 15:51:06.410",
                    "level": "DEBUG",
                    "thread": "http-nio-8169-exec-13",
                    "class": "o.s.w.s.m.m.a.RequestResponseBodyMethodProcessor",
                    "message": "Using 'application/json', given [application/json, text/plain, */*] and supported [application/json, application/*+json, application/json, application/*+json, application/cbor]" }
                    
{
                    "app": "Crmeb",
                    "timestamp":"2026-06-30 15:51:06.410",
                    "level": "DEBUG",
                    "thread": "http-nio-8169-exec-13",
                    "class": "o.s.w.s.m.m.a.RequestResponseBodyMethodProcessor",
                    "message": "Writing [com.zbkj.common.result.CommonResult@628a3af6]" }
                    
{
                    "app": "Crmeb",
                    "timestamp":"2026-06-30 15:51:06.410",
                    "level": "DEBUG",
                    "thread": "http-nio-8169-exec-13",
                    "class": "o.s.web.servlet.DispatcherServlet",
                    "message": "Completed 200 OK" }
                    
{
                    "app": "Crmeb",
                    "timestamp":"2026-06-30 15:51:06.440",
                    "level": "DEBUG",
                    "thread": "http-nio-8169-exec-14",
                    "class": "o.s.web.servlet.DispatcherServlet",
                    "message": "GET "/api/admin/getMenus?temp=1782805866", parameters={masked}" }
                    
{
                    "app": "Crmeb",
                    "timestamp":"2026-06-30 15:51:06.440",
                    "level": "DEBUG",
                    "thread": "http-nio-8169-exec-14",
                    "class": "o.s.w.s.m.m.a.RequestMappingHandlerMapping",
                    "message": "Mapped to com.zbkj.admin.controller.AdminLoginController#getMenus()" }
                    
{
                    "app": "Crmeb",
                    "timestamp":"2026-06-30 15:51:06.514",
                    "level": "DEBUG",
                    "thread": "http-nio-8169-exec-14",
                    "class": "o.s.w.s.m.m.a.RequestResponseBodyMethodProcessor",
                    "message": "Using 'application/json', given [application/json, text/plain, */*] and supported [application/json, application/*+json, application/json, application/*+json, application/cbor]" }
                    
{
                    "app": "Crmeb",
                    "timestamp":"2026-06-30 15:51:06.514",
                    "level": "DEBUG",
                    "thread": "http-nio-8169-exec-14",
                    "class": "o.s.w.s.m.m.a.RequestResponseBodyMethodProcessor",
                    "message": "Writing [com.zbkj.common.result.CommonResult@5f4518e1]" }
                    
{
                    "app": "Crmeb",
                    "timestamp":"2026-06-30 15:51:06.515",
                    "level": "DEBUG",
                    "thread": "http-nio-8169-exec-14",
                    "class": "o.s.web.servlet.DispatcherServlet",
                    "message": "Completed 200 OK" }
                    
{
                    "app": "Crmeb",
                    "timestamp":"2026-06-30 15:51:06.776",
                    "level": "DEBUG",
                    "thread": "http-nio-8169-exec-16",
                    "class": "o.s.web.servlet.DispatcherServlet",
                    "message": "GET "/api/admin/statistics/home/chart/order?temp=1782805866", parameters={masked}" }
                    
{
                    "app": "Crmeb",
                    "timestamp":"2026-06-30 15:51:06.776",
                    "level": "DEBUG",
                    "thread": "http-nio-8169-exec-16",
                    "class": "o.s.w.s.m.m.a.RequestMappingHandlerMapping",
                    "message": "Mapped to com.zbkj.admin.controller.HomeController#chartOrder()" }
                    
{
                    "app": "Crmeb",
                    "timestamp":"2026-06-30 15:51:06.809",
                    "level": "DEBUG",
                    "thread": "http-nio-8169-exec-21",
                    "class": "o.s.web.servlet.DispatcherServlet",
                    "message": "GET "/api/admin/statistics/user/channel?temp=1782805866", parameters={masked}" }
                    
{
                    "app": "Crmeb",
                    "timestamp":"2026-06-30 15:51:06.809",
                    "level": "DEBUG",
                    "thread": "http-nio-8169-exec-27",
                    "class": "o.s.web.servlet.DispatcherServlet",
                    "message": "GET "/api/admin/statistics/home/index?temp=1782805866", parameters={masked}" }
                    
{
                    "app": "Crmeb",
                    "timestamp":"2026-06-30 15:51:06.809",
                    "level": "DEBUG",
                    "thread": "http-nio-8169-exec-21",
                    "class": "o.s.w.s.m.m.a.RequestMappingHandlerMapping",
                    "message": "Mapped to com.zbkj.admin.controller.UserStatisticsController#getChannelData()" }
                    
{
                    "app": "Crmeb",
                    "timestamp":"2026-06-30 15:51:06.809",
                    "level": "DEBUG",
                    "thread": "http-nio-8169-exec-18",
                    "class": "o.s.web.servlet.DispatcherServlet",
                    "message": "GET "/api/admin/statistics/user/overview?dateLimit=lately7&temp=1782805866", parameters={masked}" }
                    
{
                    "app": "Crmeb",
                    "timestamp":"2026-06-30 15:51:06.809",
                    "level": "DEBUG",
                    "thread": "http-nio-8169-exec-23",
                    "class": "o.s.web.servlet.DispatcherServlet",
                    "message": "GET "/api/admin/statistics/home/operating/data?temp=1782805866", parameters={masked}" }
                    
{
                    "app": "Crmeb",
                    "timestamp":"2026-06-30 15:51:06.809",
                    "level": "DEBUG",
                    "thread": "http-nio-8169-exec-27",
                    "class": "o.s.w.s.m.m.a.RequestMappingHandlerMapping",
                    "message": "Mapped to com.zbkj.admin.controller.HomeController#indexDate()" }
                    
{
                    "app": "Crmeb",
                    "timestamp":"2026-06-30 15:51:06.810",
                    "level": "DEBUG",
                    "thread": "http-nio-8169-exec-18",
                    "class": "o.s.w.s.m.m.a.RequestMappingHandlerMapping",
                    "message": "Mapped to com.zbkj.admin.controller.UserStatisticsController#getOverview(String)" }
                    
{
                    "app": "Crmeb",
                    "timestamp":"2026-06-30 15:51:06.810",
                    "level": "DEBUG",
                    "thread": "http-nio-8169-exec-23",
                    "class": "o.s.w.s.m.m.a.RequestMappingHandlerMapping",
                    "message": "Mapped to com.zbkj.admin.controller.HomeController#operatingData()" }
                    
{
                    "app": "Crmeb",
                    "timestamp":"2026-06-30 15:51:06.816",
                    "level": "DEBUG",
                    "thread": "http-nio-8169-exec-15",
                    "class": "o.s.web.servlet.DispatcherServlet",
                    "message": "GET "/api/admin/statistics/home/chart/user?temp=1782805866", parameters={masked}" }
                    
{
                    "app": "Crmeb",
                    "timestamp":"2026-06-30 15:51:06.816",
                    "level": "DEBUG",
                    "thread": "http-nio-8169-exec-15",
                    "class": "o.s.w.s.m.m.a.RequestMappingHandlerMapping",
                    "message": "Mapped to com.zbkj.admin.controller.HomeController#chartUser()" }
                    
{
                    "app": "Crmeb",
                    "timestamp":"2026-06-30 15:51:06.822",
                    "level": "DEBUG",
                    "thread": "http-nio-8169-exec-16",
                    "class": "o.s.w.s.m.m.a.RequestResponseBodyMethodProcessor",
                    "message": "Using 'application/json', given [application/json, text/plain, */*] and supported [application/json, application/*+json, application/json, application/*+json, application/cbor]" }
                    
{
                    "app": "Crmeb",
                    "timestamp":"2026-06-30 15:51:06.822",
                    "level": "DEBUG",
                    "thread": "http-nio-8169-exec-16",
                    "class": "o.s.w.s.m.m.a.RequestResponseBodyMethodProcessor",
                    "message": "Writing [com.zbkj.common.result.CommonResult@48fcf62]" }
                    
{
                    "app": "Crmeb",
                    "timestamp":"2026-06-30 15:51:06.823",
                    "level": "DEBUG",
                    "thread": "http-nio-8169-exec-16",
                    "class": "o.s.web.servlet.DispatcherServlet",
                    "message": "Completed 200 OK" }
                    
{
                    "app": "Crmeb",
                    "timestamp":"2026-06-30 15:51:06.856",
                    "level": "DEBUG",
                    "thread": "http-nio-8169-exec-21",
                    "class": "o.s.w.s.m.m.a.RequestResponseBodyMethodProcessor",
                    "message": "Using 'application/json', given [application/json, text/plain, */*] and supported [application/json, application/*+json, application/json, application/*+json, application/cbor]" }
                    
{
                    "app": "Crmeb",
                    "timestamp":"2026-06-30 15:51:06.856",
                    "level": "DEBUG",
                    "thread": "http-nio-8169-exec-21",
                    "class": "o.s.w.s.m.m.a.RequestResponseBodyMethodProcessor",
                    "message": "Writing [com.zbkj.common.result.CommonResult@6012adfa]" }
                    
{
                    "app": "Crmeb",
                    "timestamp":"2026-06-30 15:51:06.857",
                    "level": "DEBUG",
                    "thread": "http-nio-8169-exec-21",
                    "class": "o.s.web.servlet.DispatcherServlet",
                    "message": "Completed 200 OK" }
                    
{
                    "app": "Crmeb",
                    "timestamp":"2026-06-30 15:51:06.863",
                    "level": "DEBUG",
                    "thread": "http-nio-8169-exec-16",
                    "class": "o.s.web.servlet.DispatcherServlet",
                    "message": "GET "/api/admin/copyright/get/info?temp=1782805866", parameters={masked}" }
                    
{
                    "app": "Crmeb",
                    "timestamp":"2026-06-30 15:51:06.863",
                    "level": "DEBUG",
                    "thread": "http-nio-8169-exec-16",
                    "class": "o.s.w.s.m.m.a.RequestMappingHandlerMapping",
                    "message": "Mapped to com.zbkj.admin.controller.CopyrightController#getInfo()" }
                    
{
                    "app": "Crmeb",
                    "timestamp":"2026-06-30 15:51:06.865",
                    "level": "DEBUG",
                    "thread": "http-nio-8169-exec-15",
                    "class": "o.s.w.s.m.m.a.RequestResponseBodyMethodProcessor",
                    "message": "Using 'application/json', given [application/json, text/plain, */*] and supported [application/json, application/*+json, application/json, application/*+json, application/cbor]" }
                    
{
                    "app": "Crmeb",
                    "timestamp":"2026-06-30 15:51:06.865",
                    "level": "DEBUG",
                    "thread": "http-nio-8169-exec-15",
                    "class": "o.s.w.s.m.m.a.RequestResponseBodyMethodProcessor",
                    "message": "Writing [com.zbkj.common.result.CommonResult@71e3ec8a]" }
                    
{
                    "app": "Crmeb",
                    "timestamp":"2026-06-30 15:51:06.866",
                    "level": "DEBUG",
                    "thread": "http-nio-8169-exec-15",
                    "class": "o.s.web.servlet.DispatcherServlet",
                    "message": "Completed 200 OK" }
                    
{
                    "app": "Crmeb",
                    "timestamp":"2026-06-30 15:51:06.935",
                    "level": "DEBUG",
                    "thread": "http-nio-8169-exec-16",
                    "class": "o.s.web.client.RestTemplate",
                    "message": "HTTP POST https://authorize.crmeb.net/api/auth_cert_query?domain_name=https://jzk.wit.cn/&label=22&version=CRMEB-JAVA-KY-v1.4" }
                    
{
                    "app": "Crmeb",
                    "timestamp":"2026-06-30 15:51:06.935",
                    "level": "DEBUG",
                    "thread": "http-nio-8169-exec-16",
                    "class": "o.s.web.client.RestTemplate",
                    "message": "Accept=[application/json, application/cbor, application/*+json, text/plain, text/html]" }
                    
{
                    "app": "Crmeb",
                    "timestamp":"2026-06-30 15:51:07.147",
                    "level": "DEBUG",
                    "thread": "http-nio-8169-exec-27",
                    "class": "o.s.w.s.m.m.a.RequestResponseBodyMethodProcessor",
                    "message": "Using 'application/json', given [application/json, text/plain, */*] and supported [application/json, application/*+json, application/json, application/*+json, application/cbor]" }
                    
{
                    "app": "Crmeb",
                    "timestamp":"2026-06-30 15:51:07.147",
                    "level": "DEBUG",
                    "thread": "http-nio-8169-exec-27",
                    "class": "o.s.w.s.m.m.a.RequestResponseBodyMethodProcessor",
                    "message": "Writing [com.zbkj.common.result.CommonResult@4a240084]" }
                    
{
                    "app": "Crmeb",
                    "timestamp":"2026-06-30 15:51:07.147",
                    "level": "DEBUG",
                    "thread": "http-nio-8169-exec-27",
                    "class": "o.s.web.servlet.DispatcherServlet",
                    "message": "Completed 200 OK" }
                    
{
                    "app": "Crmeb",
                    "timestamp":"2026-06-30 15:51:07.195",
                    "level": "DEBUG",
                    "thread": "http-nio-8169-exec-16",
                    "class": "o.s.web.client.RestTemplate",
                    "message": "Response 200 OK" }
                    
{
                    "app": "Crmeb",
                    "timestamp":"2026-06-30 15:51:07.196",
                    "level": "DEBUG",
                    "thread": "http-nio-8169-exec-16",
                    "class": "o.s.web.client.RestTemplate",
                    "message": "Reading to [com.alibaba.fastjson.JSONObject]" }
                    
{
                    "app": "Crmeb",
                    "timestamp":"2026-06-30 15:51:07.197",
                    "level": "DEBUG",
                    "thread": "http-nio-8169-exec-16",
                    "class": "o.s.w.s.m.m.a.RequestResponseBodyMethodProcessor",
                    "message": "Using 'application/json', given [application/json, text/plain, */*] and supported [application/json, application/*+json, application/json, application/*+json, application/cbor]" }
                    
{
                    "app": "Crmeb",
                    "timestamp":"2026-06-30 15:51:07.197",
                    "level": "DEBUG",
                    "thread": "http-nio-8169-exec-16",
                    "class": "o.s.w.s.m.m.a.RequestResponseBodyMethodProcessor",
                    "message": "Writing [com.zbkj.common.result.CommonResult@3c456c2f]" }
                    
{
                    "app": "Crmeb",
                    "timestamp":"2026-06-30 15:51:07.197",
                    "level": "DEBUG",
                    "thread": "http-nio-8169-exec-16",
                    "class": "o.s.web.servlet.DispatcherServlet",
                    "message": "Completed 200 OK" }
                    
{
                    "app": "Crmeb",
                    "timestamp":"2026-06-30 15:51:07.261",
                    "level": "DEBUG",
                    "thread": "http-nio-8169-exec-23",
                    "class": "o.s.w.s.m.m.a.RequestResponseBodyMethodProcessor",
                    "message": "Using 'application/json', given [application/json, text/plain, */*] and supported [application/json, application/*+json, application/json, application/*+json, application/cbor]" }
                    
{
                    "app": "Crmeb",
                    "timestamp":"2026-06-30 15:51:07.261",
                    "level": "DEBUG",
                    "thread": "http-nio-8169-exec-23",
                    "class": "o.s.w.s.m.m.a.RequestResponseBodyMethodProcessor",
                    "message": "Writing [com.zbkj.common.result.CommonResult@5a6fcff3]" }
                    
{
                    "app": "Crmeb",
                    "timestamp":"2026-06-30 15:51:07.261",
                    "level": "DEBUG",
                    "thread": "http-nio-8169-exec-23",
                    "class": "o.s.web.servlet.DispatcherServlet",
                    "message": "Completed 200 OK" }
                    
{
                    "app": "Crmeb",
                    "timestamp":"2026-06-30 15:51:07.603",
                    "level": "DEBUG",
                    "thread": "http-nio-8169-exec-18",
                    "class": "o.s.w.s.m.m.a.RequestResponseBodyMethodProcessor",
                    "message": "Using 'application/json', given [application/json, text/plain, */*] and supported [application/json, application/*+json, application/json, application/*+json, application/cbor]" }
                    
{
                    "app": "Crmeb",
                    "timestamp":"2026-06-30 15:51:07.603",
                    "level": "DEBUG",
                    "thread": "http-nio-8169-exec-18",
                    "class": "o.s.w.s.m.m.a.RequestResponseBodyMethodProcessor",
                    "message": "Writing [com.zbkj.common.result.CommonResult@706eba93]" }
                    
{
                    "app": "Crmeb",
                    "timestamp":"2026-06-30 15:51:07.604",
                    "level": "DEBUG",
                    "thread": "http-nio-8169-exec-18",
                    "class": "o.s.web.servlet.DispatcherServlet",
                    "message": "Completed 200 OK" }
                    
{
                    "app": "Crmeb",
                    "timestamp":"2026-06-30 15:51:09.260",
                    "level": "DEBUG",
                    "thread": "http-nio-8169-exec-24",
                    "class": "o.s.web.servlet.DispatcherServlet",
                    "message": "GET "/api/admin/category/list/tree?status=-1&type=1&temp=1782805869", parameters={masked}" }
                    
{
                    "app": "Crmeb",
                    "timestamp":"2026-06-30 15:51:09.260",
                    "level": "DEBUG",
                    "thread": "http-nio-8169-exec-24",
                    "class": "o.s.w.s.m.m.a.RequestMappingHandlerMapping",
                    "message": "Mapped to com.zbkj.admin.controller.CategoryController#getListTree(Integer, Integer, String)" }
                    
{
                    "app": "Crmeb",
                    "timestamp":"2026-06-30 15:51:09.270",
                    "level": "DEBUG",
                    "thread": "http-nio-8169-exec-25",
                    "class": "o.s.web.servlet.DispatcherServlet",
                    "message": "GET "/api/admin/store/product/tabs/headers?page=1&limit=20&cateId=&keywords=&type=1&temp=1782805869", parameters={masked}" }
                    
{
                    "app": "Crmeb",
                    "timestamp":"2026-06-30 15:51:09.270",
                    "level": "DEBUG",
                    "thread": "http-nio-8169-exec-25",
                    "class": "o.s.w.s.m.m.a.RequestMappingHandlerMapping",
                    "message": "Mapped to com.zbkj.admin.controller.StoreProductController#getTabsHeader(StoreProductHeaderRequest)" }
                    
{
                    "app": "Crmeb",
                    "timestamp":"2026-06-30 15:51:09.270",
                    "level": "DEBUG",
                    "thread": "http-nio-8169-exec-28",
                    "class": "o.s.web.servlet.DispatcherServlet",
                    "message": "GET "/api/admin/store/product/list?page=1&limit=20&cateId=&keywords=&type=1&temp=1782805869", parameters={masked}" }
                    
{
                    "app": "Crmeb",
                    "timestamp":"2026-06-30 15:51:09.272",
                    "level": "DEBUG",
                    "thread": "http-nio-8169-exec-28",
                    "class": "o.s.w.s.m.m.a.RequestMappingHandlerMapping",
                    "message": "Mapped to com.zbkj.admin.controller.StoreProductController#getList(StoreProductSearchRequest, PageParamRequest)" }
                    
{
                    "app": "Crmeb",
                    "timestamp":"2026-06-30 15:51:09.308",
                    "level": "DEBUG",
                    "thread": "http-nio-8169-exec-24",
                    "class": "o.s.w.s.m.m.a.RequestResponseBodyMethodProcessor",
                    "message": "Using 'application/json', given [application/json, text/plain, */*] and supported [application/json, application/*+json, application/json, application/*+json, application/cbor]" }
                    
{
                    "app": "Crmeb",
                    "timestamp":"2026-06-30 15:51:09.308",
                    "level": "DEBUG",
                    "thread": "http-nio-8169-exec-24",
                    "class": "o.s.w.s.m.m.a.RequestResponseBodyMethodProcessor",
                    "message": "Writing [com.zbkj.common.result.CommonResult@dcf941e]" }
                    
{
                    "app": "Crmeb",
                    "timestamp":"2026-06-30 15:51:09.309",
                    "level": "DEBUG",
                    "thread": "http-nio-8169-exec-24",
                    "class": "o.s.web.servlet.DispatcherServlet",
                    "message": "Completed 200 OK" }
                    
{
                    "app": "Crmeb",
                    "timestamp":"2026-06-30 15:51:09.315",
                    "level": "DEBUG",
                    "thread": "http-nio-8169-exec-28",
                    "class": "o.s.w.s.m.m.a.RequestResponseBodyMethodProcessor",
                    "message": "Using 'application/json', given [application/json, text/plain, */*] and supported [application/json, application/*+json, application/json, application/*+json, application/cbor]" }
                    
{
                    "app": "Crmeb",
                    "timestamp":"2026-06-30 15:51:09.315",
                    "level": "DEBUG",
                    "thread": "http-nio-8169-exec-28",
                    "class": "o.s.w.s.m.m.a.RequestResponseBodyMethodProcessor",
                    "message": "Writing [com.zbkj.common.result.CommonResult@3f7042b7]" }
                    
{
                    "app": "Crmeb",
                    "timestamp":"2026-06-30 15:51:09.316",
                    "level": "DEBUG",
                    "thread": "http-nio-8169-exec-28",
                    "class": "o.s.web.servlet.DispatcherServlet",
                    "message": "Completed 200 OK" }
                    
{
                    "app": "Crmeb",
                    "timestamp":"2026-06-30 15:51:09.529",
                    "level": "DEBUG",
                    "thread": "http-nio-8169-exec-25",
                    "class": "o.s.w.s.m.m.a.RequestResponseBodyMethodProcessor",
                    "message": "Using 'application/json', given [application/json, text/plain, */*] and supported [application/json, application/*+json, application/json, application/*+json, application/cbor]" }
                    
{
                    "app": "Crmeb",
                    "timestamp":"2026-06-30 15:51:09.529",
                    "level": "DEBUG",
                    "thread": "http-nio-8169-exec-25",
                    "class": "o.s.w.s.m.m.a.RequestResponseBodyMethodProcessor",
                    "message": "Writing [com.zbkj.common.result.CommonResult@30e87208]" }
                    
{
                    "app": "Crmeb",
                    "timestamp":"2026-06-30 15:51:09.529",
                    "level": "DEBUG",
                    "thread": "http-nio-8169-exec-25",
                    "class": "o.s.web.servlet.DispatcherServlet",
                    "message": "Completed 200 OK" }
                    
{
                    "app": "Crmeb",
                    "timestamp":"2026-06-30 15:51:18.953",
                    "level": "DEBUG",
                    "thread": "http-nio-8169-exec-13",
                    "class": "o.s.web.servlet.DispatcherServlet",
                    "message": "GET "/api/admin/store/product/list?page=1&limit=20&cateId=&keywords=&type=2&temp=1782805878", parameters={masked}" }
                    
{
                    "app": "Crmeb",
                    "timestamp":"2026-06-30 15:51:18.954",
                    "level": "DEBUG",
                    "thread": "http-nio-8169-exec-13",
                    "class": "o.s.w.s.m.m.a.RequestMappingHandlerMapping",
                    "message": "Mapped to com.zbkj.admin.controller.StoreProductController#getList(StoreProductSearchRequest, PageParamRequest)" }
                    
{
                    "app": "Crmeb",
                    "timestamp":"2026-06-30 15:51:18.954",
                    "level": "DEBUG",
                    "thread": "http-nio-8169-exec-4",
                    "class": "o.s.web.servlet.DispatcherServlet",
                    "message": "GET "/api/admin/store/product/tabs/headers?page=1&limit=20&cateId=&keywords=&type=2&temp=1782805878", parameters={masked}" }
                    
{
                    "app": "Crmeb",
                    "timestamp":"2026-06-30 15:51:18.954",
                    "level": "DEBUG",
                    "thread": "http-nio-8169-exec-4",
                    "class": "o.s.w.s.m.m.a.RequestMappingHandlerMapping",
                    "message": "Mapped to com.zbkj.admin.controller.StoreProductController#getTabsHeader(StoreProductHeaderRequest)" }
                    
{
                    "app": "Crmeb",
                    "timestamp":"2026-06-30 15:51:19.214",
                    "level": "DEBUG",
                    "thread": "http-nio-8169-exec-4",
                    "class": "o.s.w.s.m.m.a.RequestResponseBodyMethodProcessor",
                    "message": "Using 'application/json', given [application/json, text/plain, */*] and supported [application/json, application/*+json, application/json, application/*+json, application/cbor]" }
                    
{
                    "app": "Crmeb",
                    "timestamp":"2026-06-30 15:51:19.214",
                    "level": "DEBUG",
                    "thread": "http-nio-8169-exec-4",
                    "class": "o.s.w.s.m.m.a.RequestResponseBodyMethodProcessor",
                    "message": "Writing [com.zbkj.common.result.CommonResult@7c9cd5e2]" }
                    
{
                    "app": "Crmeb",
                    "timestamp":"2026-06-30 15:51:19.214",
                    "level": "DEBUG",
                    "thread": "http-nio-8169-exec-4",
                    "class": "o.s.web.servlet.DispatcherServlet",
                    "message": "Completed 200 OK" }
                    
{
                    "app": "Crmeb",
                    "timestamp":"2026-06-30 15:51:19.268",
                    "level": "DEBUG",
                    "thread": "http-nio-8169-exec-13",
                    "class": "o.s.w.s.m.m.a.RequestResponseBodyMethodProcessor",
                    "message": "Using 'application/json', given [application/json, text/plain, */*] and supported [application/json, application/*+json, application/json, application/*+json, application/cbor]" }
                    
{
                    "app": "Crmeb",
                    "timestamp":"2026-06-30 15:51:19.270",
                    "level": "DEBUG",
                    "thread": "http-nio-8169-exec-13",
                    "class": "o.s.w.s.m.m.a.RequestResponseBodyMethodProcessor",
                    "message": "Writing [com.zbkj.common.result.CommonResult@52424665]" }
                    
{
                    "app": "Crmeb",
                    "timestamp":"2026-06-30 15:51:19.271",
                    "level": "DEBUG",
                    "thread": "http-nio-8169-exec-13",
                    "class": "o.s.web.servlet.DispatcherServlet",
                    "message": "Completed 200 OK" }
                    
{
                    "app": "Crmeb",
                    "timestamp":"2026-06-30 15:51:42.440",
                    "level": "DEBUG",
                    "thread": "http-nio-8169-exec-1",
                    "class": "o.s.web.servlet.DispatcherServlet",
                    "message": "GET "/api/admin/system/group/data/list?gid=70&temp=1782805902", parameters={masked}" }
                    
{
                    "app": "Crmeb",
                    "timestamp":"2026-06-30 15:51:42.441",
                    "level": "DEBUG",
                    "thread": "http-nio-8169-exec-1",
                    "class": "o.s.w.s.m.m.a.RequestMappingHandlerMapping",
                    "message": "Mapped to com.zbkj.admin.controller.SystemGroupDataController#getList(SystemGroupDataSearchRequest, PageParamRequest)" }
                    
{
                    "app": "Crmeb",
                    "timestamp":"2026-06-30 15:51:42.452",
                    "level": "DEBUG",
                    "thread": "http-nio-8169-exec-29",
                    "class": "o.s.web.servlet.DispatcherServlet",
                    "message": "GET "/api/admin/category/list/tree?status=-1&type=1&temp=1782805902", parameters={masked}" }
                    
{
                    "app": "Crmeb",
                    "timestamp":"2026-06-30 15:51:42.452",
                    "level": "DEBUG",
                    "thread": "http-nio-8169-exec-29",
                    "class": "o.s.w.s.m.m.a.RequestMappingHandlerMapping",
                    "message": "Mapped to com.zbkj.admin.controller.CategoryController#getListTree(Integer, Integer, String)" }
                    
{
                    "app": "Crmeb",
                    "timestamp":"2026-06-30 15:51:42.470",
                    "level": "DEBUG",
                    "thread": "http-nio-8169-exec-17",
                    "class": "o.s.web.servlet.DispatcherServlet",
                    "message": "GET "/api/admin/express/shipping/templates/list?page=1&limit=9999&temp=1782805902", parameters={masked}" }
                    
{
                    "app": "Crmeb",
                    "timestamp":"2026-06-30 15:51:42.471",
                    "level": "DEBUG",
                    "thread": "http-nio-8169-exec-17",
                    "class": "o.s.w.s.m.m.a.RequestMappingHandlerMapping",
                    "message": "Mapped to com.zbkj.admin.controller.ShippingTemplatesController#getList(ShippingTemplatesSearchRequest, PageParamRequest)" }
                    
{
                    "app": "Crmeb",
                    "timestamp":"2026-06-30 15:51:42.502",
                    "level": "DEBUG",
                    "thread": "http-nio-8169-exec-29",
                    "class": "o.s.w.s.m.m.a.RequestResponseBodyMethodProcessor",
                    "message": "Using 'application/json', given [application/json, text/plain, */*] and supported [application/json, application/*+json, application/json, application/*+json, application/cbor]" }
                    
{
                    "app": "Crmeb",
                    "timestamp":"2026-06-30 15:51:42.502",
                    "level": "DEBUG",
                    "thread": "http-nio-8169-exec-29",
                    "class": "o.s.w.s.m.m.a.RequestResponseBodyMethodProcessor",
                    "message": "Writing [com.zbkj.common.result.CommonResult@71370275]" }
                    
{
                    "app": "Crmeb",
                    "timestamp":"2026-06-30 15:51:42.504",
                    "level": "DEBUG",
                    "thread": "http-nio-8169-exec-29",
                    "class": "o.s.web.servlet.DispatcherServlet",
                    "message": "Completed 200 OK" }
                    
{
                    "app": "Crmeb",
                    "timestamp":"2026-06-30 15:51:42.540",
                    "level": "DEBUG",
                    "thread": "http-nio-8169-exec-1",
                    "class": "o.s.w.s.m.m.a.RequestResponseBodyMethodProcessor",
                    "message": "Using 'application/json', given [application/json, text/plain, */*] and supported [application/json, application/*+json, application/json, application/*+json, application/cbor]" }
                    
{
                    "app": "Crmeb",
                    "timestamp":"2026-06-30 15:51:42.540",
                    "level": "DEBUG",
                    "thread": "http-nio-8169-exec-1",
                    "class": "o.s.w.s.m.m.a.RequestResponseBodyMethodProcessor",
                    "message": "Writing [com.zbkj.common.result.CommonResult@29874351]" }
                    
{
                    "app": "Crmeb",
                    "timestamp":"2026-06-30 15:51:42.540",
                    "level": "DEBUG",
                    "thread": "http-nio-8169-exec-1",
                    "class": "o.s.web.servlet.DispatcherServlet",
                    "message": "Completed 200 OK" }
                    
{
                    "app": "Crmeb",
                    "timestamp":"2026-06-30 15:51:42.563",
                    "level": "DEBUG",
                    "thread": "http-nio-8169-exec-17",
                    "class": "o.s.w.s.m.m.a.RequestResponseBodyMethodProcessor",
                    "message": "Using 'application/json', given [application/json, text/plain, */*] and supported [application/json, application/*+json, application/json, application/*+json, application/cbor]" }
                    
{
                    "app": "Crmeb",
                    "timestamp":"2026-06-30 15:51:42.564",
                    "level": "DEBUG",
                    "thread": "http-nio-8169-exec-17",
                    "class": "o.s.w.s.m.m.a.RequestResponseBodyMethodProcessor",
                    "message": "Writing [com.zbkj.common.result.CommonResult@7fc6df70]" }
                    
{
                    "app": "Crmeb",
                    "timestamp":"2026-06-30 15:51:42.564",
                    "level": "DEBUG",
                    "thread": "http-nio-8169-exec-17",
                    "class": "o.s.web.servlet.DispatcherServlet",
                    "message": "Completed 200 OK" }
                    
{
                    "app": "Crmeb",
                    "timestamp":"2026-06-30 15:51:43.797",
                    "level": "DEBUG",
                    "thread": "http-nio-8169-exec-21",
                    "class": "o.s.web.servlet.DispatcherServlet",
                    "message": "GET "/api/admin/category/list/tree?type=2&status=-1&temp=1782805903", parameters={masked}" }
                    
{
                    "app": "Crmeb",
                    "timestamp":"2026-06-30 15:51:43.797",
                    "level": "DEBUG",
                    "thread": "http-nio-8169-exec-21",
                    "class": "o.s.w.s.m.m.a.RequestMappingHandlerMapping",
                    "message": "Mapped to com.zbkj.admin.controller.CategoryController#getListTree(Integer, Integer, String)" }
                    
{
                    "app": "Crmeb",
                    "timestamp":"2026-06-30 15:51:43.806",
                    "level": "DEBUG",
                    "thread": "http-nio-8169-exec-15",
                    "class": "o.s.web.servlet.DispatcherServlet",
                    "message": "GET "/api/admin/system/attachment/list?page=1&limit=18&pid=0&attType=jpg,jpeg,gif,png,bmp,PNG,JPG&temp=1782805903", parameters={masked}" }
                    
{
                    "app": "Crmeb",
                    "timestamp":"2026-06-30 15:51:43.807",
                    "level": "DEBUG",
                    "thread": "http-nio-8169-exec-15",
                    "class": "o.s.w.s.m.m.a.RequestMappingHandlerMapping",
                    "message": "Mapped to com.zbkj.admin.controller.SystemAttachmentController#getList(Integer, String, PageParamRequest)" }
                    
{
                    "app": "Crmeb",
                    "timestamp":"2026-06-30 15:51:43.843",
                    "level": "DEBUG",
                    "thread": "http-nio-8169-exec-21",
                    "class": "o.s.w.s.m.m.a.RequestResponseBodyMethodProcessor",
                    "message": "Using 'application/json', given [application/json, text/plain, */*] and supported [application/json, application/*+json, application/json, application/*+json, application/cbor]" }
                    
{
                    "app": "Crmeb",
                    "timestamp":"2026-06-30 15:51:43.843",
                    "level": "DEBUG",
                    "thread": "http-nio-8169-exec-21",
                    "class": "o.s.w.s.m.m.a.RequestResponseBodyMethodProcessor",
                    "message": "Writing [com.zbkj.common.result.CommonResult@ff8ff41]" }
                    
{
                    "app": "Crmeb",
                    "timestamp":"2026-06-30 15:51:43.844",
                    "level": "DEBUG",
                    "thread": "http-nio-8169-exec-21",
                    "class": "o.s.web.servlet.DispatcherServlet",
                    "message": "Completed 200 OK" }
                    
{
                    "app": "Crmeb",
                    "timestamp":"2026-06-30 15:51:43.911",
                    "level": "DEBUG",
                    "thread": "http-nio-8169-exec-15",
                    "class": "o.s.w.s.m.m.a.RequestResponseBodyMethodProcessor",
                    "message": "Using 'application/json', given [application/json, text/plain, */*] and supported [application/json, application/*+json, application/json, application/*+json, application/cbor]" }
                    
{
                    "app": "Crmeb",
                    "timestamp":"2026-06-30 15:51:43.911",
                    "level": "DEBUG",
                    "thread": "http-nio-8169-exec-15",
                    "class": "o.s.w.s.m.m.a.RequestResponseBodyMethodProcessor",
                    "message": "Writing [com.zbkj.common.result.CommonResult@eb91fb9]" }
                    
{
                    "app": "Crmeb",
                    "timestamp":"2026-06-30 15:51:43.915",
                    "level": "DEBUG",
                    "thread": "http-nio-8169-exec-15",
                    "class": "o.s.web.servlet.DispatcherServlet",
                    "message": "Completed 200 OK" }
                    
{
                    "app": "Crmeb",
                    "timestamp":"2026-06-30 15:51:47.451",
                    "level": "DEBUG",
                    "thread": "http-nio-8169-exec-16",
                    "class": "o.s.web.servlet.DispatcherServlet",
                    "message": "GET "/api/admin/system/attachment/list?page=1&limit=18&pid=0&attType=video%2Fmp4&temp=1782805907", parameters={masked}" }
                    
{
                    "app": "Crmeb",
                    "timestamp":"2026-06-30 15:51:47.451",
                    "level": "DEBUG",
                    "thread": "http-nio-8169-exec-16",
                    "class": "o.s.w.s.m.m.a.RequestMappingHandlerMapping",
                    "message": "Mapped to com.zbkj.admin.controller.SystemAttachmentController#getList(Integer, String, PageParamRequest)" }
                    
{
                    "app": "Crmeb",
                    "timestamp":"2026-06-30 15:51:47.549",
                    "level": "DEBUG",
                    "thread": "http-nio-8169-exec-16",
                    "class": "o.s.w.s.m.m.a.RequestResponseBodyMethodProcessor",
                    "message": "Using 'application/json', given [application/json, text/plain, */*] and supported [application/json, application/*+json, application/json, application/*+json, application/cbor]" }
                    
{
                    "app": "Crmeb",
                    "timestamp":"2026-06-30 15:51:47.549",
                    "level": "DEBUG",
                    "thread": "http-nio-8169-exec-16",
                    "class": "o.s.w.s.m.m.a.RequestResponseBodyMethodProcessor",
                    "message": "Writing [com.zbkj.common.result.CommonResult@142d0e8e]" }
                    
{
                    "app": "Crmeb",
                    "timestamp":"2026-06-30 15:51:47.549",
                    "level": "DEBUG",
                    "thread": "http-nio-8169-exec-16",
                    "class": "o.s.web.servlet.DispatcherServlet",
                    "message": "Completed 200 OK" }
                    
{
                    "app": "Crmeb",
                    "timestamp":"2026-06-30 15:51:51.397",
                    "level": "DEBUG",
                    "thread": "http-nio-8169-exec-18",
                    "class": "o.s.web.servlet.DispatcherServlet",
                    "message": "GET "/api/admin/system/attachment/list?page=1&limit=18&pid=0&attType=jpg,jpeg,gif,png,bmp,PNG,JPG&temp=1782805911", parameters={masked}" }
                    
{
                    "app": "Crmeb",
                    "timestamp":"2026-06-30 15:51:51.398",
                    "level": "DEBUG",
                    "thread": "http-nio-8169-exec-18",
                    "class": "o.s.w.s.m.m.a.RequestMappingHandlerMapping",
                    "message": "Mapped to com.zbkj.admin.controller.SystemAttachmentController#getList(Integer, String, PageParamRequest)" }
                    
{
                    "app": "Crmeb",
                    "timestamp":"2026-06-30 15:51:51.496",
                    "level": "DEBUG",
                    "thread": "http-nio-8169-exec-18",
                    "class": "o.s.w.s.m.m.a.RequestResponseBodyMethodProcessor",
                    "message": "Using 'application/json', given [application/json, text/plain, */*] and supported [application/json, application/*+json, application/json, application/*+json, application/cbor]" }
                    
{
                    "app": "Crmeb",
                    "timestamp":"2026-06-30 15:51:51.496",
                    "level": "DEBUG",
                    "thread": "http-nio-8169-exec-18",
                    "class": "o.s.w.s.m.m.a.RequestResponseBodyMethodProcessor",
                    "message": "Writing [com.zbkj.common.result.CommonResult@7da11af8]" }
                    
{
                    "app": "Crmeb",
                    "timestamp":"2026-06-30 15:51:51.497",
                    "level": "DEBUG",
                    "thread": "http-nio-8169-exec-18",
                    "class": "o.s.web.servlet.DispatcherServlet",
                    "message": "Completed 200 OK" }
                    
{
                    "app": "Crmeb",
                    "timestamp":"2026-06-30 15:51:58.873",
                    "level": "DEBUG",
                    "thread": "http-nio-8169-exec-7",
                    "class": "o.s.web.servlet.DispatcherServlet",
                    "message": "GET "/api/admin/system/city/list/tree?temp=1782805918", parameters={masked}" }
                    
{
                    "app": "Crmeb",
                    "timestamp":"2026-06-30 15:51:58.874",
                    "level": "DEBUG",
                    "thread": "http-nio-8169-exec-7",
                    "class": "o.s.w.s.m.m.a.RequestMappingHandlerMapping",
                    "message": "Mapped to com.zbkj.admin.controller.SystemCityController#getListTree()" }
                    
{
                    "app": "Crmeb",
                    "timestamp":"2026-06-30 15:51:59.040",
                    "level": "DEBUG",
                    "thread": "http-nio-8169-exec-7",
                    "class": "o.s.w.s.m.m.a.RequestResponseBodyMethodProcessor",
                    "message": "Using 'application/json', given [application/json, text/plain, */*] and supported [application/json, application/*+json, application/json, application/*+json, application/cbor]" }
                    
{
                    "app": "Crmeb",
                    "timestamp":"2026-06-30 15:51:59.041",
                    "level": "DEBUG",
                    "thread": "http-nio-8169-exec-7",
                    "class": "o.s.w.s.m.m.a.RequestResponseBodyMethodProcessor",
                    "message": "Writing [com.zbkj.common.result.CommonResult@2ce276c1]" }
                    
{
                    "app": "Crmeb",
                    "timestamp":"2026-06-30 15:51:59.088",
                    "level": "DEBUG",
                    "thread": "http-nio-8169-exec-7",
                    "class": "o.s.web.servlet.DispatcherServlet",
                    "message": "Completed 200 OK" }
                    
{
                    "app": "Crmeb",
                    "timestamp":"2026-06-30 16:15:43.302",
                    "level": "DEBUG",
                    "thread": "http-nio-8169-exec-11",
                    "class": "o.s.web.servlet.DispatcherServlet",
                    "message": "GET "/api/admin/category/list/tree?status=-1&type=1&temp=1782807343", parameters={masked}" }
                    
{
                    "app": "Crmeb",
                    "timestamp":"2026-06-30 16:15:43.303",
                    "level": "DEBUG",
                    "thread": "http-nio-8169-exec-10",
                    "class": "o.s.web.servlet.DispatcherServlet",
                    "message": "GET "/api/admin/store/product/list?page=1&limit=20&cateId=&keywords=&type=1&temp=1782807343", parameters={masked}" }
                    
{
                    "app": "Crmeb",
                    "timestamp":"2026-06-30 16:15:43.303",
                    "level": "DEBUG",
                    "thread": "http-nio-8169-exec-11",
                    "class": "o.s.w.s.m.m.a.RequestMappingHandlerMapping",
                    "message": "Mapped to com.zbkj.admin.controller.CategoryController#getListTree(Integer, Integer, String)" }
                    
{
                    "app": "Crmeb",
                    "timestamp":"2026-06-30 16:15:43.303",
                    "level": "DEBUG",
                    "thread": "http-nio-8169-exec-10",
                    "class": "o.s.w.s.m.m.a.RequestMappingHandlerMapping",
                    "message": "Mapped to com.zbkj.admin.controller.StoreProductController#getList(StoreProductSearchRequest, PageParamRequest)" }
                    
{
                    "app": "Crmeb",
                    "timestamp":"2026-06-30 16:15:43.345",
                    "level": "DEBUG",
                    "thread": "http-nio-8169-exec-26",
                    "class": "o.s.web.servlet.DispatcherServlet",
                    "message": "GET "/api/admin/store/product/tabs/headers?page=1&limit=20&cateId=&keywords=&type=1&temp=1782807343", parameters={masked}" }
                    
{
                    "app": "Crmeb",
                    "timestamp":"2026-06-30 16:15:43.345",
                    "level": "DEBUG",
                    "thread": "http-nio-8169-exec-26",
                    "class": "o.s.w.s.m.m.a.RequestMappingHandlerMapping",
                    "message": "Mapped to com.zbkj.admin.controller.StoreProductController#getTabsHeader(StoreProductHeaderRequest)" }
                    
{
                    "app": "Crmeb",
                    "timestamp":"2026-06-30 16:15:43.348",
                    "level": "DEBUG",
                    "thread": "http-nio-8169-exec-10",
                    "class": "o.s.w.s.m.m.a.RequestResponseBodyMethodProcessor",
                    "message": "Using 'application/json', given [application/json, text/plain, */*] and supported [application/json, application/*+json, application/json, application/*+json, application/cbor]" }
                    
{
                    "app": "Crmeb",
                    "timestamp":"2026-06-30 16:15:43.348",
                    "level": "DEBUG",
                    "thread": "http-nio-8169-exec-10",
                    "class": "o.s.w.s.m.m.a.RequestResponseBodyMethodProcessor",
                    "message": "Writing [com.zbkj.common.result.CommonResult@3e2e8153]" }
                    
{
                    "app": "Crmeb",
                    "timestamp":"2026-06-30 16:15:43.348",
                    "level": "DEBUG",
                    "thread": "http-nio-8169-exec-10",
                    "class": "o.s.web.servlet.DispatcherServlet",
                    "message": "Completed 200 OK" }
                    
{
                    "app": "Crmeb",
                    "timestamp":"2026-06-30 16:15:43.375",
                    "level": "DEBUG",
                    "thread": "http-nio-8169-exec-11",
                    "class": "o.s.w.s.m.m.a.RequestResponseBodyMethodProcessor",
                    "message": "Using 'application/json', given [application/json, text/plain, */*] and supported [application/json, application/*+json, application/json, application/*+json, application/cbor]" }
                    
{
                    "app": "Crmeb",
                    "timestamp":"2026-06-30 16:15:43.375",
                    "level": "DEBUG",
                    "thread": "http-nio-8169-exec-11",
                    "class": "o.s.w.s.m.m.a.RequestResponseBodyMethodProcessor",
                    "message": "Writing [com.zbkj.common.result.CommonResult@2a9c14f5]" }
                    
{
                    "app": "Crmeb",
                    "timestamp":"2026-06-30 16:15:43.376",
                    "level": "DEBUG",
                    "thread": "http-nio-8169-exec-11",
                    "class": "o.s.web.servlet.DispatcherServlet",
                    "message": "Completed 200 OK" }
                    
{
                    "app": "Crmeb",
                    "timestamp":"2026-06-30 16:15:43.649",
                    "level": "DEBUG",
                    "thread": "http-nio-8169-exec-26",
                    "class": "o.s.w.s.m.m.a.RequestResponseBodyMethodProcessor",
                    "message": "Using 'application/json', given [application/json, text/plain, */*] and supported [application/json, application/*+json, application/json, application/*+json, application/cbor]" }
                    
{
                    "app": "Crmeb",
                    "timestamp":"2026-06-30 16:15:43.649",
                    "level": "DEBUG",
                    "thread": "http-nio-8169-exec-26",
                    "class": "o.s.w.s.m.m.a.RequestResponseBodyMethodProcessor",
                    "message": "Writing [com.zbkj.common.result.CommonResult@3f76c652]" }
                    
{
                    "app": "Crmeb",
                    "timestamp":"2026-06-30 16:15:43.650",
                    "level": "DEBUG",
                    "thread": "http-nio-8169-exec-26",
                    "class": "o.s.web.servlet.DispatcherServlet",
                    "message": "Completed 200 OK" }
                    
{
                    "app": "Crmeb",
                    "timestamp":"2026-06-30 16:15:45.240",
                    "level": "DEBUG",
                    "thread": "http-nio-8169-exec-4",
                    "class": "o.s.web.servlet.DispatcherServlet",
                    "message": "GET "/api/admin/store/product/tabs/headers?page=1&limit=20&cateId=&keywords=&type=2&temp=1782807345", parameters={masked}" }
                    
{
                    "app": "Crmeb",
                    "timestamp":"2026-06-30 16:15:45.240",
                    "level": "DEBUG",
                    "thread": "http-nio-8169-exec-4",
                    "class": "o.s.w.s.m.m.a.RequestMappingHandlerMapping",
                    "message": "Mapped to com.zbkj.admin.controller.StoreProductController#getTabsHeader(StoreProductHeaderRequest)" }
                    
{
                    "app": "Crmeb",
                    "timestamp":"2026-06-30 16:15:45.291",
                    "level": "DEBUG",
                    "thread": "http-nio-8169-exec-5",
                    "class": "o.s.web.servlet.DispatcherServlet",
                    "message": "GET "/api/admin/store/product/list?page=1&limit=20&cateId=&keywords=&type=2&temp=1782807345", parameters={masked}" }
                    
{
                    "app": "Crmeb",
                    "timestamp":"2026-06-30 16:15:45.291",
                    "level": "DEBUG",
                    "thread": "http-nio-8169-exec-5",
                    "class": "o.s.w.s.m.m.a.RequestMappingHandlerMapping",
                    "message": "Mapped to com.zbkj.admin.controller.StoreProductController#getList(StoreProductSearchRequest, PageParamRequest)" }
                    
{
                    "app": "Crmeb",
                    "timestamp":"2026-06-30 16:15:45.547",
                    "level": "DEBUG",
                    "thread": "http-nio-8169-exec-4",
                    "class": "o.s.w.s.m.m.a.RequestResponseBodyMethodProcessor",
                    "message": "Using 'application/json', given [application/json, text/plain, */*] and supported [application/json, application/*+json, application/json, application/*+json, application/cbor]" }
                    
{
                    "app": "Crmeb",
                    "timestamp":"2026-06-30 16:15:45.547",
                    "level": "DEBUG",
                    "thread": "http-nio-8169-exec-4",
                    "class": "o.s.w.s.m.m.a.RequestResponseBodyMethodProcessor",
                    "message": "Writing [com.zbkj.common.result.CommonResult@78d7e72c]" }
                    
{
                    "app": "Crmeb",
                    "timestamp":"2026-06-30 16:15:45.548",
                    "level": "DEBUG",
                    "thread": "http-nio-8169-exec-4",
                    "class": "o.s.web.servlet.DispatcherServlet",
                    "message": "Completed 200 OK" }
                    
{
                    "app": "Crmeb",
                    "timestamp":"2026-06-30 16:15:45.689",
                    "level": "DEBUG",
                    "thread": "http-nio-8169-exec-5",
                    "class": "o.s.w.s.m.m.a.RequestResponseBodyMethodProcessor",
                    "message": "Using 'application/json', given [application/json, text/plain, */*] and supported [application/json, application/*+json, application/json, application/*+json, application/cbor]" }
                    
{
                    "app": "Crmeb",
                    "timestamp":"2026-06-30 16:15:45.689",
                    "level": "DEBUG",
                    "thread": "http-nio-8169-exec-5",
                    "class": "o.s.w.s.m.m.a.RequestResponseBodyMethodProcessor",
                    "message": "Writing [com.zbkj.common.result.CommonResult@563a1bba]" }
                    
{
                    "app": "Crmeb",
                    "timestamp":"2026-06-30 16:15:45.690",
                    "level": "DEBUG",
                    "thread": "http-nio-8169-exec-5",
                    "class": "o.s.web.servlet.DispatcherServlet",
                    "message": "Completed 200 OK" }
                    
{
                    "app": "Crmeb",
                    "timestamp":"2026-06-30 16:15:49.968",
                    "level": "DEBUG",
                    "thread": "http-nio-8169-exec-14",
                    "class": "o.s.web.servlet.DispatcherServlet",
                    "message": "GET "/api/admin/category/list/tree?type=1&status=-1&name=&temp=1782807349", parameters={masked}" }
                    
{
                    "app": "Crmeb",
                    "timestamp":"2026-06-30 16:15:49.969",
                    "level": "DEBUG",
                    "thread": "http-nio-8169-exec-14",
                    "class": "o.s.w.s.m.m.a.RequestMappingHandlerMapping",
                    "message": "Mapped to com.zbkj.admin.controller.CategoryController#getListTree(Integer, Integer, String)" }
                    
{
                    "app": "Crmeb",
                    "timestamp":"2026-06-30 16:15:50.013",
                    "level": "DEBUG",
                    "thread": "http-nio-8169-exec-14",
                    "class": "o.s.w.s.m.m.a.RequestResponseBodyMethodProcessor",
                    "message": "Using 'application/json', given [application/json, text/plain, */*] and supported [application/json, application/*+json, application/json, application/*+json, application/cbor]" }
                    
{
                    "app": "Crmeb",
                    "timestamp":"2026-06-30 16:15:50.013",
                    "level": "DEBUG",
                    "thread": "http-nio-8169-exec-14",
                    "class": "o.s.w.s.m.m.a.RequestResponseBodyMethodProcessor",
                    "message": "Writing [com.zbkj.common.result.CommonResult@679d80dd]" }
                    
{
                    "app": "Crmeb",
                    "timestamp":"2026-06-30 16:15:50.014",
                    "level": "DEBUG",
                    "thread": "http-nio-8169-exec-14",
                    "class": "o.s.web.servlet.DispatcherServlet",
                    "message": "Completed 200 OK" }
                    
{
                    "app": "Crmeb",
                    "timestamp":"2026-06-30 16:15:53.425",
                    "level": "DEBUG",
                    "thread": "http-nio-8169-exec-12",
                    "class": "o.s.web.servlet.DispatcherServlet",
                    "message": "GET "/api/admin/store/product/rule/list?page=1&limit=20&keywords=&temp=1782807353", parameters={masked}" }
                    
{
                    "app": "Crmeb",
                    "timestamp":"2026-06-30 16:15:53.426",
                    "level": "DEBUG",
                    "thread": "http-nio-8169-exec-12",
                    "class": "o.s.w.s.m.m.a.RequestMappingHandlerMapping",
                    "message": "Mapped to com.zbkj.admin.controller.StoreProductRuleController#getList(StoreProductRuleSearchRequest, PageParamRequest)" }
                    
{
                    "app": "Crmeb",
                    "timestamp":"2026-06-30 16:15:53.523",
                    "level": "DEBUG",
                    "thread": "http-nio-8169-exec-12",
                    "class": "o.s.w.s.m.m.a.RequestResponseBodyMethodProcessor",
                    "message": "Using 'application/json', given [application/json, text/plain, */*] and supported [application/json, application/*+json, application/json, application/*+json, application/cbor]" }
                    
{
                    "app": "Crmeb",
                    "timestamp":"2026-06-30 16:15:53.523",
                    "level": "DEBUG",
                    "thread": "http-nio-8169-exec-12",
                    "class": "o.s.w.s.m.m.a.RequestResponseBodyMethodProcessor",
                    "message": "Writing [com.zbkj.common.result.CommonResult@acbd609]" }
                    
{
                    "app": "Crmeb",
                    "timestamp":"2026-06-30 16:15:53.523",
                    "level": "DEBUG",
                    "thread": "http-nio-8169-exec-12",
                    "class": "o.s.web.servlet.DispatcherServlet",
                    "message": "Completed 200 OK" }
                    
{
                    "app": "Crmeb",
                    "timestamp":"2026-06-30 16:15:56.373",
                    "level": "DEBUG",
                    "thread": "http-nio-8169-exec-1",
                    "class": "o.s.web.servlet.DispatcherServlet",
                    "message": "GET "/api/admin/category/list/tree?status=-1&type=1&temp=1782807356", parameters={masked}" }
                    
{
                    "app": "Crmeb",
                    "timestamp":"2026-06-30 16:15:56.373",
                    "level": "DEBUG",
                    "thread": "http-nio-8169-exec-1",
                    "class": "o.s.w.s.m.m.a.RequestMappingHandlerMapping",
                    "message": "Mapped to com.zbkj.admin.controller.CategoryController#getListTree(Integer, Integer, String)" }
                    
{
                    "app": "Crmeb",
                    "timestamp":"2026-06-30 16:15:56.375",
                    "level": "DEBUG",
                    "thread": "http-nio-8169-exec-19",
                    "class": "o.s.web.servlet.DispatcherServlet",
                    "message": "GET "/api/admin/store/product/reply/list?page=1&limit=20&isReply=&dateLimit=&nickname=&productSearch=&isDel=false&uid=&temp=1782807356", parameters={masked}" }
                    
{
                    "app": "Crmeb",
                    "timestamp":"2026-06-30 16:15:56.375",
                    "level": "DEBUG",
                    "thread": "http-nio-8169-exec-19",
                    "class": "o.s.w.s.m.m.a.RequestMappingHandlerMapping",
                    "message": "Mapped to com.zbkj.admin.controller.StoreProductReplyController#getList(StoreProductReplySearchRequest, PageParamRequest)" }
                    
{
                    "app": "Crmeb",
                    "timestamp":"2026-06-30 16:15:56.419",
                    "level": "DEBUG",
                    "thread": "http-nio-8169-exec-1",
                    "class": "o.s.w.s.m.m.a.RequestResponseBodyMethodProcessor",
                    "message": "Using 'application/json', given [application/json, text/plain, */*] and supported [application/json, application/*+json, application/json, application/*+json, application/cbor]" }
                    
{
                    "app": "Crmeb",
                    "timestamp":"2026-06-30 16:15:56.419",
                    "level": "DEBUG",
                    "thread": "http-nio-8169-exec-1",
                    "class": "o.s.w.s.m.m.a.RequestResponseBodyMethodProcessor",
                    "message": "Writing [com.zbkj.common.result.CommonResult@47e79b00]" }
                    
{
                    "app": "Crmeb",
                    "timestamp":"2026-06-30 16:15:56.419",
                    "level": "DEBUG",
                    "thread": "http-nio-8169-exec-1",
                    "class": "o.s.web.servlet.DispatcherServlet",
                    "message": "Completed 200 OK" }
                    
{
                    "app": "Crmeb",
                    "timestamp":"2026-06-30 16:15:56.515",
                    "level": "DEBUG",
                    "thread": "http-nio-8169-exec-19",
                    "class": "o.s.w.s.m.m.a.RequestResponseBodyMethodProcessor",
                    "message": "Using 'application/json', given [application/json, text/plain, */*] and supported [application/json, application/*+json, application/json, application/*+json, application/cbor]" }
                    
{
                    "app": "Crmeb",
                    "timestamp":"2026-06-30 16:15:56.515",
                    "level": "DEBUG",
                    "thread": "http-nio-8169-exec-19",
                    "class": "o.s.w.s.m.m.a.RequestResponseBodyMethodProcessor",
                    "message": "Writing [com.zbkj.common.result.CommonResult@326b5239]" }
                    
{
                    "app": "Crmeb",
                    "timestamp":"2026-06-30 16:15:56.515",
                    "level": "DEBUG",
                    "thread": "http-nio-8169-exec-19",
                    "class": "o.s.web.servlet.DispatcherServlet",
                    "message": "Completed 200 OK" }
                    
{
                    "app": "Crmeb",
                    "timestamp":"2026-06-30 16:15:58.052",
                    "level": "DEBUG",
                    "thread": "http-nio-8169-exec-21",
                    "class": "o.s.web.servlet.DispatcherServlet",
                    "message": "GET "/api/admin/store/product/rule/list?page=1&limit=20&keywords=&temp=1782807357", parameters={masked}" }
                    
{
                    "app": "Crmeb",
                    "timestamp":"2026-06-30 16:15:58.053",
                    "level": "DEBUG",
                    "thread": "http-nio-8169-exec-21",
                    "class": "o.s.w.s.m.m.a.RequestMappingHandlerMapping",
                    "message": "Mapped to com.zbkj.admin.controller.StoreProductRuleController#getList(StoreProductRuleSearchRequest, PageParamRequest)" }
                    
{
                    "app": "Crmeb",
                    "timestamp":"2026-06-30 16:15:58.148",
                    "level": "DEBUG",
                    "thread": "http-nio-8169-exec-21",
                    "class": "o.s.w.s.m.m.a.RequestResponseBodyMethodProcessor",
                    "message": "Using 'application/json', given [application/json, text/plain, */*] and supported [application/json, application/*+json, application/json, application/*+json, application/cbor]" }
                    
{
                    "app": "Crmeb",
                    "timestamp":"2026-06-30 16:15:58.150",
                    "level": "DEBUG",
                    "thread": "http-nio-8169-exec-21",
                    "class": "o.s.w.s.m.m.a.RequestResponseBodyMethodProcessor",
                    "message": "Writing [com.zbkj.common.result.CommonResult@3b366f57]" }
                    
{
                    "app": "Crmeb",
                    "timestamp":"2026-06-30 16:15:58.150",
                    "level": "DEBUG",
                    "thread": "http-nio-8169-exec-21",
                    "class": "o.s.web.servlet.DispatcherServlet",
                    "message": "Completed 200 OK" }
                    
{
                    "app": "Crmeb",
                    "timestamp":"2026-06-30 16:15:59.114",
                    "level": "DEBUG",
                    "thread": "http-nio-8169-exec-23",
                    "class": "o.s.web.servlet.DispatcherServlet",
                    "message": "GET "/api/admin/store/product/tabs/headers?page=1&limit=20&cateId=&keywords=&type=1&temp=1782807359", parameters={masked}" }
                    
{
                    "app": "Crmeb",
                    "timestamp":"2026-06-30 16:15:59.115",
                    "level": "DEBUG",
                    "thread": "http-nio-8169-exec-23",
                    "class": "o.s.w.s.m.m.a.RequestMappingHandlerMapping",
                    "message": "Mapped to com.zbkj.admin.controller.StoreProductController#getTabsHeader(StoreProductHeaderRequest)" }
                    
{
                    "app": "Crmeb",
                    "timestamp":"2026-06-30 16:15:59.116",
                    "level": "DEBUG",
                    "thread": "http-nio-8169-exec-18",
                    "class": "o.s.web.servlet.DispatcherServlet",
                    "message": "GET "/api/admin/store/product/list?page=1&limit=20&cateId=&keywords=&type=1&temp=1782807359", parameters={masked}" }
                    
{
                    "app": "Crmeb",
                    "timestamp":"2026-06-30 16:15:59.116",
                    "level": "DEBUG",
                    "thread": "http-nio-8169-exec-18",
                    "class": "o.s.w.s.m.m.a.RequestMappingHandlerMapping",
                    "message": "Mapped to com.zbkj.admin.controller.StoreProductController#getList(StoreProductSearchRequest, PageParamRequest)" }
                    
{
                    "app": "Crmeb",
                    "timestamp":"2026-06-30 16:15:59.119",
                    "level": "DEBUG",
                    "thread": "http-nio-8169-exec-30",
                    "class": "o.s.web.servlet.DispatcherServlet",
                    "message": "GET "/api/admin/category/list/tree?status=-1&type=1&temp=1782807359", parameters={masked}" }
                    
{
                    "app": "Crmeb",
                    "timestamp":"2026-06-30 16:15:59.119",
                    "level": "DEBUG",
                    "thread": "http-nio-8169-exec-30",
                    "class": "o.s.w.s.m.m.a.RequestMappingHandlerMapping",
                    "message": "Mapped to com.zbkj.admin.controller.CategoryController#getListTree(Integer, Integer, String)" }
                    
{
                    "app": "Crmeb",
                    "timestamp":"2026-06-30 16:15:59.161",
                    "level": "DEBUG",
                    "thread": "http-nio-8169-exec-30",
                    "class": "o.s.w.s.m.m.a.RequestResponseBodyMethodProcessor",
                    "message": "Using 'application/json', given [application/json, text/plain, */*] and supported [application/json, application/*+json, application/json, application/*+json, application/cbor]" }
                    
{
                    "app": "Crmeb",
                    "timestamp":"2026-06-30 16:15:59.162",
                    "level": "DEBUG",
                    "thread": "http-nio-8169-exec-30",
                    "class": "o.s.w.s.m.m.a.RequestResponseBodyMethodProcessor",
                    "message": "Writing [com.zbkj.common.result.CommonResult@1641807c]" }
                    
{
                    "app": "Crmeb",
                    "timestamp":"2026-06-30 16:15:59.162",
                    "level": "DEBUG",
                    "thread": "http-nio-8169-exec-30",
                    "class": "o.s.web.servlet.DispatcherServlet",
                    "message": "Completed 200 OK" }
                    
{
                    "app": "Crmeb",
                    "timestamp":"2026-06-30 16:15:59.162",
                    "level": "DEBUG",
                    "thread": "http-nio-8169-exec-18",
                    "class": "o.s.w.s.m.m.a.RequestResponseBodyMethodProcessor",
                    "message": "Using 'application/json', given [application/json, text/plain, */*] and supported [application/json, application/*+json, application/json, application/*+json, application/cbor]" }
                    
{
                    "app": "Crmeb",
                    "timestamp":"2026-06-30 16:15:59.162",
                    "level": "DEBUG",
                    "thread": "http-nio-8169-exec-18",
                    "class": "o.s.w.s.m.m.a.RequestResponseBodyMethodProcessor",
                    "message": "Writing [com.zbkj.common.result.CommonResult@30708632]" }
                    
{
                    "app": "Crmeb",
                    "timestamp":"2026-06-30 16:15:59.162",
                    "level": "DEBUG",
                    "thread": "http-nio-8169-exec-18",
                    "class": "o.s.web.servlet.DispatcherServlet",
                    "message": "Completed 200 OK" }
                    
{
                    "app": "Crmeb",
                    "timestamp":"2026-06-30 16:15:59.395",
                    "level": "DEBUG",
                    "thread": "http-nio-8169-exec-23",
                    "class": "o.s.w.s.m.m.a.RequestResponseBodyMethodProcessor",
                    "message": "Using 'application/json', given [application/json, text/plain, */*] and supported [application/json, application/*+json, application/json, application/*+json, application/cbor]" }
                    
{
                    "app": "Crmeb",
                    "timestamp":"2026-06-30 16:15:59.395",
                    "level": "DEBUG",
                    "thread": "http-nio-8169-exec-23",
                    "class": "o.s.w.s.m.m.a.RequestResponseBodyMethodProcessor",
                    "message": "Writing [com.zbkj.common.result.CommonResult@5ad01c51]" }
                    
{
                    "app": "Crmeb",
                    "timestamp":"2026-06-30 16:15:59.395",
                    "level": "DEBUG",
                    "thread": "http-nio-8169-exec-23",
                    "class": "o.s.web.servlet.DispatcherServlet",
                    "message": "Completed 200 OK" }
                    
{
                    "app": "Crmeb",
                    "timestamp":"2026-06-30 16:16:00.809",
                    "level": "DEBUG",
                    "thread": "http-nio-8169-exec-28",
                    "class": "o.s.web.servlet.DispatcherServlet",
                    "message": "GET "/api/admin/store/product/list?page=1&limit=20&cateId=&keywords=&type=2&temp=1782807360", parameters={masked}" }
                    
{
                    "app": "Crmeb",
                    "timestamp":"2026-06-30 16:16:00.809",
                    "level": "DEBUG",
                    "thread": "http-nio-8169-exec-28",
                    "class": "o.s.w.s.m.m.a.RequestMappingHandlerMapping",
                    "message": "Mapped to com.zbkj.admin.controller.StoreProductController#getList(StoreProductSearchRequest, PageParamRequest)" }
                    
{
                    "app": "Crmeb",
                    "timestamp":"2026-06-30 16:16:00.814",
                    "level": "DEBUG",
                    "thread": "http-nio-8169-exec-24",
                    "class": "o.s.web.servlet.DispatcherServlet",
                    "message": "GET "/api/admin/store/product/tabs/headers?page=1&limit=20&cateId=&keywords=&type=2&temp=1782807360", parameters={masked}" }
                    
{
                    "app": "Crmeb",
                    "timestamp":"2026-06-30 16:16:00.814",
                    "level": "DEBUG",
                    "thread": "http-nio-8169-exec-24",
                    "class": "o.s.w.s.m.m.a.RequestMappingHandlerMapping",
                    "message": "Mapped to com.zbkj.admin.controller.StoreProductController#getTabsHeader(StoreProductHeaderRequest)" }
                    
{
                    "app": "Crmeb",
                    "timestamp":"2026-06-30 16:16:01.108",
                    "level": "DEBUG",
                    "thread": "http-nio-8169-exec-28",
                    "class": "o.s.w.s.m.m.a.RequestResponseBodyMethodProcessor",
                    "message": "Using 'application/json', given [application/json, text/plain, */*] and supported [application/json, application/*+json, application/json, application/*+json, application/cbor]" }
                    
{
                    "app": "Crmeb",
                    "timestamp":"2026-06-30 16:16:01.108",
                    "level": "DEBUG",
                    "thread": "http-nio-8169-exec-24",
                    "class": "o.s.w.s.m.m.a.RequestResponseBodyMethodProcessor",
                    "message": "Using 'application/json', given [application/json, text/plain, */*] and supported [application/json, application/*+json, application/json, application/*+json, application/cbor]" }
                    
{
                    "app": "Crmeb",
                    "timestamp":"2026-06-30 16:16:01.108",
                    "level": "DEBUG",
                    "thread": "http-nio-8169-exec-28",
                    "class": "o.s.w.s.m.m.a.RequestResponseBodyMethodProcessor",
                    "message": "Writing [com.zbkj.common.result.CommonResult@7817a02d]" }
                    
{
                    "app": "Crmeb",
                    "timestamp":"2026-06-30 16:16:01.108",
                    "level": "DEBUG",
                    "thread": "http-nio-8169-exec-24",
                    "class": "o.s.w.s.m.m.a.RequestResponseBodyMethodProcessor",
                    "message": "Writing [com.zbkj.common.result.CommonResult@1750a31]" }
                    
{
                    "app": "Crmeb",
                    "timestamp":"2026-06-30 16:16:01.109",
                    "level": "DEBUG",
                    "thread": "http-nio-8169-exec-28",
                    "class": "o.s.web.servlet.DispatcherServlet",
                    "message": "Completed 200 OK" }
                    
{
                    "app": "Crmeb",
                    "timestamp":"2026-06-30 16:16:01.109",
                    "level": "DEBUG",
                    "thread": "http-nio-8169-exec-24",
                    "class": "o.s.web.servlet.DispatcherServlet",
                    "message": "Completed 200 OK" }
                    
{
                    "app": "Crmeb",
                    "timestamp":"2026-06-30 16:16:01.769",
                    "level": "DEBUG",
                    "thread": "http-nio-8169-exec-26",
                    "class": "o.s.web.servlet.DispatcherServlet",
                    "message": "GET "/api/admin/express/shipping/templates/list?page=1&limit=9999&temp=1782807361", parameters={masked}" }
                    
{
                    "app": "Crmeb",
                    "timestamp":"2026-06-30 16:16:01.770",
                    "level": "DEBUG",
                    "thread": "http-nio-8169-exec-26",
                    "class": "o.s.w.s.m.m.a.RequestMappingHandlerMapping",
                    "message": "Mapped to com.zbkj.admin.controller.ShippingTemplatesController#getList(ShippingTemplatesSearchRequest, PageParamRequest)" }
                    
{
                    "app": "Crmeb",
                    "timestamp":"2026-06-30 16:16:01.778",
                    "level": "DEBUG",
                    "thread": "http-nio-8169-exec-11",
                    "class": "o.s.web.servlet.DispatcherServlet",
                    "message": "GET "/api/admin/system/group/data/list?gid=70&temp=1782807361", parameters={masked}" }
                    
{
                    "app": "Crmeb",
                    "timestamp":"2026-06-30 16:16:01.778",
                    "level": "DEBUG",
                    "thread": "http-nio-8169-exec-11",
                    "class": "o.s.w.s.m.m.a.RequestMappingHandlerMapping",
                    "message": "Mapped to com.zbkj.admin.controller.SystemGroupDataController#getList(SystemGroupDataSearchRequest, PageParamRequest)" }
                    
{
                    "app": "Crmeb",
                    "timestamp":"2026-06-30 16:16:01.780",
                    "level": "DEBUG",
                    "thread": "http-nio-8169-exec-10",
                    "class": "o.s.web.servlet.DispatcherServlet",
                    "message": "GET "/api/admin/category/list/tree?status=-1&type=1&temp=1782807361", parameters={masked}" }
                    
{
                    "app": "Crmeb",
                    "timestamp":"2026-06-30 16:16:01.780",
                    "level": "DEBUG",
                    "thread": "http-nio-8169-exec-10",
                    "class": "o.s.w.s.m.m.a.RequestMappingHandlerMapping",
                    "message": "Mapped to com.zbkj.admin.controller.CategoryController#getListTree(Integer, Integer, String)" }
                    
{
                    "app": "Crmeb",
                    "timestamp":"2026-06-30 16:16:01.854",
                    "level": "DEBUG",
                    "thread": "http-nio-8169-exec-10",
                    "class": "o.s.w.s.m.m.a.RequestResponseBodyMethodProcessor",
                    "message": "Using 'application/json', given [application/json, text/plain, */*] and supported [application/json, application/*+json, application/json, application/*+json, application/cbor]" }
                    
{
                    "app": "Crmeb",
                    "timestamp":"2026-06-30 16:16:01.854",
                    "level": "DEBUG",
                    "thread": "http-nio-8169-exec-10",
                    "class": "o.s.w.s.m.m.a.RequestResponseBodyMethodProcessor",
                    "message": "Writing [com.zbkj.common.result.CommonResult@264105d9]" }
                    
{
                    "app": "Crmeb",
                    "timestamp":"2026-06-30 16:16:01.854",
                    "level": "DEBUG",
                    "thread": "http-nio-8169-exec-26",
                    "class": "o.s.w.s.m.m.a.RequestResponseBodyMethodProcessor",
                    "message": "Using 'application/json', given [application/json, text/plain, */*] and supported [application/json, application/*+json, application/json, application/*+json, application/cbor]" }
                    
{
                    "app": "Crmeb",
                    "timestamp":"2026-06-30 16:16:01.854",
                    "level": "DEBUG",
                    "thread": "http-nio-8169-exec-26",
                    "class": "o.s.w.s.m.m.a.RequestResponseBodyMethodProcessor",
                    "message": "Writing [com.zbkj.common.result.CommonResult@2564e6f5]" }
                    
{
                    "app": "Crmeb",
                    "timestamp":"2026-06-30 16:16:01.854",
                    "level": "DEBUG",
                    "thread": "http-nio-8169-exec-10",
                    "class": "o.s.web.servlet.DispatcherServlet",
                    "message": "Completed 200 OK" }
                    
{
                    "app": "Crmeb",
                    "timestamp":"2026-06-30 16:16:01.854",
                    "level": "DEBUG",
                    "thread": "http-nio-8169-exec-26",
                    "class": "o.s.web.servlet.DispatcherServlet",
                    "message": "Completed 200 OK" }
                    
{
                    "app": "Crmeb",
                    "timestamp":"2026-06-30 16:16:01.873",
                    "level": "DEBUG",
                    "thread": "http-nio-8169-exec-11",
                    "class": "o.s.w.s.m.m.a.RequestResponseBodyMethodProcessor",
                    "message": "Using 'application/json', given [application/json, text/plain, */*] and supported [application/json, application/*+json, application/json, application/*+json, application/cbor]" }
                    
{
                    "app": "Crmeb",
                    "timestamp":"2026-06-30 16:16:01.873",
                    "level": "DEBUG",
                    "thread": "http-nio-8169-exec-11",
                    "class": "o.s.w.s.m.m.a.RequestResponseBodyMethodProcessor",
                    "message": "Writing [com.zbkj.common.result.CommonResult@4c8092ce]" }
                    
{
                    "app": "Crmeb",
                    "timestamp":"2026-06-30 16:16:01.874",
                    "level": "DEBUG",
                    "thread": "http-nio-8169-exec-11",
                    "class": "o.s.web.servlet.DispatcherServlet",
                    "message": "Completed 200 OK" }
                    
{
                    "app": "Crmeb",
                    "timestamp":"2026-06-30 16:16:13.199",
                    "level": "DEBUG",
                    "thread": "http-nio-8169-exec-13",
                    "class": "o.s.web.servlet.DispatcherServlet",
                    "message": "GET "/api/admin/store/order/list?status=all&dateLimit=&orderNo=&page=1&limit=20&type=2&temp=1782807373", parameters={masked}" }
                    
{
                    "app": "Crmeb",
                    "timestamp":"2026-06-30 16:16:13.199",
                    "level": "DEBUG",
                    "thread": "http-nio-8169-exec-5",
                    "class": "o.s.web.servlet.DispatcherServlet",
                    "message": "GET "/api/admin/pass/shipment/express?temp=1782807373", parameters={masked}" }
                    
{
                    "app": "Crmeb",
                    "timestamp":"2026-06-30 16:16:13.200",
                    "level": "DEBUG",
                    "thread": "http-nio-8169-exec-13",
                    "class": "o.s.w.s.m.m.a.RequestMappingHandlerMapping",
                    "message": "Mapped to com.zbkj.admin.controller.StoreOrderController#getList(StoreOrderSearchRequest, PageParamRequest)" }
                    
{
                    "app": "Crmeb",
                    "timestamp":"2026-06-30 16:16:13.201",
                    "level": "DEBUG",
                    "thread": "http-nio-8169-exec-5",
                    "class": "o.s.w.s.m.m.a.RequestMappingHandlerMapping",
                    "message": "Mapped to com.zbkj.admin.controller.OnePassController#onePassShipmentExpress()" }
                    
{
                    "app": "Crmeb",
                    "timestamp":"2026-06-30 16:16:13.215",
                    "level": "DEBUG",
                    "thread": "http-nio-8169-exec-14",
                    "class": "o.s.web.servlet.DispatcherServlet",
                    "message": "GET "/api/admin/store/order/status/num?dateLimit=&type=2&orderId=&temp=1782807373", parameters={masked}" }
                    
{
                    "app": "Crmeb",
                    "timestamp":"2026-06-30 16:16:13.215",
                    "level": "DEBUG",
                    "thread": "http-nio-8169-exec-14",
                    "class": "o.s.w.s.m.m.a.RequestMappingHandlerMapping",
                    "message": "Mapped to com.zbkj.admin.controller.StoreOrderController#getOrderStatusNum(String, Integer, String)" }
                    
{
                    "app": "Crmeb",
                    "timestamp":"2026-06-30 16:16:13.348",
                    "level": "DEBUG",
                    "thread": "http-nio-8169-exec-13",
                    "class": "o.s.w.s.m.m.a.RequestResponseBodyMethodProcessor",
                    "message": "Using 'application/json', given [application/json, text/plain, */*] and supported [application/json, application/*+json, application/json, application/*+json, application/cbor]" }
                    
{
                    "app": "Crmeb",
                    "timestamp":"2026-06-30 16:16:13.348",
                    "level": "DEBUG",
                    "thread": "http-nio-8169-exec-13",
                    "class": "o.s.w.s.m.m.a.RequestResponseBodyMethodProcessor",
                    "message": "Writing [com.zbkj.common.result.CommonResult@11648763]" }
                    
{
                    "app": "Crmeb",
                    "timestamp":"2026-06-30 16:16:13.348",
                    "level": "DEBUG",
                    "thread": "http-nio-8169-exec-13",
                    "class": "o.s.web.servlet.DispatcherServlet",
                    "message": "Completed 200 OK" }
                    
{
                    "app": "Crmeb",
                    "timestamp":"2026-06-30 16:16:13.386",
                    "level": "DEBUG",
                    "thread": "http-nio-8169-exec-5",
                    "class": "o.s.web.client.RestTemplate",
                    "message": "HTTP POST https://sms.crmeb.net/api/v2/user/login" }
                    
{
                    "app": "Crmeb",
                    "timestamp":"2026-06-30 16:16:13.386",
                    "level": "DEBUG",
                    "thread": "http-nio-8169-exec-5",
                    "class": "o.s.web.client.RestTemplate",
                    "message": "Accept=[text/plain, application/json, application/cbor, application/*+json, text/html, */*]" }
                    
{
                    "app": "Crmeb",
                    "timestamp":"2026-06-30 16:16:13.387",
                    "level": "DEBUG",
                    "thread": "http-nio-8169-exec-5",
                    "class": "o.s.web.client.RestTemplate",
                    "message": "Writing [{access_key=[11111], secret_key=[11111]}] as "application/x-www-form-urlencoded"" }
                    
{
                    "app": "Crmeb",
                    "timestamp":"2026-06-30 16:16:13.651",
                    "level": "DEBUG",
                    "thread": "http-nio-8169-exec-5",
                    "class": "o.s.web.client.RestTemplate",
                    "message": "Response 200 OK" }
                    
{
                    "app": "Crmeb",
                    "timestamp":"2026-06-30 16:16:13.651",
                    "level": "DEBUG",
                    "thread": "http-nio-8169-exec-5",
                    "class": "o.s.web.client.RestTemplate",
                    "message": "Reading to [java.lang.String] as "application/json"" }
                    
{
                    "app": "Crmeb",
                    "timestamp":"2026-06-30 16:16:13.652",
                    "level": "DEBUG",
                    "thread": "http-nio-8169-exec-5",
                    "class": "o.s.w.s.m.m.a.ExceptionHandlerExceptionResolver",
                    "message": "Using @ExceptionHandler com.zbkj.service.exception.GlobalExceptionHandler#defaultExceptionHandler(HttpServletRequest, Exception)" }
                    
{
                    "app": "Crmeb",
                    "timestamp":"2026-06-30 16:16:13.709",
                    "level": "DEBUG",
                    "thread": "http-nio-8169-exec-14",
                    "class": "o.s.w.s.m.m.a.RequestResponseBodyMethodProcessor",
                    "message": "Using 'application/json', given [application/json, text/plain, */*] and supported [application/json, application/*+json, application/json, application/*+json, application/cbor]" }
                    
{
                    "app": "Crmeb",
                    "timestamp":"2026-06-30 16:16:13.709",
                    "level": "DEBUG",
                    "thread": "http-nio-8169-exec-14",
                    "class": "o.s.w.s.m.m.a.RequestResponseBodyMethodProcessor",
                    "message": "Writing [com.zbkj.common.result.CommonResult@7d9549b8]" }
                    
{
                    "app": "Crmeb",
                    "timestamp":"2026-06-30 16:16:13.709",
                    "level": "DEBUG",
                    "thread": "http-nio-8169-exec-14",
                    "class": "o.s.web.servlet.DispatcherServlet",
                    "message": "Completed 200 OK" }
                    
{
                    "app": "Crmeb",
                    "timestamp":"2026-06-30 16:16:13.763",
                    "level": "DEBUG",
                    "thread": "http-nio-8169-exec-5",
                    "class": "o.s.w.s.m.m.a.RequestResponseBodyMethodProcessor",
                    "message": "Using 'application/json', given [application/json, text/plain, */*] and supported [application/json, application/*+json, application/json, application/*+json, application/cbor]" }
                    
{
                    "app": "Crmeb",
                    "timestamp":"2026-06-30 16:16:13.763",
                    "level": "DEBUG",
                    "thread": "http-nio-8169-exec-5",
                    "class": "o.s.w.s.m.m.a.RequestResponseBodyMethodProcessor",
                    "message": "Writing [com.zbkj.common.result.CommonResult@7978e5aa]" }
                    
{
                    "app": "Crmeb",
                    "timestamp":"2026-06-30 16:16:13.763",
                    "level": "DEBUG",
                    "thread": "http-nio-8169-exec-5",
                    "class": "o.s.w.s.m.m.a.ExceptionHandlerExceptionResolver",
                    "message": "Resolved [com.zbkj.common.exception.CrmebException: 一号通平台接口接口请求失败:accessKey或者secretKey不正确]" }
                    
{
                    "app": "Crmeb",
                    "timestamp":"2026-06-30 16:16:13.763",
                    "level": "DEBUG",
                    "thread": "http-nio-8169-exec-5",
                    "class": "o.s.web.servlet.DispatcherServlet",
                    "message": "Completed 200 OK" }
                    
{
                    "app": "Crmeb",
                    "timestamp":"2026-06-30 16:16:42.226",
                    "level": "DEBUG",
                    "thread": "http-nio-8169-exec-12",
                    "class": "o.s.web.servlet.DispatcherServlet",
                    "message": "GET "/api/admin/getAdminInfoByToken?token=acd6bd3b1a884d219d18a02e5c945b5c&temp=1782807402", parameters={masked}" }
                    
{
                    "app": "Crmeb",
                    "timestamp":"2026-06-30 16:16:42.227",
                    "level": "DEBUG",
                    "thread": "http-nio-8169-exec-12",
                    "class": "o.s.w.s.m.m.a.RequestMappingHandlerMapping",
                    "message": "Mapped to com.zbkj.admin.controller.AdminLoginController#getAdminInfo()" }
                    
{
                    "app": "Crmeb",
                    "timestamp":"2026-06-30 16:16:42.228",
                    "level": "DEBUG",
                    "thread": "http-nio-8169-exec-12",
                    "class": "o.s.w.s.m.m.a.RequestResponseBodyMethodProcessor",
                    "message": "Using 'application/json', given [application/json, text/plain, */*] and supported [application/json, application/*+json, application/json, application/*+json, application/cbor]" }
                    
{
                    "app": "Crmeb",
                    "timestamp":"2026-06-30 16:16:42.228",
                    "level": "DEBUG",
                    "thread": "http-nio-8169-exec-12",
                    "class": "o.s.w.s.m.m.a.RequestResponseBodyMethodProcessor",
                    "message": "Writing [com.zbkj.common.result.CommonResult@74557c9a]" }
                    
{
                    "app": "Crmeb",
                    "timestamp":"2026-06-30 16:16:42.228",
                    "level": "DEBUG",
                    "thread": "http-nio-8169-exec-12",
                    "class": "o.s.web.servlet.DispatcherServlet",
                    "message": "Completed 200 OK" }
                    
{
                    "app": "Crmeb",
                    "timestamp":"2026-06-30 16:16:42.301",
                    "level": "DEBUG",
                    "thread": "http-nio-8169-exec-17",
                    "class": "o.s.web.servlet.DispatcherServlet",
                    "message": "GET "/api/admin/getMenus?temp=1782807402", parameters={masked}" }
                    
{
                    "app": "Crmeb",
                    "timestamp":"2026-06-30 16:16:42.302",
                    "level": "DEBUG",
                    "thread": "http-nio-8169-exec-17",
                    "class": "o.s.w.s.m.m.a.RequestMappingHandlerMapping",
                    "message": "Mapped to com.zbkj.admin.controller.AdminLoginController#getMenus()" }
                    
{
                    "app": "Crmeb",
                    "timestamp":"2026-06-30 16:16:42.368",
                    "level": "DEBUG",
                    "thread": "http-nio-8169-exec-17",
                    "class": "o.s.w.s.m.m.a.RequestResponseBodyMethodProcessor",
                    "message": "Using 'application/json', given [application/json, text/plain, */*] and supported [application/json, application/*+json, application/json, application/*+json, application/cbor]" }
                    
{
                    "app": "Crmeb",
                    "timestamp":"2026-06-30 16:16:42.368",
                    "level": "DEBUG",
                    "thread": "http-nio-8169-exec-17",
                    "class": "o.s.w.s.m.m.a.RequestResponseBodyMethodProcessor",
                    "message": "Writing [com.zbkj.common.result.CommonResult@750f10b4]" }
                    
{
                    "app": "Crmeb",
                    "timestamp":"2026-06-30 16:16:42.368",
                    "level": "DEBUG",
                    "thread": "http-nio-8169-exec-17",
                    "class": "o.s.web.servlet.DispatcherServlet",
                    "message": "Completed 200 OK" }
                    
{
                    "app": "Crmeb",
                    "timestamp":"2026-06-30 16:16:42.576",
                    "level": "DEBUG",
                    "thread": "http-nio-8169-exec-15",
                    "class": "o.s.web.servlet.DispatcherServlet",
                    "message": "GET "/api/admin/pass/shipment/express?temp=1782807402", parameters={masked}" }
                    
{
                    "app": "Crmeb",
                    "timestamp":"2026-06-30 16:16:42.593",
                    "level": "DEBUG",
                    "thread": "http-nio-8169-exec-15",
                    "class": "o.s.w.s.m.m.a.RequestMappingHandlerMapping",
                    "message": "Mapped to com.zbkj.admin.controller.OnePassController#onePassShipmentExpress()" }
                    
{
                    "app": "Crmeb",
                    "timestamp":"2026-06-30 16:16:42.681",
                    "level": "DEBUG",
                    "thread": "http-nio-8169-exec-16",
                    "class": "o.s.web.servlet.DispatcherServlet",
                    "message": "GET "/api/admin/copyright/get/info?temp=1782807402", parameters={masked}" }
                    
{
                    "app": "Crmeb",
                    "timestamp":"2026-06-30 16:16:42.682",
                    "level": "DEBUG",
                    "thread": "http-nio-8169-exec-16",
                    "class": "o.s.w.s.m.m.a.RequestMappingHandlerMapping",
                    "message": "Mapped to com.zbkj.admin.controller.CopyrightController#getInfo()" }
                    
{
                    "app": "Crmeb",
                    "timestamp":"2026-06-30 16:16:42.752",
                    "level": "DEBUG",
                    "thread": "http-nio-8169-exec-16",
                    "class": "o.s.web.client.RestTemplate",
                    "message": "HTTP POST https://authorize.crmeb.net/api/auth_cert_query?domain_name=https://jzk.wit.cn/&label=22&version=CRMEB-JAVA-KY-v1.4" }
                    
{
                    "app": "Crmeb",
                    "timestamp":"2026-06-30 16:16:42.752",
                    "level": "DEBUG",
                    "thread": "http-nio-8169-exec-16",
                    "class": "o.s.web.client.RestTemplate",
                    "message": "Accept=[application/json, application/cbor, application/*+json, text/plain, text/html]" }
                    
{
                    "app": "Crmeb",
                    "timestamp":"2026-06-30 16:16:42.761",
                    "level": "DEBUG",
                    "thread": "http-nio-8169-exec-27",
                    "class": "o.s.web.servlet.DispatcherServlet",
                    "message": "GET "/api/admin/store/order/list?status=all&dateLimit=&orderNo=&page=1&limit=20&type=2&temp=1782807402", parameters={masked}" }
                    
{
                    "app": "Crmeb",
                    "timestamp":"2026-06-30 16:16:42.762",
                    "level": "DEBUG",
                    "thread": "http-nio-8169-exec-27",
                    "class": "o.s.w.s.m.m.a.RequestMappingHandlerMapping",
                    "message": "Mapped to com.zbkj.admin.controller.StoreOrderController#getList(StoreOrderSearchRequest, PageParamRequest)" }
                    
{
                    "app": "Crmeb",
                    "timestamp":"2026-06-30 16:16:42.776",
                    "level": "DEBUG",
                    "thread": "http-nio-8169-exec-15",
                    "class": "o.s.web.client.RestTemplate",
                    "message": "HTTP POST https://sms.crmeb.net/api/v2/user/login" }
                    
{
                    "app": "Crmeb",
                    "timestamp":"2026-06-30 16:16:42.776",
                    "level": "DEBUG",
                    "thread": "http-nio-8169-exec-15",
                    "class": "o.s.web.client.RestTemplate",
                    "message": "Accept=[text/plain, application/json, application/cbor, application/*+json, text/html, */*]" }
                    
{
                    "app": "Crmeb",
                    "timestamp":"2026-06-30 16:16:42.776",
                    "level": "DEBUG",
                    "thread": "http-nio-8169-exec-15",
                    "class": "o.s.web.client.RestTemplate",
                    "message": "Writing [{access_key=[11111], secret_key=[11111]}] as "application/x-www-form-urlencoded"" }
                    
{
                    "app": "Crmeb",
                    "timestamp":"2026-06-30 16:16:42.778",
                    "level": "DEBUG",
                    "thread": "http-nio-8169-exec-18",
                    "class": "o.s.web.servlet.DispatcherServlet",
                    "message": "GET "/api/admin/store/order/status/num?dateLimit=&type=2&orderId=&temp=1782807402", parameters={masked}" }
                    
{
                    "app": "Crmeb",
                    "timestamp":"2026-06-30 16:16:42.779",
                    "level": "DEBUG",
                    "thread": "http-nio-8169-exec-18",
                    "class": "o.s.w.s.m.m.a.RequestMappingHandlerMapping",
                    "message": "Mapped to com.zbkj.admin.controller.StoreOrderController#getOrderStatusNum(String, Integer, String)" }
                    
{
                    "app": "Crmeb",
                    "timestamp":"2026-06-30 16:16:42.805",
                    "level": "DEBUG",
                    "thread": "http-nio-8169-exec-27",
                    "class": "o.s.w.s.m.m.a.RequestResponseBodyMethodProcessor",
                    "message": "Using 'application/json', given [application/json, text/plain, */*] and supported [application/json, application/*+json, application/json, application/*+json, application/cbor]" }
                    
{
                    "app": "Crmeb",
                    "timestamp":"2026-06-30 16:16:42.805",
                    "level": "DEBUG",
                    "thread": "http-nio-8169-exec-27",
                    "class": "o.s.w.s.m.m.a.RequestResponseBodyMethodProcessor",
                    "message": "Writing [com.zbkj.common.result.CommonResult@70aca36e]" }
                    
{
                    "app": "Crmeb",
                    "timestamp":"2026-06-30 16:16:42.805",
                    "level": "DEBUG",
                    "thread": "http-nio-8169-exec-27",
                    "class": "o.s.web.servlet.DispatcherServlet",
                    "message": "Completed 200 OK" }
                    
{
                    "app": "Crmeb",
                    "timestamp":"2026-06-30 16:16:42.933",
                    "level": "DEBUG",
                    "thread": "http-nio-8169-exec-15",
                    "class": "o.s.web.client.RestTemplate",
                    "message": "Response 200 OK" }
                    
{
                    "app": "Crmeb",
                    "timestamp":"2026-06-30 16:16:42.933",
                    "level": "DEBUG",
                    "thread": "http-nio-8169-exec-15",
                    "class": "o.s.web.client.RestTemplate",
                    "message": "Reading to [java.lang.String] as "application/json"" }
                    
{
                    "app": "Crmeb",
                    "timestamp":"2026-06-30 16:16:42.934",
                    "level": "DEBUG",
                    "thread": "http-nio-8169-exec-15",
                    "class": "o.s.w.s.m.m.a.ExceptionHandlerExceptionResolver",
                    "message": "Using @ExceptionHandler com.zbkj.service.exception.GlobalExceptionHandler#defaultExceptionHandler(HttpServletRequest, Exception)" }
                    
{
                    "app": "Crmeb",
                    "timestamp":"2026-06-30 16:16:42.983",
                    "level": "DEBUG",
                    "thread": "http-nio-8169-exec-15",
                    "class": "o.s.w.s.m.m.a.RequestResponseBodyMethodProcessor",
                    "message": "Using 'application/json', given [application/json, text/plain, */*] and supported [application/json, application/*+json, application/json, application/*+json, application/cbor]" }
                    
{
                    "app": "Crmeb",
                    "timestamp":"2026-06-30 16:16:42.984",
                    "level": "DEBUG",
                    "thread": "http-nio-8169-exec-15",
                    "class": "o.s.w.s.m.m.a.RequestResponseBodyMethodProcessor",
                    "message": "Writing [com.zbkj.common.result.CommonResult@78cbd361]" }
                    
{
                    "app": "Crmeb",
                    "timestamp":"2026-06-30 16:16:42.984",
                    "level": "DEBUG",
                    "thread": "http-nio-8169-exec-15",
                    "class": "o.s.w.s.m.m.a.ExceptionHandlerExceptionResolver",
                    "message": "Resolved [com.zbkj.common.exception.CrmebException: 一号通平台接口接口请求失败:accessKey或者secretKey不正确]" }
                    
{
                    "app": "Crmeb",
                    "timestamp":"2026-06-30 16:16:42.984",
                    "level": "DEBUG",
                    "thread": "http-nio-8169-exec-15",
                    "class": "o.s.web.servlet.DispatcherServlet",
                    "message": "Completed 200 OK" }
                    
{
                    "app": "Crmeb",
                    "timestamp":"2026-06-30 16:16:43.026",
                    "level": "DEBUG",
                    "thread": "http-nio-8169-exec-16",
                    "class": "o.s.web.client.RestTemplate",
                    "message": "Response 200 OK" }
                    
{
                    "app": "Crmeb",
                    "timestamp":"2026-06-30 16:16:43.026",
                    "level": "DEBUG",
                    "thread": "http-nio-8169-exec-16",
                    "class": "o.s.web.client.RestTemplate",
                    "message": "Reading to [com.alibaba.fastjson.JSONObject]" }
                    
{
                    "app": "Crmeb",
                    "timestamp":"2026-06-30 16:16:43.026",
                    "level": "DEBUG",
                    "thread": "http-nio-8169-exec-16",
                    "class": "o.s.w.s.m.m.a.RequestResponseBodyMethodProcessor",
                    "message": "Using 'application/json', given [application/json, text/plain, */*] and supported [application/json, application/*+json, application/json, application/*+json, application/cbor]" }
                    
{
                    "app": "Crmeb",
                    "timestamp":"2026-06-30 16:16:43.026",
                    "level": "DEBUG",
                    "thread": "http-nio-8169-exec-16",
                    "class": "o.s.w.s.m.m.a.RequestResponseBodyMethodProcessor",
                    "message": "Writing [com.zbkj.common.result.CommonResult@2941784a]" }
                    
{
                    "app": "Crmeb",
                    "timestamp":"2026-06-30 16:16:43.026",
                    "level": "DEBUG",
                    "thread": "http-nio-8169-exec-16",
                    "class": "o.s.web.servlet.DispatcherServlet",
                    "message": "Completed 200 OK" }
                    
{
                    "app": "Crmeb",
                    "timestamp":"2026-06-30 16:16:43.189",
                    "level": "DEBUG",
                    "thread": "http-nio-8169-exec-18",
                    "class": "o.s.w.s.m.m.a.RequestResponseBodyMethodProcessor",
                    "message": "Using 'application/json', given [application/json, text/plain, */*] and supported [application/json, application/*+json, application/json, application/*+json, application/cbor]" }
                    
{
                    "app": "Crmeb",
                    "timestamp":"2026-06-30 16:16:43.189",
                    "level": "DEBUG",
                    "thread": "http-nio-8169-exec-18",
                    "class": "o.s.w.s.m.m.a.RequestResponseBodyMethodProcessor",
                    "message": "Writing [com.zbkj.common.result.CommonResult@40de8d76]" }
                    
{
                    "app": "Crmeb",
                    "timestamp":"2026-06-30 16:16:43.189",
                    "level": "DEBUG",
                    "thread": "http-nio-8169-exec-18",
                    "class": "o.s.web.servlet.DispatcherServlet",
                    "message": "Completed 200 OK" }
                    
{
                    "app": "Crmeb",
                    "timestamp":"2026-06-30 16:17:45.707",
                    "level": "DEBUG",
                    "thread": "http-nio-8169-exec-28",
                    "class": "o.s.web.servlet.DispatcherServlet",
                    "message": "GET "/api/admin/getAdminInfoByToken?token=acd6bd3b1a884d219d18a02e5c945b5c&temp=1782807465", parameters={masked}" }
                    
{
                    "app": "Crmeb",
                    "timestamp":"2026-06-30 16:17:45.707",
                    "level": "DEBUG",
                    "thread": "http-nio-8169-exec-28",
                    "class": "o.s.w.s.m.m.a.RequestMappingHandlerMapping",
                    "message": "Mapped to com.zbkj.admin.controller.AdminLoginController#getAdminInfo()" }
                    
{
                    "app": "Crmeb",
                    "timestamp":"2026-06-30 16:17:45.708",
                    "level": "DEBUG",
                    "thread": "http-nio-8169-exec-28",
                    "class": "o.s.w.s.m.m.a.RequestResponseBodyMethodProcessor",
                    "message": "Using 'application/json', given [application/json, text/plain, */*] and supported [application/json, application/*+json, application/json, application/*+json, application/cbor]" }
                    
{
                    "app": "Crmeb",
                    "timestamp":"2026-06-30 16:17:45.708",
                    "level": "DEBUG",
                    "thread": "http-nio-8169-exec-28",
                    "class": "o.s.w.s.m.m.a.RequestResponseBodyMethodProcessor",
                    "message": "Writing [com.zbkj.common.result.CommonResult@badda9f]" }
                    
{
                    "app": "Crmeb",
                    "timestamp":"2026-06-30 16:17:45.708",
                    "level": "DEBUG",
                    "thread": "http-nio-8169-exec-28",
                    "class": "o.s.web.servlet.DispatcherServlet",
                    "message": "Completed 200 OK" }
                    
{
                    "app": "Crmeb",
                    "timestamp":"2026-06-30 16:17:45.762",
                    "level": "DEBUG",
                    "thread": "http-nio-8169-exec-25",
                    "class": "o.s.web.servlet.DispatcherServlet",
                    "message": "GET "/api/admin/getMenus?temp=1782807465", parameters={masked}" }
                    
{
                    "app": "Crmeb",
                    "timestamp":"2026-06-30 16:17:45.762",
                    "level": "DEBUG",
                    "thread": "http-nio-8169-exec-25",
                    "class": "o.s.w.s.m.m.a.RequestMappingHandlerMapping",
                    "message": "Mapped to com.zbkj.admin.controller.AdminLoginController#getMenus()" }
                    
{
                    "app": "Crmeb",
                    "timestamp":"2026-06-30 16:17:45.807",
                    "level": "DEBUG",
                    "thread": "http-nio-8169-exec-25",
                    "class": "o.s.w.s.m.m.a.RequestResponseBodyMethodProcessor",
                    "message": "Using 'application/json', given [application/json, text/plain, */*] and supported [application/json, application/*+json, application/json, application/*+json, application/cbor]" }
                    
{
                    "app": "Crmeb",
                    "timestamp":"2026-06-30 16:17:45.808",
                    "level": "DEBUG",
                    "thread": "http-nio-8169-exec-25",
                    "class": "o.s.w.s.m.m.a.RequestResponseBodyMethodProcessor",
                    "message": "Writing [com.zbkj.common.result.CommonResult@39d59ae1]" }
                    
{
                    "app": "Crmeb",
                    "timestamp":"2026-06-30 16:17:45.808",
                    "level": "DEBUG",
                    "thread": "http-nio-8169-exec-25",
                    "class": "o.s.web.servlet.DispatcherServlet",
                    "message": "Completed 200 OK" }
                    
{
                    "app": "Crmeb",
                    "timestamp":"2026-06-30 16:17:45.964",
                    "level": "DEBUG",
                    "thread": "http-nio-8169-exec-11",
                    "class": "o.s.web.servlet.DispatcherServlet",
                    "message": "GET "/api/admin/store/order/list?status=all&dateLimit=&orderNo=&page=1&limit=20&type=2&temp=1782807465", parameters={masked}" }
                    
{
                    "app": "Crmeb",
                    "timestamp":"2026-06-30 16:17:45.966",
                    "level": "DEBUG",
                    "thread": "http-nio-8169-exec-11",
                    "class": "o.s.w.s.m.m.a.RequestMappingHandlerMapping",
                    "message": "Mapped to com.zbkj.admin.controller.StoreOrderController#getList(StoreOrderSearchRequest, PageParamRequest)" }
                    
{
                    "app": "Crmeb",
                    "timestamp":"2026-06-30 16:17:46.018",
                    "level": "DEBUG",
                    "thread": "http-nio-8169-exec-3",
                    "class": "o.s.web.servlet.DispatcherServlet",
                    "message": "GET "/api/admin/copyright/get/info?temp=1782807465", parameters={masked}" }
                    
{
                    "app": "Crmeb",
                    "timestamp":"2026-06-30 16:17:46.018",
                    "level": "DEBUG",
                    "thread": "http-nio-8169-exec-3",
                    "class": "o.s.w.s.m.m.a.RequestMappingHandlerMapping",
                    "message": "Mapped to com.zbkj.admin.controller.CopyrightController#getInfo()" }
                    
{
                    "app": "Crmeb",
                    "timestamp":"2026-06-30 16:17:46.025",
                    "level": "DEBUG",
                    "thread": "http-nio-8169-exec-6",
                    "class": "o.s.web.servlet.DispatcherServlet",
                    "message": "GET "/api/admin/store/order/status/num?dateLimit=&type=2&orderId=&temp=1782807465", parameters={masked}" }
                    
{
                    "app": "Crmeb",
                    "timestamp":"2026-06-30 16:17:46.026",
                    "level": "DEBUG",
                    "thread": "http-nio-8169-exec-6",
                    "class": "o.s.w.s.m.m.a.RequestMappingHandlerMapping",
                    "message": "Mapped to com.zbkj.admin.controller.StoreOrderController#getOrderStatusNum(String, Integer, String)" }
                    
{
                    "app": "Crmeb",
                    "timestamp":"2026-06-30 16:17:46.027",
                    "level": "DEBUG",
                    "thread": "http-nio-8169-exec-11",
                    "class": "o.s.w.s.m.m.a.RequestResponseBodyMethodProcessor",
                    "message": "Using 'application/json', given [application/json, text/plain, */*] and supported [application/json, application/*+json, application/json, application/*+json, application/cbor]" }
                    
{
                    "app": "Crmeb",
                    "timestamp":"2026-06-30 16:17:46.028",
                    "level": "DEBUG",
                    "thread": "http-nio-8169-exec-11",
                    "class": "o.s.w.s.m.m.a.RequestResponseBodyMethodProcessor",
                    "message": "Writing [com.zbkj.common.result.CommonResult@2f35db59]" }
                    
{
                    "app": "Crmeb",
                    "timestamp":"2026-06-30 16:17:46.028",
                    "level": "DEBUG",
                    "thread": "http-nio-8169-exec-11",
                    "class": "o.s.web.servlet.DispatcherServlet",
                    "message": "Completed 200 OK" }
                    
{
                    "app": "Crmeb",
                    "timestamp":"2026-06-30 16:17:46.104",
                    "level": "DEBUG",
                    "thread": "http-nio-8169-exec-3",
                    "class": "o.s.web.client.RestTemplate",
                    "message": "HTTP POST https://authorize.crmeb.net/api/auth_cert_query?domain_name=https://jzk.wit.cn/&label=22&version=CRMEB-JAVA-KY-v1.4" }
                    
{
                    "app": "Crmeb",
                    "timestamp":"2026-06-30 16:17:46.104",
                    "level": "DEBUG",
                    "thread": "http-nio-8169-exec-3",
                    "class": "o.s.web.client.RestTemplate",
                    "message": "Accept=[application/json, application/cbor, application/*+json, text/plain, text/html]" }
                    
{
                    "app": "Crmeb",
                    "timestamp":"2026-06-30 16:17:46.309",
                    "level": "DEBUG",
                    "thread": "http-nio-8169-exec-3",
                    "class": "o.s.web.client.RestTemplate",
                    "message": "Response 200 OK" }
                    
{
                    "app": "Crmeb",
                    "timestamp":"2026-06-30 16:17:46.309",
                    "level": "DEBUG",
                    "thread": "http-nio-8169-exec-3",
                    "class": "o.s.web.client.RestTemplate",
                    "message": "Reading to [com.alibaba.fastjson.JSONObject]" }
                    
{
                    "app": "Crmeb",
                    "timestamp":"2026-06-30 16:17:46.310",
                    "level": "DEBUG",
                    "thread": "http-nio-8169-exec-3",
                    "class": "o.s.w.s.m.m.a.RequestResponseBodyMethodProcessor",
                    "message": "Using 'application/json', given [application/json, text/plain, */*] and supported [application/json, application/*+json, application/json, application/*+json, application/cbor]" }
                    
{
                    "app": "Crmeb",
                    "timestamp":"2026-06-30 16:17:46.310",
                    "level": "DEBUG",
                    "thread": "http-nio-8169-exec-3",
                    "class": "o.s.w.s.m.m.a.RequestResponseBodyMethodProcessor",
                    "message": "Writing [com.zbkj.common.result.CommonResult@3a62ece2]" }
                    
{
                    "app": "Crmeb",
                    "timestamp":"2026-06-30 16:17:46.310",
                    "level": "DEBUG",
                    "thread": "http-nio-8169-exec-3",
                    "class": "o.s.web.servlet.DispatcherServlet",
                    "message": "Completed 200 OK" }
                    
{
                    "app": "Crmeb",
                    "timestamp":"2026-06-30 16:17:46.525",
                    "level": "DEBUG",
                    "thread": "http-nio-8169-exec-6",
                    "class": "o.s.w.s.m.m.a.RequestResponseBodyMethodProcessor",
                    "message": "Using 'application/json', given [application/json, text/plain, */*] and supported [application/json, application/*+json, application/json, application/*+json, application/cbor]" }
                    
{
                    "app": "Crmeb",
                    "timestamp":"2026-06-30 16:17:46.525",
                    "level": "DEBUG",
                    "thread": "http-nio-8169-exec-6",
                    "class": "o.s.w.s.m.m.a.RequestResponseBodyMethodProcessor",
                    "message": "Writing [com.zbkj.common.result.CommonResult@42fbafa4]" }
                    
{
                    "app": "Crmeb",
                    "timestamp":"2026-06-30 16:17:46.525",
                    "level": "DEBUG",
                    "thread": "http-nio-8169-exec-6",
                    "class": "o.s.web.servlet.DispatcherServlet",
                    "message": "Completed 200 OK" }
                    
{
                    "app": "Crmeb",
                    "timestamp":"2026-06-30 16:17:47.514",
                    "level": "DEBUG",
                    "thread": "http-nio-8169-exec-9",
                    "class": "o.s.web.servlet.DispatcherServlet",
                    "message": "GET "/api/admin/category/list/tree?status=-1&type=1&temp=1782807467", parameters={masked}" }
                    
{
                    "app": "Crmeb",
                    "timestamp":"2026-06-30 16:17:47.515",
                    "level": "DEBUG",
                    "thread": "http-nio-8169-exec-9",
                    "class": "o.s.w.s.m.m.a.RequestMappingHandlerMapping",
                    "message": "Mapped to com.zbkj.admin.controller.CategoryController#getListTree(Integer, Integer, String)" }
                    
{
                    "app": "Crmeb",
                    "timestamp":"2026-06-30 16:17:47.520",
                    "level": "DEBUG",
                    "thread": "http-nio-8169-exec-12",
                    "class": "o.s.web.servlet.DispatcherServlet",
                    "message": "GET "/api/admin/store/product/tabs/headers?page=1&limit=20&cateId=&keywords=&type=1&temp=1782807467", parameters={masked}" }
                    
{
                    "app": "Crmeb",
                    "timestamp":"2026-06-30 16:17:47.520",
                    "level": "DEBUG",
                    "thread": "http-nio-8169-exec-12",
                    "class": "o.s.w.s.m.m.a.RequestMappingHandlerMapping",
                    "message": "Mapped to com.zbkj.admin.controller.StoreProductController#getTabsHeader(StoreProductHeaderRequest)" }
                    
{
                    "app": "Crmeb",
                    "timestamp":"2026-06-30 16:17:47.538",
                    "level": "DEBUG",
                    "thread": "http-nio-8169-exec-5",
                    "class": "o.s.web.servlet.DispatcherServlet",
                    "message": "GET "/api/admin/store/product/list?page=1&limit=20&cateId=&keywords=&type=1&temp=1782807467", parameters={masked}" }
                    
{
                    "app": "Crmeb",
                    "timestamp":"2026-06-30 16:17:47.538",
                    "level": "DEBUG",
                    "thread": "http-nio-8169-exec-5",
                    "class": "o.s.w.s.m.m.a.RequestMappingHandlerMapping",
                    "message": "Mapped to com.zbkj.admin.controller.StoreProductController#getList(StoreProductSearchRequest, PageParamRequest)" }
                    
{
                    "app": "Crmeb",
                    "timestamp":"2026-06-30 16:17:47.558",
                    "level": "DEBUG",
                    "thread": "http-nio-8169-exec-9",
                    "class": "o.s.w.s.m.m.a.RequestResponseBodyMethodProcessor",
                    "message": "Using 'application/json', given [application/json, text/plain, */*] and supported [application/json, application/*+json, application/json, application/*+json, application/cbor]" }
                    
{
                    "app": "Crmeb",
                    "timestamp":"2026-06-30 16:17:47.558",
                    "level": "DEBUG",
                    "thread": "http-nio-8169-exec-9",
                    "class": "o.s.w.s.m.m.a.RequestResponseBodyMethodProcessor",
                    "message": "Writing [com.zbkj.common.result.CommonResult@2ed1a57]" }
                    
{
                    "app": "Crmeb",
                    "timestamp":"2026-06-30 16:17:47.559",
                    "level": "DEBUG",
                    "thread": "http-nio-8169-exec-9",
                    "class": "o.s.web.servlet.DispatcherServlet",
                    "message": "Completed 200 OK" }
                    
{
                    "app": "Crmeb",
                    "timestamp":"2026-06-30 16:17:47.585",
                    "level": "DEBUG",
                    "thread": "http-nio-8169-exec-5",
                    "class": "o.s.w.s.m.m.a.RequestResponseBodyMethodProcessor",
                    "message": "Using 'application/json', given [application/json, text/plain, */*] and supported [application/json, application/*+json, application/json, application/*+json, application/cbor]" }
                    
{
                    "app": "Crmeb",
                    "timestamp":"2026-06-30 16:17:47.585",
                    "level": "DEBUG",
                    "thread": "http-nio-8169-exec-5",
                    "class": "o.s.w.s.m.m.a.RequestResponseBodyMethodProcessor",
                    "message": "Writing [com.zbkj.common.result.CommonResult@6f2bdc05]" }
                    
{
                    "app": "Crmeb",
                    "timestamp":"2026-06-30 16:17:47.585",
                    "level": "DEBUG",
                    "thread": "http-nio-8169-exec-5",
                    "class": "o.s.web.servlet.DispatcherServlet",
                    "message": "Completed 200 OK" }
                    
{
                    "app": "Crmeb",
                    "timestamp":"2026-06-30 16:17:47.786",
                    "level": "DEBUG",
                    "thread": "http-nio-8169-exec-12",
                    "class": "o.s.w.s.m.m.a.RequestResponseBodyMethodProcessor",
                    "message": "Using 'application/json', given [application/json, text/plain, */*] and supported [application/json, application/*+json, application/json, application/*+json, application/cbor]" }
                    
{
                    "app": "Crmeb",
                    "timestamp":"2026-06-30 16:17:47.786",
                    "level": "DEBUG",
                    "thread": "http-nio-8169-exec-12",
                    "class": "o.s.w.s.m.m.a.RequestResponseBodyMethodProcessor",
                    "message": "Writing [com.zbkj.common.result.CommonResult@132bc19]" }
                    
{
                    "app": "Crmeb",
                    "timestamp":"2026-06-30 16:17:47.786",
                    "level": "DEBUG",
                    "thread": "http-nio-8169-exec-12",
                    "class": "o.s.web.servlet.DispatcherServlet",
                    "message": "Completed 200 OK" }
                    
{
                    "app": "Crmeb",
                    "timestamp":"2026-06-30 16:17:48.413",
                    "level": "DEBUG",
                    "thread": "http-nio-8169-exec-1",
                    "class": "o.s.web.servlet.DispatcherServlet",
                    "message": "GET "/api/admin/store/order/status/num?dateLimit=&type=2&orderId=&temp=1782807468", parameters={masked}" }
                    
{
                    "app": "Crmeb",
                    "timestamp":"2026-06-30 16:17:48.414",
                    "level": "DEBUG",
                    "thread": "http-nio-8169-exec-1",
                    "class": "o.s.w.s.m.m.a.RequestMappingHandlerMapping",
                    "message": "Mapped to com.zbkj.admin.controller.StoreOrderController#getOrderStatusNum(String, Integer, String)" }
                    
{
                    "app": "Crmeb",
                    "timestamp":"2026-06-30 16:17:48.444",
                    "level": "DEBUG",
                    "thread": "http-nio-8169-exec-19",
                    "class": "o.s.web.servlet.DispatcherServlet",
                    "message": "GET "/api/admin/store/order/list?status=all&dateLimit=&orderNo=&page=1&limit=20&type=2&temp=1782807468", parameters={masked}" }
                    
{
                    "app": "Crmeb",
                    "timestamp":"2026-06-30 16:17:48.445",
                    "level": "DEBUG",
                    "thread": "http-nio-8169-exec-19",
                    "class": "o.s.w.s.m.m.a.RequestMappingHandlerMapping",
                    "message": "Mapped to com.zbkj.admin.controller.StoreOrderController#getList(StoreOrderSearchRequest, PageParamRequest)" }
                    
{
                    "app": "Crmeb",
                    "timestamp":"2026-06-30 16:17:48.489",
                    "level": "DEBUG",
                    "thread": "http-nio-8169-exec-19",
                    "class": "o.s.w.s.m.m.a.RequestResponseBodyMethodProcessor",
                    "message": "Using 'application/json', given [application/json, text/plain, */*] and supported [application/json, application/*+json, application/json, application/*+json, application/cbor]" }
                    
{
                    "app": "Crmeb",
                    "timestamp":"2026-06-30 16:17:48.489",
                    "level": "DEBUG",
                    "thread": "http-nio-8169-exec-19",
                    "class": "o.s.w.s.m.m.a.RequestResponseBodyMethodProcessor",
                    "message": "Writing [com.zbkj.common.result.CommonResult@6e67460]" }
                    
{
                    "app": "Crmeb",
                    "timestamp":"2026-06-30 16:17:48.490",
                    "level": "DEBUG",
                    "thread": "http-nio-8169-exec-19",
                    "class": "o.s.web.servlet.DispatcherServlet",
                    "message": "Completed 200 OK" }
                    
{
                    "app": "Crmeb",
                    "timestamp":"2026-06-30 16:17:48.832",
                    "level": "DEBUG",
                    "thread": "http-nio-8169-exec-1",
                    "class": "o.s.w.s.m.m.a.RequestResponseBodyMethodProcessor",
                    "message": "Using 'application/json', given [application/json, text/plain, */*] and supported [application/json, application/*+json, application/json, application/*+json, application/cbor]" }
                    
{
                    "app": "Crmeb",
                    "timestamp":"2026-06-30 16:17:48.833",
                    "level": "DEBUG",
                    "thread": "http-nio-8169-exec-1",
                    "class": "o.s.w.s.m.m.a.RequestResponseBodyMethodProcessor",
                    "message": "Writing [com.zbkj.common.result.CommonResult@44c68fa5]" }
                    
{
                    "app": "Crmeb",
                    "timestamp":"2026-06-30 16:17:48.833",
                    "level": "DEBUG",
                    "thread": "http-nio-8169-exec-1",
                    "class": "o.s.web.servlet.DispatcherServlet",
                    "message": "Completed 200 OK" }
                    
{
                    "app": "Crmeb",
                    "timestamp":"2026-06-30 16:17:49.882",
                    "level": "DEBUG",
                    "thread": "http-nio-8169-exec-27",
                    "class": "o.s.web.servlet.DispatcherServlet",
                    "message": "GET "/api/admin/store/order/list?status=unPaid&dateLimit=&orderNo=&page=1&limit=20&type=2&temp=1782807469", parameters={masked}" }
                    
{
                    "app": "Crmeb",
                    "timestamp":"2026-06-30 16:17:49.883",
                    "level": "DEBUG",
                    "thread": "http-nio-8169-exec-27",
                    "class": "o.s.w.s.m.m.a.RequestMappingHandlerMapping",
                    "message": "Mapped to com.zbkj.admin.controller.StoreOrderController#getList(StoreOrderSearchRequest, PageParamRequest)" }
                    
{
                    "app": "Crmeb",
                    "timestamp":"2026-06-30 16:17:49.886",
                    "level": "DEBUG",
                    "thread": "http-nio-8169-exec-15",
                    "class": "o.s.web.servlet.DispatcherServlet",
                    "message": "GET "/api/admin/store/order/status/num?dateLimit=&type=2&orderId=&temp=1782807469", parameters={masked}" }
                    
{
                    "app": "Crmeb",
                    "timestamp":"2026-06-30 16:17:49.886",
                    "level": "DEBUG",
                    "thread": "http-nio-8169-exec-15",
                    "class": "o.s.w.s.m.m.a.RequestMappingHandlerMapping",
                    "message": "Mapped to com.zbkj.admin.controller.StoreOrderController#getOrderStatusNum(String, Integer, String)" }
                    
{
                    "app": "Crmeb",
                    "timestamp":"2026-06-30 16:17:49.929",
                    "level": "DEBUG",
                    "thread": "http-nio-8169-exec-27",
                    "class": "o.s.w.s.m.m.a.RequestResponseBodyMethodProcessor",
                    "message": "Using 'application/json', given [application/json, text/plain, */*] and supported [application/json, application/*+json, application/json, application/*+json, application/cbor]" }
                    
{
                    "app": "Crmeb",
                    "timestamp":"2026-06-30 16:17:49.929",
                    "level": "DEBUG",
                    "thread": "http-nio-8169-exec-27",
                    "class": "o.s.w.s.m.m.a.RequestResponseBodyMethodProcessor",
                    "message": "Writing [com.zbkj.common.result.CommonResult@f0bb02e]" }
                    
{
                    "app": "Crmeb",
                    "timestamp":"2026-06-30 16:17:49.929",
                    "level": "DEBUG",
                    "thread": "http-nio-8169-exec-27",
                    "class": "o.s.web.servlet.DispatcherServlet",
                    "message": "Completed 200 OK" }
                    
{
                    "app": "Crmeb",
                    "timestamp":"2026-06-30 16:17:50.354",
                    "level": "DEBUG",
                    "thread": "http-nio-8169-exec-15",
                    "class": "o.s.w.s.m.m.a.RequestResponseBodyMethodProcessor",
                    "message": "Using 'application/json', given [application/json, text/plain, */*] and supported [application/json, application/*+json, application/json, application/*+json, application/cbor]" }
                    
{
                    "app": "Crmeb",
                    "timestamp":"2026-06-30 16:17:50.354",
                    "level": "DEBUG",
                    "thread": "http-nio-8169-exec-15",
                    "class": "o.s.w.s.m.m.a.RequestResponseBodyMethodProcessor",
                    "message": "Writing [com.zbkj.common.result.CommonResult@412a4d1c]" }
                    
{
                    "app": "Crmeb",
                    "timestamp":"2026-06-30 16:17:50.355",
                    "level": "DEBUG",
                    "thread": "http-nio-8169-exec-15",
                    "class": "o.s.web.servlet.DispatcherServlet",
                    "message": "Completed 200 OK" }
                    
{
                    "app": "Crmeb",
                    "timestamp":"2026-06-30 16:17:50.598",
                    "level": "DEBUG",
                    "thread": "http-nio-8169-exec-20",
                    "class": "o.s.web.servlet.DispatcherServlet",
                    "message": "GET "/api/admin/store/order/list?status=notShipped&dateLimit=&orderNo=&page=1&limit=20&type=2&temp=1782807470", parameters={masked}" }
                    
{
                    "app": "Crmeb",
                    "timestamp":"2026-06-30 16:17:50.598",
                    "level": "DEBUG",
                    "thread": "http-nio-8169-exec-20",
                    "class": "o.s.w.s.m.m.a.RequestMappingHandlerMapping",
                    "message": "Mapped to com.zbkj.admin.controller.StoreOrderController#getList(StoreOrderSearchRequest, PageParamRequest)" }
                    
{
                    "app": "Crmeb",
                    "timestamp":"2026-06-30 16:17:50.600",
                    "level": "DEBUG",
                    "thread": "http-nio-8169-exec-7",
                    "class": "o.s.web.servlet.DispatcherServlet",
                    "message": "GET "/api/admin/store/order/status/num?dateLimit=&type=2&orderId=&temp=1782807470", parameters={masked}" }
                    
{
                    "app": "Crmeb",
                    "timestamp":"2026-06-30 16:17:50.601",
                    "level": "DEBUG",
                    "thread": "http-nio-8169-exec-7",
                    "class": "o.s.w.s.m.m.a.RequestMappingHandlerMapping",
                    "message": "Mapped to com.zbkj.admin.controller.StoreOrderController#getOrderStatusNum(String, Integer, String)" }
                    
{
                    "app": "Crmeb",
                    "timestamp":"2026-06-30 16:17:50.655",
                    "level": "DEBUG",
                    "thread": "http-nio-8169-exec-20",
                    "class": "o.s.w.s.m.m.a.RequestResponseBodyMethodProcessor",
                    "message": "Using 'application/json', given [application/json, text/plain, */*] and supported [application/json, application/*+json, application/json, application/*+json, application/cbor]" }
                    
{
                    "app": "Crmeb",
                    "timestamp":"2026-06-30 16:17:50.655",
                    "level": "DEBUG",
                    "thread": "http-nio-8169-exec-20",
                    "class": "o.s.w.s.m.m.a.RequestResponseBodyMethodProcessor",
                    "message": "Writing [com.zbkj.common.result.CommonResult@3003db5d]" }
                    
{
                    "app": "Crmeb",
                    "timestamp":"2026-06-30 16:17:50.655",
                    "level": "DEBUG",
                    "thread": "http-nio-8169-exec-20",
                    "class": "o.s.web.servlet.DispatcherServlet",
                    "message": "Completed 200 OK" }
                    
{
                    "app": "Crmeb",
                    "timestamp":"2026-06-30 16:17:51.022",
                    "level": "DEBUG",
                    "thread": "http-nio-8169-exec-7",
                    "class": "o.s.w.s.m.m.a.RequestResponseBodyMethodProcessor",
                    "message": "Using 'application/json', given [application/json, text/plain, */*] and supported [application/json, application/*+json, application/json, application/*+json, application/cbor]" }
                    
{
                    "app": "Crmeb",
                    "timestamp":"2026-06-30 16:17:51.022",
                    "level": "DEBUG",
                    "thread": "http-nio-8169-exec-7",
                    "class": "o.s.w.s.m.m.a.RequestResponseBodyMethodProcessor",
                    "message": "Writing [com.zbkj.common.result.CommonResult@1c9651ee]" }
                    
{
                    "app": "Crmeb",
                    "timestamp":"2026-06-30 16:17:51.022",
                    "level": "DEBUG",
                    "thread": "http-nio-8169-exec-7",
                    "class": "o.s.web.servlet.DispatcherServlet",
                    "message": "Completed 200 OK" }
                    
{
                    "app": "Crmeb",
                    "timestamp":"2026-06-30 16:17:51.463",
                    "level": "DEBUG",
                    "thread": "http-nio-8169-exec-28",
                    "class": "o.s.web.servlet.DispatcherServlet",
                    "message": "GET "/api/admin/store/order/status/num?dateLimit=&type=2&orderId=&temp=1782807471", parameters={masked}" }
                    
{
                    "app": "Crmeb",
                    "timestamp":"2026-06-30 16:17:51.463",
                    "level": "DEBUG",
                    "thread": "http-nio-8169-exec-28",
                    "class": "o.s.w.s.m.m.a.RequestMappingHandlerMapping",
                    "message": "Mapped to com.zbkj.admin.controller.StoreOrderController#getOrderStatusNum(String, Integer, String)" }
                    
{
                    "app": "Crmeb",
                    "timestamp":"2026-06-30 16:17:51.466",
                    "level": "DEBUG",
                    "thread": "http-nio-8169-exec-24",
                    "class": "o.s.web.servlet.DispatcherServlet",
                    "message": "GET "/api/admin/store/order/list?status=all&dateLimit=&orderNo=&page=1&limit=20&type=2&temp=1782807471", parameters={masked}" }
                    
{
                    "app": "Crmeb",
                    "timestamp":"2026-06-30 16:17:51.467",
                    "level": "DEBUG",
                    "thread": "http-nio-8169-exec-24",
                    "class": "o.s.w.s.m.m.a.RequestMappingHandlerMapping",
                    "message": "Mapped to com.zbkj.admin.controller.StoreOrderController#getList(StoreOrderSearchRequest, PageParamRequest)" }
                    
{
                    "app": "Crmeb",
                    "timestamp":"2026-06-30 16:17:51.509",
                    "level": "DEBUG",
                    "thread": "http-nio-8169-exec-24",
                    "class": "o.s.w.s.m.m.a.RequestResponseBodyMethodProcessor",
                    "message": "Using 'application/json', given [application/json, text/plain, */*] and supported [application/json, application/*+json, application/json, application/*+json, application/cbor]" }
                    
{
                    "app": "Crmeb",
                    "timestamp":"2026-06-30 16:17:51.509",
                    "level": "DEBUG",
                    "thread": "http-nio-8169-exec-24",
                    "class": "o.s.w.s.m.m.a.RequestResponseBodyMethodProcessor",
                    "message": "Writing [com.zbkj.common.result.CommonResult@3b191478]" }
                    
{
                    "app": "Crmeb",
                    "timestamp":"2026-06-30 16:17:51.510",
                    "level": "DEBUG",
                    "thread": "http-nio-8169-exec-24",
                    "class": "o.s.web.servlet.DispatcherServlet",
                    "message": "Completed 200 OK" }
                    
{
                    "app": "Crmeb",
                    "timestamp":"2026-06-30 16:17:51.905",
                    "level": "DEBUG",
                    "thread": "http-nio-8169-exec-28",
                    "class": "o.s.w.s.m.m.a.RequestResponseBodyMethodProcessor",
                    "message": "Using 'application/json', given [application/json, text/plain, */*] and supported [application/json, application/*+json, application/json, application/*+json, application/cbor]" }
                    
{
                    "app": "Crmeb",
                    "timestamp":"2026-06-30 16:17:51.905",
                    "level": "DEBUG",
                    "thread": "http-nio-8169-exec-28",
                    "class": "o.s.w.s.m.m.a.RequestResponseBodyMethodProcessor",
                    "message": "Writing [com.zbkj.common.result.CommonResult@5fcfdc9f]" }
                    
{
                    "app": "Crmeb",
                    "timestamp":"2026-06-30 16:17:51.905",
                    "level": "DEBUG",
                    "thread": "http-nio-8169-exec-28",
                    "class": "o.s.web.servlet.DispatcherServlet",
                    "message": "Completed 200 OK" }
                    
{
                    "app": "Crmeb",
                    "timestamp":"2026-06-30 16:17:54.158",
                    "level": "DEBUG",
                    "thread": "http-nio-8169-exec-3",
                    "class": "o.s.web.servlet.DispatcherServlet",
                    "message": "GET "/api/admin/system/user/level/list?temp=1782807474", parameters={masked}" }
                    
{
                    "app": "Crmeb",
                    "timestamp":"2026-06-30 16:17:54.159",
                    "level": "DEBUG",
                    "thread": "http-nio-8169-exec-13",
                    "class": "o.s.web.servlet.DispatcherServlet",
                    "message": "GET "/api/admin/system/city/list/tree?temp=1782807474", parameters={masked}" }
                    
{
                    "app": "Crmeb",
                    "timestamp":"2026-06-30 16:17:54.159",
                    "level": "DEBUG",
                    "thread": "http-nio-8169-exec-10",
                    "class": "o.s.web.servlet.DispatcherServlet",
                    "message": "GET "/api/admin/user/list?labelId=&userType=&sex=&isPromoter=&country=&payCount=&accessType=0&dateLimit=&keywords=&province=&city=&page=1&limit=20&level=&groupId=&temp=1782807474", parameters={masked}" }
                    
{
                    "app": "Crmeb",
                    "timestamp":"2026-06-30 16:17:54.159",
                    "level": "DEBUG",
                    "thread": "http-nio-8169-exec-10",
                    "class": "o.s.w.s.m.m.a.RequestMappingHandlerMapping",
                    "message": "Mapped to com.zbkj.admin.controller.UserController#getList(UserSearchRequest, PageParamRequest)" }
                    
{
                    "app": "Crmeb",
                    "timestamp":"2026-06-30 16:17:54.159",
                    "level": "DEBUG",
                    "thread": "http-nio-8169-exec-13",
                    "class": "o.s.w.s.m.m.a.RequestMappingHandlerMapping",
                    "message": "Mapped to com.zbkj.admin.controller.SystemCityController#getListTree()" }
                    
{
                    "app": "Crmeb",
                    "timestamp":"2026-06-30 16:17:54.162",
                    "level": "DEBUG",
                    "thread": "http-nio-8169-exec-11",
                    "class": "o.s.web.servlet.DispatcherServlet",
                    "message": "GET "/api/admin/user/group/list?page=1&limit=9999&temp=1782807474", parameters={masked}" }
                    
{
                    "app": "Crmeb",
                    "timestamp":"2026-06-30 16:17:54.162",
                    "level": "DEBUG",
                    "thread": "http-nio-8169-exec-11",
                    "class": "o.s.w.s.m.m.a.RequestMappingHandlerMapping",
                    "message": "Mapped to com.zbkj.admin.controller.UserGroupController#getList(PageParamRequest)" }
                    
{
                    "app": "Crmeb",
                    "timestamp":"2026-06-30 16:17:54.171",
                    "level": "DEBUG",
                    "thread": "http-nio-8169-exec-3",
                    "class": "o.s.w.s.m.m.a.RequestMappingHandlerMapping",
                    "message": "Mapped to com.zbkj.admin.controller.SystemUserLevelController#getList()" }
                    
{
                    "app": "Crmeb",
                    "timestamp":"2026-06-30 16:17:54.182",
                    "level": "DEBUG",
                    "thread": "http-nio-8169-exec-14",
                    "class": "o.s.web.servlet.DispatcherServlet",
                    "message": "GET "/api/admin/user/tag/list?page=1&limit=9999&temp=1782807474", parameters={masked}" }
                    
{
                    "app": "Crmeb",
                    "timestamp":"2026-06-30 16:17:54.182",
                    "level": "DEBUG",
                    "thread": "http-nio-8169-exec-14",
                    "class": "o.s.w.s.m.m.a.RequestMappingHandlerMapping",
                    "message": "Mapped to com.zbkj.admin.controller.UserTagController#getList(PageParamRequest)" }
                    
{
                    "app": "Crmeb",
                    "timestamp":"2026-06-30 16:17:54.297",
                    "level": "DEBUG",
                    "thread": "http-nio-8169-exec-11",
                    "class": "o.s.w.s.m.m.a.RequestResponseBodyMethodProcessor",
                    "message": "Using 'application/json', given [application/json, text/plain, */*] and supported [application/json, application/*+json, application/json, application/*+json, application/cbor]" }
                    
{
                    "app": "Crmeb",
                    "timestamp":"2026-06-30 16:17:54.297",
                    "level": "DEBUG",
                    "thread": "http-nio-8169-exec-11",
                    "class": "o.s.w.s.m.m.a.RequestResponseBodyMethodProcessor",
                    "message": "Writing [com.zbkj.common.result.CommonResult@37f7fe27]" }
                    
{
                    "app": "Crmeb",
                    "timestamp":"2026-06-30 16:17:54.297",
                    "level": "DEBUG",
                    "thread": "http-nio-8169-exec-14",
                    "class": "o.s.w.s.m.m.a.RequestResponseBodyMethodProcessor",
                    "message": "Using 'application/json', given [application/json, text/plain, */*] and supported [application/json, application/*+json, application/json, application/*+json, application/cbor]" }
                    
{
                    "app": "Crmeb",
                    "timestamp":"2026-06-30 16:17:54.297",
                    "level": "DEBUG",
                    "thread": "http-nio-8169-exec-3",
                    "class": "o.s.w.s.m.m.a.RequestResponseBodyMethodProcessor",
                    "message": "Using 'application/json', given [application/json, text/plain, */*] and supported [application/json, application/*+json, application/json, application/*+json, application/cbor]" }
                    
{
                    "app": "Crmeb",
                    "timestamp":"2026-06-30 16:17:54.297",
                    "level": "DEBUG",
                    "thread": "http-nio-8169-exec-14",
                    "class": "o.s.w.s.m.m.a.RequestResponseBodyMethodProcessor",
                    "message": "Writing [com.zbkj.common.result.CommonResult@3e4a7907]" }
                    
{
                    "app": "Crmeb",
                    "timestamp":"2026-06-30 16:17:54.297",
                    "level": "DEBUG",
                    "thread": "http-nio-8169-exec-3",
                    "class": "o.s.w.s.m.m.a.RequestResponseBodyMethodProcessor",
                    "message": "Writing [com.zbkj.common.result.CommonResult@32764603]" }
                    
{
                    "app": "Crmeb",
                    "timestamp":"2026-06-30 16:17:54.298",
                    "level": "DEBUG",
                    "thread": "http-nio-8169-exec-11",
                    "class": "o.s.web.servlet.DispatcherServlet",
                    "message": "Completed 200 OK" }
                    
{
                    "app": "Crmeb",
                    "timestamp":"2026-06-30 16:17:54.298",
                    "level": "DEBUG",
                    "thread": "http-nio-8169-exec-14",
                    "class": "o.s.web.servlet.DispatcherServlet",
                    "message": "Completed 200 OK" }
                    
{
                    "app": "Crmeb",
                    "timestamp":"2026-06-30 16:17:54.299",
                    "level": "DEBUG",
                    "thread": "http-nio-8169-exec-3",
                    "class": "o.s.web.servlet.DispatcherServlet",
                    "message": "Completed 200 OK" }
                    
{
                    "app": "Crmeb",
                    "timestamp":"2026-06-30 16:17:54.340",
                    "level": "DEBUG",
                    "thread": "http-nio-8169-exec-13",
                    "class": "o.s.w.s.m.m.a.RequestResponseBodyMethodProcessor",
                    "message": "Using 'application/json', given [application/json, text/plain, */*] and supported [application/json, application/*+json, application/json, application/*+json, application/cbor]" }
                    
{
                    "app": "Crmeb",
                    "timestamp":"2026-06-30 16:17:54.342",
                    "level": "DEBUG",
                    "thread": "http-nio-8169-exec-13",
                    "class": "o.s.w.s.m.m.a.RequestResponseBodyMethodProcessor",
                    "message": "Writing [com.zbkj.common.result.CommonResult@1575ce9f]" }
                    
{
                    "app": "Crmeb",
                    "timestamp":"2026-06-30 16:17:54.349",
                    "level": "DEBUG",
                    "thread": "http-nio-8169-exec-13",
                    "class": "o.s.web.servlet.DispatcherServlet",
                    "message": "Completed 200 OK" }
                    
{
                    "app": "Crmeb",
                    "timestamp":"2026-06-30 16:17:54.932",
                    "level": "DEBUG",
                    "thread": "http-nio-8169-exec-10",
                    "class": "o.s.w.s.m.m.a.RequestResponseBodyMethodProcessor",
                    "message": "Using 'application/json', given [application/json, text/plain, */*] and supported [application/json, application/*+json, application/json, application/*+json, application/cbor]" }
                    
{
                    "app": "Crmeb",
                    "timestamp":"2026-06-30 16:17:54.932",
                    "level": "DEBUG",
                    "thread": "http-nio-8169-exec-10",
                    "class": "o.s.w.s.m.m.a.RequestResponseBodyMethodProcessor",
                    "message": "Writing [com.zbkj.common.result.CommonResult@5fc11e23]" }
                    
{
                    "app": "Crmeb",
                    "timestamp":"2026-06-30 16:17:54.933",
                    "level": "DEBUG",
                    "thread": "http-nio-8169-exec-10",
                    "class": "o.s.web.servlet.DispatcherServlet",
                    "message": "Completed 200 OK" }
                    
{
                    "app": "Crmeb",
                    "timestamp":"2026-06-30 16:20:17.165",
                    "level": "DEBUG",
                    "thread": "http-nio-8169-exec-19",
                    "class": "o.s.web.servlet.DispatcherServlet",
                    "message": "GET "/api/admin/user/tag/list?page=1&limit=20&temp=1782807617", parameters={masked}" }
                    
{
                    "app": "Crmeb",
                    "timestamp":"2026-06-30 16:20:17.166",
                    "level": "DEBUG",
                    "thread": "http-nio-8169-exec-19",
                    "class": "o.s.w.s.m.m.a.RequestMappingHandlerMapping",
                    "message": "Mapped to com.zbkj.admin.controller.UserTagController#getList(PageParamRequest)" }
                    
{
                    "app": "Crmeb",
                    "timestamp":"2026-06-30 16:20:17.250",
                    "level": "DEBUG",
                    "thread": "http-nio-8169-exec-19",
                    "class": "o.s.w.s.m.m.a.RequestResponseBodyMethodProcessor",
                    "message": "Using 'application/json', given [application/json, text/plain, */*] and supported [application/json, application/*+json, application/json, application/*+json, application/cbor]" }
                    
{
                    "app": "Crmeb",
                    "timestamp":"2026-06-30 16:20:17.250",
                    "level": "DEBUG",
                    "thread": "http-nio-8169-exec-19",
                    "class": "o.s.w.s.m.m.a.RequestResponseBodyMethodProcessor",
                    "message": "Writing [com.zbkj.common.result.CommonResult@3758a390]" }
                    
{
                    "app": "Crmeb",
                    "timestamp":"2026-06-30 16:20:17.251",
                    "level": "DEBUG",
                    "thread": "http-nio-8169-exec-19",
                    "class": "o.s.web.servlet.DispatcherServlet",
                    "message": "Completed 200 OK" }
                    
{
                    "app": "Crmeb",
                    "timestamp":"2026-06-30 16:31:25.310",
                    "level": "DEBUG",
                    "thread": "http-nio-8169-exec-2",
                    "class": "o.s.web.servlet.DispatcherServlet",
                    "message": "GET "/api/admin/system/user/level/list?temp=1782808285", parameters={masked}" }
                    
{
                    "app": "Crmeb",
                    "timestamp":"2026-06-30 16:31:25.312",
                    "level": "DEBUG",
                    "thread": "http-nio-8169-exec-2",
                    "class": "o.s.w.s.m.m.a.RequestMappingHandlerMapping",
                    "message": "Mapped to com.zbkj.admin.controller.SystemUserLevelController#getList()" }
                    
{
                    "app": "Crmeb",
                    "timestamp":"2026-06-30 16:31:25.379",
                    "level": "DEBUG",
                    "thread": "http-nio-8169-exec-2",
                    "class": "o.s.w.s.m.m.a.RequestResponseBodyMethodProcessor",
                    "message": "Using 'application/json', given [application/json, text/plain, */*] and supported [application/json, application/*+json, application/json, application/*+json, application/cbor]" }
                    
{
                    "app": "Crmeb",
                    "timestamp":"2026-06-30 16:31:25.379",
                    "level": "DEBUG",
                    "thread": "http-nio-8169-exec-2",
                    "class": "o.s.w.s.m.m.a.RequestResponseBodyMethodProcessor",
                    "message": "Writing [com.zbkj.common.result.CommonResult@1419bcef]" }
                    
{
                    "app": "Crmeb",
                    "timestamp":"2026-06-30 16:31:25.380",
                    "level": "DEBUG",
                    "thread": "http-nio-8169-exec-2",
                    "class": "o.s.web.servlet.DispatcherServlet",
                    "message": "Completed 200 OK" }
                    
{
                    "app": "Crmeb",
                    "timestamp":"2026-06-30 16:31:25.906",
                    "level": "DEBUG",
                    "thread": "http-nio-8169-exec-15",
                    "class": "o.s.web.servlet.DispatcherServlet",
                    "message": "GET "/api/admin/user/group/list?page=1&limit=20&temp=1782808285", parameters={masked}" }
                    
{
                    "app": "Crmeb",
                    "timestamp":"2026-06-30 16:31:25.906",
                    "level": "DEBUG",
                    "thread": "http-nio-8169-exec-15",
                    "class": "o.s.w.s.m.m.a.RequestMappingHandlerMapping",
                    "message": "Mapped to com.zbkj.admin.controller.UserGroupController#getList(PageParamRequest)" }
                    
{
                    "app": "Crmeb",
                    "timestamp":"2026-06-30 16:31:25.992",
                    "level": "DEBUG",
                    "thread": "http-nio-8169-exec-15",
                    "class": "o.s.w.s.m.m.a.RequestResponseBodyMethodProcessor",
                    "message": "Using 'application/json', given [application/json, text/plain, */*] and supported [application/json, application/*+json, application/json, application/*+json, application/cbor]" }
                    
{
                    "app": "Crmeb",
                    "timestamp":"2026-06-30 16:31:25.992",
                    "level": "DEBUG",
                    "thread": "http-nio-8169-exec-15",
                    "class": "o.s.w.s.m.m.a.RequestResponseBodyMethodProcessor",
                    "message": "Writing [com.zbkj.common.result.CommonResult@4c31285e]" }
                    
{
                    "app": "Crmeb",
                    "timestamp":"2026-06-30 16:31:25.993",
                    "level": "DEBUG",
                    "thread": "http-nio-8169-exec-15",
                    "class": "o.s.web.servlet.DispatcherServlet",
                    "message": "Completed 200 OK" }
                    
{
                    "app": "Crmeb",
                    "timestamp":"2026-06-30 16:31:26.736",
                    "level": "DEBUG",
                    "thread": "http-nio-8169-exec-16",
                    "class": "o.s.web.servlet.DispatcherServlet",
                    "message": "GET "/api/admin/category/list?name=&pid=0&status=-1&type=3&temp=1782808286", parameters={masked}" }
                    
{
                    "app": "Crmeb",
                    "timestamp":"2026-06-30 16:31:26.737",
                    "level": "DEBUG",
                    "thread": "http-nio-8169-exec-16",
                    "class": "o.s.w.s.m.m.a.RequestMappingHandlerMapping",
                    "message": "Mapped to com.zbkj.admin.controller.CategoryController#getList(CategorySearchRequest)" }
                    
{
                    "app": "Crmeb",
                    "timestamp":"2026-06-30 16:31:26.812",
                    "level": "DEBUG",
                    "thread": "http-nio-8169-exec-16",
                    "class": "o.s.w.s.m.m.a.RequestResponseBodyMethodProcessor",
                    "message": "Using 'application/json', given [application/json, text/plain, */*] and supported [application/json, application/*+json, application/json, application/*+json, application/cbor]" }
                    
{
                    "app": "Crmeb",
                    "timestamp":"2026-06-30 16:31:26.812",
                    "level": "DEBUG",
                    "thread": "http-nio-8169-exec-16",
                    "class": "o.s.w.s.m.m.a.RequestResponseBodyMethodProcessor",
                    "message": "Writing [com.zbkj.common.result.CommonResult@32d2516d]" }
                    
{
                    "app": "Crmeb",
                    "timestamp":"2026-06-30 16:31:26.813",
                    "level": "DEBUG",
                    "thread": "http-nio-8169-exec-16",
                    "class": "o.s.web.servlet.DispatcherServlet",
                    "message": "Completed 200 OK" }
                    
{
                    "app": "Crmeb",
                    "timestamp":"2026-06-30 16:31:28.807",
                    "level": "DEBUG",
                    "thread": "http-nio-8169-exec-7",
                    "class": "o.s.web.servlet.DispatcherServlet",
                    "message": "GET "/api/admin/wechat/keywords/reply/info/keywords?keywords=subscribe&temp=1782808288", parameters={masked}" }
                    
{
                    "app": "Crmeb",
                    "timestamp":"2026-06-30 16:31:28.808",
                    "level": "DEBUG",
                    "thread": "http-nio-8169-exec-7",
                    "class": "o.s.w.s.m.m.a.RequestMappingHandlerMapping",
                    "message": "Mapped to com.zbkj.admin.controller.WechatReplyController#info(String)" }
                    
{
                    "app": "Crmeb",
                    "timestamp":"2026-06-30 16:31:28.956",
                    "level": "DEBUG",
                    "thread": "http-nio-8169-exec-7",
                    "class": "o.s.w.s.m.m.a.RequestResponseBodyMethodProcessor",
                    "message": "Using 'application/json', given [application/json, text/plain, */*] and supported [application/json, application/*+json, application/json, application/*+json, application/cbor]" }
                    
{
                    "app": "Crmeb",
                    "timestamp":"2026-06-30 16:31:28.958",
                    "level": "DEBUG",
                    "thread": "http-nio-8169-exec-7",
                    "class": "o.s.w.s.m.m.a.RequestResponseBodyMethodProcessor",
                    "message": "Writing [com.zbkj.common.result.CommonResult@326aa0f3]" }
                    
{
                    "app": "Crmeb",
                    "timestamp":"2026-06-30 16:31:28.958",
                    "level": "DEBUG",
                    "thread": "http-nio-8169-exec-7",
                    "class": "o.s.web.servlet.DispatcherServlet",
                    "message": "Completed 200 OK" }
                    
{
                    "app": "Crmeb",
                    "timestamp":"2026-06-30 16:31:41.411",
                    "level": "DEBUG",
                    "thread": "http-nio-8169-exec-30",
                    "class": "o.s.web.servlet.DispatcherServlet",
                    "message": "POST "/api/admin/wechat/keywords/reply/update?id=3", parameters={masked}" }
                    
{
                    "app": "Crmeb",
                    "timestamp":"2026-06-30 16:31:41.413",
                    "level": "DEBUG",
                    "thread": "http-nio-8169-exec-30",
                    "class": "o.s.w.s.m.m.a.RequestMappingHandlerMapping",
                    "message": "Mapped to com.zbkj.admin.controller.WechatReplyController#update(WechatReplyRequest)" }
                    
{
                    "app": "Crmeb",
                    "timestamp":"2026-06-30 16:31:41.467",
                    "level": "DEBUG",
                    "thread": "http-nio-8169-exec-30",
                    "class": "o.s.w.s.m.m.a.RequestResponseBodyMethodProcessor",
                    "message": "Read "application/json;charset=UTF-8" to [WechatReplyRequest(id=3, keywords=subscribe, type=text, data={"content":"感谢关注","mediaId":"","srcUrl" (truncated)...]" }
                    
{
                    "app": "Crmeb",
                    "timestamp":"2026-06-30 16:31:41.931",
                    "level": "DEBUG",
                    "thread": "http-nio-8169-exec-30",
                    "class": "o.s.w.s.m.m.a.RequestResponseBodyMethodProcessor",
                    "message": "Using 'application/json', given [application/json, text/plain, */*] and supported [application/json, application/*+json, application/json, application/*+json, application/cbor]" }
                    
{
                    "app": "Crmeb",
                    "timestamp":"2026-06-30 16:31:41.931",
                    "level": "DEBUG",
                    "thread": "http-nio-8169-exec-30",
                    "class": "o.s.w.s.m.m.a.RequestResponseBodyMethodProcessor",
                    "message": "Writing [com.zbkj.common.result.CommonResult@3baa7101]" }
                    
{
                    "app": "Crmeb",
                    "timestamp":"2026-06-30 16:31:41.931",
                    "level": "DEBUG",
                    "thread": "http-nio-8169-exec-30",
                    "class": "o.s.web.servlet.DispatcherServlet",
                    "message": "Completed 200 OK" }
                    
{
                    "app": "Crmeb",
                    "timestamp":"2026-06-30 16:31:43.349",
                    "level": "DEBUG",
                    "thread": "http-nio-8169-exec-28",
                    "class": "o.s.web.servlet.DispatcherServlet",
                    "message": "GET "/api/admin/wechat/keywords/reply/list?page=1&limit=20&keywords=&type=&temp=1782808303", parameters={masked}" }
                    
{
                    "app": "Crmeb",
                    "timestamp":"2026-06-30 16:31:43.349",
                    "level": "DEBUG",
                    "thread": "http-nio-8169-exec-28",
                    "class": "o.s.w.s.m.m.a.RequestMappingHandlerMapping",
                    "message": "Mapped to com.zbkj.admin.controller.WechatReplyController#getList(WechatReplySearchRequest, PageParamRequest)" }
                    
{
                    "app": "Crmeb",
                    "timestamp":"2026-06-30 16:31:43.459",
                    "level": "DEBUG",
                    "thread": "http-nio-8169-exec-28",
                    "class": "o.s.w.s.m.m.a.RequestResponseBodyMethodProcessor",
                    "message": "Using 'application/json', given [application/json, text/plain, */*] and supported [application/json, application/*+json, application/json, application/*+json, application/cbor]" }
                    
{
                    "app": "Crmeb",
                    "timestamp":"2026-06-30 16:31:43.459",
                    "level": "DEBUG",
                    "thread": "http-nio-8169-exec-28",
                    "class": "o.s.w.s.m.m.a.RequestResponseBodyMethodProcessor",
                    "message": "Writing [com.zbkj.common.result.CommonResult@423b2585]" }
                    
{
                    "app": "Crmeb",
                    "timestamp":"2026-06-30 16:31:43.460",
                    "level": "DEBUG",
                    "thread": "http-nio-8169-exec-28",
                    "class": "o.s.web.servlet.DispatcherServlet",
                    "message": "Completed 200 OK" }
                    
{
                    "app": "Crmeb",
                    "timestamp":"2026-06-30 16:31:46.905",
                    "level": "DEBUG",
                    "thread": "http-nio-8169-exec-25",
                    "class": "o.s.web.servlet.DispatcherServlet",
                    "message": "POST "/api/admin/wechat/keywords/reply/status?id=2&status=false", parameters={masked}" }
                    
{
                    "app": "Crmeb",
                    "timestamp":"2026-06-30 16:31:46.907",
                    "level": "DEBUG",
                    "thread": "http-nio-8169-exec-25",
                    "class": "o.s.w.s.m.m.a.RequestMappingHandlerMapping",
                    "message": "Mapped to com.zbkj.admin.controller.WechatReplyController#update(Integer, Boolean)" }
                    
{
                    "app": "Crmeb",
                    "timestamp":"2026-06-30 16:31:47.220",
                    "level": "DEBUG",
                    "thread": "http-nio-8169-exec-25",
                    "class": "o.s.w.s.m.m.a.RequestResponseBodyMethodProcessor",
                    "message": "Using 'application/json', given [application/json, text/plain, */*] and supported [application/json, application/*+json, application/json, application/*+json, application/cbor]" }
                    
{
                    "app": "Crmeb",
                    "timestamp":"2026-06-30 16:31:47.221",
                    "level": "DEBUG",
                    "thread": "http-nio-8169-exec-25",
                    "class": "o.s.w.s.m.m.a.RequestResponseBodyMethodProcessor",
                    "message": "Writing [com.zbkj.common.result.CommonResult@486481f5]" }
                    
{
                    "app": "Crmeb",
                    "timestamp":"2026-06-30 16:31:47.221",
                    "level": "DEBUG",
                    "thread": "http-nio-8169-exec-25",
                    "class": "o.s.web.servlet.DispatcherServlet",
                    "message": "Completed 200 OK" }
                    
{
                    "app": "Crmeb",
                    "timestamp":"2026-06-30 16:31:47.267",
                    "level": "DEBUG",
                    "thread": "http-nio-8169-exec-26",
                    "class": "o.s.web.servlet.DispatcherServlet",
                    "message": "GET "/api/admin/wechat/keywords/reply/list?page=1&limit=20&keywords=&type=&temp=1782808307", parameters={masked}" }
                    
{
                    "app": "Crmeb",
                    "timestamp":"2026-06-30 16:31:47.267",
                    "level": "DEBUG",
                    "thread": "http-nio-8169-exec-26",
                    "class": "o.s.w.s.m.m.a.RequestMappingHandlerMapping",
                    "message": "Mapped to com.zbkj.admin.controller.WechatReplyController#getList(WechatReplySearchRequest, PageParamRequest)" }
                    
{
                    "app": "Crmeb",
                    "timestamp":"2026-06-30 16:31:47.356",
                    "level": "DEBUG",
                    "thread": "http-nio-8169-exec-26",
                    "class": "o.s.w.s.m.m.a.RequestResponseBodyMethodProcessor",
                    "message": "Using 'application/json', given [application/json, text/plain, */*] and supported [application/json, application/*+json, application/json, application/*+json, application/cbor]" }
                    
{
                    "app": "Crmeb",
                    "timestamp":"2026-06-30 16:31:47.356",
                    "level": "DEBUG",
                    "thread": "http-nio-8169-exec-26",
                    "class": "o.s.w.s.m.m.a.RequestResponseBodyMethodProcessor",
                    "message": "Writing [com.zbkj.common.result.CommonResult@58317c89]" }
                    
{
                    "app": "Crmeb",
                    "timestamp":"2026-06-30 16:31:47.357",
                    "level": "DEBUG",
                    "thread": "http-nio-8169-exec-26",
                    "class": "o.s.web.servlet.DispatcherServlet",
                    "message": "Completed 200 OK" }
                    
{
                    "app": "Crmeb",
                    "timestamp":"2026-06-30 16:31:48.600",
                    "level": "DEBUG",
                    "thread": "http-nio-8169-exec-14",
                    "class": "o.s.web.servlet.DispatcherServlet",
                    "message": "POST "/api/admin/wechat/keywords/reply/status?id=1&status=false", parameters={masked}" }
                    
{
                    "app": "Crmeb",
                    "timestamp":"2026-06-30 16:31:48.601",
                    "level": "DEBUG",
                    "thread": "http-nio-8169-exec-14",
                    "class": "o.s.w.s.m.m.a.RequestMappingHandlerMapping",
                    "message": "Mapped to com.zbkj.admin.controller.WechatReplyController#update(Integer, Boolean)" }
                    
{
                    "app": "Crmeb",
                    "timestamp":"2026-06-30 16:31:48.896",
                    "level": "DEBUG",
                    "thread": "http-nio-8169-exec-14",
                    "class": "o.s.w.s.m.m.a.RequestResponseBodyMethodProcessor",
                    "message": "Using 'application/json', given [application/json, text/plain, */*] and supported [application/json, application/*+json, application/json, application/*+json, application/cbor]" }
                    
{
                    "app": "Crmeb",
                    "timestamp":"2026-06-30 16:31:48.896",
                    "level": "DEBUG",
                    "thread": "http-nio-8169-exec-14",
                    "class": "o.s.w.s.m.m.a.RequestResponseBodyMethodProcessor",
                    "message": "Writing [com.zbkj.common.result.CommonResult@5776f72c]" }
                    
{
                    "app": "Crmeb",
                    "timestamp":"2026-06-30 16:31:48.896",
                    "level": "DEBUG",
                    "thread": "http-nio-8169-exec-14",
                    "class": "o.s.web.servlet.DispatcherServlet",
                    "message": "Completed 200 OK" }
                    
{
                    "app": "Crmeb",
                    "timestamp":"2026-06-30 16:31:48.935",
                    "level": "DEBUG",
                    "thread": "http-nio-8169-exec-13",
                    "class": "o.s.web.servlet.DispatcherServlet",
                    "message": "GET "/api/admin/wechat/keywords/reply/list?page=1&limit=20&keywords=&type=&temp=1782808308", parameters={masked}" }
                    
{
                    "app": "Crmeb",
                    "timestamp":"2026-06-30 16:31:48.935",
                    "level": "DEBUG",
                    "thread": "http-nio-8169-exec-13",
                    "class": "o.s.w.s.m.m.a.RequestMappingHandlerMapping",
                    "message": "Mapped to com.zbkj.admin.controller.WechatReplyController#getList(WechatReplySearchRequest, PageParamRequest)" }
                    
{
                    "app": "Crmeb",
                    "timestamp":"2026-06-30 16:31:49.058",
                    "level": "DEBUG",
                    "thread": "http-nio-8169-exec-13",
                    "class": "o.s.w.s.m.m.a.RequestResponseBodyMethodProcessor",
                    "message": "Using 'application/json', given [application/json, text/plain, */*] and supported [application/json, application/*+json, application/json, application/*+json, application/cbor]" }
                    
{
                    "app": "Crmeb",
                    "timestamp":"2026-06-30 16:31:49.058",
                    "level": "DEBUG",
                    "thread": "http-nio-8169-exec-13",
                    "class": "o.s.w.s.m.m.a.RequestResponseBodyMethodProcessor",
                    "message": "Writing [com.zbkj.common.result.CommonResult@2d866d85]" }
                    
{
                    "app": "Crmeb",
                    "timestamp":"2026-06-30 16:31:49.074",
                    "level": "DEBUG",
                    "thread": "http-nio-8169-exec-13",
                    "class": "o.s.web.servlet.DispatcherServlet",
                    "message": "Completed 200 OK" }
                    
{
                    "app": "Crmeb",
                    "timestamp":"2026-06-30 16:31:51.055",
                    "level": "DEBUG",
                    "thread": "http-nio-8169-exec-10",
                    "class": "o.s.web.servlet.DispatcherServlet",
                    "message": "GET "/api/admin/wechat/keywords/reply/info/keywords?keywords=default&temp=1782808310", parameters={masked}" }
                    
{
                    "app": "Crmeb",
                    "timestamp":"2026-06-30 16:31:51.056",
                    "level": "DEBUG",
                    "thread": "http-nio-8169-exec-10",
                    "class": "o.s.w.s.m.m.a.RequestMappingHandlerMapping",
                    "message": "Mapped to com.zbkj.admin.controller.WechatReplyController#info(String)" }
                    
{
                    "app": "Crmeb",
                    "timestamp":"2026-06-30 16:31:51.108",
                    "level": "DEBUG",
                    "thread": "http-nio-8169-exec-10",
                    "class": "o.s.w.s.m.m.a.RequestResponseBodyMethodProcessor",
                    "message": "Using 'application/json', given [application/json, text/plain, */*] and supported [application/json, application/*+json, application/json, application/*+json, application/cbor]" }
                    
{
                    "app": "Crmeb",
                    "timestamp":"2026-06-30 16:31:51.108",
                    "level": "DEBUG",
                    "thread": "http-nio-8169-exec-10",
                    "class": "o.s.w.s.m.m.a.RequestResponseBodyMethodProcessor",
                    "message": "Writing [com.zbkj.common.result.CommonResult@14a7f8a2]" }
                    
{
                    "app": "Crmeb",
                    "timestamp":"2026-06-30 16:31:51.108",
                    "level": "DEBUG",
                    "thread": "http-nio-8169-exec-10",
                    "class": "o.s.web.servlet.DispatcherServlet",
                    "message": "Completed 200 OK" }
                    
{
                    "app": "Crmeb",
                    "timestamp":"2026-06-30 16:31:54.021",
                    "level": "DEBUG",
                    "thread": "http-nio-8169-exec-5",
                    "class": "o.s.web.servlet.DispatcherServlet",
                    "message": "GET "/api/admin/wechat/menu/public/get?temp=1782808313", parameters={masked}" }
                    
{
                    "app": "Crmeb",
                    "timestamp":"2026-06-30 16:31:54.021",
                    "level": "DEBUG",
                    "thread": "http-nio-8169-exec-5",
                    "class": "o.s.w.s.m.m.a.RequestMappingHandlerMapping",
                    "message": "Mapped to com.zbkj.admin.controller.WeChatController#get()" }
                    
{
                    "app": "Crmeb",
                    "timestamp":"2026-06-30 16:31:54.163",
                    "level": "DEBUG",
                    "thread": "http-nio-8169-exec-5",
                    "class": "o.s.web.client.RestTemplate",
                    "message": "HTTP GET https://api.weixin.qq.com/cgi-bin/token?grant_type=client_credential&appid=111111&secret=111111" }
                    
{
                    "app": "Crmeb",
                    "timestamp":"2026-06-30 16:31:54.164",
                    "level": "DEBUG",
                    "thread": "http-nio-8169-exec-5",
                    "class": "o.s.web.client.RestTemplate",
                    "message": "Accept=[application/json, application/cbor, application/*+json, text/plain, text/html]" }
                    
{
                    "app": "Crmeb",
                    "timestamp":"2026-06-30 16:31:54.368",
                    "level": "DEBUG",
                    "thread": "http-nio-8169-exec-5",
                    "class": "o.s.web.client.RestTemplate",
                    "message": "Response 200 OK" }
                    
{
                    "app": "Crmeb",
                    "timestamp":"2026-06-30 16:31:54.369",
                    "level": "DEBUG",
                    "thread": "http-nio-8169-exec-5",
                    "class": "o.s.web.client.RestTemplate",
                    "message": "Reading to [com.alibaba.fastjson.JSONObject]" }
                    
{
                    "app": "Crmeb",
                    "timestamp":"2026-06-30 16:31:54.498",
                    "level": "DEBUG",
                    "thread": "http-nio-8169-exec-5",
                    "class": "o.s.w.s.m.m.a.ExceptionHandlerExceptionResolver",
                    "message": "Using @ExceptionHandler com.zbkj.service.exception.GlobalExceptionHandler#defaultExceptionHandler(HttpServletRequest, Exception)" }
                    
{
                    "app": "Crmeb",
                    "timestamp":"2026-06-30 16:31:54.560",
                    "level": "DEBUG",
                    "thread": "http-nio-8169-exec-5",
                    "class": "o.s.w.s.m.m.a.RequestResponseBodyMethodProcessor",
                    "message": "Using 'application/json', given [application/json, text/plain, */*] and supported [application/json, application/*+json, application/json, application/*+json, application/cbor]" }
                    
{
                    "app": "Crmeb",
                    "timestamp":"2026-06-30 16:31:54.560",
                    "level": "DEBUG",
                    "thread": "http-nio-8169-exec-5",
                    "class": "o.s.w.s.m.m.a.RequestResponseBodyMethodProcessor",
                    "message": "Writing [com.zbkj.common.result.CommonResult@12c320fa]" }
                    
{
                    "app": "Crmeb",
                    "timestamp":"2026-06-30 16:31:54.561",
                    "level": "DEBUG",
                    "thread": "http-nio-8169-exec-5",
                    "class": "o.s.w.s.m.m.a.ExceptionHandlerExceptionResolver",
                    "message": "Resolved [com.zbkj.common.exception.CrmebException: 微信接口调用失败：40013invalid appid rid: 6a437efa-0ac4499c-0c8263f0]" }
                    
{
                    "app": "Crmeb",
                    "timestamp":"2026-06-30 16:31:54.561",
                    "level": "DEBUG",
                    "thread": "http-nio-8169-exec-5",
                    "class": "o.s.web.servlet.DispatcherServlet",
                    "message": "Completed 200 OK" }
                    
{
                    "app": "Crmeb",
                    "timestamp":"2026-06-30 16:31:58.133",
                    "level": "DEBUG",
                    "thread": "http-nio-8169-exec-9",
                    "class": "o.s.web.servlet.DispatcherServlet",
                    "message": "GET "/api/admin/system/config/info?formId=109&temp=1782808318", parameters={masked}" }
                    
{
                    "app": "Crmeb",
                    "timestamp":"2026-06-30 16:31:58.134",
                    "level": "DEBUG",
                    "thread": "http-nio-8169-exec-9",
                    "class": "o.s.w.s.m.m.a.RequestMappingHandlerMapping",
                    "message": "Mapped to com.zbkj.admin.controller.SystemConfigController#info(Integer)" }
                    
{
                    "app": "Crmeb",
                    "timestamp":"2026-06-30 16:31:58.213",
                    "level": "DEBUG",
                    "thread": "http-nio-8169-exec-9",
                    "class": "o.s.w.s.m.m.a.RequestResponseBodyMethodProcessor",
                    "message": "Using 'application/json', given [application/json, text/plain, */*] and supported [application/json, application/*+json, application/json, application/*+json, application/cbor]" }
                    
{
                    "app": "Crmeb",
                    "timestamp":"2026-06-30 16:31:58.213",
                    "level": "DEBUG",
                    "thread": "http-nio-8169-exec-9",
                    "class": "o.s.w.s.m.m.a.RequestResponseBodyMethodProcessor",
                    "message": "Writing [com.zbkj.common.result.CommonResult@11d3ccf0]" }
                    
{
                    "app": "Crmeb",
                    "timestamp":"2026-06-30 16:31:58.214",
                    "level": "DEBUG",
                    "thread": "http-nio-8169-exec-9",
                    "class": "o.s.web.servlet.DispatcherServlet",
                    "message": "Completed 200 OK" }
                    
{
                    "app": "Crmeb",
                    "timestamp":"2026-06-30 16:31:58.328",
                    "level": "DEBUG",
                    "thread": "http-nio-8169-exec-29",
                    "class": "o.s.web.servlet.DispatcherServlet",
                    "message": "GET "/api/admin/system/form/temp/info?id=109&temp=1782808318", parameters={masked}" }
                    
{
                    "app": "Crmeb",
                    "timestamp":"2026-06-30 16:31:58.328",
                    "level": "DEBUG",
                    "thread": "http-nio-8169-exec-29",
                    "class": "o.s.w.s.m.m.a.RequestMappingHandlerMapping",
                    "message": "Mapped to com.zbkj.admin.controller.SystemFormTempController#info(Integer)" }
                    
{
                    "app": "Crmeb",
                    "timestamp":"2026-06-30 16:31:58.439",
                    "level": "DEBUG",
                    "thread": "http-nio-8169-exec-29",
                    "class": "o.s.w.s.m.m.a.RequestResponseBodyMethodProcessor",
                    "message": "Using 'application/json', given [application/json, text/plain, */*] and supported [application/json, application/*+json, application/json, application/*+json, application/cbor]" }
                    
{
                    "app": "Crmeb",
                    "timestamp":"2026-06-30 16:31:58.441",
                    "level": "DEBUG",
                    "thread": "http-nio-8169-exec-29",
                    "class": "o.s.w.s.m.m.a.RequestResponseBodyMethodProcessor",
                    "message": "Writing [com.zbkj.common.result.CommonResult@1163337]" }
                    
{
                    "app": "Crmeb",
                    "timestamp":"2026-06-30 16:31:58.446",
                    "level": "DEBUG",
                    "thread": "http-nio-8169-exec-29",
                    "class": "o.s.web.servlet.DispatcherServlet",
                    "message": "Completed 200 OK" }
                    
{
                    "app": "Crmeb",
                    "timestamp":"2026-06-30 17:54:34.587",
                    "level": "DEBUG",
                    "thread": "SpringContextShutdownHook",
                    "class": "o.s.b.w.s.c.AnnotationConfigServletWebServerApplicationContext",
                    "message": "Closing org.springframework.boot.web.servlet.context.AnnotationConfigServletWebServerApplicationContext@30d4b288, started on Tue Jun 30 15:12:49 CST 2026" }
                    
{
                    "app": "Crmeb",
                    "timestamp":"2026-06-30 17:54:35.533",
                    "level": "DEBUG",
                    "thread": "SpringContextShutdownHook",
                    "class": "o.s.b.a.endpoint.jmx.JmxEndpointExporter",
                    "message": "Unregister endpoint with ObjectName 'org.springframework.boot:type=Endpoint,name=Beans' from the JMX domain" }
                    
{
                    "app": "Crmeb",
                    "timestamp":"2026-06-30 17:54:35.534",
                    "level": "DEBUG",
                    "thread": "SpringContextShutdownHook",
                    "class": "o.s.b.a.endpoint.jmx.JmxEndpointExporter",
                    "message": "Unregister endpoint with ObjectName 'org.springframework.boot:type=Endpoint,name=Caches' from the JMX domain" }
                    
{
                    "app": "Crmeb",
                    "timestamp":"2026-06-30 17:54:35.534",
                    "level": "DEBUG",
                    "thread": "SpringContextShutdownHook",
                    "class": "o.s.b.a.endpoint.jmx.JmxEndpointExporter",
                    "message": "Unregister endpoint with ObjectName 'org.springframework.boot:type=Endpoint,name=Health' from the JMX domain" }
                    
{
                    "app": "Crmeb",
                    "timestamp":"2026-06-30 17:54:35.534",
                    "level": "DEBUG",
                    "thread": "SpringContextShutdownHook",
                    "class": "o.s.b.a.endpoint.jmx.JmxEndpointExporter",
                    "message": "Unregister endpoint with ObjectName 'org.springframework.boot:type=Endpoint,name=Info' from the JMX domain" }
                    
{
                    "app": "Crmeb",
                    "timestamp":"2026-06-30 17:54:35.534",
                    "level": "DEBUG",
                    "thread": "SpringContextShutdownHook",
                    "class": "o.s.b.a.endpoint.jmx.JmxEndpointExporter",
                    "message": "Unregister endpoint with ObjectName 'org.springframework.boot:type=Endpoint,name=Conditions' from the JMX domain" }
                    
{
                    "app": "Crmeb",
                    "timestamp":"2026-06-30 17:54:35.534",
                    "level": "DEBUG",
                    "thread": "SpringContextShutdownHook",
                    "class": "o.s.b.a.endpoint.jmx.JmxEndpointExporter",
                    "message": "Unregister endpoint with ObjectName 'org.springframework.boot:type=Endpoint,name=Configprops' from the JMX domain" }
                    
{
                    "app": "Crmeb",
                    "timestamp":"2026-06-30 17:54:35.534",
                    "level": "DEBUG",
                    "thread": "SpringContextShutdownHook",
                    "class": "o.s.b.a.endpoint.jmx.JmxEndpointExporter",
                    "message": "Unregister endpoint with ObjectName 'org.springframework.boot:type=Endpoint,name=Env' from the JMX domain" }
                    
{
                    "app": "Crmeb",
                    "timestamp":"2026-06-30 17:54:35.534",
                    "level": "DEBUG",
                    "thread": "SpringContextShutdownHook",
                    "class": "o.s.b.a.endpoint.jmx.JmxEndpointExporter",
                    "message": "Unregister endpoint with ObjectName 'org.springframework.boot:type=Endpoint,name=Loggers' from the JMX domain" }
                    
{
                    "app": "Crmeb",
                    "timestamp":"2026-06-30 17:54:35.534",
                    "level": "DEBUG",
                    "thread": "SpringContextShutdownHook",
                    "class": "o.s.b.a.endpoint.jmx.JmxEndpointExporter",
                    "message": "Unregister endpoint with ObjectName 'org.springframework.boot:type=Endpoint,name=Threaddump' from the JMX domain" }
                    
{
                    "app": "Crmeb",
                    "timestamp":"2026-06-30 17:54:35.534",
                    "level": "DEBUG",
                    "thread": "SpringContextShutdownHook",
                    "class": "o.s.b.a.endpoint.jmx.JmxEndpointExporter",
                    "message": "Unregister endpoint with ObjectName 'org.springframework.boot:type=Endpoint,name=Metrics' from the JMX domain" }
                    
{
                    "app": "Crmeb",
                    "timestamp":"2026-06-30 17:54:35.534",
                    "level": "DEBUG",
                    "thread": "SpringContextShutdownHook",
                    "class": "o.s.b.a.endpoint.jmx.JmxEndpointExporter",
                    "message": "Unregister endpoint with ObjectName 'org.springframework.boot:type=Endpoint,name=Scheduledtasks' from the JMX domain" }
                    
{
                    "app": "Crmeb",
                    "timestamp":"2026-06-30 17:54:35.534",
                    "level": "DEBUG",
                    "thread": "SpringContextShutdownHook",
                    "class": "o.s.b.a.endpoint.jmx.JmxEndpointExporter",
                    "message": "Unregister endpoint with ObjectName 'org.springframework.boot:type=Endpoint,name=Mappings' from the JMX domain" }
                    
