{
                    "app": "Crmeb",
                    "timestamp":"2026-06-16 10:02:46.428",
                    "level": "DEBUG",
                    "thread": "main",
                    "class": "o.s.b.c.l.ClasspathLoggingApplicationListener",
                    "message": "Application started with classpath: [file:/C:/Program%20Files/Java/jdk1.8.0_211/jre/lib/charsets.jar, file:/C:/Program%20Files/Java/jdk1.8.0_211/jre/lib/deploy.jar, file:/C:/Program%20Files/Java/jdk1.8.0_211/jre/lib/ext/access-bridge-64.jar, file:/C:/Program%20Files/Java/jdk1.8.0_211/jre/lib/ext/cldrdata.jar, file:/C:/Program%20Files/Java/jdk1.8.0_211/jre/lib/ext/dnsns.jar, file:/C:/Program%20Files/Java/jdk1.8.0_211/jre/lib/ext/jaccess.jar, file:/C:/Program%20Files/Java/jdk1.8.0_211/jre/lib/ext/jfxrt.jar, file:/C:/Program%20Files/Java/jdk1.8.0_211/jre/lib/ext/localedata.jar, file:/C:/Program%20Files/Java/jdk1.8.0_211/jre/lib/ext/nashorn.jar, file:/C:/Program%20Files/Java/jdk1.8.0_211/jre/lib/ext/sunec.jar, file:/C:/Program%20Files/Java/jdk1.8.0_211/jre/lib/ext/sunjce_provider.jar, file:/C:/Program%20Files/Java/jdk1.8.0_211/jre/lib/ext/sunmscapi.jar, file:/C:/Program%20Files/Java/jdk1.8.0_211/jre/lib/ext/sunpkcs11.jar, file:/C:/Program%20Files/Java/jdk1.8.0_211/jre/lib/ext/zipfs.jar, file:/C:/Program%20Files/Java/jdk1.8.0_211/jre/lib/javaws.jar, file:/C:/Program%20Files/Java/jdk1.8.0_211/jre/lib/jce.jar, file:/C:/Program%20Files/Java/jdk1.8.0_211/jre/lib/jfr.jar, file:/C:/Program%20Files/Java/jdk1.8.0_211/jre/lib/jfxswt.jar, file:/C:/Program%20Files/Java/jdk1.8.0_211/jre/lib/jsse.jar, file:/C:/Program%20Files/Java/jdk1.8.0_211/jre/lib/management-agent.jar, file:/C:/Program%20Files/Java/jdk1.8.0_211/jre/lib/plugin.jar, file:/C:/Program%20Files/Java/jdk1.8.0_211/jre/lib/resources.jar, file:/C:/Program%20Files/Java/jdk1.8.0_211/jre/lib/rt.jar, file:/D:/Desktop/code/crmeb_java/crmeb/crmeb-admin/target/classes/, file:/D:/Desktop/code/crmeb_java/crmeb/crmeb-service/target/classes/, file:/D:/Desktop/code/crmeb_java/crmeb/crmeb-common/target/classes/, file:/D:/java/apache-maven-3.6.3/repository/javax/servlet/javax.servlet-api/4.0.1/javax.servlet-api-4.0.1.jar, file:/D:/java/apache-maven-3.6.3/repository/javax/servlet/jstl/1.2/jstl-1.2.jar, file:/D:/java/apache-maven-3.6.3/repository/org/apache/tomcat/embed/tomcat-embed-jasper/9.0.33/tomcat-embed-jasper-9.0.33.jar, file:/D:/java/apache-maven-3.6.3/repository/org/apache/tomcat/embed/tomcat-embed-core/9.0.33/tomcat-embed-core-9.0.33.jar, file:/D:/java/apache-maven-3.6.3/repository/org/apache/tomcat/tomcat-annotations-api/9.0.33/tomcat-annotations-api-9.0.33.jar, file:/D:/java/apache-maven-3.6.3/repository/org/apache/tomcat/embed/tomcat-embed-el/9.0.33/tomcat-embed-el-9.0.33.jar, file:/D:/java/apache-maven-3.6.3/repository/org/eclipse/jdt/ecj/3.18.0/ecj-3.18.0.jar, file:/D:/java/apache-maven-3.6.3/repository/org/apache/tomcat/tomcat-jsp-api/9.0.33/tomcat-jsp-api-9.0.33.jar, file:/D:/java/apache-maven-3.6.3/repository/org/apache/tomcat/tomcat-el-api/9.0.33/tomcat-el-api-9.0.33.jar, file:/D:/java/apache-maven-3.6.3/repository/org/apache/tomcat/tomcat-servlet-api/9.0.33/tomcat-servlet-api-9.0.33.jar, file:/D:/java/apache-maven-3.6.3/repository/com/alibaba/fastjson/1.2.83/fastjson-1.2.83.jar, file:/D:/java/apache-maven-3.6.3/repository/com/alibaba/druid/1.1.20/druid-1.1.20.jar, file:/D:/java/apache-maven-3.6.3/repository/mysql/mysql-connector-java/5.1.24/mysql-connector-java-5.1.24.jar, file:/D:/java/apache-maven-3.6.3/repository/org/projectlombok/lombok/1.18.12/lombok-1.18.12.jar, file:/D:/java/apache-maven-3.6.3/repository/com/baomidou/mybatis-plus-boot-starter/3.3.1/mybatis-plus-boot-starter-3.3.1.jar, file:/D:/java/apache-maven-3.6.3/repository/org/springframework/boot/spring-boot-starter-jdbc/2.2.6.RELEASE/spring-boot-starter-jdbc-2.2.6.RELEASE.jar, file:/D:/java/apache-maven-3.6.3/repository/com/zaxxer/HikariCP/3.4.2/HikariCP-3.4.2.jar, file:/D:/java/apache-maven-3.6.3/repository/org/springframework/spring-jdbc/5.2.5.RELEASE/spring-jdbc-5.2.5.RELEASE.jar, file:/D:/java/apache-maven-3.6.3/repository/org/springframework/boot/spring-boot-test/2.2.6.RELEASE/spring-boot-test-2.2.6.RELEASE.jar, file:/D:/java/apache-maven-3.6.3/repository/org/springframework/spring-test/5.2.5.RELEASE/spring-test-5.2.5.RELEASE.jar, file:/D:/java/apache-maven-3.6.3/repository/com/baomidou/mybatis-plus/3.3.1/mybatis-plus-3.3.1.jar, file:/D:/java/apache-maven-3.6.3/repository/com/baomidou/mybatis-plus-extension/3.3.1/mybatis-plus-extension-3.3.1.jar, file:/D:/java/apache-maven-3.6.3/repository/com/baomidou/mybatis-plus-core/3.3.1/mybatis-plus-core-3.3.1.jar, file:/D:/java/apache-maven-3.6.3/repository/com/baomidou/mybatis-plus-annotation/3.3.1/mybatis-plus-annotation-3.3.1.jar, file:/D:/java/apache-maven-3.6.3/repository/org/mybatis/mybatis/3.5.3/mybatis-3.5.3.jar, file:/D:/java/apache-maven-3.6.3/repository/org/mybatis/mybatis-spring/2.0.3/mybatis-spring-2.0.3.jar, file:/D:/java/apache-maven-3.6.3/repository/com/baomidou/mybatis-plus-generator/3.3.1/mybatis-plus-generator-3.3.1.jar, file:/D:/java/apache-maven-3.6.3/repository/io/swagger/swagger-annotations/1.5.21/swagger-annotations-1.5.21.jar, file:/D:/java/apache-maven-3.6.3/repository/io/springfox/springfox-swagger2/2.9.2/springfox-swagger2-2.9.2.jar, file:/D:/java/apache-maven-3.6.3/repository/io/springfox/springfox-spi/2.9.2/springfox-spi-2.9.2.jar, file:/D:/java/apache-maven-3.6.3/repository/io/springfox/springfox-core/2.9.2/springfox-core-2.9.2.jar, file:/D:/java/apache-maven-3.6.3/repository/net/bytebuddy/byte-buddy/1.10.8/byte-buddy-1.10.8.jar, file:/D:/java/apache-maven-3.6.3/repository/io/springfox/springfox-schema/2.9.2/springfox-schema-2.9.2.jar, file:/D:/java/apache-maven-3.6.3/repository/io/springfox/springfox-swagger-common/2.9.2/springfox-swagger-common-2.9.2.jar, file:/D:/java/apache-maven-3.6.3/repository/io/springfox/springfox-spring-web/2.9.2/springfox-spring-web-2.9.2.jar, file:/D:/java/apache-maven-3.6.3/repository/com/google/guava/guava/20.0/guava-20.0.jar, file:/D:/java/apache-maven-3.6.3/repository/com/fasterxml/classmate/1.5.1/classmate-1.5.1.jar, file:/D:/java/apache-maven-3.6.3/repository/org/springframework/plugin/spring-plugin-core/1.2.0.RELEASE/spring-plugin-core-1.2.0.RELEASE.jar, file:/D:/java/apache-maven-3.6.3/repository/org/springframework/plugin/spring-plugin-metadata/1.2.0.RELEASE/spring-plugin-metadata-1.2.0.RELEASE.jar, file:/D:/java/apache-maven-3.6.3/repository/org/mapstruct/mapstruct/1.2.0.Final/mapstruct-1.2.0.Final.jar, file:/D:/java/apache-maven-3.6.3/repository/io/swagger/swagger-models/1.5.21/swagger-models-1.5.21.jar, file:/D:/java/apache-maven-3.6.3/repository/com/fasterxml/jackson/core/jackson-annotations/2.10.3/jackson-annotations-2.10.3.jar, file:/D:/java/apache-maven-3.6.3/repository/com/github/xiaoymin/swagger-bootstrap-ui/1.9.3/swagger-bootstrap-ui-1.9.3.jar, file:/D:/java/apache-maven-3.6.3/repository/org/springframework/boot/spring-boot-autoconfigure/2.2.6.RELEASE/spring-boot-autoconfigure-2.2.6.RELEASE.jar, file:/D:/java/apache-maven-3.6.3/repository/ch/qos/logback/logback-classic/1.2.3/logback-classic-1.2.3.jar, file:/D:/java/apache-maven-3.6.3/repository/ch/qos/logback/logback-core/1.2.3/logback-core-1.2.3.jar, file:/D:/java/apache-maven-3.6.3/repository/net/logstash/logback/logstash-logback-encoder/5.3/logstash-logback-encoder-5.3.jar, file:/D:/java/apache-maven-3.6.3/repository/com/fasterxml/jackson/core/jackson-databind/2.10.3/jackson-databind-2.10.3.jar, file:/D:/java/apache-maven-3.6.3/repository/com/fasterxml/jackson/core/jackson-core/2.10.3/jackson-core-2.10.3.jar, file:/D:/java/apache-maven-3.6.3/repository/org/springframework/boot/spring-boot-starter-web/2.2.6.RELEASE/spring-boot-starter-web-2.2.6.RELEASE.jar, file:/D:/java/apache-maven-3.6.3/repository/org/springframework/boot/spring-boot-starter-json/2.2.6.RELEASE/spring-boot-starter-json-2.2.6.RELEASE.jar, file:/D:/java/apache-maven-3.6.3/repository/com/fasterxml/jackson/datatype/jackson-datatype-jdk8/2.10.3/jackson-datatype-jdk8-2.10.3.jar, file:/D:/java/apache-maven-3.6.3/repository/com/fasterxml/jackson/datatype/jackson-datatype-jsr310/2.10.3/jackson-datatype-jsr310-2.10.3.jar, file:/D:/java/apache-maven-3.6.3/repository/com/fasterxml/jackson/module/jackson-module-parameter-names/2.10.3/jackson-module-parameter-names-2.10.3.jar, file:/D:/java/apache-maven-3.6.3/repository/org/springframework/boot/spring-boot-starter-tomcat/2.2.6.RELEASE/spring-boot-starter-tomcat-2.2.6.RELEASE.jar, file:/D:/java/apache-maven-3.6.3/repository/org/apache/tomcat/embed/tomcat-embed-websocket/9.0.33/tomcat-embed-websocket-9.0.33.jar, file:/D:/java/apache-maven-3.6.3/repository/org/springframework/boot/spring-boot-starter-validation/2.2.6.RELEASE/spring-boot-starter-validation-2.2.6.RELEASE.jar, file:/D:/java/apache-maven-3.6.3/repository/jakarta/validation/jakarta.validation-api/2.0.2/jakarta.validation-api-2.0.2.jar, file:/D:/java/apache-maven-3.6.3/repository/org/hibernate/validator/hibernate-validator/6.0.18.Final/hibernate-validator-6.0.18.Final.jar, file:/D:/java/apache-maven-3.6.3/repository/org/jboss/logging/jboss-logging/3.4.1.Final/jboss-logging-3.4.1.Final.jar, file:/D:/java/apache-maven-3.6.3/repository/org/springframework/spring-web/5.2.5.RELEASE/spring-web-5.2.5.RELEASE.jar, file:/D:/java/apache-maven-3.6.3/repository/org/springframework/spring-webmvc/5.2.5.RELEASE/spring-webmvc-5.2.5.RELEASE.jar, file:/D:/java/apache-maven-3.6.3/repository/org/springframework/boot/spring-boot-starter-data-redis/2.2.0.RELEASE/spring-boot-starter-data-redis-2.2.0.RELEASE.jar, file:/D:/java/apache-maven-3.6.3/repository/org/springframework/data/spring-data-redis/2.2.6.RELEASE/spring-data-redis-2.2.6.RELEASE.jar, file:/D:/java/apache-maven-3.6.3/repository/org/springframework/data/spring-data-keyvalue/2.2.6.RELEASE/spring-data-keyvalue-2.2.6.RELEASE.jar, file:/D:/java/apache-maven-3.6.3/repository/org/springframework/spring-oxm/5.2.5.RELEASE/spring-oxm-5.2.5.RELEASE.jar, file:/D:/java/apache-maven-3.6.3/repository/io/lettuce/lettuce-core/5.2.2.RELEASE/lettuce-core-5.2.2.RELEASE.jar, file:/D:/java/apache-maven-3.6.3/repository/io/netty/netty-common/4.1.48.Final/netty-common-4.1.48.Final.jar, file:/D:/java/apache-maven-3.6.3/repository/io/netty/netty-handler/4.1.48.Final/netty-handler-4.1.48.Final.jar, file:/D:/java/apache-maven-3.6.3/repository/io/netty/netty-resolver/4.1.48.Final/netty-resolver-4.1.48.Final.jar, file:/D:/java/apache-maven-3.6.3/repository/io/netty/netty-buffer/4.1.48.Final/netty-buffer-4.1.48.Final.jar, file:/D:/java/apache-maven-3.6.3/repository/io/netty/netty-codec/4.1.48.Final/netty-codec-4.1.48.Final.jar, file:/D:/java/apache-maven-3.6.3/repository/io/netty/netty-transport/4.1.48.Final/netty-transport-4.1.48.Final.jar, file:/D:/java/apache-maven-3.6.3/repository/io/projectreactor/reactor-core/3.3.4.RELEASE/reactor-core-3.3.4.RELEASE.jar, file:/D:/java/apache-maven-3.6.3/repository/org/reactivestreams/reactive-streams/1.0.3/reactive-streams-1.0.3.jar, file:/D:/java/apache-maven-3.6.3/repository/redis/clients/jedis/3.1.0/jedis-3.1.0.jar, file:/D:/java/apache-maven-3.6.3/repository/org/apache/commons/commons-pool2/2.7.0/commons-pool2-2.7.0.jar, file:/D:/java/apache-maven-3.6.3/repository/com/github/pagehelper/pagehelper-spring-boot-starter/1.2.5/pagehelper-spring-boot-starter-1.2.5.jar, file:/D:/java/apache-maven-3.6.3/repository/org/mybatis/spring/boot/mybatis-spring-boot-starter/1.3.2/mybatis-spring-boot-starter-1.3.2.jar, file:/D:/java/apache-maven-3.6.3/repository/org/mybatis/spring/boot/mybatis-spring-boot-autoconfigure/1.3.2/mybatis-spring-boot-autoconfigure-1.3.2.jar, file:/D:/java/apache-maven-3.6.3/repository/com/github/pagehelper/pagehelper-spring-boot-autoconfigure/1.2.5/pagehelper-spring-boot-autoconfigure-1.2.5.jar, file:/D:/java/apache-maven-3.6.3/repository/com/github/pagehelper/pagehelper/5.1.4/pagehelper-5.1.4.jar, file:/D:/java/apache-maven-3.6.3/repository/com/github/jsqlparser/jsqlparser/1.0/jsqlparser-1.0.jar, file:/D:/java/apache-maven-3.6.3/repository/javax/validation/validation-api/1.1.0.Final/validation-api-1.1.0.Final.jar, file:/D:/java/apache-maven-3.6.3/repository/org/springframework/data/spring-data-commons/2.2.6.RELEASE/spring-data-commons-2.2.6.RELEASE.jar, file:/D:/java/apache-maven-3.6.3/repository/cn/hutool/hutool-all/4.5.7/hutool-all-4.5.7.jar, file:/D:/java/apache-maven-3.6.3/repository/org/springframework/boot/spring-boot-starter-actuator/2.2.6.RELEASE/spring-boot-starter-actuator-2.2.6.RELEASE.jar, file:/D:/java/apache-maven-3.6.3/repository/org/springframework/boot/spring-boot-actuator-autoconfigure/2.2.6.RELEASE/spring-boot-actuator-autoconfigure-2.2.6.RELEASE.jar, file:/D:/java/apache-maven-3.6.3/repository/org/springframework/boot/spring-boot-actuator/2.2.6.RELEASE/spring-boot-actuator-2.2.6.RELEASE.jar, file:/D:/java/apache-maven-3.6.3/repository/io/micrometer/micrometer-core/1.3.6/micrometer-core-1.3.6.jar, file:/D:/java/apache-maven-3.6.3/repository/org/hdrhistogram/HdrHistogram/2.1.11/HdrHistogram-2.1.11.jar, file:/D:/java/apache-maven-3.6.3/repository/org/latencyutils/LatencyUtils/2.0.3/LatencyUtils-2.0.3.jar, file:/D:/java/apache-maven-3.6.3/repository/org/apache/httpcomponents/httpclient/4.5.6/httpclient-4.5.6.jar, file:/D:/java/apache-maven-3.6.3/repository/org/apache/httpcomponents/httpcore/4.4.13/httpcore-4.4.13.jar, file:/D:/java/apache-maven-3.6.3/repository/commons-logging/commons-logging/1.2/commons-logging-1.2.jar, file:/D:/java/apache-maven-3.6.3/repository/commons-codec/commons-codec/1.13/commons-codec-1.13.jar, file:/D:/java/apache-maven-3.6.3/repository/org/springframework/boot/spring-boot-starter-aop/2.2.6.RELEASE/spring-boot-starter-aop-2.2.6.RELEASE.jar, file:/D:/java/apache-maven-3.6.3/repository/org/springframework/spring-aop/5.2.5.RELEASE/spring-aop-5.2.5.RELEASE.jar, file:/D:/java/apache-maven-3.6.3/repository/org/aspectj/aspectjweaver/1.9.5/aspectjweaver-1.9.5.jar, file:/D:/java/apache-maven-3.6.3/repository/org/apache/commons/commons-lang3/3.5/commons-lang3-3.5.jar, file:/D:/java/apache-maven-3.6.3/repository/org/apache/poi/poi/3.17/poi-3.17.jar, file:/D:/java/apache-maven-3.6.3/repository/org/apache/commons/commons-collections4/4.1/commons-collections4-4.1.jar, file:/D:/java/apache-maven-3.6.3/repository/org/apache/poi/poi-ooxml/3.17/poi-ooxml-3.17.jar, file:/D:/java/apache-maven-3.6.3/repository/org/apache/poi/poi-ooxml-schemas/3.17/poi-ooxml-schemas-3.17.jar, file:/D:/java/apache-maven-3.6.3/repository/org/apache/xmlbeans/xmlbeans/2.6.0/xmlbeans-2.6.0.jar, file:/D:/java/apache-maven-3.6.3/repository/com/github/virtuald/curvesapi/1.04/curvesapi-1.04.jar, file:/D:/java/apache-maven-3.6.3/repository/commons-fileupload/commons-fileupload/1.3.3/commons-fileupload-1.3.3.jar, file:/D:/java/apache-maven-3.6.3/repository/commons-io/commons-io/2.4/commons-io-2.4.jar, file:/D:/java/apache-maven-3.6.3/repository/net/coobird/thumbnailator/0.4.8/thumbnailator-0.4.8.jar, file:/D:/java/apache-maven-3.6.3/repository/com/aliyun/oss/aliyun-sdk-oss/3.5.0/aliyun-sdk-oss-3.5.0.jar, file:/D:/java/apache-maven-3.6.3/repository/org/jdom/jdom/1.1/jdom-1.1.jar, file:/D:/java/apache-maven-3.6.3/repository/org/codehaus/jettison/jettison/1.1/jettison-1.1.jar, file:/D:/java/apache-maven-3.6.3/repository/stax/stax-api/1.0.1/stax-api-1.0.1.jar, file:/D:/java/apache-maven-3.6.3/repository/com/aliyun/aliyun-java-sdk-core/3.4.0/aliyun-java-sdk-core-3.4.0.jar, file:/D:/java/apache-maven-3.6.3/repository/com/aliyun/aliyun-java-sdk-ram/3.0.0/aliyun-java-sdk-ram-3.0.0.jar, file:/D:/java/apache-maven-3.6.3/repository/com/aliyun/aliyun-java-sdk-sts/3.0.0/aliyun-java-sdk-sts-3.0.0.jar, file:/D:/java/apache-maven-3.6.3/repository/com/aliyun/aliyun-java-sdk-ecs/4.2.0/aliyun-java-sdk-ecs-4.2.0.jar, file:/D:/java/apache-maven-3.6.3/repository/com/qcloud/cos_api/5.6.22/cos_api-5.6.22.jar, file:/D:/java/apache-maven-3.6.3/repository/joda-time/joda-time/2.10.5/joda-time-2.10.5.jar, file:/D:/java/apache-maven-3.6.3/repository/org/bouncycastle/bcprov-jdk15on/1.64/bcprov-jdk15on-1.64.jar, file:/D:/java/apache-maven-3.6.3/repository/com/qiniu/qiniu-java-sdk/7.2.28/qiniu-java-sdk-7.2.28.jar, file:/D:/java/apache-maven-3.6.3/repository/com/squareup/okhttp3/okhttp/3.14.7/okhttp-3.14.7.jar, file:/D:/java/apache-maven-3.6.3/repository/com/squareup/okio/okio/1.17.2/okio-1.17.2.jar, file:/D:/java/apache-maven-3.6.3/repository/com/amazonaws/aws-java-sdk-s3/1.12.99/aws-java-sdk-s3-1.12.99.jar, file:/D:/java/apache-maven-3.6.3/repository/com/amazonaws/aws-java-sdk-kms/1.12.99/aws-java-sdk-kms-1.12.99.jar, file:/D:/java/apache-maven-3.6.3/repository/com/amazonaws/aws-java-sdk-core/1.12.99/aws-java-sdk-core-1.12.99.jar, file:/D:/java/apache-maven-3.6.3/repository/software/amazon/ion/ion-java/1.0.2/ion-java-1.0.2.jar, file:/D:/java/apache-maven-3.6.3/repository/com/fasterxml/jackson/dataformat/jackson-dataformat-cbor/2.10.3/jackson-dataformat-cbor-2.10.3.jar, file:/D:/java/apache-maven-3.6.3/repository/com/amazonaws/jmespath-java/1.12.99/jmespath-java-1.12.99.jar, file:/D:/java/apache-maven-3.6.3/repository/dom4j/dom4j/1.6.1/dom4j-1.6.1.jar, file:/D:/java/apache-maven-3.6.3/repository/xml-apis/xml-apis/1.0.b2/xml-apis-1.0.b2.jar, file:/D:/java/apache-maven-3.6.3/repository/com/thoughtworks/xstream/xstream/1.4.18/xstream-1.4.18.jar, file:/D:/java/apache-maven-3.6.3/repository/io/github/x-stream/mxparser/1.2.2/mxparser-1.2.2.jar, file:/D:/java/apache-maven-3.6.3/repository/xmlpull/xmlpull/1.1.3.1/xmlpull-1.1.3.1.jar, file:/D:/java/apache-maven-3.6.3/repository/com/vaadin/external/google/android-json/0.0.20131108.vaadin1/android-json-0.0.20131108.vaadin1.jar, file:/D:/java/apache-maven-3.6.3/repository/org/apache/httpcomponents/httpmime/4.5.2/httpmime-4.5.2.jar, file:/D:/java/apache-maven-3.6.3/repository/com/google/zxing/core/3.3.3/core-3.3.3.jar, file:/D:/java/apache-maven-3.6.3/repository/com/google/zxing/javase/3.3.3/javase-3.3.3.jar, file:/D:/java/apache-maven-3.6.3/repository/com/beust/jcommander/1.72/jcommander-1.72.jar, file:/D:/java/apache-maven-3.6.3/repository/com/github/jai-imageio/jai-imageio-core/1.4.0/jai-imageio-core-1.4.0.jar, file:/D:/java/apache-maven-3.6.3/repository/io/jsonwebtoken/jjwt/0.9.1/jjwt-0.9.1.jar, file:/D:/java/apache-maven-3.6.3/repository/com/auth0/jwks-rsa/0.9.0/jwks-rsa-0.9.0.jar, file:/D:/java/apache-maven-3.6.3/repository/com/alipay/sdk/alipay-sdk-java/4.15.20.ALL/alipay-sdk-java-4.15.20.ALL.jar, file:/D:/java/apache-maven-3.6.3/repository/org/springframework/boot/spring-boot-starter-security/2.2.6.RELEASE/spring-boot-starter-security-2.2.6.RELEASE.jar, file:/D:/java/apache-maven-3.6.3/repository/org/springframework/security/spring-security-config/5.2.2.RELEASE/spring-security-config-5.2.2.RELEASE.jar, file:/D:/java/apache-maven-3.6.3/repository/org/springframework/security/spring-security-core/5.2.2.RELEASE/spring-security-core-5.2.2.RELEASE.jar, file:/D:/java/apache-maven-3.6.3/repository/org/springframework/security/spring-security-web/5.2.2.RELEASE/spring-security-web-5.2.2.RELEASE.jar, file:/D:/java/apache-maven-3.6.3/repository/com/anji-plus/spring-boot-starter-captcha/1.3.0/spring-boot-starter-captcha-1.3.0.jar, file:/D:/java/apache-maven-3.6.3/repository/com/anji-plus/captcha/1.3.0/captcha-1.3.0.jar, file:/D:/java/apache-maven-3.6.3/repository/com/jayway/jsonpath/json-path/2.4.0/json-path-2.4.0.jar, file:/D:/java/apache-maven-3.6.3/repository/net/minidev/json-smart/2.3/json-smart-2.3.jar, file:/D:/java/apache-maven-3.6.3/repository/net/minidev/accessors-smart/1.2/accessors-smart-1.2.jar, file:/D:/java/apache-maven-3.6.3/repository/org/ow2/asm/asm/5.0.4/asm-5.0.4.jar, file:/D:/java/apache-maven-3.6.3/repository/com/google/code/gson/gson/2.8.6/gson-2.8.6.jar, file:/D:/java/apache-maven-3.6.3/repository/org/springframework/boot/spring-boot-starter-quartz/2.2.6.RELEASE/spring-boot-starter-quartz-2.2.6.RELEASE.jar, file:/D:/java/apache-maven-3.6.3/repository/org/springframework/boot/spring-boot-starter/2.2.6.RELEASE/spring-boot-starter-2.2.6.RELEASE.jar, file:/D:/java/apache-maven-3.6.3/repository/org/springframework/boot/spring-boot/2.2.6.RELEASE/spring-boot-2.2.6.RELEASE.jar, file:/D:/java/apache-maven-3.6.3/repository/org/springframework/boot/spring-boot-starter-logging/2.2.6.RELEASE/spring-boot-starter-logging-2.2.6.RELEASE.jar, file:/D:/java/apache-maven-3.6.3/repository/org/apache/logging/log4j/log4j-to-slf4j/2.12.1/log4j-to-slf4j-2.12.1.jar, file:/D:/java/apache-maven-3.6.3/repository/org/apache/logging/log4j/log4j-api/2.12.1/log4j-api-2.12.1.jar, file:/D:/java/apache-maven-3.6.3/repository/org/slf4j/jul-to-slf4j/1.7.30/jul-to-slf4j-1.7.30.jar, file:/D:/java/apache-maven-3.6.3/repository/jakarta/annotation/jakarta.annotation-api/1.3.5/jakarta.annotation-api-1.3.5.jar, file:/D:/java/apache-maven-3.6.3/repository/org/springframework/spring-core/5.2.5.RELEASE/spring-core-5.2.5.RELEASE.jar, file:/D:/java/apache-maven-3.6.3/repository/org/springframework/spring-jcl/5.2.5.RELEASE/spring-jcl-5.2.5.RELEASE.jar, file:/D:/java/apache-maven-3.6.3/repository/org/yaml/snakeyaml/1.25/snakeyaml-1.25.jar, file:/D:/java/apache-maven-3.6.3/repository/org/springframework/spring-context-support/5.2.5.RELEASE/spring-context-support-5.2.5.RELEASE.jar, file:/D:/java/apache-maven-3.6.3/repository/org/springframework/spring-beans/5.2.5.RELEASE/spring-beans-5.2.5.RELEASE.jar, file:/D:/java/apache-maven-3.6.3/repository/org/springframework/spring-context/5.2.5.RELEASE/spring-context-5.2.5.RELEASE.jar, file:/D:/java/apache-maven-3.6.3/repository/org/springframework/spring-expression/5.2.5.RELEASE/spring-expression-5.2.5.RELEASE.jar, file:/D:/java/apache-maven-3.6.3/repository/org/springframework/spring-tx/5.2.5.RELEASE/spring-tx-5.2.5.RELEASE.jar, file:/D:/java/apache-maven-3.6.3/repository/org/quartz-scheduler/quartz/2.3.2/quartz-2.3.2.jar, file:/D:/java/apache-maven-3.6.3/repository/com/mchange/mchange-commons-java/0.2.15/mchange-commons-java-0.2.15.jar, file:/D:/java/apache-maven-3.6.3/repository/com/github/oshi/oshi-core/5.8.6/oshi-core-5.8.6.jar, file:/D:/java/apache-maven-3.6.3/repository/org/slf4j/slf4j-api/1.7.30/slf4j-api-1.7.30.jar, file:/D:/java/apache-maven-3.6.3/repository/net/java/dev/jna/jna/5.13.0/jna-5.13.0.jar, file:/D:/java/apache-maven-3.6.3/repository/net/java/dev/jna/jna-platform/5.13.0/jna-platform-5.13.0.jar, file:/D:/Program%20Files/JetBrains/IntelliJ%20IDEA%202022.1.3/lib/idea_rt.jar, file:/C:/Users/Administrator/AppData/Local/JetBrains/IntelliJIdea2022.1/captureAgent/debugger-agent.jar]" }
                    
{
                    "app": "Crmeb",
                    "timestamp":"2026-06-16 10:02:46.730",
                    "level": "DEBUG",
                    "thread": "main",
                    "class": "o.springframework.boot.SpringApplication",
                    "message": "Loading source class com.zbkj.admin.CrmebAdminApplication" }
                    
{
                    "app": "Crmeb",
                    "timestamp":"2026-06-16 10:02:46.846",
                    "level": "DEBUG",
                    "thread": "main",
                    "class": "o.s.b.c.c.ConfigFileApplicationListener",
                    "message": "Loaded config file 'file:/D:/Desktop/code/crmeb_java/crmeb/crmeb-admin/target/classes/application.yml' (classpath:/application.yml)" }
                    
{
                    "app": "Crmeb",
                    "timestamp":"2026-06-16 10:02:46.847",
                    "level": "DEBUG",
                    "thread": "main",
                    "class": "o.s.b.w.s.c.AnnotationConfigServletWebServerApplicationContext",
                    "message": "Refreshing org.springframework.boot.web.servlet.context.AnnotationConfigServletWebServerApplicationContext@2488b073" }
                    
{
                    "app": "Crmeb",
                    "timestamp":"2026-06-16 10:03:02.491",
                    "level": "DEBUG",
                    "thread": "main",
                    "class": "o.s.b.w.e.t.TomcatServletWebServerFactory",
                    "message": "Code archive: D:\java\apache-maven-3.6.3\repository\org\springframework\boot\spring-boot\2.2.6.RELEASE\spring-boot-2.2.6.RELEASE.jar" }
                    
{
                    "app": "Crmeb",
                    "timestamp":"2026-06-16 10:03:02.491",
                    "level": "DEBUG",
                    "thread": "main",
                    "class": "o.s.b.w.e.t.TomcatServletWebServerFactory",
                    "message": "Code archive: D:\java\apache-maven-3.6.3\repository\org\springframework\boot\spring-boot\2.2.6.RELEASE\spring-boot-2.2.6.RELEASE.jar" }
                    
{
                    "app": "Crmeb",
                    "timestamp":"2026-06-16 10:03:02.492",
                    "level": "DEBUG",
                    "thread": "main",
                    "class": "o.s.b.w.e.t.TomcatServletWebServerFactory",
                    "message": "None of the document roots [src/main/webapp, public, static] point to a directory and will be ignored." }
                    
{
                    "app": "Crmeb",
                    "timestamp":"2026-06-16 10:03:03.985",
                    "level": "DEBUG",
                    "thread": "main",
                    "class": "o.s.web.context.ContextLoader",
                    "message": "Published root WebApplicationContext as ServletContext attribute with name [org.springframework.web.context.WebApplicationContext.ROOT]" }
                    
{
                    "app": "Crmeb",
                    "timestamp":"2026-06-16 10:03:04.695",
                    "level": "DEBUG",
                    "thread": "main",
                    "class": "o.s.b.w.s.ServletContextInitializerBeans",
                    "message": "Mapping filters: filterRegistrationBean urls=[/*] order=-2147483647, springSecurityFilterChain urls=[/*] order=-100, filterRegistrationBean urls=[/*] order=2147483647, filterRegistrationBean urls=[/api/*] order=2147483647, characterEncodingFilter urls=[/*] order=-2147483648, formContentFilter urls=[/*] order=-9900, requestContextFilter urls=[/*] order=-105, corsFilter urls=[/*] order=2147483647, jwtAuthenticationTokenFilter urls=[/*] order=2147483647" }
                    
{
                    "app": "Crmeb",
                    "timestamp":"2026-06-16 10:03:04.696",
                    "level": "DEBUG",
                    "thread": "main",
                    "class": "o.s.b.w.s.ServletContextInitializerBeans",
                    "message": "Mapping servlets: statViewServlet urls=[/druid/*], dispatcherServlet urls=[/]" }
                    
{
                    "app": "Crmeb",
                    "timestamp":"2026-06-16 10:03:04.739",
                    "level": "DEBUG",
                    "thread": "main",
                    "class": "o.s.b.a.m.w.servlet.WebMvcMetricsFilter",
                    "message": "Filter 'webMvcMetricsFilter' configured for use" }
                    
{
                    "app": "Crmeb",
                    "timestamp":"2026-06-16 10:03:04.740",
                    "level": "DEBUG",
                    "thread": "main",
                    "class": "o.s.b.w.s.f.OrderedRequestContextFilter",
                    "message": "Filter 'requestContextFilter' configured for use" }
                    
{
                    "app": "Crmeb",
                    "timestamp":"2026-06-16 10:03:04.740",
                    "level": "DEBUG",
                    "thread": "main",
                    "class": "o.springframework.web.filter.CorsFilter",
                    "message": "Filter 'corsFilter' configured for use" }
                    
{
                    "app": "Crmeb",
                    "timestamp":"2026-06-16 10:03:04.740",
                    "level": "DEBUG",
                    "thread": "main",
                    "class": "o.s.b.w.s.f.OrderedCharacterEncodingFilter",
                    "message": "Filter 'characterEncodingFilter' configured for use" }
                    
{
                    "app": "Crmeb",
                    "timestamp":"2026-06-16 10:03:04.740",
                    "level": "DEBUG",
                    "thread": "main",
                    "class": "o.s.b.w.s.DelegatingFilterProxyRegistrationBean$1",
                    "message": "Filter 'springSecurityFilterChain' configured for use" }
                    
{
                    "app": "Crmeb",
                    "timestamp":"2026-06-16 10:03:04.740",
                    "level": "DEBUG",
                    "thread": "main",
                    "class": "o.s.b.w.s.f.OrderedFormContentFilter",
                    "message": "Filter 'formContentFilter' configured for use" }
                    
{
                    "app": "Crmeb",
                    "timestamp":"2026-06-16 10:03:16.453",
                    "level": "DEBUG",
                    "thread": "main",
                    "class": "o.s.w.s.m.m.a.RequestMappingHandlerMapping",
                    "message": "331 mappings in 'requestMappingHandlerMapping'" }
                    
{
                    "app": "Crmeb",
                    "timestamp":"2026-06-16 10:03:17.004",
                    "level": "DEBUG",
                    "thread": "main",
                    "class": "o.s.b.a.SpringApplicationAdminMXBeanRegistrar$SpringApplicationAdmin",
                    "message": "Application Admin MBean registered with name 'org.springframework.boot:type=Admin,name=SpringApplication'" }
                    
{
                    "app": "Crmeb",
                    "timestamp":"2026-06-16 10:03:17.011",
                    "level": "DEBUG",
                    "thread": "main",
                    "class": "o.s.w.s.m.m.a.RequestMappingHandlerAdapter",
                    "message": "ControllerAdvice beans: 0 @ModelAttribute, 0 @InitBinder, 1 RequestBodyAdvice, 2 ResponseBodyAdvice" }
                    
{
                    "app": "Crmeb",
                    "timestamp":"2026-06-16 10:03:17.089",
                    "level": "DEBUG",
                    "thread": "main",
                    "class": "o.s.w.s.handler.SimpleUrlHandlerMapping",
                    "message": "Patterns [/webjars/**, /**, /doc.html, /crmebimage/**, /uploadf/**] in 'resourceHandlerMapping'" }
                    
{
                    "app": "Crmeb",
                    "timestamp":"2026-06-16 10:03:17.102",
                    "level": "DEBUG",
                    "thread": "main",
                    "class": "o.s.w.s.m.m.a.ExceptionHandlerExceptionResolver",
                    "message": "ControllerAdvice beans: 1 @ExceptionHandler, 2 ResponseBodyAdvice" }
                    
{
                    "app": "Crmeb",
                    "timestamp":"2026-06-16 10:11:05.422",
                    "level": "DEBUG",
                    "thread": "SpringContextShutdownHook",
                    "class": "o.s.b.w.s.c.AnnotationConfigServletWebServerApplicationContext",
                    "message": "Closing org.springframework.boot.web.servlet.context.AnnotationConfigServletWebServerApplicationContext@2488b073, started on Tue Jun 16 10:02:46 CST 2026" }
                    
{
                    "app": "Crmeb",
                    "timestamp":"2026-06-16 10:11:05.427",
                    "level": "DEBUG",
                    "thread": "SpringContextShutdownHook",
                    "class": "o.s.b.a.endpoint.jmx.JmxEndpointExporter",
                    "message": "Unregister endpoint with ObjectName 'org.springframework.boot:type=Endpoint,name=Beans' from the JMX domain" }
                    
{
                    "app": "Crmeb",
                    "timestamp":"2026-06-16 10:11:05.427",
                    "level": "DEBUG",
                    "thread": "SpringContextShutdownHook",
                    "class": "o.s.b.a.endpoint.jmx.JmxEndpointExporter",
                    "message": "Unregister endpoint with ObjectName 'org.springframework.boot:type=Endpoint,name=Caches' from the JMX domain" }
                    
{
                    "app": "Crmeb",
                    "timestamp":"2026-06-16 10:11:05.427",
                    "level": "DEBUG",
                    "thread": "SpringContextShutdownHook",
                    "class": "o.s.b.a.endpoint.jmx.JmxEndpointExporter",
                    "message": "Unregister endpoint with ObjectName 'org.springframework.boot:type=Endpoint,name=Health' from the JMX domain" }
                    
{
                    "app": "Crmeb",
                    "timestamp":"2026-06-16 10:11:05.427",
                    "level": "DEBUG",
                    "thread": "SpringContextShutdownHook",
                    "class": "o.s.b.a.endpoint.jmx.JmxEndpointExporter",
                    "message": "Unregister endpoint with ObjectName 'org.springframework.boot:type=Endpoint,name=Info' from the JMX domain" }
                    
{
                    "app": "Crmeb",
                    "timestamp":"2026-06-16 10:11:05.427",
                    "level": "DEBUG",
                    "thread": "SpringContextShutdownHook",
                    "class": "o.s.b.a.endpoint.jmx.JmxEndpointExporter",
                    "message": "Unregister endpoint with ObjectName 'org.springframework.boot:type=Endpoint,name=Conditions' from the JMX domain" }
                    
{
                    "app": "Crmeb",
                    "timestamp":"2026-06-16 10:11:05.427",
                    "level": "DEBUG",
                    "thread": "SpringContextShutdownHook",
                    "class": "o.s.b.a.endpoint.jmx.JmxEndpointExporter",
                    "message": "Unregister endpoint with ObjectName 'org.springframework.boot:type=Endpoint,name=Configprops' from the JMX domain" }
                    
{
                    "app": "Crmeb",
                    "timestamp":"2026-06-16 10:11:05.427",
                    "level": "DEBUG",
                    "thread": "SpringContextShutdownHook",
                    "class": "o.s.b.a.endpoint.jmx.JmxEndpointExporter",
                    "message": "Unregister endpoint with ObjectName 'org.springframework.boot:type=Endpoint,name=Env' from the JMX domain" }
                    
{
                    "app": "Crmeb",
                    "timestamp":"2026-06-16 10:11:05.427",
                    "level": "DEBUG",
                    "thread": "SpringContextShutdownHook",
                    "class": "o.s.b.a.endpoint.jmx.JmxEndpointExporter",
                    "message": "Unregister endpoint with ObjectName 'org.springframework.boot:type=Endpoint,name=Loggers' from the JMX domain" }
                    
{
                    "app": "Crmeb",
                    "timestamp":"2026-06-16 10:11:05.427",
                    "level": "DEBUG",
                    "thread": "SpringContextShutdownHook",
                    "class": "o.s.b.a.endpoint.jmx.JmxEndpointExporter",
                    "message": "Unregister endpoint with ObjectName 'org.springframework.boot:type=Endpoint,name=Threaddump' from the JMX domain" }
                    
{
                    "app": "Crmeb",
                    "timestamp":"2026-06-16 10:11:05.427",
                    "level": "DEBUG",
                    "thread": "SpringContextShutdownHook",
                    "class": "o.s.b.a.endpoint.jmx.JmxEndpointExporter",
                    "message": "Unregister endpoint with ObjectName 'org.springframework.boot:type=Endpoint,name=Metrics' from the JMX domain" }
                    
{
                    "app": "Crmeb",
                    "timestamp":"2026-06-16 10:11:05.427",
                    "level": "DEBUG",
                    "thread": "SpringContextShutdownHook",
                    "class": "o.s.b.a.endpoint.jmx.JmxEndpointExporter",
                    "message": "Unregister endpoint with ObjectName 'org.springframework.boot:type=Endpoint,name=Scheduledtasks' from the JMX domain" }
                    
{
                    "app": "Crmeb",
                    "timestamp":"2026-06-16 10:11:05.428",
                    "level": "DEBUG",
                    "thread": "SpringContextShutdownHook",
                    "class": "o.s.b.a.endpoint.jmx.JmxEndpointExporter",
                    "message": "Unregister endpoint with ObjectName 'org.springframework.boot:type=Endpoint,name=Mappings' from the JMX domain" }
                    
{
                    "app": "Crmeb",
                    "timestamp":"2026-06-16 10:11:09.067",
                    "level": "DEBUG",
                    "thread": "main",
                    "class": "o.s.b.c.l.ClasspathLoggingApplicationListener",
                    "message": "Application started with classpath: [file:/C:/Program%20Files/Java/jdk1.8.0_211/jre/lib/charsets.jar, file:/C:/Program%20Files/Java/jdk1.8.0_211/jre/lib/deploy.jar, file:/C:/Program%20Files/Java/jdk1.8.0_211/jre/lib/ext/access-bridge-64.jar, file:/C:/Program%20Files/Java/jdk1.8.0_211/jre/lib/ext/cldrdata.jar, file:/C:/Program%20Files/Java/jdk1.8.0_211/jre/lib/ext/dnsns.jar, file:/C:/Program%20Files/Java/jdk1.8.0_211/jre/lib/ext/jaccess.jar, file:/C:/Program%20Files/Java/jdk1.8.0_211/jre/lib/ext/jfxrt.jar, file:/C:/Program%20Files/Java/jdk1.8.0_211/jre/lib/ext/localedata.jar, file:/C:/Program%20Files/Java/jdk1.8.0_211/jre/lib/ext/nashorn.jar, file:/C:/Program%20Files/Java/jdk1.8.0_211/jre/lib/ext/sunec.jar, file:/C:/Program%20Files/Java/jdk1.8.0_211/jre/lib/ext/sunjce_provider.jar, file:/C:/Program%20Files/Java/jdk1.8.0_211/jre/lib/ext/sunmscapi.jar, file:/C:/Program%20Files/Java/jdk1.8.0_211/jre/lib/ext/sunpkcs11.jar, file:/C:/Program%20Files/Java/jdk1.8.0_211/jre/lib/ext/zipfs.jar, file:/C:/Program%20Files/Java/jdk1.8.0_211/jre/lib/javaws.jar, file:/C:/Program%20Files/Java/jdk1.8.0_211/jre/lib/jce.jar, file:/C:/Program%20Files/Java/jdk1.8.0_211/jre/lib/jfr.jar, file:/C:/Program%20Files/Java/jdk1.8.0_211/jre/lib/jfxswt.jar, file:/C:/Program%20Files/Java/jdk1.8.0_211/jre/lib/jsse.jar, file:/C:/Program%20Files/Java/jdk1.8.0_211/jre/lib/management-agent.jar, file:/C:/Program%20Files/Java/jdk1.8.0_211/jre/lib/plugin.jar, file:/C:/Program%20Files/Java/jdk1.8.0_211/jre/lib/resources.jar, file:/C:/Program%20Files/Java/jdk1.8.0_211/jre/lib/rt.jar, file:/D:/Desktop/code/crmeb_java/crmeb/crmeb-admin/target/classes/, file:/D:/Desktop/code/crmeb_java/crmeb/crmeb-service/target/classes/, file:/D:/Desktop/code/crmeb_java/crmeb/crmeb-common/target/classes/, file:/D:/java/apache-maven-3.6.3/repository/javax/servlet/javax.servlet-api/4.0.1/javax.servlet-api-4.0.1.jar, file:/D:/java/apache-maven-3.6.3/repository/javax/servlet/jstl/1.2/jstl-1.2.jar, file:/D:/java/apache-maven-3.6.3/repository/org/apache/tomcat/embed/tomcat-embed-jasper/9.0.33/tomcat-embed-jasper-9.0.33.jar, file:/D:/java/apache-maven-3.6.3/repository/org/apache/tomcat/embed/tomcat-embed-core/9.0.33/tomcat-embed-core-9.0.33.jar, file:/D:/java/apache-maven-3.6.3/repository/org/apache/tomcat/tomcat-annotations-api/9.0.33/tomcat-annotations-api-9.0.33.jar, file:/D:/java/apache-maven-3.6.3/repository/org/apache/tomcat/embed/tomcat-embed-el/9.0.33/tomcat-embed-el-9.0.33.jar, file:/D:/java/apache-maven-3.6.3/repository/org/eclipse/jdt/ecj/3.18.0/ecj-3.18.0.jar, file:/D:/java/apache-maven-3.6.3/repository/org/apache/tomcat/tomcat-jsp-api/9.0.33/tomcat-jsp-api-9.0.33.jar, file:/D:/java/apache-maven-3.6.3/repository/org/apache/tomcat/tomcat-el-api/9.0.33/tomcat-el-api-9.0.33.jar, file:/D:/java/apache-maven-3.6.3/repository/org/apache/tomcat/tomcat-servlet-api/9.0.33/tomcat-servlet-api-9.0.33.jar, file:/D:/java/apache-maven-3.6.3/repository/com/alibaba/fastjson/1.2.83/fastjson-1.2.83.jar, file:/D:/java/apache-maven-3.6.3/repository/com/alibaba/druid/1.1.20/druid-1.1.20.jar, file:/D:/java/apache-maven-3.6.3/repository/mysql/mysql-connector-java/5.1.24/mysql-connector-java-5.1.24.jar, file:/D:/java/apache-maven-3.6.3/repository/org/projectlombok/lombok/1.18.12/lombok-1.18.12.jar, file:/D:/java/apache-maven-3.6.3/repository/com/baomidou/mybatis-plus-boot-starter/3.3.1/mybatis-plus-boot-starter-3.3.1.jar, file:/D:/java/apache-maven-3.6.3/repository/org/springframework/boot/spring-boot-starter-jdbc/2.2.6.RELEASE/spring-boot-starter-jdbc-2.2.6.RELEASE.jar, file:/D:/java/apache-maven-3.6.3/repository/com/zaxxer/HikariCP/3.4.2/HikariCP-3.4.2.jar, file:/D:/java/apache-maven-3.6.3/repository/org/springframework/spring-jdbc/5.2.5.RELEASE/spring-jdbc-5.2.5.RELEASE.jar, file:/D:/java/apache-maven-3.6.3/repository/org/springframework/boot/spring-boot-test/2.2.6.RELEASE/spring-boot-test-2.2.6.RELEASE.jar, file:/D:/java/apache-maven-3.6.3/repository/org/springframework/spring-test/5.2.5.RELEASE/spring-test-5.2.5.RELEASE.jar, file:/D:/java/apache-maven-3.6.3/repository/com/baomidou/mybatis-plus/3.3.1/mybatis-plus-3.3.1.jar, file:/D:/java/apache-maven-3.6.3/repository/com/baomidou/mybatis-plus-extension/3.3.1/mybatis-plus-extension-3.3.1.jar, file:/D:/java/apache-maven-3.6.3/repository/com/baomidou/mybatis-plus-core/3.3.1/mybatis-plus-core-3.3.1.jar, file:/D:/java/apache-maven-3.6.3/repository/com/baomidou/mybatis-plus-annotation/3.3.1/mybatis-plus-annotation-3.3.1.jar, file:/D:/java/apache-maven-3.6.3/repository/org/mybatis/mybatis/3.5.3/mybatis-3.5.3.jar, file:/D:/java/apache-maven-3.6.3/repository/org/mybatis/mybatis-spring/2.0.3/mybatis-spring-2.0.3.jar, file:/D:/java/apache-maven-3.6.3/repository/com/baomidou/mybatis-plus-generator/3.3.1/mybatis-plus-generator-3.3.1.jar, file:/D:/java/apache-maven-3.6.3/repository/io/swagger/swagger-annotations/1.5.21/swagger-annotations-1.5.21.jar, file:/D:/java/apache-maven-3.6.3/repository/io/springfox/springfox-swagger2/2.9.2/springfox-swagger2-2.9.2.jar, file:/D:/java/apache-maven-3.6.3/repository/io/springfox/springfox-spi/2.9.2/springfox-spi-2.9.2.jar, file:/D:/java/apache-maven-3.6.3/repository/io/springfox/springfox-core/2.9.2/springfox-core-2.9.2.jar, file:/D:/java/apache-maven-3.6.3/repository/net/bytebuddy/byte-buddy/1.10.8/byte-buddy-1.10.8.jar, file:/D:/java/apache-maven-3.6.3/repository/io/springfox/springfox-schema/2.9.2/springfox-schema-2.9.2.jar, file:/D:/java/apache-maven-3.6.3/repository/io/springfox/springfox-swagger-common/2.9.2/springfox-swagger-common-2.9.2.jar, file:/D:/java/apache-maven-3.6.3/repository/io/springfox/springfox-spring-web/2.9.2/springfox-spring-web-2.9.2.jar, file:/D:/java/apache-maven-3.6.3/repository/com/google/guava/guava/20.0/guava-20.0.jar, file:/D:/java/apache-maven-3.6.3/repository/com/fasterxml/classmate/1.5.1/classmate-1.5.1.jar, file:/D:/java/apache-maven-3.6.3/repository/org/springframework/plugin/spring-plugin-core/1.2.0.RELEASE/spring-plugin-core-1.2.0.RELEASE.jar, file:/D:/java/apache-maven-3.6.3/repository/org/springframework/plugin/spring-plugin-metadata/1.2.0.RELEASE/spring-plugin-metadata-1.2.0.RELEASE.jar, file:/D:/java/apache-maven-3.6.3/repository/org/mapstruct/mapstruct/1.2.0.Final/mapstruct-1.2.0.Final.jar, file:/D:/java/apache-maven-3.6.3/repository/io/swagger/swagger-models/1.5.21/swagger-models-1.5.21.jar, file:/D:/java/apache-maven-3.6.3/repository/com/fasterxml/jackson/core/jackson-annotations/2.10.3/jackson-annotations-2.10.3.jar, file:/D:/java/apache-maven-3.6.3/repository/com/github/xiaoymin/swagger-bootstrap-ui/1.9.3/swagger-bootstrap-ui-1.9.3.jar, file:/D:/java/apache-maven-3.6.3/repository/org/springframework/boot/spring-boot-autoconfigure/2.2.6.RELEASE/spring-boot-autoconfigure-2.2.6.RELEASE.jar, file:/D:/java/apache-maven-3.6.3/repository/ch/qos/logback/logback-classic/1.2.3/logback-classic-1.2.3.jar, file:/D:/java/apache-maven-3.6.3/repository/ch/qos/logback/logback-core/1.2.3/logback-core-1.2.3.jar, file:/D:/java/apache-maven-3.6.3/repository/net/logstash/logback/logstash-logback-encoder/5.3/logstash-logback-encoder-5.3.jar, file:/D:/java/apache-maven-3.6.3/repository/com/fasterxml/jackson/core/jackson-databind/2.10.3/jackson-databind-2.10.3.jar, file:/D:/java/apache-maven-3.6.3/repository/com/fasterxml/jackson/core/jackson-core/2.10.3/jackson-core-2.10.3.jar, file:/D:/java/apache-maven-3.6.3/repository/org/springframework/boot/spring-boot-starter-web/2.2.6.RELEASE/spring-boot-starter-web-2.2.6.RELEASE.jar, file:/D:/java/apache-maven-3.6.3/repository/org/springframework/boot/spring-boot-starter-json/2.2.6.RELEASE/spring-boot-starter-json-2.2.6.RELEASE.jar, file:/D:/java/apache-maven-3.6.3/repository/com/fasterxml/jackson/datatype/jackson-datatype-jdk8/2.10.3/jackson-datatype-jdk8-2.10.3.jar, file:/D:/java/apache-maven-3.6.3/repository/com/fasterxml/jackson/datatype/jackson-datatype-jsr310/2.10.3/jackson-datatype-jsr310-2.10.3.jar, file:/D:/java/apache-maven-3.6.3/repository/com/fasterxml/jackson/module/jackson-module-parameter-names/2.10.3/jackson-module-parameter-names-2.10.3.jar, file:/D:/java/apache-maven-3.6.3/repository/org/springframework/boot/spring-boot-starter-tomcat/2.2.6.RELEASE/spring-boot-starter-tomcat-2.2.6.RELEASE.jar, file:/D:/java/apache-maven-3.6.3/repository/org/apache/tomcat/embed/tomcat-embed-websocket/9.0.33/tomcat-embed-websocket-9.0.33.jar, file:/D:/java/apache-maven-3.6.3/repository/org/springframework/boot/spring-boot-starter-validation/2.2.6.RELEASE/spring-boot-starter-validation-2.2.6.RELEASE.jar, file:/D:/java/apache-maven-3.6.3/repository/jakarta/validation/jakarta.validation-api/2.0.2/jakarta.validation-api-2.0.2.jar, file:/D:/java/apache-maven-3.6.3/repository/org/hibernate/validator/hibernate-validator/6.0.18.Final/hibernate-validator-6.0.18.Final.jar, file:/D:/java/apache-maven-3.6.3/repository/org/jboss/logging/jboss-logging/3.4.1.Final/jboss-logging-3.4.1.Final.jar, file:/D:/java/apache-maven-3.6.3/repository/org/springframework/spring-web/5.2.5.RELEASE/spring-web-5.2.5.RELEASE.jar, file:/D:/java/apache-maven-3.6.3/repository/org/springframework/spring-webmvc/5.2.5.RELEASE/spring-webmvc-5.2.5.RELEASE.jar, file:/D:/java/apache-maven-3.6.3/repository/org/springframework/boot/spring-boot-starter-data-redis/2.2.0.RELEASE/spring-boot-starter-data-redis-2.2.0.RELEASE.jar, file:/D:/java/apache-maven-3.6.3/repository/org/springframework/data/spring-data-redis/2.2.6.RELEASE/spring-data-redis-2.2.6.RELEASE.jar, file:/D:/java/apache-maven-3.6.3/repository/org/springframework/data/spring-data-keyvalue/2.2.6.RELEASE/spring-data-keyvalue-2.2.6.RELEASE.jar, file:/D:/java/apache-maven-3.6.3/repository/org/springframework/spring-oxm/5.2.5.RELEASE/spring-oxm-5.2.5.RELEASE.jar, file:/D:/java/apache-maven-3.6.3/repository/io/lettuce/lettuce-core/5.2.2.RELEASE/lettuce-core-5.2.2.RELEASE.jar, file:/D:/java/apache-maven-3.6.3/repository/io/netty/netty-common/4.1.48.Final/netty-common-4.1.48.Final.jar, file:/D:/java/apache-maven-3.6.3/repository/io/netty/netty-handler/4.1.48.Final/netty-handler-4.1.48.Final.jar, file:/D:/java/apache-maven-3.6.3/repository/io/netty/netty-resolver/4.1.48.Final/netty-resolver-4.1.48.Final.jar, file:/D:/java/apache-maven-3.6.3/repository/io/netty/netty-buffer/4.1.48.Final/netty-buffer-4.1.48.Final.jar, file:/D:/java/apache-maven-3.6.3/repository/io/netty/netty-codec/4.1.48.Final/netty-codec-4.1.48.Final.jar, file:/D:/java/apache-maven-3.6.3/repository/io/netty/netty-transport/4.1.48.Final/netty-transport-4.1.48.Final.jar, file:/D:/java/apache-maven-3.6.3/repository/io/projectreactor/reactor-core/3.3.4.RELEASE/reactor-core-3.3.4.RELEASE.jar, file:/D:/java/apache-maven-3.6.3/repository/org/reactivestreams/reactive-streams/1.0.3/reactive-streams-1.0.3.jar, file:/D:/java/apache-maven-3.6.3/repository/redis/clients/jedis/3.1.0/jedis-3.1.0.jar, file:/D:/java/apache-maven-3.6.3/repository/org/apache/commons/commons-pool2/2.7.0/commons-pool2-2.7.0.jar, file:/D:/java/apache-maven-3.6.3/repository/com/github/pagehelper/pagehelper-spring-boot-starter/1.2.5/pagehelper-spring-boot-starter-1.2.5.jar, file:/D:/java/apache-maven-3.6.3/repository/org/mybatis/spring/boot/mybatis-spring-boot-starter/1.3.2/mybatis-spring-boot-starter-1.3.2.jar, file:/D:/java/apache-maven-3.6.3/repository/org/mybatis/spring/boot/mybatis-spring-boot-autoconfigure/1.3.2/mybatis-spring-boot-autoconfigure-1.3.2.jar, file:/D:/java/apache-maven-3.6.3/repository/com/github/pagehelper/pagehelper-spring-boot-autoconfigure/1.2.5/pagehelper-spring-boot-autoconfigure-1.2.5.jar, file:/D:/java/apache-maven-3.6.3/repository/com/github/pagehelper/pagehelper/5.1.4/pagehelper-5.1.4.jar, file:/D:/java/apache-maven-3.6.3/repository/com/github/jsqlparser/jsqlparser/1.0/jsqlparser-1.0.jar, file:/D:/java/apache-maven-3.6.3/repository/javax/validation/validation-api/1.1.0.Final/validation-api-1.1.0.Final.jar, file:/D:/java/apache-maven-3.6.3/repository/org/springframework/data/spring-data-commons/2.2.6.RELEASE/spring-data-commons-2.2.6.RELEASE.jar, file:/D:/java/apache-maven-3.6.3/repository/cn/hutool/hutool-all/4.5.7/hutool-all-4.5.7.jar, file:/D:/java/apache-maven-3.6.3/repository/org/springframework/boot/spring-boot-starter-actuator/2.2.6.RELEASE/spring-boot-starter-actuator-2.2.6.RELEASE.jar, file:/D:/java/apache-maven-3.6.3/repository/org/springframework/boot/spring-boot-actuator-autoconfigure/2.2.6.RELEASE/spring-boot-actuator-autoconfigure-2.2.6.RELEASE.jar, file:/D:/java/apache-maven-3.6.3/repository/org/springframework/boot/spring-boot-actuator/2.2.6.RELEASE/spring-boot-actuator-2.2.6.RELEASE.jar, file:/D:/java/apache-maven-3.6.3/repository/io/micrometer/micrometer-core/1.3.6/micrometer-core-1.3.6.jar, file:/D:/java/apache-maven-3.6.3/repository/org/hdrhistogram/HdrHistogram/2.1.11/HdrHistogram-2.1.11.jar, file:/D:/java/apache-maven-3.6.3/repository/org/latencyutils/LatencyUtils/2.0.3/LatencyUtils-2.0.3.jar, file:/D:/java/apache-maven-3.6.3/repository/org/apache/httpcomponents/httpclient/4.5.6/httpclient-4.5.6.jar, file:/D:/java/apache-maven-3.6.3/repository/org/apache/httpcomponents/httpcore/4.4.13/httpcore-4.4.13.jar, file:/D:/java/apache-maven-3.6.3/repository/commons-logging/commons-logging/1.2/commons-logging-1.2.jar, file:/D:/java/apache-maven-3.6.3/repository/commons-codec/commons-codec/1.13/commons-codec-1.13.jar, file:/D:/java/apache-maven-3.6.3/repository/org/springframework/boot/spring-boot-starter-aop/2.2.6.RELEASE/spring-boot-starter-aop-2.2.6.RELEASE.jar, file:/D:/java/apache-maven-3.6.3/repository/org/springframework/spring-aop/5.2.5.RELEASE/spring-aop-5.2.5.RELEASE.jar, file:/D:/java/apache-maven-3.6.3/repository/org/aspectj/aspectjweaver/1.9.5/aspectjweaver-1.9.5.jar, file:/D:/java/apache-maven-3.6.3/repository/org/apache/commons/commons-lang3/3.5/commons-lang3-3.5.jar, file:/D:/java/apache-maven-3.6.3/repository/org/apache/poi/poi/3.17/poi-3.17.jar, file:/D:/java/apache-maven-3.6.3/repository/org/apache/commons/commons-collections4/4.1/commons-collections4-4.1.jar, file:/D:/java/apache-maven-3.6.3/repository/org/apache/poi/poi-ooxml/3.17/poi-ooxml-3.17.jar, file:/D:/java/apache-maven-3.6.3/repository/org/apache/poi/poi-ooxml-schemas/3.17/poi-ooxml-schemas-3.17.jar, file:/D:/java/apache-maven-3.6.3/repository/org/apache/xmlbeans/xmlbeans/2.6.0/xmlbeans-2.6.0.jar, file:/D:/java/apache-maven-3.6.3/repository/com/github/virtuald/curvesapi/1.04/curvesapi-1.04.jar, file:/D:/java/apache-maven-3.6.3/repository/commons-fileupload/commons-fileupload/1.3.3/commons-fileupload-1.3.3.jar, file:/D:/java/apache-maven-3.6.3/repository/commons-io/commons-io/2.4/commons-io-2.4.jar, file:/D:/java/apache-maven-3.6.3/repository/net/coobird/thumbnailator/0.4.8/thumbnailator-0.4.8.jar, file:/D:/java/apache-maven-3.6.3/repository/com/aliyun/oss/aliyun-sdk-oss/3.5.0/aliyun-sdk-oss-3.5.0.jar, file:/D:/java/apache-maven-3.6.3/repository/org/jdom/jdom/1.1/jdom-1.1.jar, file:/D:/java/apache-maven-3.6.3/repository/org/codehaus/jettison/jettison/1.1/jettison-1.1.jar, file:/D:/java/apache-maven-3.6.3/repository/stax/stax-api/1.0.1/stax-api-1.0.1.jar, file:/D:/java/apache-maven-3.6.3/repository/com/aliyun/aliyun-java-sdk-core/3.4.0/aliyun-java-sdk-core-3.4.0.jar, file:/D:/java/apache-maven-3.6.3/repository/com/aliyun/aliyun-java-sdk-ram/3.0.0/aliyun-java-sdk-ram-3.0.0.jar, file:/D:/java/apache-maven-3.6.3/repository/com/aliyun/aliyun-java-sdk-sts/3.0.0/aliyun-java-sdk-sts-3.0.0.jar, file:/D:/java/apache-maven-3.6.3/repository/com/aliyun/aliyun-java-sdk-ecs/4.2.0/aliyun-java-sdk-ecs-4.2.0.jar, file:/D:/java/apache-maven-3.6.3/repository/com/qcloud/cos_api/5.6.22/cos_api-5.6.22.jar, file:/D:/java/apache-maven-3.6.3/repository/joda-time/joda-time/2.10.5/joda-time-2.10.5.jar, file:/D:/java/apache-maven-3.6.3/repository/org/bouncycastle/bcprov-jdk15on/1.64/bcprov-jdk15on-1.64.jar, file:/D:/java/apache-maven-3.6.3/repository/com/qiniu/qiniu-java-sdk/7.2.28/qiniu-java-sdk-7.2.28.jar, file:/D:/java/apache-maven-3.6.3/repository/com/squareup/okhttp3/okhttp/3.14.7/okhttp-3.14.7.jar, file:/D:/java/apache-maven-3.6.3/repository/com/squareup/okio/okio/1.17.2/okio-1.17.2.jar, file:/D:/java/apache-maven-3.6.3/repository/com/amazonaws/aws-java-sdk-s3/1.12.99/aws-java-sdk-s3-1.12.99.jar, file:/D:/java/apache-maven-3.6.3/repository/com/amazonaws/aws-java-sdk-kms/1.12.99/aws-java-sdk-kms-1.12.99.jar, file:/D:/java/apache-maven-3.6.3/repository/com/amazonaws/aws-java-sdk-core/1.12.99/aws-java-sdk-core-1.12.99.jar, file:/D:/java/apache-maven-3.6.3/repository/software/amazon/ion/ion-java/1.0.2/ion-java-1.0.2.jar, file:/D:/java/apache-maven-3.6.3/repository/com/fasterxml/jackson/dataformat/jackson-dataformat-cbor/2.10.3/jackson-dataformat-cbor-2.10.3.jar, file:/D:/java/apache-maven-3.6.3/repository/com/amazonaws/jmespath-java/1.12.99/jmespath-java-1.12.99.jar, file:/D:/java/apache-maven-3.6.3/repository/dom4j/dom4j/1.6.1/dom4j-1.6.1.jar, file:/D:/java/apache-maven-3.6.3/repository/xml-apis/xml-apis/1.0.b2/xml-apis-1.0.b2.jar, file:/D:/java/apache-maven-3.6.3/repository/com/thoughtworks/xstream/xstream/1.4.18/xstream-1.4.18.jar, file:/D:/java/apache-maven-3.6.3/repository/io/github/x-stream/mxparser/1.2.2/mxparser-1.2.2.jar, file:/D:/java/apache-maven-3.6.3/repository/xmlpull/xmlpull/1.1.3.1/xmlpull-1.1.3.1.jar, file:/D:/java/apache-maven-3.6.3/repository/com/vaadin/external/google/android-json/0.0.20131108.vaadin1/android-json-0.0.20131108.vaadin1.jar, file:/D:/java/apache-maven-3.6.3/repository/org/apache/httpcomponents/httpmime/4.5.2/httpmime-4.5.2.jar, file:/D:/java/apache-maven-3.6.3/repository/com/google/zxing/core/3.3.3/core-3.3.3.jar, file:/D:/java/apache-maven-3.6.3/repository/com/google/zxing/javase/3.3.3/javase-3.3.3.jar, file:/D:/java/apache-maven-3.6.3/repository/com/beust/jcommander/1.72/jcommander-1.72.jar, file:/D:/java/apache-maven-3.6.3/repository/com/github/jai-imageio/jai-imageio-core/1.4.0/jai-imageio-core-1.4.0.jar, file:/D:/java/apache-maven-3.6.3/repository/io/jsonwebtoken/jjwt/0.9.1/jjwt-0.9.1.jar, file:/D:/java/apache-maven-3.6.3/repository/com/auth0/jwks-rsa/0.9.0/jwks-rsa-0.9.0.jar, file:/D:/java/apache-maven-3.6.3/repository/com/alipay/sdk/alipay-sdk-java/4.15.20.ALL/alipay-sdk-java-4.15.20.ALL.jar, file:/D:/java/apache-maven-3.6.3/repository/org/springframework/boot/spring-boot-starter-security/2.2.6.RELEASE/spring-boot-starter-security-2.2.6.RELEASE.jar, file:/D:/java/apache-maven-3.6.3/repository/org/springframework/security/spring-security-config/5.2.2.RELEASE/spring-security-config-5.2.2.RELEASE.jar, file:/D:/java/apache-maven-3.6.3/repository/org/springframework/security/spring-security-core/5.2.2.RELEASE/spring-security-core-5.2.2.RELEASE.jar, file:/D:/java/apache-maven-3.6.3/repository/org/springframework/security/spring-security-web/5.2.2.RELEASE/spring-security-web-5.2.2.RELEASE.jar, file:/D:/java/apache-maven-3.6.3/repository/com/anji-plus/spring-boot-starter-captcha/1.3.0/spring-boot-starter-captcha-1.3.0.jar, file:/D:/java/apache-maven-3.6.3/repository/com/anji-plus/captcha/1.3.0/captcha-1.3.0.jar, file:/D:/java/apache-maven-3.6.3/repository/com/jayway/jsonpath/json-path/2.4.0/json-path-2.4.0.jar, file:/D:/java/apache-maven-3.6.3/repository/net/minidev/json-smart/2.3/json-smart-2.3.jar, file:/D:/java/apache-maven-3.6.3/repository/net/minidev/accessors-smart/1.2/accessors-smart-1.2.jar, file:/D:/java/apache-maven-3.6.3/repository/org/ow2/asm/asm/5.0.4/asm-5.0.4.jar, file:/D:/java/apache-maven-3.6.3/repository/com/google/code/gson/gson/2.8.6/gson-2.8.6.jar, file:/D:/java/apache-maven-3.6.3/repository/org/springframework/boot/spring-boot-starter-quartz/2.2.6.RELEASE/spring-boot-starter-quartz-2.2.6.RELEASE.jar, file:/D:/java/apache-maven-3.6.3/repository/org/springframework/boot/spring-boot-starter/2.2.6.RELEASE/spring-boot-starter-2.2.6.RELEASE.jar, file:/D:/java/apache-maven-3.6.3/repository/org/springframework/boot/spring-boot/2.2.6.RELEASE/spring-boot-2.2.6.RELEASE.jar, file:/D:/java/apache-maven-3.6.3/repository/org/springframework/boot/spring-boot-starter-logging/2.2.6.RELEASE/spring-boot-starter-logging-2.2.6.RELEASE.jar, file:/D:/java/apache-maven-3.6.3/repository/org/apache/logging/log4j/log4j-to-slf4j/2.12.1/log4j-to-slf4j-2.12.1.jar, file:/D:/java/apache-maven-3.6.3/repository/org/apache/logging/log4j/log4j-api/2.12.1/log4j-api-2.12.1.jar, file:/D:/java/apache-maven-3.6.3/repository/org/slf4j/jul-to-slf4j/1.7.30/jul-to-slf4j-1.7.30.jar, file:/D:/java/apache-maven-3.6.3/repository/jakarta/annotation/jakarta.annotation-api/1.3.5/jakarta.annotation-api-1.3.5.jar, file:/D:/java/apache-maven-3.6.3/repository/org/springframework/spring-core/5.2.5.RELEASE/spring-core-5.2.5.RELEASE.jar, file:/D:/java/apache-maven-3.6.3/repository/org/springframework/spring-jcl/5.2.5.RELEASE/spring-jcl-5.2.5.RELEASE.jar, file:/D:/java/apache-maven-3.6.3/repository/org/yaml/snakeyaml/1.25/snakeyaml-1.25.jar, file:/D:/java/apache-maven-3.6.3/repository/org/springframework/spring-context-support/5.2.5.RELEASE/spring-context-support-5.2.5.RELEASE.jar, file:/D:/java/apache-maven-3.6.3/repository/org/springframework/spring-beans/5.2.5.RELEASE/spring-beans-5.2.5.RELEASE.jar, file:/D:/java/apache-maven-3.6.3/repository/org/springframework/spring-context/5.2.5.RELEASE/spring-context-5.2.5.RELEASE.jar, file:/D:/java/apache-maven-3.6.3/repository/org/springframework/spring-expression/5.2.5.RELEASE/spring-expression-5.2.5.RELEASE.jar, file:/D:/java/apache-maven-3.6.3/repository/org/springframework/spring-tx/5.2.5.RELEASE/spring-tx-5.2.5.RELEASE.jar, file:/D:/java/apache-maven-3.6.3/repository/org/quartz-scheduler/quartz/2.3.2/quartz-2.3.2.jar, file:/D:/java/apache-maven-3.6.3/repository/com/mchange/mchange-commons-java/0.2.15/mchange-commons-java-0.2.15.jar, file:/D:/java/apache-maven-3.6.3/repository/com/github/oshi/oshi-core/5.8.6/oshi-core-5.8.6.jar, file:/D:/java/apache-maven-3.6.3/repository/org/slf4j/slf4j-api/1.7.30/slf4j-api-1.7.30.jar, file:/D:/java/apache-maven-3.6.3/repository/net/java/dev/jna/jna/5.13.0/jna-5.13.0.jar, file:/D:/java/apache-maven-3.6.3/repository/net/java/dev/jna/jna-platform/5.13.0/jna-platform-5.13.0.jar, file:/D:/Program%20Files/JetBrains/IntelliJ%20IDEA%202022.1.3/lib/idea_rt.jar, file:/C:/Users/Administrator/AppData/Local/JetBrains/IntelliJIdea2022.1/captureAgent/debugger-agent.jar]" }
                    
{
                    "app": "Crmeb",
                    "timestamp":"2026-06-16 10:11:09.198",
                    "level": "DEBUG",
                    "thread": "main",
                    "class": "o.springframework.boot.SpringApplication",
                    "message": "Loading source class com.zbkj.admin.CrmebAdminApplication" }
                    
{
                    "app": "Crmeb",
                    "timestamp":"2026-06-16 10:11:09.245",
                    "level": "DEBUG",
                    "thread": "main",
                    "class": "o.s.b.c.c.ConfigFileApplicationListener",
                    "message": "Loaded config file 'file:/D:/Desktop/code/crmeb_java/crmeb/crmeb-admin/target/classes/application.yml' (classpath:/application.yml)" }
                    
{
                    "app": "Crmeb",
                    "timestamp":"2026-06-16 10:11:09.245",
                    "level": "DEBUG",
                    "thread": "main",
                    "class": "o.s.b.w.s.c.AnnotationConfigServletWebServerApplicationContext",
                    "message": "Refreshing org.springframework.boot.web.servlet.context.AnnotationConfigServletWebServerApplicationContext@10650953" }
                    
{
                    "app": "Crmeb",
                    "timestamp":"2026-06-16 10:15:50.138",
                    "level": "DEBUG",
                    "thread": "main",
                    "class": "o.s.b.c.l.ClasspathLoggingApplicationListener",
                    "message": "Application started with classpath: [file:/C:/Program%20Files/Java/jdk1.8.0_211/jre/lib/charsets.jar, file:/C:/Program%20Files/Java/jdk1.8.0_211/jre/lib/deploy.jar, file:/C:/Program%20Files/Java/jdk1.8.0_211/jre/lib/ext/access-bridge-64.jar, file:/C:/Program%20Files/Java/jdk1.8.0_211/jre/lib/ext/cldrdata.jar, file:/C:/Program%20Files/Java/jdk1.8.0_211/jre/lib/ext/dnsns.jar, file:/C:/Program%20Files/Java/jdk1.8.0_211/jre/lib/ext/jaccess.jar, file:/C:/Program%20Files/Java/jdk1.8.0_211/jre/lib/ext/jfxrt.jar, file:/C:/Program%20Files/Java/jdk1.8.0_211/jre/lib/ext/localedata.jar, file:/C:/Program%20Files/Java/jdk1.8.0_211/jre/lib/ext/nashorn.jar, file:/C:/Program%20Files/Java/jdk1.8.0_211/jre/lib/ext/sunec.jar, file:/C:/Program%20Files/Java/jdk1.8.0_211/jre/lib/ext/sunjce_provider.jar, file:/C:/Program%20Files/Java/jdk1.8.0_211/jre/lib/ext/sunmscapi.jar, file:/C:/Program%20Files/Java/jdk1.8.0_211/jre/lib/ext/sunpkcs11.jar, file:/C:/Program%20Files/Java/jdk1.8.0_211/jre/lib/ext/zipfs.jar, file:/C:/Program%20Files/Java/jdk1.8.0_211/jre/lib/javaws.jar, file:/C:/Program%20Files/Java/jdk1.8.0_211/jre/lib/jce.jar, file:/C:/Program%20Files/Java/jdk1.8.0_211/jre/lib/jfr.jar, file:/C:/Program%20Files/Java/jdk1.8.0_211/jre/lib/jfxswt.jar, file:/C:/Program%20Files/Java/jdk1.8.0_211/jre/lib/jsse.jar, file:/C:/Program%20Files/Java/jdk1.8.0_211/jre/lib/management-agent.jar, file:/C:/Program%20Files/Java/jdk1.8.0_211/jre/lib/plugin.jar, file:/C:/Program%20Files/Java/jdk1.8.0_211/jre/lib/resources.jar, file:/C:/Program%20Files/Java/jdk1.8.0_211/jre/lib/rt.jar, file:/D:/Desktop/code/crmeb_java/crmeb/crmeb-admin/target/classes/, file:/D:/Desktop/code/crmeb_java/crmeb/crmeb-service/target/classes/, file:/D:/Desktop/code/crmeb_java/crmeb/crmeb-common/target/classes/, file:/D:/java/apache-maven-3.6.3/repository/javax/servlet/javax.servlet-api/4.0.1/javax.servlet-api-4.0.1.jar, file:/D:/java/apache-maven-3.6.3/repository/javax/servlet/jstl/1.2/jstl-1.2.jar, file:/D:/java/apache-maven-3.6.3/repository/org/apache/tomcat/embed/tomcat-embed-jasper/9.0.33/tomcat-embed-jasper-9.0.33.jar, file:/D:/java/apache-maven-3.6.3/repository/org/apache/tomcat/embed/tomcat-embed-core/9.0.33/tomcat-embed-core-9.0.33.jar, file:/D:/java/apache-maven-3.6.3/repository/org/apache/tomcat/tomcat-annotations-api/9.0.33/tomcat-annotations-api-9.0.33.jar, file:/D:/java/apache-maven-3.6.3/repository/org/apache/tomcat/embed/tomcat-embed-el/9.0.33/tomcat-embed-el-9.0.33.jar, file:/D:/java/apache-maven-3.6.3/repository/org/eclipse/jdt/ecj/3.18.0/ecj-3.18.0.jar, file:/D:/java/apache-maven-3.6.3/repository/org/apache/tomcat/tomcat-jsp-api/9.0.33/tomcat-jsp-api-9.0.33.jar, file:/D:/java/apache-maven-3.6.3/repository/org/apache/tomcat/tomcat-el-api/9.0.33/tomcat-el-api-9.0.33.jar, file:/D:/java/apache-maven-3.6.3/repository/org/apache/tomcat/tomcat-servlet-api/9.0.33/tomcat-servlet-api-9.0.33.jar, file:/D:/java/apache-maven-3.6.3/repository/com/alibaba/fastjson/1.2.83/fastjson-1.2.83.jar, file:/D:/java/apache-maven-3.6.3/repository/com/alibaba/druid/1.1.20/druid-1.1.20.jar, file:/D:/java/apache-maven-3.6.3/repository/mysql/mysql-connector-java/5.1.24/mysql-connector-java-5.1.24.jar, file:/D:/java/apache-maven-3.6.3/repository/org/projectlombok/lombok/1.18.12/lombok-1.18.12.jar, file:/D:/java/apache-maven-3.6.3/repository/com/baomidou/mybatis-plus-boot-starter/3.3.1/mybatis-plus-boot-starter-3.3.1.jar, file:/D:/java/apache-maven-3.6.3/repository/org/springframework/boot/spring-boot-starter-jdbc/2.2.6.RELEASE/spring-boot-starter-jdbc-2.2.6.RELEASE.jar, file:/D:/java/apache-maven-3.6.3/repository/com/zaxxer/HikariCP/3.4.2/HikariCP-3.4.2.jar, file:/D:/java/apache-maven-3.6.3/repository/org/springframework/spring-jdbc/5.2.5.RELEASE/spring-jdbc-5.2.5.RELEASE.jar, file:/D:/java/apache-maven-3.6.3/repository/org/springframework/boot/spring-boot-test/2.2.6.RELEASE/spring-boot-test-2.2.6.RELEASE.jar, file:/D:/java/apache-maven-3.6.3/repository/org/springframework/spring-test/5.2.5.RELEASE/spring-test-5.2.5.RELEASE.jar, file:/D:/java/apache-maven-3.6.3/repository/com/baomidou/mybatis-plus/3.3.1/mybatis-plus-3.3.1.jar, file:/D:/java/apache-maven-3.6.3/repository/com/baomidou/mybatis-plus-extension/3.3.1/mybatis-plus-extension-3.3.1.jar, file:/D:/java/apache-maven-3.6.3/repository/com/baomidou/mybatis-plus-core/3.3.1/mybatis-plus-core-3.3.1.jar, file:/D:/java/apache-maven-3.6.3/repository/com/baomidou/mybatis-plus-annotation/3.3.1/mybatis-plus-annotation-3.3.1.jar, file:/D:/java/apache-maven-3.6.3/repository/org/mybatis/mybatis/3.5.3/mybatis-3.5.3.jar, file:/D:/java/apache-maven-3.6.3/repository/org/mybatis/mybatis-spring/2.0.3/mybatis-spring-2.0.3.jar, file:/D:/java/apache-maven-3.6.3/repository/com/baomidou/mybatis-plus-generator/3.3.1/mybatis-plus-generator-3.3.1.jar, file:/D:/java/apache-maven-3.6.3/repository/io/swagger/swagger-annotations/1.5.21/swagger-annotations-1.5.21.jar, file:/D:/java/apache-maven-3.6.3/repository/io/springfox/springfox-swagger2/2.9.2/springfox-swagger2-2.9.2.jar, file:/D:/java/apache-maven-3.6.3/repository/io/springfox/springfox-spi/2.9.2/springfox-spi-2.9.2.jar, file:/D:/java/apache-maven-3.6.3/repository/io/springfox/springfox-core/2.9.2/springfox-core-2.9.2.jar, file:/D:/java/apache-maven-3.6.3/repository/net/bytebuddy/byte-buddy/1.10.8/byte-buddy-1.10.8.jar, file:/D:/java/apache-maven-3.6.3/repository/io/springfox/springfox-schema/2.9.2/springfox-schema-2.9.2.jar, file:/D:/java/apache-maven-3.6.3/repository/io/springfox/springfox-swagger-common/2.9.2/springfox-swagger-common-2.9.2.jar, file:/D:/java/apache-maven-3.6.3/repository/io/springfox/springfox-spring-web/2.9.2/springfox-spring-web-2.9.2.jar, file:/D:/java/apache-maven-3.6.3/repository/com/google/guava/guava/20.0/guava-20.0.jar, file:/D:/java/apache-maven-3.6.3/repository/com/fasterxml/classmate/1.5.1/classmate-1.5.1.jar, file:/D:/java/apache-maven-3.6.3/repository/org/springframework/plugin/spring-plugin-core/1.2.0.RELEASE/spring-plugin-core-1.2.0.RELEASE.jar, file:/D:/java/apache-maven-3.6.3/repository/org/springframework/plugin/spring-plugin-metadata/1.2.0.RELEASE/spring-plugin-metadata-1.2.0.RELEASE.jar, file:/D:/java/apache-maven-3.6.3/repository/org/mapstruct/mapstruct/1.2.0.Final/mapstruct-1.2.0.Final.jar, file:/D:/java/apache-maven-3.6.3/repository/io/swagger/swagger-models/1.5.21/swagger-models-1.5.21.jar, file:/D:/java/apache-maven-3.6.3/repository/com/fasterxml/jackson/core/jackson-annotations/2.10.3/jackson-annotations-2.10.3.jar, file:/D:/java/apache-maven-3.6.3/repository/com/github/xiaoymin/swagger-bootstrap-ui/1.9.3/swagger-bootstrap-ui-1.9.3.jar, file:/D:/java/apache-maven-3.6.3/repository/org/springframework/boot/spring-boot-autoconfigure/2.2.6.RELEASE/spring-boot-autoconfigure-2.2.6.RELEASE.jar, file:/D:/java/apache-maven-3.6.3/repository/ch/qos/logback/logback-classic/1.2.3/logback-classic-1.2.3.jar, file:/D:/java/apache-maven-3.6.3/repository/ch/qos/logback/logback-core/1.2.3/logback-core-1.2.3.jar, file:/D:/java/apache-maven-3.6.3/repository/net/logstash/logback/logstash-logback-encoder/5.3/logstash-logback-encoder-5.3.jar, file:/D:/java/apache-maven-3.6.3/repository/com/fasterxml/jackson/core/jackson-databind/2.10.3/jackson-databind-2.10.3.jar, file:/D:/java/apache-maven-3.6.3/repository/com/fasterxml/jackson/core/jackson-core/2.10.3/jackson-core-2.10.3.jar, file:/D:/java/apache-maven-3.6.3/repository/org/springframework/boot/spring-boot-starter-web/2.2.6.RELEASE/spring-boot-starter-web-2.2.6.RELEASE.jar, file:/D:/java/apache-maven-3.6.3/repository/org/springframework/boot/spring-boot-starter-json/2.2.6.RELEASE/spring-boot-starter-json-2.2.6.RELEASE.jar, file:/D:/java/apache-maven-3.6.3/repository/com/fasterxml/jackson/datatype/jackson-datatype-jdk8/2.10.3/jackson-datatype-jdk8-2.10.3.jar, file:/D:/java/apache-maven-3.6.3/repository/com/fasterxml/jackson/datatype/jackson-datatype-jsr310/2.10.3/jackson-datatype-jsr310-2.10.3.jar, file:/D:/java/apache-maven-3.6.3/repository/com/fasterxml/jackson/module/jackson-module-parameter-names/2.10.3/jackson-module-parameter-names-2.10.3.jar, file:/D:/java/apache-maven-3.6.3/repository/org/springframework/boot/spring-boot-starter-tomcat/2.2.6.RELEASE/spring-boot-starter-tomcat-2.2.6.RELEASE.jar, file:/D:/java/apache-maven-3.6.3/repository/org/apache/tomcat/embed/tomcat-embed-websocket/9.0.33/tomcat-embed-websocket-9.0.33.jar, file:/D:/java/apache-maven-3.6.3/repository/org/springframework/boot/spring-boot-starter-validation/2.2.6.RELEASE/spring-boot-starter-validation-2.2.6.RELEASE.jar, file:/D:/java/apache-maven-3.6.3/repository/jakarta/validation/jakarta.validation-api/2.0.2/jakarta.validation-api-2.0.2.jar, file:/D:/java/apache-maven-3.6.3/repository/org/hibernate/validator/hibernate-validator/6.0.18.Final/hibernate-validator-6.0.18.Final.jar, file:/D:/java/apache-maven-3.6.3/repository/org/jboss/logging/jboss-logging/3.4.1.Final/jboss-logging-3.4.1.Final.jar, file:/D:/java/apache-maven-3.6.3/repository/org/springframework/spring-web/5.2.5.RELEASE/spring-web-5.2.5.RELEASE.jar, file:/D:/java/apache-maven-3.6.3/repository/org/springframework/spring-webmvc/5.2.5.RELEASE/spring-webmvc-5.2.5.RELEASE.jar, file:/D:/java/apache-maven-3.6.3/repository/org/springframework/boot/spring-boot-starter-data-redis/2.2.0.RELEASE/spring-boot-starter-data-redis-2.2.0.RELEASE.jar, file:/D:/java/apache-maven-3.6.3/repository/org/springframework/data/spring-data-redis/2.2.6.RELEASE/spring-data-redis-2.2.6.RELEASE.jar, file:/D:/java/apache-maven-3.6.3/repository/org/springframework/data/spring-data-keyvalue/2.2.6.RELEASE/spring-data-keyvalue-2.2.6.RELEASE.jar, file:/D:/java/apache-maven-3.6.3/repository/org/springframework/spring-oxm/5.2.5.RELEASE/spring-oxm-5.2.5.RELEASE.jar, file:/D:/java/apache-maven-3.6.3/repository/io/lettuce/lettuce-core/5.2.2.RELEASE/lettuce-core-5.2.2.RELEASE.jar, file:/D:/java/apache-maven-3.6.3/repository/io/netty/netty-common/4.1.48.Final/netty-common-4.1.48.Final.jar, file:/D:/java/apache-maven-3.6.3/repository/io/netty/netty-handler/4.1.48.Final/netty-handler-4.1.48.Final.jar, file:/D:/java/apache-maven-3.6.3/repository/io/netty/netty-resolver/4.1.48.Final/netty-resolver-4.1.48.Final.jar, file:/D:/java/apache-maven-3.6.3/repository/io/netty/netty-buffer/4.1.48.Final/netty-buffer-4.1.48.Final.jar, file:/D:/java/apache-maven-3.6.3/repository/io/netty/netty-codec/4.1.48.Final/netty-codec-4.1.48.Final.jar, file:/D:/java/apache-maven-3.6.3/repository/io/netty/netty-transport/4.1.48.Final/netty-transport-4.1.48.Final.jar, file:/D:/java/apache-maven-3.6.3/repository/io/projectreactor/reactor-core/3.3.4.RELEASE/reactor-core-3.3.4.RELEASE.jar, file:/D:/java/apache-maven-3.6.3/repository/org/reactivestreams/reactive-streams/1.0.3/reactive-streams-1.0.3.jar, file:/D:/java/apache-maven-3.6.3/repository/redis/clients/jedis/3.1.0/jedis-3.1.0.jar, file:/D:/java/apache-maven-3.6.3/repository/org/apache/commons/commons-pool2/2.7.0/commons-pool2-2.7.0.jar, file:/D:/java/apache-maven-3.6.3/repository/com/github/pagehelper/pagehelper-spring-boot-starter/1.2.5/pagehelper-spring-boot-starter-1.2.5.jar, file:/D:/java/apache-maven-3.6.3/repository/org/mybatis/spring/boot/mybatis-spring-boot-starter/1.3.2/mybatis-spring-boot-starter-1.3.2.jar, file:/D:/java/apache-maven-3.6.3/repository/org/mybatis/spring/boot/mybatis-spring-boot-autoconfigure/1.3.2/mybatis-spring-boot-autoconfigure-1.3.2.jar, file:/D:/java/apache-maven-3.6.3/repository/com/github/pagehelper/pagehelper-spring-boot-autoconfigure/1.2.5/pagehelper-spring-boot-autoconfigure-1.2.5.jar, file:/D:/java/apache-maven-3.6.3/repository/com/github/pagehelper/pagehelper/5.1.4/pagehelper-5.1.4.jar, file:/D:/java/apache-maven-3.6.3/repository/com/github/jsqlparser/jsqlparser/1.0/jsqlparser-1.0.jar, file:/D:/java/apache-maven-3.6.3/repository/javax/validation/validation-api/1.1.0.Final/validation-api-1.1.0.Final.jar, file:/D:/java/apache-maven-3.6.3/repository/org/springframework/data/spring-data-commons/2.2.6.RELEASE/spring-data-commons-2.2.6.RELEASE.jar, file:/D:/java/apache-maven-3.6.3/repository/cn/hutool/hutool-all/4.5.7/hutool-all-4.5.7.jar, file:/D:/java/apache-maven-3.6.3/repository/org/springframework/boot/spring-boot-starter-actuator/2.2.6.RELEASE/spring-boot-starter-actuator-2.2.6.RELEASE.jar, file:/D:/java/apache-maven-3.6.3/repository/org/springframework/boot/spring-boot-actuator-autoconfigure/2.2.6.RELEASE/spring-boot-actuator-autoconfigure-2.2.6.RELEASE.jar, file:/D:/java/apache-maven-3.6.3/repository/org/springframework/boot/spring-boot-actuator/2.2.6.RELEASE/spring-boot-actuator-2.2.6.RELEASE.jar, file:/D:/java/apache-maven-3.6.3/repository/io/micrometer/micrometer-core/1.3.6/micrometer-core-1.3.6.jar, file:/D:/java/apache-maven-3.6.3/repository/org/hdrhistogram/HdrHistogram/2.1.11/HdrHistogram-2.1.11.jar, file:/D:/java/apache-maven-3.6.3/repository/org/latencyutils/LatencyUtils/2.0.3/LatencyUtils-2.0.3.jar, file:/D:/java/apache-maven-3.6.3/repository/org/apache/httpcomponents/httpclient/4.5.6/httpclient-4.5.6.jar, file:/D:/java/apache-maven-3.6.3/repository/org/apache/httpcomponents/httpcore/4.4.13/httpcore-4.4.13.jar, file:/D:/java/apache-maven-3.6.3/repository/commons-logging/commons-logging/1.2/commons-logging-1.2.jar, file:/D:/java/apache-maven-3.6.3/repository/commons-codec/commons-codec/1.13/commons-codec-1.13.jar, file:/D:/java/apache-maven-3.6.3/repository/org/springframework/boot/spring-boot-starter-aop/2.2.6.RELEASE/spring-boot-starter-aop-2.2.6.RELEASE.jar, file:/D:/java/apache-maven-3.6.3/repository/org/springframework/spring-aop/5.2.5.RELEASE/spring-aop-5.2.5.RELEASE.jar, file:/D:/java/apache-maven-3.6.3/repository/org/aspectj/aspectjweaver/1.9.5/aspectjweaver-1.9.5.jar, file:/D:/java/apache-maven-3.6.3/repository/org/apache/commons/commons-lang3/3.5/commons-lang3-3.5.jar, file:/D:/java/apache-maven-3.6.3/repository/org/apache/poi/poi/3.17/poi-3.17.jar, file:/D:/java/apache-maven-3.6.3/repository/org/apache/commons/commons-collections4/4.1/commons-collections4-4.1.jar, file:/D:/java/apache-maven-3.6.3/repository/org/apache/poi/poi-ooxml/3.17/poi-ooxml-3.17.jar, file:/D:/java/apache-maven-3.6.3/repository/org/apache/poi/poi-ooxml-schemas/3.17/poi-ooxml-schemas-3.17.jar, file:/D:/java/apache-maven-3.6.3/repository/org/apache/xmlbeans/xmlbeans/2.6.0/xmlbeans-2.6.0.jar, file:/D:/java/apache-maven-3.6.3/repository/com/github/virtuald/curvesapi/1.04/curvesapi-1.04.jar, file:/D:/java/apache-maven-3.6.3/repository/commons-fileupload/commons-fileupload/1.3.3/commons-fileupload-1.3.3.jar, file:/D:/java/apache-maven-3.6.3/repository/commons-io/commons-io/2.4/commons-io-2.4.jar, file:/D:/java/apache-maven-3.6.3/repository/net/coobird/thumbnailator/0.4.8/thumbnailator-0.4.8.jar, file:/D:/java/apache-maven-3.6.3/repository/com/aliyun/oss/aliyun-sdk-oss/3.5.0/aliyun-sdk-oss-3.5.0.jar, file:/D:/java/apache-maven-3.6.3/repository/org/jdom/jdom/1.1/jdom-1.1.jar, file:/D:/java/apache-maven-3.6.3/repository/org/codehaus/jettison/jettison/1.1/jettison-1.1.jar, file:/D:/java/apache-maven-3.6.3/repository/stax/stax-api/1.0.1/stax-api-1.0.1.jar, file:/D:/java/apache-maven-3.6.3/repository/com/aliyun/aliyun-java-sdk-core/3.4.0/aliyun-java-sdk-core-3.4.0.jar, file:/D:/java/apache-maven-3.6.3/repository/com/aliyun/aliyun-java-sdk-ram/3.0.0/aliyun-java-sdk-ram-3.0.0.jar, file:/D:/java/apache-maven-3.6.3/repository/com/aliyun/aliyun-java-sdk-sts/3.0.0/aliyun-java-sdk-sts-3.0.0.jar, file:/D:/java/apache-maven-3.6.3/repository/com/aliyun/aliyun-java-sdk-ecs/4.2.0/aliyun-java-sdk-ecs-4.2.0.jar, file:/D:/java/apache-maven-3.6.3/repository/com/qcloud/cos_api/5.6.22/cos_api-5.6.22.jar, file:/D:/java/apache-maven-3.6.3/repository/joda-time/joda-time/2.10.5/joda-time-2.10.5.jar, file:/D:/java/apache-maven-3.6.3/repository/org/bouncycastle/bcprov-jdk15on/1.64/bcprov-jdk15on-1.64.jar, file:/D:/java/apache-maven-3.6.3/repository/com/qiniu/qiniu-java-sdk/7.2.28/qiniu-java-sdk-7.2.28.jar, file:/D:/java/apache-maven-3.6.3/repository/com/squareup/okhttp3/okhttp/3.14.7/okhttp-3.14.7.jar, file:/D:/java/apache-maven-3.6.3/repository/com/squareup/okio/okio/1.17.2/okio-1.17.2.jar, file:/D:/java/apache-maven-3.6.3/repository/com/amazonaws/aws-java-sdk-s3/1.12.99/aws-java-sdk-s3-1.12.99.jar, file:/D:/java/apache-maven-3.6.3/repository/com/amazonaws/aws-java-sdk-kms/1.12.99/aws-java-sdk-kms-1.12.99.jar, file:/D:/java/apache-maven-3.6.3/repository/com/amazonaws/aws-java-sdk-core/1.12.99/aws-java-sdk-core-1.12.99.jar, file:/D:/java/apache-maven-3.6.3/repository/software/amazon/ion/ion-java/1.0.2/ion-java-1.0.2.jar, file:/D:/java/apache-maven-3.6.3/repository/com/fasterxml/jackson/dataformat/jackson-dataformat-cbor/2.10.3/jackson-dataformat-cbor-2.10.3.jar, file:/D:/java/apache-maven-3.6.3/repository/com/amazonaws/jmespath-java/1.12.99/jmespath-java-1.12.99.jar, file:/D:/java/apache-maven-3.6.3/repository/dom4j/dom4j/1.6.1/dom4j-1.6.1.jar, file:/D:/java/apache-maven-3.6.3/repository/xml-apis/xml-apis/1.0.b2/xml-apis-1.0.b2.jar, file:/D:/java/apache-maven-3.6.3/repository/com/thoughtworks/xstream/xstream/1.4.18/xstream-1.4.18.jar, file:/D:/java/apache-maven-3.6.3/repository/io/github/x-stream/mxparser/1.2.2/mxparser-1.2.2.jar, file:/D:/java/apache-maven-3.6.3/repository/xmlpull/xmlpull/1.1.3.1/xmlpull-1.1.3.1.jar, file:/D:/java/apache-maven-3.6.3/repository/com/vaadin/external/google/android-json/0.0.20131108.vaadin1/android-json-0.0.20131108.vaadin1.jar, file:/D:/java/apache-maven-3.6.3/repository/org/apache/httpcomponents/httpmime/4.5.2/httpmime-4.5.2.jar, file:/D:/java/apache-maven-3.6.3/repository/com/google/zxing/core/3.3.3/core-3.3.3.jar, file:/D:/java/apache-maven-3.6.3/repository/com/google/zxing/javase/3.3.3/javase-3.3.3.jar, file:/D:/java/apache-maven-3.6.3/repository/com/beust/jcommander/1.72/jcommander-1.72.jar, file:/D:/java/apache-maven-3.6.3/repository/com/github/jai-imageio/jai-imageio-core/1.4.0/jai-imageio-core-1.4.0.jar, file:/D:/java/apache-maven-3.6.3/repository/io/jsonwebtoken/jjwt/0.9.1/jjwt-0.9.1.jar, file:/D:/java/apache-maven-3.6.3/repository/com/auth0/jwks-rsa/0.9.0/jwks-rsa-0.9.0.jar, file:/D:/java/apache-maven-3.6.3/repository/com/alipay/sdk/alipay-sdk-java/4.15.20.ALL/alipay-sdk-java-4.15.20.ALL.jar, file:/D:/java/apache-maven-3.6.3/repository/org/springframework/boot/spring-boot-starter-security/2.2.6.RELEASE/spring-boot-starter-security-2.2.6.RELEASE.jar, file:/D:/java/apache-maven-3.6.3/repository/org/springframework/security/spring-security-config/5.2.2.RELEASE/spring-security-config-5.2.2.RELEASE.jar, file:/D:/java/apache-maven-3.6.3/repository/org/springframework/security/spring-security-core/5.2.2.RELEASE/spring-security-core-5.2.2.RELEASE.jar, file:/D:/java/apache-maven-3.6.3/repository/org/springframework/security/spring-security-web/5.2.2.RELEASE/spring-security-web-5.2.2.RELEASE.jar, file:/D:/java/apache-maven-3.6.3/repository/com/anji-plus/spring-boot-starter-captcha/1.3.0/spring-boot-starter-captcha-1.3.0.jar, file:/D:/java/apache-maven-3.6.3/repository/com/anji-plus/captcha/1.3.0/captcha-1.3.0.jar, file:/D:/java/apache-maven-3.6.3/repository/com/jayway/jsonpath/json-path/2.4.0/json-path-2.4.0.jar, file:/D:/java/apache-maven-3.6.3/repository/net/minidev/json-smart/2.3/json-smart-2.3.jar, file:/D:/java/apache-maven-3.6.3/repository/net/minidev/accessors-smart/1.2/accessors-smart-1.2.jar, file:/D:/java/apache-maven-3.6.3/repository/org/ow2/asm/asm/5.0.4/asm-5.0.4.jar, file:/D:/java/apache-maven-3.6.3/repository/com/google/code/gson/gson/2.8.6/gson-2.8.6.jar, file:/D:/java/apache-maven-3.6.3/repository/org/springframework/boot/spring-boot-starter-quartz/2.2.6.RELEASE/spring-boot-starter-quartz-2.2.6.RELEASE.jar, file:/D:/java/apache-maven-3.6.3/repository/org/springframework/boot/spring-boot-starter/2.2.6.RELEASE/spring-boot-starter-2.2.6.RELEASE.jar, file:/D:/java/apache-maven-3.6.3/repository/org/springframework/boot/spring-boot/2.2.6.RELEASE/spring-boot-2.2.6.RELEASE.jar, file:/D:/java/apache-maven-3.6.3/repository/org/springframework/boot/spring-boot-starter-logging/2.2.6.RELEASE/spring-boot-starter-logging-2.2.6.RELEASE.jar, file:/D:/java/apache-maven-3.6.3/repository/org/apache/logging/log4j/log4j-to-slf4j/2.12.1/log4j-to-slf4j-2.12.1.jar, file:/D:/java/apache-maven-3.6.3/repository/org/apache/logging/log4j/log4j-api/2.12.1/log4j-api-2.12.1.jar, file:/D:/java/apache-maven-3.6.3/repository/org/slf4j/jul-to-slf4j/1.7.30/jul-to-slf4j-1.7.30.jar, file:/D:/java/apache-maven-3.6.3/repository/jakarta/annotation/jakarta.annotation-api/1.3.5/jakarta.annotation-api-1.3.5.jar, file:/D:/java/apache-maven-3.6.3/repository/org/springframework/spring-core/5.2.5.RELEASE/spring-core-5.2.5.RELEASE.jar, file:/D:/java/apache-maven-3.6.3/repository/org/springframework/spring-jcl/5.2.5.RELEASE/spring-jcl-5.2.5.RELEASE.jar, file:/D:/java/apache-maven-3.6.3/repository/org/yaml/snakeyaml/1.25/snakeyaml-1.25.jar, file:/D:/java/apache-maven-3.6.3/repository/org/springframework/spring-context-support/5.2.5.RELEASE/spring-context-support-5.2.5.RELEASE.jar, file:/D:/java/apache-maven-3.6.3/repository/org/springframework/spring-beans/5.2.5.RELEASE/spring-beans-5.2.5.RELEASE.jar, file:/D:/java/apache-maven-3.6.3/repository/org/springframework/spring-context/5.2.5.RELEASE/spring-context-5.2.5.RELEASE.jar, file:/D:/java/apache-maven-3.6.3/repository/org/springframework/spring-expression/5.2.5.RELEASE/spring-expression-5.2.5.RELEASE.jar, file:/D:/java/apache-maven-3.6.3/repository/org/springframework/spring-tx/5.2.5.RELEASE/spring-tx-5.2.5.RELEASE.jar, file:/D:/java/apache-maven-3.6.3/repository/org/quartz-scheduler/quartz/2.3.2/quartz-2.3.2.jar, file:/D:/java/apache-maven-3.6.3/repository/com/mchange/mchange-commons-java/0.2.15/mchange-commons-java-0.2.15.jar, file:/D:/java/apache-maven-3.6.3/repository/com/github/oshi/oshi-core/5.8.6/oshi-core-5.8.6.jar, file:/D:/java/apache-maven-3.6.3/repository/org/slf4j/slf4j-api/1.7.30/slf4j-api-1.7.30.jar, file:/D:/java/apache-maven-3.6.3/repository/net/java/dev/jna/jna/5.13.0/jna-5.13.0.jar, file:/D:/java/apache-maven-3.6.3/repository/net/java/dev/jna/jna-platform/5.13.0/jna-platform-5.13.0.jar, file:/D:/Program%20Files/JetBrains/IntelliJ%20IDEA%202022.1.3/lib/idea_rt.jar, file:/C:/Users/Administrator/AppData/Local/JetBrains/IntelliJIdea2022.1/captureAgent/debugger-agent.jar]" }
                    
{
                    "app": "Crmeb",
                    "timestamp":"2026-06-16 10:15:50.237",
                    "level": "DEBUG",
                    "thread": "main",
                    "class": "o.springframework.boot.SpringApplication",
                    "message": "Loading source class com.zbkj.admin.CrmebAdminApplication" }
                    
{
                    "app": "Crmeb",
                    "timestamp":"2026-06-16 10:15:50.278",
                    "level": "DEBUG",
                    "thread": "main",
                    "class": "o.s.b.c.c.ConfigFileApplicationListener",
                    "message": "Loaded config file 'file:/D:/Desktop/code/crmeb_java/crmeb/crmeb-admin/target/classes/application.yml' (classpath:/application.yml)" }
                    
{
                    "app": "Crmeb",
                    "timestamp":"2026-06-16 10:15:50.279",
                    "level": "DEBUG",
                    "thread": "main",
                    "class": "o.s.b.w.s.c.AnnotationConfigServletWebServerApplicationContext",
                    "message": "Refreshing org.springframework.boot.web.servlet.context.AnnotationConfigServletWebServerApplicationContext@31e3250d" }
                    
{
                    "app": "Crmeb",
                    "timestamp":"2026-06-16 10:15:52.633",
                    "level": "DEBUG",
                    "thread": "main",
                    "class": "o.s.b.w.e.t.TomcatServletWebServerFactory",
                    "message": "Code archive: D:\java\apache-maven-3.6.3\repository\org\springframework\boot\spring-boot\2.2.6.RELEASE\spring-boot-2.2.6.RELEASE.jar" }
                    
{
                    "app": "Crmeb",
                    "timestamp":"2026-06-16 10:15:52.634",
                    "level": "DEBUG",
                    "thread": "main",
                    "class": "o.s.b.w.e.t.TomcatServletWebServerFactory",
                    "message": "Code archive: D:\java\apache-maven-3.6.3\repository\org\springframework\boot\spring-boot\2.2.6.RELEASE\spring-boot-2.2.6.RELEASE.jar" }
                    
{
                    "app": "Crmeb",
                    "timestamp":"2026-06-16 10:15:52.634",
                    "level": "DEBUG",
                    "thread": "main",
                    "class": "o.s.b.w.e.t.TomcatServletWebServerFactory",
                    "message": "None of the document roots [src/main/webapp, public, static] point to a directory and will be ignored." }
                    
{
                    "app": "Crmeb",
                    "timestamp":"2026-06-16 10:15:52.951",
                    "level": "DEBUG",
                    "thread": "main",
                    "class": "o.s.web.context.ContextLoader",
                    "message": "Published root WebApplicationContext as ServletContext attribute with name [org.springframework.web.context.WebApplicationContext.ROOT]" }
                    
{
                    "app": "Crmeb",
                    "timestamp":"2026-06-16 10:15:53.436",
                    "level": "DEBUG",
                    "thread": "main",
                    "class": "o.s.b.w.s.ServletContextInitializerBeans",
                    "message": "Mapping filters: filterRegistrationBean urls=[/*] order=-2147483647, springSecurityFilterChain urls=[/*] order=-100, filterRegistrationBean urls=[/*] order=2147483647, filterRegistrationBean urls=[/api/*] order=2147483647, characterEncodingFilter urls=[/*] order=-2147483648, formContentFilter urls=[/*] order=-9900, requestContextFilter urls=[/*] order=-105, corsFilter urls=[/*] order=2147483647, jwtAuthenticationTokenFilter urls=[/*] order=2147483647" }
                    
{
                    "app": "Crmeb",
                    "timestamp":"2026-06-16 10:15:53.436",
                    "level": "DEBUG",
                    "thread": "main",
                    "class": "o.s.b.w.s.ServletContextInitializerBeans",
                    "message": "Mapping servlets: statViewServlet urls=[/druid/*], dispatcherServlet urls=[/]" }
                    
{
                    "app": "Crmeb",
                    "timestamp":"2026-06-16 10:15:53.456",
                    "level": "DEBUG",
                    "thread": "main",
                    "class": "o.s.b.a.m.w.servlet.WebMvcMetricsFilter",
                    "message": "Filter 'webMvcMetricsFilter' configured for use" }
                    
{
                    "app": "Crmeb",
                    "timestamp":"2026-06-16 10:15:53.456",
                    "level": "DEBUG",
                    "thread": "main",
                    "class": "o.s.b.w.s.f.OrderedRequestContextFilter",
                    "message": "Filter 'requestContextFilter' configured for use" }
                    
{
                    "app": "Crmeb",
                    "timestamp":"2026-06-16 10:15:53.456",
                    "level": "DEBUG",
                    "thread": "main",
                    "class": "o.springframework.web.filter.CorsFilter",
                    "message": "Filter 'corsFilter' configured for use" }
                    
{
                    "app": "Crmeb",
                    "timestamp":"2026-06-16 10:15:53.456",
                    "level": "DEBUG",
                    "thread": "main",
                    "class": "o.s.b.w.s.f.OrderedCharacterEncodingFilter",
                    "message": "Filter 'characterEncodingFilter' configured for use" }
                    
{
                    "app": "Crmeb",
                    "timestamp":"2026-06-16 10:15:53.456",
                    "level": "DEBUG",
                    "thread": "main",
                    "class": "o.s.b.w.s.DelegatingFilterProxyRegistrationBean$1",
                    "message": "Filter 'springSecurityFilterChain' configured for use" }
                    
{
                    "app": "Crmeb",
                    "timestamp":"2026-06-16 10:15:53.456",
                    "level": "DEBUG",
                    "thread": "main",
                    "class": "o.s.b.w.s.f.OrderedFormContentFilter",
                    "message": "Filter 'formContentFilter' configured for use" }
                    
{
                    "app": "Crmeb",
                    "timestamp":"2026-06-16 10:16:05.869",
                    "level": "DEBUG",
                    "thread": "main",
                    "class": "o.s.w.s.m.m.a.RequestMappingHandlerMapping",
                    "message": "331 mappings in 'requestMappingHandlerMapping'" }
                    
{
                    "app": "Crmeb",
                    "timestamp":"2026-06-16 10:16:06.257",
                    "level": "DEBUG",
                    "thread": "main",
                    "class": "o.s.b.a.SpringApplicationAdminMXBeanRegistrar$SpringApplicationAdmin",
                    "message": "Application Admin MBean registered with name 'org.springframework.boot:type=Admin,name=SpringApplication'" }
                    
{
                    "app": "Crmeb",
                    "timestamp":"2026-06-16 10:16:06.266",
                    "level": "DEBUG",
                    "thread": "main",
                    "class": "o.s.w.s.m.m.a.RequestMappingHandlerAdapter",
                    "message": "ControllerAdvice beans: 0 @ModelAttribute, 0 @InitBinder, 1 RequestBodyAdvice, 2 ResponseBodyAdvice" }
                    
{
                    "app": "Crmeb",
                    "timestamp":"2026-06-16 10:16:06.317",
                    "level": "DEBUG",
                    "thread": "main",
                    "class": "o.s.w.s.handler.SimpleUrlHandlerMapping",
                    "message": "Patterns [/webjars/**, /**, /doc.html, /crmebimage/**, /uploadf/**] in 'resourceHandlerMapping'" }
                    
{
                    "app": "Crmeb",
                    "timestamp":"2026-06-16 10:16:06.329",
                    "level": "DEBUG",
                    "thread": "main",
                    "class": "o.s.w.s.m.m.a.ExceptionHandlerExceptionResolver",
                    "message": "ControllerAdvice beans: 1 @ExceptionHandler, 2 ResponseBodyAdvice" }
                    
{
                    "app": "Crmeb",
                    "timestamp":"2026-06-16 10:17:57.682",
                    "level": "DEBUG",
                    "thread": "http-nio-8169-exec-1",
                    "class": "o.s.web.servlet.DispatcherServlet",
                    "message": "Detected StandardServletMultipartResolver" }
                    
{
                    "app": "Crmeb",
                    "timestamp":"2026-06-16 10:17:58.323",
                    "level": "DEBUG",
                    "thread": "http-nio-8169-exec-1",
                    "class": "o.s.web.servlet.DispatcherServlet",
                    "message": "enableLoggingRequestDetails='false': request parameters and headers will be masked to prevent unsafe logging of potentially sensitive data" }
                    
{
                    "app": "Crmeb",
                    "timestamp":"2026-06-16 10:18:00.751",
                    "level": "DEBUG",
                    "thread": "http-nio-8169-exec-3",
                    "class": "o.s.web.servlet.DispatcherServlet",
                    "message": "GET "/api/admin/getLoginPic?temp=1781576280", parameters={masked}" }
                    
{
                    "app": "Crmeb",
                    "timestamp":"2026-06-16 10:18:00.794",
                    "level": "DEBUG",
                    "thread": "http-nio-8169-exec-3",
                    "class": "o.s.w.s.m.m.a.RequestMappingHandlerMapping",
                    "message": "Mapped to com.zbkj.admin.controller.AdminLoginController#getLoginPic()" }
                    
{
                    "app": "Crmeb",
                    "timestamp":"2026-06-16 10:18:01.706",
                    "level": "DEBUG",
                    "thread": "http-nio-8169-exec-3",
                    "class": "o.s.w.s.m.m.a.RequestResponseBodyMethodProcessor",
                    "message": "Using 'application/json', given [application/json, text/plain, */*] and supported [application/json, application/*+json, application/json, application/*+json, application/cbor]" }
                    
{
                    "app": "Crmeb",
                    "timestamp":"2026-06-16 10:18:01.707",
                    "level": "DEBUG",
                    "thread": "http-nio-8169-exec-3",
                    "class": "o.s.w.s.m.m.a.RequestResponseBodyMethodProcessor",
                    "message": "Writing [com.zbkj.common.result.CommonResult@4d937ca1]" }
                    
{
                    "app": "Crmeb",
                    "timestamp":"2026-06-16 10:18:01.755",
                    "level": "DEBUG",
                    "thread": "http-nio-8169-exec-3",
                    "class": "o.s.web.servlet.DispatcherServlet",
                    "message": "Completed 200 OK" }
                    
{
                    "app": "Crmeb",
                    "timestamp":"2026-06-16 10:18:04.325",
                    "level": "DEBUG",
                    "thread": "http-nio-8169-exec-8",
                    "class": "o.s.web.servlet.DispatcherServlet",
                    "message": "GET "/api/admin/getLoginPic?temp=1781576284", parameters={masked}" }
                    
{
                    "app": "Crmeb",
                    "timestamp":"2026-06-16 10:18:04.326",
                    "level": "DEBUG",
                    "thread": "http-nio-8169-exec-8",
                    "class": "o.s.w.s.m.m.a.RequestMappingHandlerMapping",
                    "message": "Mapped to com.zbkj.admin.controller.AdminLoginController#getLoginPic()" }
                    
{
                    "app": "Crmeb",
                    "timestamp":"2026-06-16 10:18:04.565",
                    "level": "DEBUG",
                    "thread": "http-nio-8169-exec-8",
                    "class": "o.s.w.s.m.m.a.RequestResponseBodyMethodProcessor",
                    "message": "Using 'application/json', given [application/json, text/plain, */*] and supported [application/json, application/*+json, application/json, application/*+json, application/cbor]" }
                    
{
                    "app": "Crmeb",
                    "timestamp":"2026-06-16 10:18:04.565",
                    "level": "DEBUG",
                    "thread": "http-nio-8169-exec-8",
                    "class": "o.s.w.s.m.m.a.RequestResponseBodyMethodProcessor",
                    "message": "Writing [com.zbkj.common.result.CommonResult@61ebc90f]" }
                    
{
                    "app": "Crmeb",
                    "timestamp":"2026-06-16 10:18:04.566",
                    "level": "DEBUG",
                    "thread": "http-nio-8169-exec-8",
                    "class": "o.s.web.servlet.DispatcherServlet",
                    "message": "Completed 200 OK" }
                    
{
                    "app": "Crmeb",
                    "timestamp":"2026-06-16 10:18:08.206",
                    "level": "DEBUG",
                    "thread": "http-nio-8169-exec-6",
                    "class": "o.s.web.servlet.DispatcherServlet",
                    "message": "POST "/api/admin/login/account/detection", parameters={}" }
                    
{
                    "app": "Crmeb",
                    "timestamp":"2026-06-16 10:18:08.207",
                    "level": "DEBUG",
                    "thread": "http-nio-8169-exec-6",
                    "class": "o.s.w.s.m.m.a.RequestMappingHandlerMapping",
                    "message": "Mapped to com.zbkj.admin.controller.AdminLoginController#accountDetection(AdminAccountDetectionRequest)" }
                    
{
                    "app": "Crmeb",
                    "timestamp":"2026-06-16 10:18:08.289",
                    "level": "DEBUG",
                    "thread": "http-nio-8169-exec-6",
                    "class": "o.s.w.s.m.m.a.RequestResponseBodyMethodProcessor",
                    "message": "Read "application/json;charset=UTF-8" to [AdminAccountDetectionRequest(account=cjp)]" }
                    
{
                    "app": "Crmeb",
                    "timestamp":"2026-06-16 10:18:09.032",
                    "level": "DEBUG",
                    "thread": "http-nio-8169-exec-6",
                    "class": "o.s.w.s.m.m.a.RequestResponseBodyMethodProcessor",
                    "message": "Using 'application/json', given [application/json, text/plain, */*] and supported [application/json, application/*+json, application/json, application/*+json, application/cbor]" }
                    
{
                    "app": "Crmeb",
                    "timestamp":"2026-06-16 10:18:09.032",
                    "level": "DEBUG",
                    "thread": "http-nio-8169-exec-6",
                    "class": "o.s.w.s.m.m.a.RequestResponseBodyMethodProcessor",
                    "message": "Writing [com.zbkj.common.result.CommonResult@4a9142ac]" }
                    
{
                    "app": "Crmeb",
                    "timestamp":"2026-06-16 10:18:09.035",
                    "level": "DEBUG",
                    "thread": "http-nio-8169-exec-6",
                    "class": "o.s.web.servlet.DispatcherServlet",
                    "message": "Completed 200 OK" }
                    
{
                    "app": "Crmeb",
                    "timestamp":"2026-06-16 10:18:12.358",
                    "level": "DEBUG",
                    "thread": "http-nio-8169-exec-16",
                    "class": "o.s.web.servlet.DispatcherServlet",
                    "message": "GET "/api/admin/getLoginPic?temp=1781576292", parameters={masked}" }
                    
{
                    "app": "Crmeb",
                    "timestamp":"2026-06-16 10:18:12.359",
                    "level": "DEBUG",
                    "thread": "http-nio-8169-exec-16",
                    "class": "o.s.w.s.m.m.a.RequestMappingHandlerMapping",
                    "message": "Mapped to com.zbkj.admin.controller.AdminLoginController#getLoginPic()" }
                    
{
                    "app": "Crmeb",
                    "timestamp":"2026-06-16 10:18:12.596",
                    "level": "DEBUG",
                    "thread": "http-nio-8169-exec-16",
                    "class": "o.s.w.s.m.m.a.RequestResponseBodyMethodProcessor",
                    "message": "Using 'application/json', given [application/json, text/plain, */*] and supported [application/json, application/*+json, application/json, application/*+json, application/cbor]" }
                    
{
                    "app": "Crmeb",
                    "timestamp":"2026-06-16 10:18:12.596",
                    "level": "DEBUG",
                    "thread": "http-nio-8169-exec-16",
                    "class": "o.s.w.s.m.m.a.RequestResponseBodyMethodProcessor",
                    "message": "Writing [com.zbkj.common.result.CommonResult@1bc9136e]" }
                    
{
                    "app": "Crmeb",
                    "timestamp":"2026-06-16 10:18:12.597",
                    "level": "DEBUG",
                    "thread": "http-nio-8169-exec-16",
                    "class": "o.s.web.servlet.DispatcherServlet",
                    "message": "Completed 200 OK" }
                    
{
                    "app": "Crmeb",
                    "timestamp":"2026-06-16 10:18:18.568",
                    "level": "DEBUG",
                    "thread": "http-nio-8169-exec-14",
                    "class": "o.s.web.servlet.DispatcherServlet",
                    "message": "POST "/api/admin/login/account/detection", parameters={}" }
                    
{
                    "app": "Crmeb",
                    "timestamp":"2026-06-16 10:18:18.569",
                    "level": "DEBUG",
                    "thread": "http-nio-8169-exec-14",
                    "class": "o.s.w.s.m.m.a.RequestMappingHandlerMapping",
                    "message": "Mapped to com.zbkj.admin.controller.AdminLoginController#accountDetection(AdminAccountDetectionRequest)" }
                    
{
                    "app": "Crmeb",
                    "timestamp":"2026-06-16 10:18:18.569",
                    "level": "DEBUG",
                    "thread": "http-nio-8169-exec-14",
                    "class": "o.s.w.s.m.m.a.RequestResponseBodyMethodProcessor",
                    "message": "Read "application/json;charset=UTF-8" to [AdminAccountDetectionRequest(account=cjp)]" }
                    
{
                    "app": "Crmeb",
                    "timestamp":"2026-06-16 10:18:18.572",
                    "level": "DEBUG",
                    "thread": "http-nio-8169-exec-13",
                    "class": "o.s.web.servlet.DispatcherServlet",
                    "message": "POST "/api/admin/login", parameters={}" }
                    
{
                    "app": "Crmeb",
                    "timestamp":"2026-06-16 10:18:18.573",
                    "level": "DEBUG",
                    "thread": "http-nio-8169-exec-13",
                    "class": "o.s.w.s.m.m.a.RequestMappingHandlerMapping",
                    "message": "Mapped to com.zbkj.admin.controller.AdminLoginController#SystemAdminLogin(SystemAdminLoginRequest, HttpServletRequest)" }
                    
{
                    "app": "Crmeb",
                    "timestamp":"2026-06-16 10:18:18.634",
                    "level": "DEBUG",
                    "thread": "http-nio-8169-exec-14",
                    "class": "o.s.w.s.m.m.a.RequestResponseBodyMethodProcessor",
                    "message": "Using 'application/json', given [application/json, text/plain, */*] and supported [application/json, application/*+json, application/json, application/*+json, application/cbor]" }
                    
{
                    "app": "Crmeb",
                    "timestamp":"2026-06-16 10:18:18.634",
                    "level": "DEBUG",
                    "thread": "http-nio-8169-exec-14",
                    "class": "o.s.w.s.m.m.a.RequestResponseBodyMethodProcessor",
                    "message": "Writing [com.zbkj.common.result.CommonResult@43493172]" }
                    
{
                    "app": "Crmeb",
                    "timestamp":"2026-06-16 10:18:18.634",
                    "level": "DEBUG",
                    "thread": "http-nio-8169-exec-14",
                    "class": "o.s.web.servlet.DispatcherServlet",
                    "message": "Completed 200 OK" }
                    
{
                    "app": "Crmeb",
                    "timestamp":"2026-06-16 10:18:18.637",
                    "level": "DEBUG",
                    "thread": "http-nio-8169-exec-13",
                    "class": "o.s.w.s.m.m.a.RequestResponseBodyMethodProcessor",
                    "message": "Read "application/json;charset=UTF-8" to [SystemAdminLoginRequest(account=cjp, pwd=123456, captchaVO=com.anji.captcha.model.vo.CaptchaVO@d7b3c (truncated)...]" }
                    
{
                    "app": "Crmeb",
                    "timestamp":"2026-06-16 10:18:21.260",
                    "level": "DEBUG",
                    "thread": "http-nio-8169-exec-13",
                    "class": "o.s.w.s.m.m.a.RequestResponseBodyMethodProcessor",
                    "message": "Using 'application/json', given [application/json, text/plain, */*] and supported [application/json]" }
                    
{
                    "app": "Crmeb",
                    "timestamp":"2026-06-16 10:18:21.260",
                    "level": "DEBUG",
                    "thread": "http-nio-8169-exec-13",
                    "class": "o.s.w.s.m.m.a.RequestResponseBodyMethodProcessor",
                    "message": "Writing [com.zbkj.common.result.CommonResult@509c5488]" }
                    
{
                    "app": "Crmeb",
                    "timestamp":"2026-06-16 10:18:21.262",
                    "level": "DEBUG",
                    "thread": "http-nio-8169-exec-13",
                    "class": "o.s.web.servlet.DispatcherServlet",
                    "message": "Completed 200 OK" }
                    
{
                    "app": "Crmeb",
                    "timestamp":"2026-06-16 10:18:21.439",
                    "level": "DEBUG",
                    "thread": "http-nio-8169-exec-17",
                    "class": "o.s.web.servlet.DispatcherServlet",
                    "message": "GET "/api/admin/getMenus?temp=1781576301", parameters={masked}" }
                    
{
                    "app": "Crmeb",
                    "timestamp":"2026-06-16 10:18:21.439",
                    "level": "DEBUG",
                    "thread": "http-nio-8169-exec-4",
                    "class": "o.s.web.servlet.DispatcherServlet",
                    "message": "GET "/api/admin/getAdminInfoByToken?token=157cfa0e475446dcbb1595580ce70f57&temp=1781576301", parameters={masked}" }
                    
{
                    "app": "Crmeb",
                    "timestamp":"2026-06-16 10:18:21.439",
                    "level": "DEBUG",
                    "thread": "http-nio-8169-exec-10",
                    "class": "o.s.web.servlet.DispatcherServlet",
                    "message": "GET "/api/admin/system/config/get/site/logo?temp=1781576301", parameters={masked}" }
                    
{
                    "app": "Crmeb",
                    "timestamp":"2026-06-16 10:18:21.439",
                    "level": "DEBUG",
                    "thread": "http-nio-8169-exec-4",
                    "class": "o.s.w.s.m.m.a.RequestMappingHandlerMapping",
                    "message": "Mapped to com.zbkj.admin.controller.AdminLoginController#getAdminInfo()" }
                    
{
                    "app": "Crmeb",
                    "timestamp":"2026-06-16 10:18:21.440",
                    "level": "DEBUG",
                    "thread": "http-nio-8169-exec-10",
                    "class": "o.s.w.s.m.m.a.RequestMappingHandlerMapping",
                    "message": "Mapped to com.zbkj.admin.controller.SystemConfigController#getSiteLogo()" }
                    
{
                    "app": "Crmeb",
                    "timestamp":"2026-06-16 10:18:21.440",
                    "level": "DEBUG",
                    "thread": "http-nio-8169-exec-17",
                    "class": "o.s.w.s.m.m.a.RequestMappingHandlerMapping",
                    "message": "Mapped to com.zbkj.admin.controller.AdminLoginController#getMenus()" }
                    
{
                    "app": "Crmeb",
                    "timestamp":"2026-06-16 10:18:21.543",
                    "level": "DEBUG",
                    "thread": "http-nio-8169-exec-10",
                    "class": "o.s.w.s.m.m.a.RequestResponseBodyMethodProcessor",
                    "message": "Using 'application/json', given [application/json, text/plain, */*] and supported [application/json, application/*+json, application/json, application/*+json, application/cbor]" }
                    
{
                    "app": "Crmeb",
                    "timestamp":"2026-06-16 10:18:21.543",
                    "level": "DEBUG",
                    "thread": "http-nio-8169-exec-10",
                    "class": "o.s.w.s.m.m.a.RequestResponseBodyMethodProcessor",
                    "message": "Writing [com.zbkj.common.result.CommonResult@3cc8fd7c]" }
                    
{
                    "app": "Crmeb",
                    "timestamp":"2026-06-16 10:18:21.545",
                    "level": "DEBUG",
                    "thread": "http-nio-8169-exec-10",
                    "class": "o.s.web.servlet.DispatcherServlet",
                    "message": "Completed 200 OK" }
                    
{
                    "app": "Crmeb",
                    "timestamp":"2026-06-16 10:18:21.628",
                    "level": "DEBUG",
                    "thread": "http-nio-8169-exec-4",
                    "class": "o.s.w.s.m.m.a.RequestResponseBodyMethodProcessor",
                    "message": "Using 'application/json', given [application/json, text/plain, */*] and supported [application/json, application/*+json, application/json, application/*+json, application/cbor]" }
                    
{
                    "app": "Crmeb",
                    "timestamp":"2026-06-16 10:18:21.629",
                    "level": "DEBUG",
                    "thread": "http-nio-8169-exec-4",
                    "class": "o.s.w.s.m.m.a.RequestResponseBodyMethodProcessor",
                    "message": "Writing [com.zbkj.common.result.CommonResult@534bda08]" }
                    
{
                    "app": "Crmeb",
                    "timestamp":"2026-06-16 10:18:21.632",
                    "level": "DEBUG",
                    "thread": "http-nio-8169-exec-4",
                    "class": "o.s.web.servlet.DispatcherServlet",
                    "message": "Completed 200 OK" }
                    
{
                    "app": "Crmeb",
                    "timestamp":"2026-06-16 10:18:21.671",
                    "level": "DEBUG",
                    "thread": "http-nio-8169-exec-20",
                    "class": "o.s.web.servlet.DispatcherServlet",
                    "message": "GET "/api/public/jsconfig/get/front/domain?temp=1781576301", parameters={masked}" }
                    
{
                    "app": "Crmeb",
                    "timestamp":"2026-06-16 10:18:21.671",
                    "level": "DEBUG",
                    "thread": "http-nio-8169-exec-20",
                    "class": "o.s.w.s.m.m.a.RequestMappingHandlerMapping",
                    "message": "Mapped to com.zbkj.admin.pub.GetJSConfig#getFrontDomain()" }
                    
{
                    "app": "Crmeb",
                    "timestamp":"2026-06-16 10:18:21.692",
                    "level": "DEBUG",
                    "thread": "http-nio-8169-exec-21",
                    "class": "o.s.web.servlet.DispatcherServlet",
                    "message": "GET "/api/public/jsconfig/get/admin/mediadomain?temp=1781576301", parameters={masked}" }
                    
{
                    "app": "Crmeb",
                    "timestamp":"2026-06-16 10:18:21.693",
                    "level": "DEBUG",
                    "thread": "http-nio-8169-exec-21",
                    "class": "o.s.w.s.m.m.a.RequestMappingHandlerMapping",
                    "message": "Mapped to com.zbkj.admin.pub.GetJSConfig#getMediaDomain()" }
                    
{
                    "app": "Crmeb",
                    "timestamp":"2026-06-16 10:18:21.701",
                    "level": "DEBUG",
                    "thread": "http-nio-8169-exec-17",
                    "class": "o.s.w.s.m.m.a.RequestResponseBodyMethodProcessor",
                    "message": "Using 'application/json', given [application/json, text/plain, */*] and supported [application/json, application/*+json, application/json, application/*+json, application/cbor]" }
                    
{
                    "app": "Crmeb",
                    "timestamp":"2026-06-16 10:18:21.701",
                    "level": "DEBUG",
                    "thread": "http-nio-8169-exec-17",
                    "class": "o.s.w.s.m.m.a.RequestResponseBodyMethodProcessor",
                    "message": "Writing [com.zbkj.common.result.CommonResult@6873f8ae]" }
                    
{
                    "app": "Crmeb",
                    "timestamp":"2026-06-16 10:18:21.704",
                    "level": "DEBUG",
                    "thread": "http-nio-8169-exec-17",
                    "class": "o.s.web.servlet.DispatcherServlet",
                    "message": "Completed 200 OK" }
                    
{
                    "app": "Crmeb",
                    "timestamp":"2026-06-16 10:18:21.717",
                    "level": "DEBUG",
                    "thread": "http-nio-8169-exec-20",
                    "class": "o.s.w.s.m.m.a.RequestResponseBodyMethodProcessor",
                    "message": "Using 'application/json', given [application/json, text/plain, */*] and supported [application/json, application/*+json, application/json, application/*+json, application/cbor]" }
                    
{
                    "app": "Crmeb",
                    "timestamp":"2026-06-16 10:18:21.717",
                    "level": "DEBUG",
                    "thread": "http-nio-8169-exec-20",
                    "class": "o.s.w.s.m.m.a.RequestResponseBodyMethodProcessor",
                    "message": "Writing [com.zbkj.common.result.CommonResult@2cb8bfbc]" }
                    
{
                    "app": "Crmeb",
                    "timestamp":"2026-06-16 10:18:21.717",
                    "level": "DEBUG",
                    "thread": "http-nio-8169-exec-20",
                    "class": "o.s.web.servlet.DispatcherServlet",
                    "message": "Completed 200 OK" }
                    
{
                    "app": "Crmeb",
                    "timestamp":"2026-06-16 10:18:21.783",
                    "level": "DEBUG",
                    "thread": "http-nio-8169-exec-21",
                    "class": "o.s.w.s.m.m.a.RequestResponseBodyMethodProcessor",
                    "message": "Using 'application/json', given [application/json, text/plain, */*] and supported [application/json, application/*+json, application/json, application/*+json, application/cbor]" }
                    
{
                    "app": "Crmeb",
                    "timestamp":"2026-06-16 10:18:21.783",
                    "level": "DEBUG",
                    "thread": "http-nio-8169-exec-21",
                    "class": "o.s.w.s.m.m.a.RequestResponseBodyMethodProcessor",
                    "message": "Writing [com.zbkj.common.result.CommonResult@364c3acd]" }
                    
{
                    "app": "Crmeb",
                    "timestamp":"2026-06-16 10:18:21.783",
                    "level": "DEBUG",
                    "thread": "http-nio-8169-exec-21",
                    "class": "o.s.web.servlet.DispatcherServlet",
                    "message": "Completed 200 OK" }
                    
{
                    "app": "Crmeb",
                    "timestamp":"2026-06-16 10:18:21.788",
                    "level": "DEBUG",
                    "thread": "http-nio-8169-exec-22",
                    "class": "o.s.web.servlet.DispatcherServlet",
                    "message": "GET "/api/admin/getMenus?temp=1781576301", parameters={masked}" }
                    
{
                    "app": "Crmeb",
                    "timestamp":"2026-06-16 10:18:21.789",
                    "level": "DEBUG",
                    "thread": "http-nio-8169-exec-22",
                    "class": "o.s.w.s.m.m.a.RequestMappingHandlerMapping",
                    "message": "Mapped to com.zbkj.admin.controller.AdminLoginController#getMenus()" }
                    
{
                    "app": "Crmeb",
                    "timestamp":"2026-06-16 10:18:21.842",
                    "level": "DEBUG",
                    "thread": "http-nio-8169-exec-22",
                    "class": "o.s.w.s.m.m.a.RequestResponseBodyMethodProcessor",
                    "message": "Using 'application/json', given [application/json, text/plain, */*] and supported [application/json, application/*+json, application/json, application/*+json, application/cbor]" }
                    
{
                    "app": "Crmeb",
                    "timestamp":"2026-06-16 10:18:21.842",
                    "level": "DEBUG",
                    "thread": "http-nio-8169-exec-22",
                    "class": "o.s.w.s.m.m.a.RequestResponseBodyMethodProcessor",
                    "message": "Writing [com.zbkj.common.result.CommonResult@19a72198]" }
                    
{
                    "app": "Crmeb",
                    "timestamp":"2026-06-16 10:18:21.844",
                    "level": "DEBUG",
                    "thread": "http-nio-8169-exec-22",
                    "class": "o.s.web.servlet.DispatcherServlet",
                    "message": "Completed 200 OK" }
                    
{
                    "app": "Crmeb",
                    "timestamp":"2026-06-16 10:18:22.167",
                    "level": "DEBUG",
                    "thread": "http-nio-8169-exec-29",
                    "class": "o.s.web.servlet.DispatcherServlet",
                    "message": "GET "/api/admin/statistics/home/index?temp=1781576302", parameters={masked}" }
                    
{
                    "app": "Crmeb",
                    "timestamp":"2026-06-16 10:18:22.168",
                    "level": "DEBUG",
                    "thread": "http-nio-8169-exec-29",
                    "class": "o.s.w.s.m.m.a.RequestMappingHandlerMapping",
                    "message": "Mapped to com.zbkj.admin.controller.HomeController#indexDate()" }
                    
{
                    "app": "Crmeb",
                    "timestamp":"2026-06-16 10:18:22.186",
                    "level": "DEBUG",
                    "thread": "http-nio-8169-exec-28",
                    "class": "o.s.web.servlet.DispatcherServlet",
                    "message": "GET "/api/admin/statistics/home/chart/order?temp=1781576302", parameters={masked}" }
                    
{
                    "app": "Crmeb",
                    "timestamp":"2026-06-16 10:18:22.186",
                    "level": "DEBUG",
                    "thread": "http-nio-8169-exec-28",
                    "class": "o.s.w.s.m.m.a.RequestMappingHandlerMapping",
                    "message": "Mapped to com.zbkj.admin.controller.HomeController#chartOrder()" }
                    
{
                    "app": "Crmeb",
                    "timestamp":"2026-06-16 10:18:22.194",
                    "level": "DEBUG",
                    "thread": "http-nio-8169-exec-5",
                    "class": "o.s.web.servlet.DispatcherServlet",
                    "message": "GET "/api/admin/statistics/home/chart/user?temp=1781576302", parameters={masked}" }
                    
{
                    "app": "Crmeb",
                    "timestamp":"2026-06-16 10:18:22.194",
                    "level": "DEBUG",
                    "thread": "http-nio-8169-exec-5",
                    "class": "o.s.w.s.m.m.a.RequestMappingHandlerMapping",
                    "message": "Mapped to com.zbkj.admin.controller.HomeController#chartUser()" }
                    
{
                    "app": "Crmeb",
                    "timestamp":"2026-06-16 10:18:22.208",
                    "level": "DEBUG",
                    "thread": "http-nio-8169-exec-2",
                    "class": "o.s.web.servlet.DispatcherServlet",
                    "message": "GET "/api/admin/statistics/user/overview?dateLimit=lately7&temp=1781576302", parameters={masked}" }
                    
{
                    "app": "Crmeb",
                    "timestamp":"2026-06-16 10:18:22.209",
                    "level": "DEBUG",
                    "thread": "http-nio-8169-exec-2",
                    "class": "o.s.w.s.m.m.a.RequestMappingHandlerMapping",
                    "message": "Mapped to com.zbkj.admin.controller.UserStatisticsController#getOverview(String)" }
                    
{
                    "app": "Crmeb",
                    "timestamp":"2026-06-16 10:18:22.268",
                    "level": "DEBUG",
                    "thread": "http-nio-8169-exec-30",
                    "class": "o.s.web.servlet.DispatcherServlet",
                    "message": "GET "/api/admin/statistics/home/operating/data?temp=1781576302", parameters={masked}" }
                    
{
                    "app": "Crmeb",
                    "timestamp":"2026-06-16 10:18:22.269",
                    "level": "DEBUG",
                    "thread": "http-nio-8169-exec-30",
                    "class": "o.s.w.s.m.m.a.RequestMappingHandlerMapping",
                    "message": "Mapped to com.zbkj.admin.controller.HomeController#operatingData()" }
                    
{
                    "app": "Crmeb",
                    "timestamp":"2026-06-16 10:18:22.291",
                    "level": "DEBUG",
                    "thread": "http-nio-8169-exec-3",
                    "class": "o.s.web.servlet.DispatcherServlet",
                    "message": "GET "/api/admin/statistics/user/channel?temp=1781576302", parameters={masked}" }
                    
{
                    "app": "Crmeb",
                    "timestamp":"2026-06-16 10:18:22.291",
                    "level": "DEBUG",
                    "thread": "http-nio-8169-exec-3",
                    "class": "o.s.w.s.m.m.a.RequestMappingHandlerMapping",
                    "message": "Mapped to com.zbkj.admin.controller.UserStatisticsController#getChannelData()" }
                    
{
                    "app": "Crmeb",
                    "timestamp":"2026-06-16 10:18:22.324",
                    "level": "DEBUG",
                    "thread": "http-nio-8169-exec-5",
                    "class": "o.s.w.s.m.m.a.RequestResponseBodyMethodProcessor",
                    "message": "Using 'application/json', given [application/json, text/plain, */*] and supported [application/json, application/*+json, application/json, application/*+json, application/cbor]" }
                    
{
                    "app": "Crmeb",
                    "timestamp":"2026-06-16 10:18:22.324",
                    "level": "DEBUG",
                    "thread": "http-nio-8169-exec-5",
                    "class": "o.s.w.s.m.m.a.RequestResponseBodyMethodProcessor",
                    "message": "Writing [com.zbkj.common.result.CommonResult@5ea48dc3]" }
                    
{
                    "app": "Crmeb",
                    "timestamp":"2026-06-16 10:18:22.325",
                    "level": "DEBUG",
                    "thread": "http-nio-8169-exec-5",
                    "class": "o.s.web.servlet.DispatcherServlet",
                    "message": "Completed 200 OK" }
                    
{
                    "app": "Crmeb",
                    "timestamp":"2026-06-16 10:18:22.326",
                    "level": "DEBUG",
                    "thread": "http-nio-8169-exec-28",
                    "class": "o.s.w.s.m.m.a.RequestResponseBodyMethodProcessor",
                    "message": "Using 'application/json', given [application/json, text/plain, */*] and supported [application/json, application/*+json, application/json, application/*+json, application/cbor]" }
                    
{
                    "app": "Crmeb",
                    "timestamp":"2026-06-16 10:18:22.326",
                    "level": "DEBUG",
                    "thread": "http-nio-8169-exec-28",
                    "class": "o.s.w.s.m.m.a.RequestResponseBodyMethodProcessor",
                    "message": "Writing [com.zbkj.common.result.CommonResult@ccda808]" }
                    
{
                    "app": "Crmeb",
                    "timestamp":"2026-06-16 10:18:22.327",
                    "level": "DEBUG",
                    "thread": "http-nio-8169-exec-28",
                    "class": "o.s.web.servlet.DispatcherServlet",
                    "message": "Completed 200 OK" }
                    
{
                    "app": "Crmeb",
                    "timestamp":"2026-06-16 10:18:22.368",
                    "level": "DEBUG",
                    "thread": "http-nio-8169-exec-3",
                    "class": "o.s.w.s.m.m.a.RequestResponseBodyMethodProcessor",
                    "message": "Using 'application/json', given [application/json, text/plain, */*] and supported [application/json, application/*+json, application/json, application/*+json, application/cbor]" }
                    
{
                    "app": "Crmeb",
                    "timestamp":"2026-06-16 10:18:22.368",
                    "level": "DEBUG",
                    "thread": "http-nio-8169-exec-3",
                    "class": "o.s.w.s.m.m.a.RequestResponseBodyMethodProcessor",
                    "message": "Writing [com.zbkj.common.result.CommonResult@1779782b]" }
                    
{
                    "app": "Crmeb",
                    "timestamp":"2026-06-16 10:18:22.369",
                    "level": "DEBUG",
                    "thread": "http-nio-8169-exec-3",
                    "class": "o.s.web.servlet.DispatcherServlet",
                    "message": "Completed 200 OK" }
                    
{
                    "app": "Crmeb",
                    "timestamp":"2026-06-16 10:18:22.379",
                    "level": "DEBUG",
                    "thread": "http-nio-8169-exec-6",
                    "class": "o.s.web.servlet.DispatcherServlet",
                    "message": "GET "/api/admin/copyright/get/info?temp=1781576302", parameters={masked}" }
                    
{
                    "app": "Crmeb",
                    "timestamp":"2026-06-16 10:18:22.380",
                    "level": "DEBUG",
                    "thread": "http-nio-8169-exec-6",
                    "class": "o.s.w.s.m.m.a.RequestMappingHandlerMapping",
                    "message": "Mapped to com.zbkj.admin.controller.CopyrightController#getInfo()" }
                    
{
                    "app": "Crmeb",
                    "timestamp":"2026-06-16 10:18:22.612",
                    "level": "DEBUG",
                    "thread": "http-nio-8169-exec-29",
                    "class": "o.s.w.s.m.m.a.RequestResponseBodyMethodProcessor",
                    "message": "Using 'application/json', given [application/json, text/plain, */*] and supported [application/json, application/*+json, application/json, application/*+json, application/cbor]" }
                    
{
                    "app": "Crmeb",
                    "timestamp":"2026-06-16 10:18:22.612",
                    "level": "DEBUG",
                    "thread": "http-nio-8169-exec-29",
                    "class": "o.s.w.s.m.m.a.RequestResponseBodyMethodProcessor",
                    "message": "Writing [com.zbkj.common.result.CommonResult@37070089]" }
                    
{
                    "app": "Crmeb",
                    "timestamp":"2026-06-16 10:18:22.615",
                    "level": "DEBUG",
                    "thread": "http-nio-8169-exec-29",
                    "class": "o.s.web.servlet.DispatcherServlet",
                    "message": "Completed 200 OK" }
                    
{
                    "app": "Crmeb",
                    "timestamp":"2026-06-16 10:18:22.627",
                    "level": "DEBUG",
                    "thread": "http-nio-8169-exec-6",
                    "class": "o.s.web.client.RestTemplate",
                    "message": "HTTP POST https://authorize.crmeb.net/api/auth_cert_query?domain_name=https://jzk.wit.cn&label=22&version=CRMEB-JAVA-KY-v1.4" }
                    
{
                    "app": "Crmeb",
                    "timestamp":"2026-06-16 10:18:22.633",
                    "level": "DEBUG",
                    "thread": "http-nio-8169-exec-6",
                    "class": "o.s.web.client.RestTemplate",
                    "message": "Accept=[application/json, application/cbor, application/*+json, text/plain, text/html]" }
                    
{
                    "app": "Crmeb",
                    "timestamp":"2026-06-16 10:18:22.830",
                    "level": "DEBUG",
                    "thread": "http-nio-8169-exec-30",
                    "class": "o.s.w.s.m.m.a.RequestResponseBodyMethodProcessor",
                    "message": "Using 'application/json', given [application/json, text/plain, */*] and supported [application/json, application/*+json, application/json, application/*+json, application/cbor]" }
                    
{
                    "app": "Crmeb",
                    "timestamp":"2026-06-16 10:18:22.831",
                    "level": "DEBUG",
                    "thread": "http-nio-8169-exec-30",
                    "class": "o.s.w.s.m.m.a.RequestResponseBodyMethodProcessor",
                    "message": "Writing [com.zbkj.common.result.CommonResult@47359d3]" }
                    
{
                    "app": "Crmeb",
                    "timestamp":"2026-06-16 10:18:22.831",
                    "level": "DEBUG",
                    "thread": "http-nio-8169-exec-30",
                    "class": "o.s.web.servlet.DispatcherServlet",
                    "message": "Completed 200 OK" }
                    
{
                    "app": "Crmeb",
                    "timestamp":"2026-06-16 10:18:22.924",
                    "level": "DEBUG",
                    "thread": "http-nio-8169-exec-6",
                    "class": "o.s.web.client.RestTemplate",
                    "message": "Response 200 OK" }
                    
{
                    "app": "Crmeb",
                    "timestamp":"2026-06-16 10:18:22.925",
                    "level": "DEBUG",
                    "thread": "http-nio-8169-exec-6",
                    "class": "o.s.web.client.RestTemplate",
                    "message": "Reading to [com.alibaba.fastjson.JSONObject]" }
                    
{
                    "app": "Crmeb",
                    "timestamp":"2026-06-16 10:18:22.980",
                    "level": "DEBUG",
                    "thread": "http-nio-8169-exec-6",
                    "class": "o.s.w.s.m.m.a.RequestResponseBodyMethodProcessor",
                    "message": "Using 'application/json', given [application/json, text/plain, */*] and supported [application/json, application/*+json, application/json, application/*+json, application/cbor]" }
                    
{
                    "app": "Crmeb",
                    "timestamp":"2026-06-16 10:18:22.980",
                    "level": "DEBUG",
                    "thread": "http-nio-8169-exec-6",
                    "class": "o.s.w.s.m.m.a.RequestResponseBodyMethodProcessor",
                    "message": "Writing [com.zbkj.common.result.CommonResult@3ae548d]" }
                    
{
                    "app": "Crmeb",
                    "timestamp":"2026-06-16 10:18:22.981",
                    "level": "DEBUG",
                    "thread": "http-nio-8169-exec-6",
                    "class": "o.s.web.servlet.DispatcherServlet",
                    "message": "Completed 200 OK" }
                    
{
                    "app": "Crmeb",
                    "timestamp":"2026-06-16 10:18:23.093",
                    "level": "DEBUG",
                    "thread": "http-nio-8169-exec-2",
                    "class": "o.s.w.s.m.m.a.RequestResponseBodyMethodProcessor",
                    "message": "Using 'application/json', given [application/json, text/plain, */*] and supported [application/json, application/*+json, application/json, application/*+json, application/cbor]" }
                    
{
                    "app": "Crmeb",
                    "timestamp":"2026-06-16 10:18:23.093",
                    "level": "DEBUG",
                    "thread": "http-nio-8169-exec-2",
                    "class": "o.s.w.s.m.m.a.RequestResponseBodyMethodProcessor",
                    "message": "Writing [com.zbkj.common.result.CommonResult@38439be3]" }
                    
{
                    "app": "Crmeb",
                    "timestamp":"2026-06-16 10:18:23.095",
                    "level": "DEBUG",
                    "thread": "http-nio-8169-exec-2",
                    "class": "o.s.web.servlet.DispatcherServlet",
                    "message": "Completed 200 OK" }
                    
{
                    "app": "Crmeb",
                    "timestamp":"2026-06-16 10:18:28.731",
                    "level": "DEBUG",
                    "thread": "http-nio-8169-exec-9",
                    "class": "o.s.web.servlet.DispatcherServlet",
                    "message": "GET "/api/admin/getAdminInfoByToken?token=157cfa0e475446dcbb1595580ce70f57&temp=1781576308", parameters={masked}" }
                    
{
                    "app": "Crmeb",
                    "timestamp":"2026-06-16 10:18:28.732",
                    "level": "DEBUG",
                    "thread": "http-nio-8169-exec-9",
                    "class": "o.s.w.s.m.m.a.RequestMappingHandlerMapping",
                    "message": "Mapped to com.zbkj.admin.controller.AdminLoginController#getAdminInfo()" }
                    
{
                    "app": "Crmeb",
                    "timestamp":"2026-06-16 10:18:28.733",
                    "level": "DEBUG",
                    "thread": "http-nio-8169-exec-9",
                    "class": "o.s.w.s.m.m.a.RequestResponseBodyMethodProcessor",
                    "message": "Using 'application/json', given [application/json, text/plain, */*] and supported [application/json, application/*+json, application/json, application/*+json, application/cbor]" }
                    
{
                    "app": "Crmeb",
                    "timestamp":"2026-06-16 10:18:28.733",
                    "level": "DEBUG",
                    "thread": "http-nio-8169-exec-9",
                    "class": "o.s.w.s.m.m.a.RequestResponseBodyMethodProcessor",
                    "message": "Writing [com.zbkj.common.result.CommonResult@f779e0d]" }
                    
{
                    "app": "Crmeb",
                    "timestamp":"2026-06-16 10:18:28.733",
                    "level": "DEBUG",
                    "thread": "http-nio-8169-exec-9",
                    "class": "o.s.web.servlet.DispatcherServlet",
                    "message": "Completed 200 OK" }
                    
{
                    "app": "Crmeb",
                    "timestamp":"2026-06-16 10:18:28.808",
                    "level": "DEBUG",
                    "thread": "http-nio-8169-exec-14",
                    "class": "o.s.web.servlet.DispatcherServlet",
                    "message": "GET "/api/admin/getMenus?temp=1781576308", parameters={masked}" }
                    
{
                    "app": "Crmeb",
                    "timestamp":"2026-06-16 10:18:28.808",
                    "level": "DEBUG",
                    "thread": "http-nio-8169-exec-14",
                    "class": "o.s.w.s.m.m.a.RequestMappingHandlerMapping",
                    "message": "Mapped to com.zbkj.admin.controller.AdminLoginController#getMenus()" }
                    
{
                    "app": "Crmeb",
                    "timestamp":"2026-06-16 10:18:28.860",
                    "level": "DEBUG",
                    "thread": "http-nio-8169-exec-14",
                    "class": "o.s.w.s.m.m.a.RequestResponseBodyMethodProcessor",
                    "message": "Using 'application/json', given [application/json, text/plain, */*] and supported [application/json, application/*+json, application/json, application/*+json, application/cbor]" }
                    
{
                    "app": "Crmeb",
                    "timestamp":"2026-06-16 10:18:28.860",
                    "level": "DEBUG",
                    "thread": "http-nio-8169-exec-14",
                    "class": "o.s.w.s.m.m.a.RequestResponseBodyMethodProcessor",
                    "message": "Writing [com.zbkj.common.result.CommonResult@1690c4f1]" }
                    
{
                    "app": "Crmeb",
                    "timestamp":"2026-06-16 10:18:28.861",
                    "level": "DEBUG",
                    "thread": "http-nio-8169-exec-14",
                    "class": "o.s.web.servlet.DispatcherServlet",
                    "message": "Completed 200 OK" }
                    
{
                    "app": "Crmeb",
                    "timestamp":"2026-06-16 10:18:29.068",
                    "level": "DEBUG",
                    "thread": "http-nio-8169-exec-18",
                    "class": "o.s.web.servlet.DispatcherServlet",
                    "message": "GET "/api/admin/statistics/home/chart/order?temp=1781576309", parameters={masked}" }
                    
{
                    "app": "Crmeb",
                    "timestamp":"2026-06-16 10:18:29.069",
                    "level": "DEBUG",
                    "thread": "http-nio-8169-exec-18",
                    "class": "o.s.w.s.m.m.a.RequestMappingHandlerMapping",
                    "message": "Mapped to com.zbkj.admin.controller.HomeController#chartOrder()" }
                    
{
                    "app": "Crmeb",
                    "timestamp":"2026-06-16 10:18:29.111",
                    "level": "DEBUG",
                    "thread": "http-nio-8169-exec-17",
                    "class": "o.s.web.servlet.DispatcherServlet",
                    "message": "GET "/api/admin/statistics/home/index?temp=1781576309", parameters={masked}" }
                    
{
                    "app": "Crmeb",
                    "timestamp":"2026-06-16 10:18:29.111",
                    "level": "DEBUG",
                    "thread": "http-nio-8169-exec-19",
                    "class": "o.s.web.servlet.DispatcherServlet",
                    "message": "GET "/api/admin/statistics/user/overview?dateLimit=lately7&temp=1781576309", parameters={masked}" }
                    
{
                    "app": "Crmeb",
                    "timestamp":"2026-06-16 10:18:29.111",
                    "level": "DEBUG",
                    "thread": "http-nio-8169-exec-22",
                    "class": "o.s.web.servlet.DispatcherServlet",
                    "message": "GET "/api/admin/statistics/home/chart/user?temp=1781576309", parameters={masked}" }
                    
{
                    "app": "Crmeb",
                    "timestamp":"2026-06-16 10:18:29.111",
                    "level": "DEBUG",
                    "thread": "http-nio-8169-exec-22",
                    "class": "o.s.w.s.m.m.a.RequestMappingHandlerMapping",
                    "message": "Mapped to com.zbkj.admin.controller.HomeController#chartUser()" }
                    
{
                    "app": "Crmeb",
                    "timestamp":"2026-06-16 10:18:29.111",
                    "level": "DEBUG",
                    "thread": "http-nio-8169-exec-20",
                    "class": "o.s.web.servlet.DispatcherServlet",
                    "message": "GET "/api/admin/statistics/home/operating/data?temp=1781576309", parameters={masked}" }
                    
{
                    "app": "Crmeb",
                    "timestamp":"2026-06-16 10:18:29.112",
                    "level": "DEBUG",
                    "thread": "http-nio-8169-exec-17",
                    "class": "o.s.w.s.m.m.a.RequestMappingHandlerMapping",
                    "message": "Mapped to com.zbkj.admin.controller.HomeController#indexDate()" }
                    
{
                    "app": "Crmeb",
                    "timestamp":"2026-06-16 10:18:29.112",
                    "level": "DEBUG",
                    "thread": "http-nio-8169-exec-19",
                    "class": "o.s.w.s.m.m.a.RequestMappingHandlerMapping",
                    "message": "Mapped to com.zbkj.admin.controller.UserStatisticsController#getOverview(String)" }
                    
{
                    "app": "Crmeb",
                    "timestamp":"2026-06-16 10:18:29.112",
                    "level": "DEBUG",
                    "thread": "http-nio-8169-exec-20",
                    "class": "o.s.w.s.m.m.a.RequestMappingHandlerMapping",
                    "message": "Mapped to com.zbkj.admin.controller.HomeController#operatingData()" }
                    
{
                    "app": "Crmeb",
                    "timestamp":"2026-06-16 10:18:29.118",
                    "level": "DEBUG",
                    "thread": "http-nio-8169-exec-18",
                    "class": "o.s.w.s.m.m.a.RequestResponseBodyMethodProcessor",
                    "message": "Using 'application/json', given [application/json, text/plain, */*] and supported [application/json, application/*+json, application/json, application/*+json, application/cbor]" }
                    
{
                    "app": "Crmeb",
                    "timestamp":"2026-06-16 10:18:29.119",
                    "level": "DEBUG",
                    "thread": "http-nio-8169-exec-18",
                    "class": "o.s.w.s.m.m.a.RequestResponseBodyMethodProcessor",
                    "message": "Writing [com.zbkj.common.result.CommonResult@4adcde83]" }
                    
{
                    "app": "Crmeb",
                    "timestamp":"2026-06-16 10:18:29.119",
                    "level": "DEBUG",
                    "thread": "http-nio-8169-exec-18",
                    "class": "o.s.web.servlet.DispatcherServlet",
                    "message": "Completed 200 OK" }
                    
{
                    "app": "Crmeb",
                    "timestamp":"2026-06-16 10:18:29.162",
                    "level": "DEBUG",
                    "thread": "http-nio-8169-exec-22",
                    "class": "o.s.w.s.m.m.a.RequestResponseBodyMethodProcessor",
                    "message": "Using 'application/json', given [application/json, text/plain, */*] and supported [application/json, application/*+json, application/json, application/*+json, application/cbor]" }
                    
{
                    "app": "Crmeb",
                    "timestamp":"2026-06-16 10:18:29.163",
                    "level": "DEBUG",
                    "thread": "http-nio-8169-exec-22",
                    "class": "o.s.w.s.m.m.a.RequestResponseBodyMethodProcessor",
                    "message": "Writing [com.zbkj.common.result.CommonResult@2faefacf]" }
                    
{
                    "app": "Crmeb",
                    "timestamp":"2026-06-16 10:18:29.163",
                    "level": "DEBUG",
                    "thread": "http-nio-8169-exec-22",
                    "class": "o.s.web.servlet.DispatcherServlet",
                    "message": "Completed 200 OK" }
                    
{
                    "app": "Crmeb",
                    "timestamp":"2026-06-16 10:18:29.174",
                    "level": "DEBUG",
                    "thread": "http-nio-8169-exec-21",
                    "class": "o.s.web.servlet.DispatcherServlet",
                    "message": "GET "/api/admin/statistics/user/channel?temp=1781576309", parameters={masked}" }
                    
{
                    "app": "Crmeb",
                    "timestamp":"2026-06-16 10:18:29.175",
                    "level": "DEBUG",
                    "thread": "http-nio-8169-exec-21",
                    "class": "o.s.w.s.m.m.a.RequestMappingHandlerMapping",
                    "message": "Mapped to com.zbkj.admin.controller.UserStatisticsController#getChannelData()" }
                    
{
                    "app": "Crmeb",
                    "timestamp":"2026-06-16 10:18:29.182",
                    "level": "DEBUG",
                    "thread": "http-nio-8169-exec-23",
                    "class": "o.s.web.servlet.DispatcherServlet",
                    "message": "GET "/api/admin/copyright/get/info?temp=1781576309", parameters={masked}" }
                    
{
                    "app": "Crmeb",
                    "timestamp":"2026-06-16 10:18:29.182",
                    "level": "DEBUG",
                    "thread": "http-nio-8169-exec-23",
                    "class": "o.s.w.s.m.m.a.RequestMappingHandlerMapping",
                    "message": "Mapped to com.zbkj.admin.controller.CopyrightController#getInfo()" }
                    
{
                    "app": "Crmeb",
                    "timestamp":"2026-06-16 10:18:29.277",
                    "level": "DEBUG",
                    "thread": "http-nio-8169-exec-21",
                    "class": "o.s.w.s.m.m.a.RequestResponseBodyMethodProcessor",
                    "message": "Using 'application/json', given [application/json, text/plain, */*] and supported [application/json, application/*+json, application/json, application/*+json, application/cbor]" }
                    
{
                    "app": "Crmeb",
                    "timestamp":"2026-06-16 10:18:29.277",
                    "level": "DEBUG",
                    "thread": "http-nio-8169-exec-21",
                    "class": "o.s.w.s.m.m.a.RequestResponseBodyMethodProcessor",
                    "message": "Writing [com.zbkj.common.result.CommonResult@19993700]" }
                    
{
                    "app": "Crmeb",
                    "timestamp":"2026-06-16 10:18:29.278",
                    "level": "DEBUG",
                    "thread": "http-nio-8169-exec-21",
                    "class": "o.s.web.servlet.DispatcherServlet",
                    "message": "Completed 200 OK" }
                    
{
                    "app": "Crmeb",
                    "timestamp":"2026-06-16 10:18:29.314",
                    "level": "DEBUG",
                    "thread": "http-nio-8169-exec-23",
                    "class": "o.s.web.client.RestTemplate",
                    "message": "HTTP POST https://authorize.crmeb.net/api/auth_cert_query?domain_name=https://jzk.wit.cn&label=22&version=CRMEB-JAVA-KY-v1.4" }
                    
{
                    "app": "Crmeb",
                    "timestamp":"2026-06-16 10:18:29.315",
                    "level": "DEBUG",
                    "thread": "http-nio-8169-exec-23",
                    "class": "o.s.web.client.RestTemplate",
                    "message": "Accept=[application/json, application/cbor, application/*+json, text/plain, text/html]" }
                    
{
                    "app": "Crmeb",
                    "timestamp":"2026-06-16 10:18:29.516",
                    "level": "DEBUG",
                    "thread": "http-nio-8169-exec-17",
                    "class": "o.s.w.s.m.m.a.RequestResponseBodyMethodProcessor",
                    "message": "Using 'application/json', given [application/json, text/plain, */*] and supported [application/json, application/*+json, application/json, application/*+json, application/cbor]" }
                    
{
                    "app": "Crmeb",
                    "timestamp":"2026-06-16 10:18:29.516",
                    "level": "DEBUG",
                    "thread": "http-nio-8169-exec-17",
                    "class": "o.s.w.s.m.m.a.RequestResponseBodyMethodProcessor",
                    "message": "Writing [com.zbkj.common.result.CommonResult@753dce32]" }
                    
{
                    "app": "Crmeb",
                    "timestamp":"2026-06-16 10:18:29.517",
                    "level": "DEBUG",
                    "thread": "http-nio-8169-exec-17",
                    "class": "o.s.web.servlet.DispatcherServlet",
                    "message": "Completed 200 OK" }
                    
{
                    "app": "Crmeb",
                    "timestamp":"2026-06-16 10:18:29.518",
                    "level": "DEBUG",
                    "thread": "http-nio-8169-exec-23",
                    "class": "o.s.web.client.RestTemplate",
                    "message": "Response 200 OK" }
                    
{
                    "app": "Crmeb",
                    "timestamp":"2026-06-16 10:18:29.518",
                    "level": "DEBUG",
                    "thread": "http-nio-8169-exec-23",
                    "class": "o.s.web.client.RestTemplate",
                    "message": "Reading to [com.alibaba.fastjson.JSONObject]" }
                    
{
                    "app": "Crmeb",
                    "timestamp":"2026-06-16 10:18:29.520",
                    "level": "DEBUG",
                    "thread": "http-nio-8169-exec-23",
                    "class": "o.s.w.s.m.m.a.RequestResponseBodyMethodProcessor",
                    "message": "Using 'application/json', given [application/json, text/plain, */*] and supported [application/json, application/*+json, application/json, application/*+json, application/cbor]" }
                    
{
                    "app": "Crmeb",
                    "timestamp":"2026-06-16 10:18:29.520",
                    "level": "DEBUG",
                    "thread": "http-nio-8169-exec-23",
                    "class": "o.s.w.s.m.m.a.RequestResponseBodyMethodProcessor",
                    "message": "Writing [com.zbkj.common.result.CommonResult@33e49e42]" }
                    
{
                    "app": "Crmeb",
                    "timestamp":"2026-06-16 10:18:29.520",
                    "level": "DEBUG",
                    "thread": "http-nio-8169-exec-23",
                    "class": "o.s.web.servlet.DispatcherServlet",
                    "message": "Completed 200 OK" }
                    
{
                    "app": "Crmeb",
                    "timestamp":"2026-06-16 10:18:29.646",
                    "level": "DEBUG",
                    "thread": "http-nio-8169-exec-20",
                    "class": "o.s.w.s.m.m.a.RequestResponseBodyMethodProcessor",
                    "message": "Using 'application/json', given [application/json, text/plain, */*] and supported [application/json, application/*+json, application/json, application/*+json, application/cbor]" }
                    
{
                    "app": "Crmeb",
                    "timestamp":"2026-06-16 10:18:29.646",
                    "level": "DEBUG",
                    "thread": "http-nio-8169-exec-20",
                    "class": "o.s.w.s.m.m.a.RequestResponseBodyMethodProcessor",
                    "message": "Writing [com.zbkj.common.result.CommonResult@4fed3be1]" }
                    
{
                    "app": "Crmeb",
                    "timestamp":"2026-06-16 10:18:29.646",
                    "level": "DEBUG",
                    "thread": "http-nio-8169-exec-20",
                    "class": "o.s.web.servlet.DispatcherServlet",
                    "message": "Completed 200 OK" }
                    
{
                    "app": "Crmeb",
                    "timestamp":"2026-06-16 10:18:29.988",
                    "level": "DEBUG",
                    "thread": "http-nio-8169-exec-19",
                    "class": "o.s.w.s.m.m.a.RequestResponseBodyMethodProcessor",
                    "message": "Using 'application/json', given [application/json, text/plain, */*] and supported [application/json, application/*+json, application/json, application/*+json, application/cbor]" }
                    
{
                    "app": "Crmeb",
                    "timestamp":"2026-06-16 10:18:29.988",
                    "level": "DEBUG",
                    "thread": "http-nio-8169-exec-19",
                    "class": "o.s.w.s.m.m.a.RequestResponseBodyMethodProcessor",
                    "message": "Writing [com.zbkj.common.result.CommonResult@4946c6d0]" }
                    
{
                    "app": "Crmeb",
                    "timestamp":"2026-06-16 10:18:29.989",
                    "level": "DEBUG",
                    "thread": "http-nio-8169-exec-19",
                    "class": "o.s.web.servlet.DispatcherServlet",
                    "message": "Completed 200 OK" }
                    
{
                    "app": "Crmeb",
                    "timestamp":"2026-06-16 10:18:38.216",
                    "level": "DEBUG",
                    "thread": "http-nio-8169-exec-27",
                    "class": "o.s.web.servlet.DispatcherServlet",
                    "message": "GET "/api/admin/store/order/statisticsData?page=1&limit=10&temp=1781576318", parameters={masked}" }
                    
{
                    "app": "Crmeb",
                    "timestamp":"2026-06-16 10:18:38.216",
                    "level": "DEBUG",
                    "thread": "http-nio-8169-exec-1",
                    "class": "o.s.web.servlet.DispatcherServlet",
                    "message": "GET "/api/admin/store/order/statistics?temp=1781576318", parameters={masked}" }
                    
{
                    "app": "Crmeb",
                    "timestamp":"2026-06-16 10:18:38.217",
                    "level": "DEBUG",
                    "thread": "http-nio-8169-exec-1",
                    "class": "o.s.w.s.m.m.a.RequestMappingHandlerMapping",
                    "message": "Mapped to com.zbkj.admin.controller.StoreOrderController#getStatistics()" }
                    
{
                    "app": "Crmeb",
                    "timestamp":"2026-06-16 10:18:38.217",
                    "level": "DEBUG",
                    "thread": "http-nio-8169-exec-27",
                    "class": "o.s.w.s.m.m.a.RequestMappingHandlerMapping",
                    "message": "Mapped to com.zbkj.admin.controller.StoreOrderController#getStaffDetail(StoreOrderStaticsticsRequest)" }
                    
{
                    "app": "Crmeb",
                    "timestamp":"2026-06-16 10:18:38.296",
                    "level": "DEBUG",
                    "thread": "http-nio-8169-exec-27",
                    "class": "o.s.w.s.m.m.a.RequestResponseBodyMethodProcessor",
                    "message": "Using 'application/json', given [application/json, text/plain, */*] and supported [application/json, application/*+json, application/json, application/*+json, application/cbor]" }
                    
{
                    "app": "Crmeb",
                    "timestamp":"2026-06-16 10:18:38.296",
                    "level": "DEBUG",
                    "thread": "http-nio-8169-exec-27",
                    "class": "o.s.w.s.m.m.a.RequestResponseBodyMethodProcessor",
                    "message": "Writing [com.zbkj.common.result.CommonResult@662ab5d5]" }
                    
{
                    "app": "Crmeb",
                    "timestamp":"2026-06-16 10:18:38.296",
                    "level": "DEBUG",
                    "thread": "http-nio-8169-exec-27",
                    "class": "o.s.web.servlet.DispatcherServlet",
                    "message": "Completed 200 OK" }
                    
{
                    "app": "Crmeb",
                    "timestamp":"2026-06-16 10:18:38.776",
                    "level": "DEBUG",
                    "thread": "http-nio-8169-exec-1",
                    "class": "o.s.w.s.m.m.a.RequestResponseBodyMethodProcessor",
                    "message": "Using 'application/json', given [application/json, text/plain, */*] and supported [application/json, application/*+json, application/json, application/*+json, application/cbor]" }
                    
{
                    "app": "Crmeb",
                    "timestamp":"2026-06-16 10:18:38.776",
                    "level": "DEBUG",
                    "thread": "http-nio-8169-exec-1",
                    "class": "o.s.w.s.m.m.a.RequestResponseBodyMethodProcessor",
                    "message": "Writing [com.zbkj.common.result.CommonResult@2c0a563f]" }
                    
{
                    "app": "Crmeb",
                    "timestamp":"2026-06-16 10:18:38.777",
                    "level": "DEBUG",
                    "thread": "http-nio-8169-exec-1",
                    "class": "o.s.web.servlet.DispatcherServlet",
                    "message": "Completed 200 OK" }
                    
{
                    "app": "Crmeb",
                    "timestamp":"2026-06-16 10:18:39.522",
                    "level": "DEBUG",
                    "thread": "http-nio-8169-exec-5",
                    "class": "o.s.web.servlet.DispatcherServlet",
                    "message": "GET "/api/admin/category/list/tree?type=6&status=-1&temp=1781576319", parameters={masked}" }
                    
{
                    "app": "Crmeb",
                    "timestamp":"2026-06-16 10:18:39.522",
                    "level": "DEBUG",
                    "thread": "http-nio-8169-exec-5",
                    "class": "o.s.w.s.m.m.a.RequestMappingHandlerMapping",
                    "message": "Mapped to com.zbkj.admin.controller.CategoryController#getListTree(Integer, Integer, String)" }
                    
{
                    "app": "Crmeb",
                    "timestamp":"2026-06-16 10:18:39.615",
                    "level": "DEBUG",
                    "thread": "http-nio-8169-exec-5",
                    "class": "o.s.w.s.m.m.a.RequestResponseBodyMethodProcessor",
                    "message": "Using 'application/json', given [application/json, text/plain, */*] and supported [application/json, application/*+json, application/json, application/*+json, application/cbor]" }
                    
{
                    "app": "Crmeb",
                    "timestamp":"2026-06-16 10:18:39.616",
                    "level": "DEBUG",
                    "thread": "http-nio-8169-exec-5",
                    "class": "o.s.w.s.m.m.a.RequestResponseBodyMethodProcessor",
                    "message": "Writing [com.zbkj.common.result.CommonResult@5bbd2751]" }
                    
{
                    "app": "Crmeb",
                    "timestamp":"2026-06-16 10:18:39.618",
                    "level": "DEBUG",
                    "thread": "http-nio-8169-exec-5",
                    "class": "o.s.web.servlet.DispatcherServlet",
                    "message": "Completed 200 OK" }
                    
{
                    "app": "Crmeb",
                    "timestamp":"2026-06-16 10:18:41.104",
                    "level": "DEBUG",
                    "thread": "http-nio-8169-exec-24",
                    "class": "o.s.web.servlet.DispatcherServlet",
                    "message": "GET "/api/admin/statistics/home/chart/user?temp=1781576321", parameters={masked}" }
                    
{
                    "app": "Crmeb",
                    "timestamp":"2026-06-16 10:18:41.104",
                    "level": "DEBUG",
                    "thread": "http-nio-8169-exec-24",
                    "class": "o.s.w.s.m.m.a.RequestMappingHandlerMapping",
                    "message": "Mapped to com.zbkj.admin.controller.HomeController#chartUser()" }
                    
{
                    "app": "Crmeb",
                    "timestamp":"2026-06-16 10:18:41.106",
                    "level": "DEBUG",
                    "thread": "http-nio-8169-exec-10",
                    "class": "o.s.web.servlet.DispatcherServlet",
                    "message": "GET "/api/admin/statistics/home/chart/order?temp=1781576321", parameters={masked}" }
                    
{
                    "app": "Crmeb",
                    "timestamp":"2026-06-16 10:18:41.106",
                    "level": "DEBUG",
                    "thread": "http-nio-8169-exec-10",
                    "class": "o.s.w.s.m.m.a.RequestMappingHandlerMapping",
                    "message": "Mapped to com.zbkj.admin.controller.HomeController#chartOrder()" }
                    
{
                    "app": "Crmeb",
                    "timestamp":"2026-06-16 10:18:41.108",
                    "level": "DEBUG",
                    "thread": "http-nio-8169-exec-4",
                    "class": "o.s.web.servlet.DispatcherServlet",
                    "message": "GET "/api/admin/statistics/home/index?temp=1781576321", parameters={masked}" }
                    
{
                    "app": "Crmeb",
                    "timestamp":"2026-06-16 10:18:41.108",
                    "level": "DEBUG",
                    "thread": "http-nio-8169-exec-18",
                    "class": "o.s.web.servlet.DispatcherServlet",
                    "message": "GET "/api/admin/statistics/user/channel?temp=1781576321", parameters={masked}" }
                    
{
                    "app": "Crmeb",
                    "timestamp":"2026-06-16 10:18:41.108",
                    "level": "DEBUG",
                    "thread": "http-nio-8169-exec-11",
                    "class": "o.s.web.servlet.DispatcherServlet",
                    "message": "GET "/api/admin/statistics/user/overview?dateLimit=lately7&temp=1781576321", parameters={masked}" }
                    
{
                    "app": "Crmeb",
                    "timestamp":"2026-06-16 10:18:41.108",
                    "level": "DEBUG",
                    "thread": "http-nio-8169-exec-18",
                    "class": "o.s.w.s.m.m.a.RequestMappingHandlerMapping",
                    "message": "Mapped to com.zbkj.admin.controller.UserStatisticsController#getChannelData()" }
                    
{
                    "app": "Crmeb",
                    "timestamp":"2026-06-16 10:18:41.108",
                    "level": "DEBUG",
                    "thread": "http-nio-8169-exec-4",
                    "class": "o.s.w.s.m.m.a.RequestMappingHandlerMapping",
                    "message": "Mapped to com.zbkj.admin.controller.HomeController#indexDate()" }
                    
{
                    "app": "Crmeb",
                    "timestamp":"2026-06-16 10:18:41.108",
                    "level": "DEBUG",
                    "thread": "http-nio-8169-exec-11",
                    "class": "o.s.w.s.m.m.a.RequestMappingHandlerMapping",
                    "message": "Mapped to com.zbkj.admin.controller.UserStatisticsController#getOverview(String)" }
                    
{
                    "app": "Crmeb",
                    "timestamp":"2026-06-16 10:18:41.111",
                    "level": "DEBUG",
                    "thread": "http-nio-8169-exec-15",
                    "class": "o.s.web.servlet.DispatcherServlet",
                    "message": "GET "/api/admin/statistics/home/operating/data?temp=1781576321", parameters={masked}" }
                    
{
                    "app": "Crmeb",
                    "timestamp":"2026-06-16 10:18:41.111",
                    "level": "DEBUG",
                    "thread": "http-nio-8169-exec-15",
                    "class": "o.s.w.s.m.m.a.RequestMappingHandlerMapping",
                    "message": "Mapped to com.zbkj.admin.controller.HomeController#operatingData()" }
                    
{
                    "app": "Crmeb",
                    "timestamp":"2026-06-16 10:18:41.154",
                    "level": "DEBUG",
                    "thread": "http-nio-8169-exec-24",
                    "class": "o.s.w.s.m.m.a.RequestResponseBodyMethodProcessor",
                    "message": "Using 'application/json', given [application/json, text/plain, */*] and supported [application/json, application/*+json, application/json, application/*+json, application/cbor]" }
                    
{
                    "app": "Crmeb",
                    "timestamp":"2026-06-16 10:18:41.154",
                    "level": "DEBUG",
                    "thread": "http-nio-8169-exec-24",
                    "class": "o.s.w.s.m.m.a.RequestResponseBodyMethodProcessor",
                    "message": "Writing [com.zbkj.common.result.CommonResult@7f12d53c]" }
                    
{
                    "app": "Crmeb",
                    "timestamp":"2026-06-16 10:18:41.154",
                    "level": "DEBUG",
                    "thread": "http-nio-8169-exec-24",
                    "class": "o.s.web.servlet.DispatcherServlet",
                    "message": "Completed 200 OK" }
                    
{
                    "app": "Crmeb",
                    "timestamp":"2026-06-16 10:18:41.155",
                    "level": "DEBUG",
                    "thread": "http-nio-8169-exec-10",
                    "class": "o.s.w.s.m.m.a.RequestResponseBodyMethodProcessor",
                    "message": "Using 'application/json', given [application/json, text/plain, */*] and supported [application/json, application/*+json, application/json, application/*+json, application/cbor]" }
                    
{
                    "app": "Crmeb",
                    "timestamp":"2026-06-16 10:18:41.155",
                    "level": "DEBUG",
                    "thread": "http-nio-8169-exec-10",
                    "class": "o.s.w.s.m.m.a.RequestResponseBodyMethodProcessor",
                    "message": "Writing [com.zbkj.common.result.CommonResult@438b97cb]" }
                    
{
                    "app": "Crmeb",
                    "timestamp":"2026-06-16 10:18:41.156",
                    "level": "DEBUG",
                    "thread": "http-nio-8169-exec-10",
                    "class": "o.s.web.servlet.DispatcherServlet",
                    "message": "Completed 200 OK" }
                    
{
                    "app": "Crmeb",
                    "timestamp":"2026-06-16 10:18:41.156",
                    "level": "DEBUG",
                    "thread": "http-nio-8169-exec-18",
                    "class": "o.s.w.s.m.m.a.RequestResponseBodyMethodProcessor",
                    "message": "Using 'application/json', given [application/json, text/plain, */*] and supported [application/json, application/*+json, application/json, application/*+json, application/cbor]" }
                    
{
                    "app": "Crmeb",
                    "timestamp":"2026-06-16 10:18:41.156",
                    "level": "DEBUG",
                    "thread": "http-nio-8169-exec-18",
                    "class": "o.s.w.s.m.m.a.RequestResponseBodyMethodProcessor",
                    "message": "Writing [com.zbkj.common.result.CommonResult@7b3a45a3]" }
                    
{
                    "app": "Crmeb",
                    "timestamp":"2026-06-16 10:18:41.156",
                    "level": "DEBUG",
                    "thread": "http-nio-8169-exec-18",
                    "class": "o.s.web.servlet.DispatcherServlet",
                    "message": "Completed 200 OK" }
                    
{
                    "app": "Crmeb",
                    "timestamp":"2026-06-16 10:18:41.464",
                    "level": "DEBUG",
                    "thread": "http-nio-8169-exec-4",
                    "class": "o.s.w.s.m.m.a.RequestResponseBodyMethodProcessor",
                    "message": "Using 'application/json', given [application/json, text/plain, */*] and supported [application/json, application/*+json, application/json, application/*+json, application/cbor]" }
                    
{
                    "app": "Crmeb",
                    "timestamp":"2026-06-16 10:18:41.465",
                    "level": "DEBUG",
                    "thread": "http-nio-8169-exec-4",
                    "class": "o.s.w.s.m.m.a.RequestResponseBodyMethodProcessor",
                    "message": "Writing [com.zbkj.common.result.CommonResult@252babd4]" }
                    
{
                    "app": "Crmeb",
                    "timestamp":"2026-06-16 10:18:41.465",
                    "level": "DEBUG",
                    "thread": "http-nio-8169-exec-4",
                    "class": "o.s.web.servlet.DispatcherServlet",
                    "message": "Completed 200 OK" }
                    
{
                    "app": "Crmeb",
                    "timestamp":"2026-06-16 10:18:41.599",
                    "level": "DEBUG",
                    "thread": "http-nio-8169-exec-15",
                    "class": "o.s.w.s.m.m.a.RequestResponseBodyMethodProcessor",
                    "message": "Using 'application/json', given [application/json, text/plain, */*] and supported [application/json, application/*+json, application/json, application/*+json, application/cbor]" }
                    
{
                    "app": "Crmeb",
                    "timestamp":"2026-06-16 10:18:41.600",
                    "level": "DEBUG",
                    "thread": "http-nio-8169-exec-15",
                    "class": "o.s.w.s.m.m.a.RequestResponseBodyMethodProcessor",
                    "message": "Writing [com.zbkj.common.result.CommonResult@14dc879f]" }
                    
{
                    "app": "Crmeb",
                    "timestamp":"2026-06-16 10:18:41.600",
                    "level": "DEBUG",
                    "thread": "http-nio-8169-exec-15",
                    "class": "o.s.web.servlet.DispatcherServlet",
                    "message": "Completed 200 OK" }
                    
{
                    "app": "Crmeb",
                    "timestamp":"2026-06-16 10:18:41.912",
                    "level": "DEBUG",
                    "thread": "http-nio-8169-exec-11",
                    "class": "o.s.w.s.m.m.a.RequestResponseBodyMethodProcessor",
                    "message": "Using 'application/json', given [application/json, text/plain, */*] and supported [application/json, application/*+json, application/json, application/*+json, application/cbor]" }
                    
{
                    "app": "Crmeb",
                    "timestamp":"2026-06-16 10:18:41.913",
                    "level": "DEBUG",
                    "thread": "http-nio-8169-exec-11",
                    "class": "o.s.w.s.m.m.a.RequestResponseBodyMethodProcessor",
                    "message": "Writing [com.zbkj.common.result.CommonResult@9999]" }
                    
{
                    "app": "Crmeb",
                    "timestamp":"2026-06-16 10:18:41.913",
                    "level": "DEBUG",
                    "thread": "http-nio-8169-exec-11",
                    "class": "o.s.web.servlet.DispatcherServlet",
                    "message": "Completed 200 OK" }
                    
{
                    "app": "Crmeb",
                    "timestamp":"2026-06-16 10:18:44.514",
                    "level": "DEBUG",
                    "thread": "http-nio-8169-exec-19",
                    "class": "o.s.web.servlet.DispatcherServlet",
                    "message": "GET "/api/admin/store/product/list?page=1&limit=20&cateId=&keywords=&type=1&temp=1781576324", parameters={masked}" }
                    
{
                    "app": "Crmeb",
                    "timestamp":"2026-06-16 10:18:44.516",
                    "level": "DEBUG",
                    "thread": "http-nio-8169-exec-19",
                    "class": "o.s.w.s.m.m.a.RequestMappingHandlerMapping",
                    "message": "Mapped to com.zbkj.admin.controller.StoreProductController#getList(StoreProductSearchRequest, PageParamRequest)" }
                    
{
                    "app": "Crmeb",
                    "timestamp":"2026-06-16 10:18:44.516",
                    "level": "DEBUG",
                    "thread": "http-nio-8169-exec-20",
                    "class": "o.s.web.servlet.DispatcherServlet",
                    "message": "GET "/api/admin/store/product/tabs/headers?page=1&limit=20&cateId=&keywords=&type=1&temp=1781576324", parameters={masked}" }
                    
{
                    "app": "Crmeb",
                    "timestamp":"2026-06-16 10:18:44.516",
                    "level": "DEBUG",
                    "thread": "http-nio-8169-exec-23",
                    "class": "o.s.web.servlet.DispatcherServlet",
                    "message": "GET "/api/admin/category/list/tree?status=-1&type=1&temp=1781576324", parameters={masked}" }
                    
{
                    "app": "Crmeb",
                    "timestamp":"2026-06-16 10:18:44.516",
                    "level": "DEBUG",
                    "thread": "http-nio-8169-exec-20",
                    "class": "o.s.w.s.m.m.a.RequestMappingHandlerMapping",
                    "message": "Mapped to com.zbkj.admin.controller.StoreProductController#getTabsHeader(StoreProductHeaderRequest)" }
                    
{
                    "app": "Crmeb",
                    "timestamp":"2026-06-16 10:18:44.517",
                    "level": "DEBUG",
                    "thread": "http-nio-8169-exec-23",
                    "class": "o.s.w.s.m.m.a.RequestMappingHandlerMapping",
                    "message": "Mapped to com.zbkj.admin.controller.CategoryController#getListTree(Integer, Integer, String)" }
                    
{
                    "app": "Crmeb",
                    "timestamp":"2026-06-16 10:18:44.570",
                    "level": "DEBUG",
                    "thread": "http-nio-8169-exec-23",
                    "class": "o.s.w.s.m.m.a.RequestResponseBodyMethodProcessor",
                    "message": "Using 'application/json', given [application/json, text/plain, */*] and supported [application/json, application/*+json, application/json, application/*+json, application/cbor]" }
                    
{
                    "app": "Crmeb",
                    "timestamp":"2026-06-16 10:18:44.571",
                    "level": "DEBUG",
                    "thread": "http-nio-8169-exec-23",
                    "class": "o.s.w.s.m.m.a.RequestResponseBodyMethodProcessor",
                    "message": "Writing [com.zbkj.common.result.CommonResult@1a4d0720]" }
                    
{
                    "app": "Crmeb",
                    "timestamp":"2026-06-16 10:18:44.571",
                    "level": "DEBUG",
                    "thread": "http-nio-8169-exec-23",
                    "class": "o.s.web.servlet.DispatcherServlet",
                    "message": "Completed 200 OK" }
                    
{
                    "app": "Crmeb",
                    "timestamp":"2026-06-16 10:18:44.825",
                    "level": "DEBUG",
                    "thread": "http-nio-8169-exec-20",
                    "class": "o.s.w.s.m.m.a.RequestResponseBodyMethodProcessor",
                    "message": "Using 'application/json', given [application/json, text/plain, */*] and supported [application/json, application/*+json, application/json, application/*+json, application/cbor]" }
                    
{
                    "app": "Crmeb",
                    "timestamp":"2026-06-16 10:18:44.825",
                    "level": "DEBUG",
                    "thread": "http-nio-8169-exec-20",
                    "class": "o.s.w.s.m.m.a.RequestResponseBodyMethodProcessor",
                    "message": "Writing [com.zbkj.common.result.CommonResult@7068cb90]" }
                    
{
                    "app": "Crmeb",
                    "timestamp":"2026-06-16 10:18:44.826",
                    "level": "DEBUG",
                    "thread": "http-nio-8169-exec-20",
                    "class": "o.s.web.servlet.DispatcherServlet",
                    "message": "Completed 200 OK" }
                    
{
                    "app": "Crmeb",
                    "timestamp":"2026-06-16 10:18:47.018",
                    "level": "DEBUG",
                    "thread": "http-nio-8169-exec-25",
                    "class": "o.s.web.servlet.DispatcherServlet",
                    "message": "GET "/api/admin/getAdminInfoByToken?token=157cfa0e475446dcbb1595580ce70f57&temp=1781576326", parameters={masked}" }
                    
{
                    "app": "Crmeb",
                    "timestamp":"2026-06-16 10:18:47.019",
                    "level": "DEBUG",
                    "thread": "http-nio-8169-exec-25",
                    "class": "o.s.w.s.m.m.a.RequestMappingHandlerMapping",
                    "message": "Mapped to com.zbkj.admin.controller.AdminLoginController#getAdminInfo()" }
                    
{
                    "app": "Crmeb",
                    "timestamp":"2026-06-16 10:18:47.019",
                    "level": "DEBUG",
                    "thread": "http-nio-8169-exec-25",
                    "class": "o.s.w.s.m.m.a.RequestResponseBodyMethodProcessor",
                    "message": "Using 'application/json', given [application/json, text/plain, */*] and supported [application/json, application/*+json, application/json, application/*+json, application/cbor]" }
                    
{
                    "app": "Crmeb",
                    "timestamp":"2026-06-16 10:18:47.019",
                    "level": "DEBUG",
                    "thread": "http-nio-8169-exec-25",
                    "class": "o.s.w.s.m.m.a.RequestResponseBodyMethodProcessor",
                    "message": "Writing [com.zbkj.common.result.CommonResult@2c3535fa]" }
                    
{
                    "app": "Crmeb",
                    "timestamp":"2026-06-16 10:18:47.020",
                    "level": "DEBUG",
                    "thread": "http-nio-8169-exec-25",
                    "class": "o.s.web.servlet.DispatcherServlet",
                    "message": "Completed 200 OK" }
                    
{
                    "app": "Crmeb",
                    "timestamp":"2026-06-16 10:18:47.078",
                    "level": "DEBUG",
                    "thread": "http-nio-8169-exec-1",
                    "class": "o.s.web.servlet.DispatcherServlet",
                    "message": "GET "/api/admin/getMenus?temp=1781576327", parameters={masked}" }
                    
{
                    "app": "Crmeb",
                    "timestamp":"2026-06-16 10:18:47.079",
                    "level": "DEBUG",
                    "thread": "http-nio-8169-exec-1",
                    "class": "o.s.w.s.m.m.a.RequestMappingHandlerMapping",
                    "message": "Mapped to com.zbkj.admin.controller.AdminLoginController#getMenus()" }
                    
{
                    "app": "Crmeb",
                    "timestamp":"2026-06-16 10:18:47.129",
                    "level": "DEBUG",
                    "thread": "http-nio-8169-exec-1",
                    "class": "o.s.w.s.m.m.a.RequestResponseBodyMethodProcessor",
                    "message": "Using 'application/json', given [application/json, text/plain, */*] and supported [application/json, application/*+json, application/json, application/*+json, application/cbor]" }
                    
{
                    "app": "Crmeb",
                    "timestamp":"2026-06-16 10:18:47.129",
                    "level": "DEBUG",
                    "thread": "http-nio-8169-exec-1",
                    "class": "o.s.w.s.m.m.a.RequestResponseBodyMethodProcessor",
                    "message": "Writing [com.zbkj.common.result.CommonResult@1f797cee]" }
                    
{
                    "app": "Crmeb",
                    "timestamp":"2026-06-16 10:18:47.130",
                    "level": "DEBUG",
                    "thread": "http-nio-8169-exec-1",
                    "class": "o.s.web.servlet.DispatcherServlet",
                    "message": "Completed 200 OK" }
                    
{
                    "app": "Crmeb",
                    "timestamp":"2026-06-16 10:18:47.247",
                    "level": "DEBUG",
                    "thread": "http-nio-8169-exec-28",
                    "class": "o.s.web.servlet.DispatcherServlet",
                    "message": "GET "/api/admin/store/product/tabs/headers?page=1&limit=20&cateId=&keywords=&type=1&temp=1781576327", parameters={masked}" }
                    
{
                    "app": "Crmeb",
                    "timestamp":"2026-06-16 10:18:47.248",
                    "level": "DEBUG",
                    "thread": "http-nio-8169-exec-28",
                    "class": "o.s.w.s.m.m.a.RequestMappingHandlerMapping",
                    "message": "Mapped to com.zbkj.admin.controller.StoreProductController#getTabsHeader(StoreProductHeaderRequest)" }
                    
{
                    "app": "Crmeb",
                    "timestamp":"2026-06-16 10:18:47.261",
                    "level": "DEBUG",
                    "thread": "http-nio-8169-exec-2",
                    "class": "o.s.web.servlet.DispatcherServlet",
                    "message": "GET "/api/admin/category/list/tree?status=-1&type=1&temp=1781576327", parameters={masked}" }
                    
{
                    "app": "Crmeb",
                    "timestamp":"2026-06-16 10:18:47.261",
                    "level": "DEBUG",
                    "thread": "http-nio-8169-exec-29",
                    "class": "o.s.web.servlet.DispatcherServlet",
                    "message": "GET "/api/admin/store/product/list?page=1&limit=20&cateId=&keywords=&type=1&temp=1781576327", parameters={masked}" }
                    
{
                    "app": "Crmeb",
                    "timestamp":"2026-06-16 10:18:47.262",
                    "level": "DEBUG",
                    "thread": "http-nio-8169-exec-30",
                    "class": "o.s.web.servlet.DispatcherServlet",
                    "message": "GET "/api/admin/copyright/get/info?temp=1781576327", parameters={masked}" }
                    
{
                    "app": "Crmeb",
                    "timestamp":"2026-06-16 10:18:47.262",
                    "level": "DEBUG",
                    "thread": "http-nio-8169-exec-29",
                    "class": "o.s.w.s.m.m.a.RequestMappingHandlerMapping",
                    "message": "Mapped to com.zbkj.admin.controller.StoreProductController#getList(StoreProductSearchRequest, PageParamRequest)" }
                    
{
                    "app": "Crmeb",
                    "timestamp":"2026-06-16 10:18:47.262",
                    "level": "DEBUG",
                    "thread": "http-nio-8169-exec-30",
                    "class": "o.s.w.s.m.m.a.RequestMappingHandlerMapping",
                    "message": "Mapped to com.zbkj.admin.controller.CopyrightController#getInfo()" }
                    
{
                    "app": "Crmeb",
                    "timestamp":"2026-06-16 10:18:47.262",
                    "level": "DEBUG",
                    "thread": "http-nio-8169-exec-2",
                    "class": "o.s.w.s.m.m.a.RequestMappingHandlerMapping",
                    "message": "Mapped to com.zbkj.admin.controller.CategoryController#getListTree(Integer, Integer, String)" }
                    
{
                    "app": "Crmeb",
                    "timestamp":"2026-06-16 10:18:47.316",
                    "level": "DEBUG",
                    "thread": "http-nio-8169-exec-2",
                    "class": "o.s.w.s.m.m.a.RequestResponseBodyMethodProcessor",
                    "message": "Using 'application/json', given [application/json, text/plain, */*] and supported [application/json, application/*+json, application/json, application/*+json, application/cbor]" }
                    
{
                    "app": "Crmeb",
                    "timestamp":"2026-06-16 10:18:47.316",
                    "level": "DEBUG",
                    "thread": "http-nio-8169-exec-2",
                    "class": "o.s.w.s.m.m.a.RequestResponseBodyMethodProcessor",
                    "message": "Writing [com.zbkj.common.result.CommonResult@72d1ebf4]" }
                    
{
                    "app": "Crmeb",
                    "timestamp":"2026-06-16 10:18:47.316",
                    "level": "DEBUG",
                    "thread": "http-nio-8169-exec-2",
                    "class": "o.s.web.servlet.DispatcherServlet",
                    "message": "Completed 200 OK" }
                    
{
                    "app": "Crmeb",
                    "timestamp":"2026-06-16 10:18:47.358",
                    "level": "DEBUG",
                    "thread": "http-nio-8169-exec-30",
                    "class": "o.s.web.client.RestTemplate",
                    "message": "HTTP POST https://authorize.crmeb.net/api/auth_cert_query?domain_name=https://jzk.wit.cn&label=22&version=CRMEB-JAVA-KY-v1.4" }
                    
{
                    "app": "Crmeb",
                    "timestamp":"2026-06-16 10:18:47.359",
                    "level": "DEBUG",
                    "thread": "http-nio-8169-exec-30",
                    "class": "o.s.web.client.RestTemplate",
                    "message": "Accept=[application/json, application/cbor, application/*+json, text/plain, text/html]" }
                    
{
                    "app": "Crmeb",
                    "timestamp":"2026-06-16 10:18:47.538",
                    "level": "DEBUG",
                    "thread": "http-nio-8169-exec-28",
                    "class": "o.s.w.s.m.m.a.RequestResponseBodyMethodProcessor",
                    "message": "Using 'application/json', given [application/json, text/plain, */*] and supported [application/json, application/*+json, application/json, application/*+json, application/cbor]" }
                    
{
                    "app": "Crmeb",
                    "timestamp":"2026-06-16 10:18:47.539",
                    "level": "DEBUG",
                    "thread": "http-nio-8169-exec-28",
                    "class": "o.s.w.s.m.m.a.RequestResponseBodyMethodProcessor",
                    "message": "Writing [com.zbkj.common.result.CommonResult@7ae34480]" }
                    
{
                    "app": "Crmeb",
                    "timestamp":"2026-06-16 10:18:47.539",
                    "level": "DEBUG",
                    "thread": "http-nio-8169-exec-28",
                    "class": "o.s.web.servlet.DispatcherServlet",
                    "message": "Completed 200 OK" }
                    
{
                    "app": "Crmeb",
                    "timestamp":"2026-06-16 10:18:47.545",
                    "level": "DEBUG",
                    "thread": "http-nio-8169-exec-30",
                    "class": "o.s.web.client.RestTemplate",
                    "message": "Response 200 OK" }
                    
{
                    "app": "Crmeb",
                    "timestamp":"2026-06-16 10:18:47.546",
                    "level": "DEBUG",
                    "thread": "http-nio-8169-exec-30",
                    "class": "o.s.web.client.RestTemplate",
                    "message": "Reading to [com.alibaba.fastjson.JSONObject]" }
                    
{
                    "app": "Crmeb",
                    "timestamp":"2026-06-16 10:18:47.547",
                    "level": "DEBUG",
                    "thread": "http-nio-8169-exec-30",
                    "class": "o.s.w.s.m.m.a.RequestResponseBodyMethodProcessor",
                    "message": "Using 'application/json', given [application/json, text/plain, */*] and supported [application/json, application/*+json, application/json, application/*+json, application/cbor]" }
                    
{
                    "app": "Crmeb",
                    "timestamp":"2026-06-16 10:18:47.547",
                    "level": "DEBUG",
                    "thread": "http-nio-8169-exec-30",
                    "class": "o.s.w.s.m.m.a.RequestResponseBodyMethodProcessor",
                    "message": "Writing [com.zbkj.common.result.CommonResult@41508574]" }
                    
{
                    "app": "Crmeb",
                    "timestamp":"2026-06-16 10:18:47.547",
                    "level": "DEBUG",
                    "thread": "http-nio-8169-exec-30",
                    "class": "o.s.web.servlet.DispatcherServlet",
                    "message": "Completed 200 OK" }
                    
{
                    "app": "Crmeb",
                    "timestamp":"2026-06-16 10:18:47.563",
                    "level": "DEBUG",
                    "thread": "http-nio-8169-exec-19",
                    "class": "o.s.w.s.m.m.a.RequestResponseBodyMethodProcessor",
                    "message": "Using 'application/json', given [application/json, text/plain, */*] and supported [application/json, application/*+json, application/json, application/*+json, application/cbor]" }
                    
{
                    "app": "Crmeb",
                    "timestamp":"2026-06-16 10:18:47.563",
                    "level": "DEBUG",
                    "thread": "http-nio-8169-exec-19",
                    "class": "o.s.w.s.m.m.a.RequestResponseBodyMethodProcessor",
                    "message": "Writing [com.zbkj.common.result.CommonResult@1818a844]" }
                    
{
                    "app": "Crmeb",
                    "timestamp":"2026-06-16 10:18:47.580",
                    "level": "DEBUG",
                    "thread": "http-nio-8169-exec-19",
                    "class": "o.s.web.servlet.DispatcherServlet",
                    "message": "Completed 200 OK" }
                    
{
                    "app": "Crmeb",
                    "timestamp":"2026-06-16 10:18:50.255",
                    "level": "DEBUG",
                    "thread": "http-nio-8169-exec-29",
                    "class": "o.s.w.s.m.m.a.RequestResponseBodyMethodProcessor",
                    "message": "Using 'application/json', given [application/json, text/plain, */*] and supported [application/json, application/*+json, application/json, application/*+json, application/cbor]" }
                    
{
                    "app": "Crmeb",
                    "timestamp":"2026-06-16 10:18:50.255",
                    "level": "DEBUG",
                    "thread": "http-nio-8169-exec-29",
                    "class": "o.s.w.s.m.m.a.RequestResponseBodyMethodProcessor",
                    "message": "Writing [com.zbkj.common.result.CommonResult@78fb78f0]" }
                    
{
                    "app": "Crmeb",
                    "timestamp":"2026-06-16 10:18:50.263",
                    "level": "DEBUG",
                    "thread": "http-nio-8169-exec-29",
                    "class": "o.s.web.servlet.DispatcherServlet",
                    "message": "Completed 200 OK" }
                    
{
                    "app": "Crmeb",
                    "timestamp":"2026-06-16 10:18:54.280",
                    "level": "DEBUG",
                    "thread": "http-nio-8169-exec-16",
                    "class": "o.s.web.servlet.DispatcherServlet",
                    "message": "GET "/api/admin/store/order/statisticsData?page=1&limit=10&temp=1781576334", parameters={masked}" }
                    
{
                    "app": "Crmeb",
                    "timestamp":"2026-06-16 10:18:54.281",
                    "level": "DEBUG",
                    "thread": "http-nio-8169-exec-14",
                    "class": "o.s.web.servlet.DispatcherServlet",
                    "message": "GET "/api/admin/store/order/statistics?temp=1781576334", parameters={masked}" }
                    
{
                    "app": "Crmeb",
                    "timestamp":"2026-06-16 10:18:54.281",
                    "level": "DEBUG",
                    "thread": "http-nio-8169-exec-14",
                    "class": "o.s.w.s.m.m.a.RequestMappingHandlerMapping",
                    "message": "Mapped to com.zbkj.admin.controller.StoreOrderController#getStatistics()" }
                    
{
                    "app": "Crmeb",
                    "timestamp":"2026-06-16 10:18:54.281",
                    "level": "DEBUG",
                    "thread": "http-nio-8169-exec-16",
                    "class": "o.s.w.s.m.m.a.RequestMappingHandlerMapping",
                    "message": "Mapped to com.zbkj.admin.controller.StoreOrderController#getStaffDetail(StoreOrderStaticsticsRequest)" }
                    
{
                    "app": "Crmeb",
                    "timestamp":"2026-06-16 10:18:54.324",
                    "level": "DEBUG",
                    "thread": "http-nio-8169-exec-16",
                    "class": "o.s.w.s.m.m.a.RequestResponseBodyMethodProcessor",
                    "message": "Using 'application/json', given [application/json, text/plain, */*] and supported [application/json, application/*+json, application/json, application/*+json, application/cbor]" }
                    
{
                    "app": "Crmeb",
                    "timestamp":"2026-06-16 10:18:54.324",
                    "level": "DEBUG",
                    "thread": "http-nio-8169-exec-16",
                    "class": "o.s.w.s.m.m.a.RequestResponseBodyMethodProcessor",
                    "message": "Writing [com.zbkj.common.result.CommonResult@7c8bb8a9]" }
                    
{
                    "app": "Crmeb",
                    "timestamp":"2026-06-16 10:18:54.325",
                    "level": "DEBUG",
                    "thread": "http-nio-8169-exec-16",
                    "class": "o.s.web.servlet.DispatcherServlet",
                    "message": "Completed 200 OK" }
                    
{
                    "app": "Crmeb",
                    "timestamp":"2026-06-16 10:18:54.812",
                    "level": "DEBUG",
                    "thread": "http-nio-8169-exec-14",
                    "class": "o.s.w.s.m.m.a.RequestResponseBodyMethodProcessor",
                    "message": "Using 'application/json', given [application/json, text/plain, */*] and supported [application/json, application/*+json, application/json, application/*+json, application/cbor]" }
                    
{
                    "app": "Crmeb",
                    "timestamp":"2026-06-16 10:18:54.812",
                    "level": "DEBUG",
                    "thread": "http-nio-8169-exec-14",
                    "class": "o.s.w.s.m.m.a.RequestResponseBodyMethodProcessor",
                    "message": "Writing [com.zbkj.common.result.CommonResult@3e273a0]" }
                    
{
                    "app": "Crmeb",
                    "timestamp":"2026-06-16 10:18:54.812",
                    "level": "DEBUG",
                    "thread": "http-nio-8169-exec-14",
                    "class": "o.s.web.servlet.DispatcherServlet",
                    "message": "Completed 200 OK" }
                    
{
                    "app": "Crmeb",
                    "timestamp":"2026-06-16 10:18:56.243",
                    "level": "DEBUG",
                    "thread": "http-nio-8169-exec-24",
                    "class": "o.s.web.servlet.DispatcherServlet",
                    "message": "GET "/api/admin/system/config/get/upload/type?temp=1781576336", parameters={masked}" }
                    
{
                    "app": "Crmeb",
                    "timestamp":"2026-06-16 10:18:56.243",
                    "level": "DEBUG",
                    "thread": "http-nio-8169-exec-10",
                    "class": "o.s.web.servlet.DispatcherServlet",
                    "message": "GET "/api/admin/category/list/tree?type=6&status=1&temp=1781576336", parameters={masked}" }
                    
{
                    "app": "Crmeb",
                    "timestamp":"2026-06-16 10:18:56.244",
                    "level": "DEBUG",
                    "thread": "http-nio-8169-exec-24",
                    "class": "o.s.w.s.m.m.a.RequestMappingHandlerMapping",
                    "message": "Mapped to com.zbkj.admin.controller.SystemConfigController#getFileUploadType()" }
                    
{
                    "app": "Crmeb",
                    "timestamp":"2026-06-16 10:18:56.244",
                    "level": "DEBUG",
                    "thread": "http-nio-8169-exec-10",
                    "class": "o.s.w.s.m.m.a.RequestMappingHandlerMapping",
                    "message": "Mapped to com.zbkj.admin.controller.CategoryController#getListTree(Integer, Integer, String)" }
                    
{
                    "app": "Crmeb",
                    "timestamp":"2026-06-16 10:18:56.289",
                    "level": "DEBUG",
                    "thread": "http-nio-8169-exec-24",
                    "class": "o.s.w.s.m.m.a.RequestResponseBodyMethodProcessor",
                    "message": "Using 'application/json', given [application/json, text/plain, */*] and supported [application/json, application/*+json, application/json, application/*+json, application/cbor]" }
                    
{
                    "app": "Crmeb",
                    "timestamp":"2026-06-16 10:18:56.289",
                    "level": "DEBUG",
                    "thread": "http-nio-8169-exec-24",
                    "class": "o.s.w.s.m.m.a.RequestResponseBodyMethodProcessor",
                    "message": "Writing [com.zbkj.common.result.CommonResult@57847185]" }
                    
{
                    "app": "Crmeb",
                    "timestamp":"2026-06-16 10:18:56.290",
                    "level": "DEBUG",
                    "thread": "http-nio-8169-exec-24",
                    "class": "o.s.web.servlet.DispatcherServlet",
                    "message": "Completed 200 OK" }
                    
{
                    "app": "Crmeb",
                    "timestamp":"2026-06-16 10:18:56.295",
                    "level": "DEBUG",
                    "thread": "http-nio-8169-exec-10",
                    "class": "o.s.w.s.m.m.a.RequestResponseBodyMethodProcessor",
                    "message": "Using 'application/json', given [application/json, text/plain, */*] and supported [application/json, application/*+json, application/json, application/*+json, application/cbor]" }
                    
{
                    "app": "Crmeb",
                    "timestamp":"2026-06-16 10:18:56.295",
                    "level": "DEBUG",
                    "thread": "http-nio-8169-exec-10",
                    "class": "o.s.w.s.m.m.a.RequestResponseBodyMethodProcessor",
                    "message": "Writing [com.zbkj.common.result.CommonResult@5bee9863]" }
                    
{
                    "app": "Crmeb",
                    "timestamp":"2026-06-16 10:18:56.295",
                    "level": "DEBUG",
                    "thread": "http-nio-8169-exec-10",
                    "class": "o.s.web.servlet.DispatcherServlet",
                    "message": "Completed 200 OK" }
                    
{
                    "app": "Crmeb",
                    "timestamp":"2026-06-16 10:18:56.356",
                    "level": "DEBUG",
                    "thread": "http-nio-8169-exec-4",
                    "class": "o.s.web.servlet.DispatcherServlet",
                    "message": "GET "/api/admin/system/form/temp/info?id=77&temp=1781576336", parameters={masked}" }
                    
{
                    "app": "Crmeb",
                    "timestamp":"2026-06-16 10:18:56.356",
                    "level": "DEBUG",
                    "thread": "http-nio-8169-exec-4",
                    "class": "o.s.w.s.m.m.a.RequestMappingHandlerMapping",
                    "message": "Mapped to com.zbkj.admin.controller.SystemFormTempController#info(Integer)" }
                    
{
                    "app": "Crmeb",
                    "timestamp":"2026-06-16 10:18:56.411",
                    "level": "DEBUG",
                    "thread": "http-nio-8169-exec-4",
                    "class": "o.s.w.s.m.m.a.RequestResponseBodyMethodProcessor",
                    "message": "Using 'application/json', given [application/json, text/plain, */*] and supported [application/json, application/*+json, application/json, application/*+json, application/cbor]" }
                    
{
                    "app": "Crmeb",
                    "timestamp":"2026-06-16 10:18:56.411",
                    "level": "DEBUG",
                    "thread": "http-nio-8169-exec-4",
                    "class": "o.s.w.s.m.m.a.RequestResponseBodyMethodProcessor",
                    "message": "Writing [com.zbkj.common.result.CommonResult@67f6d497]" }
                    
{
                    "app": "Crmeb",
                    "timestamp":"2026-06-16 10:18:56.412",
                    "level": "DEBUG",
                    "thread": "http-nio-8169-exec-4",
                    "class": "o.s.web.servlet.DispatcherServlet",
                    "message": "Completed 200 OK" }
                    
{
                    "app": "Crmeb",
                    "timestamp":"2026-06-16 10:18:56.442",
                    "level": "DEBUG",
                    "thread": "http-nio-8169-exec-11",
                    "class": "o.s.web.servlet.DispatcherServlet",
                    "message": "GET "/api/admin/system/config/info?formId=77&temp=1781576336", parameters={masked}" }
                    
{
                    "app": "Crmeb",
                    "timestamp":"2026-06-16 10:18:56.442",
                    "level": "DEBUG",
                    "thread": "http-nio-8169-exec-11",
                    "class": "o.s.w.s.m.m.a.RequestMappingHandlerMapping",
                    "message": "Mapped to com.zbkj.admin.controller.SystemConfigController#info(Integer)" }
                    
{
                    "app": "Crmeb",
                    "timestamp":"2026-06-16 10:18:56.494",
                    "level": "DEBUG",
                    "thread": "http-nio-8169-exec-11",
                    "class": "o.s.w.s.m.m.a.RequestResponseBodyMethodProcessor",
                    "message": "Using 'application/json', given [application/json, text/plain, */*] and supported [application/json, application/*+json, application/json, application/*+json, application/cbor]" }
                    
{
                    "app": "Crmeb",
                    "timestamp":"2026-06-16 10:18:56.494",
                    "level": "DEBUG",
                    "thread": "http-nio-8169-exec-11",
                    "class": "o.s.w.s.m.m.a.RequestResponseBodyMethodProcessor",
                    "message": "Writing [com.zbkj.common.result.CommonResult@6b36103b]" }
                    
{
                    "app": "Crmeb",
                    "timestamp":"2026-06-16 10:18:56.494",
                    "level": "DEBUG",
                    "thread": "http-nio-8169-exec-11",
                    "class": "o.s.web.servlet.DispatcherServlet",
                    "message": "Completed 200 OK" }
                    
{
                    "app": "Crmeb",
                    "timestamp":"2026-06-16 10:19:02.118",
                    "level": "DEBUG",
                    "thread": "http-nio-8169-exec-17",
                    "class": "o.s.web.servlet.DispatcherServlet",
                    "message": "GET "/api/admin/system/form/temp/info?id=64&temp=1781576342", parameters={masked}" }
                    
{
                    "app": "Crmeb",
                    "timestamp":"2026-06-16 10:19:02.119",
                    "level": "DEBUG",
                    "thread": "http-nio-8169-exec-17",
                    "class": "o.s.w.s.m.m.a.RequestMappingHandlerMapping",
                    "message": "Mapped to com.zbkj.admin.controller.SystemFormTempController#info(Integer)" }
                    
{
                    "app": "Crmeb",
                    "timestamp":"2026-06-16 10:19:02.167",
                    "level": "DEBUG",
                    "thread": "http-nio-8169-exec-17",
                    "class": "o.s.w.s.m.m.a.RequestResponseBodyMethodProcessor",
                    "message": "Using 'application/json', given [application/json, text/plain, */*] and supported [application/json, application/*+json, application/json, application/*+json, application/cbor]" }
                    
{
                    "app": "Crmeb",
                    "timestamp":"2026-06-16 10:19:02.167",
                    "level": "DEBUG",
                    "thread": "http-nio-8169-exec-17",
                    "class": "o.s.w.s.m.m.a.RequestResponseBodyMethodProcessor",
                    "message": "Writing [com.zbkj.common.result.CommonResult@623201d1]" }
                    
{
                    "app": "Crmeb",
                    "timestamp":"2026-06-16 10:19:02.167",
                    "level": "DEBUG",
                    "thread": "http-nio-8169-exec-17",
                    "class": "o.s.web.servlet.DispatcherServlet",
                    "message": "Completed 200 OK" }
                    
{
                    "app": "Crmeb",
                    "timestamp":"2026-06-16 10:19:02.207",
                    "level": "DEBUG",
                    "thread": "http-nio-8169-exec-23",
                    "class": "o.s.web.servlet.DispatcherServlet",
                    "message": "GET "/api/admin/system/config/info?formId=64&temp=1781576342", parameters={masked}" }
                    
{
                    "app": "Crmeb",
                    "timestamp":"2026-06-16 10:19:02.208",
                    "level": "DEBUG",
                    "thread": "http-nio-8169-exec-23",
                    "class": "o.s.w.s.m.m.a.RequestMappingHandlerMapping",
                    "message": "Mapped to com.zbkj.admin.controller.SystemConfigController#info(Integer)" }
                    
{
                    "app": "Crmeb",
                    "timestamp":"2026-06-16 10:19:02.254",
                    "level": "DEBUG",
                    "thread": "http-nio-8169-exec-23",
                    "class": "o.s.w.s.m.m.a.RequestResponseBodyMethodProcessor",
                    "message": "Using 'application/json', given [application/json, text/plain, */*] and supported [application/json, application/*+json, application/json, application/*+json, application/cbor]" }
                    
{
                    "app": "Crmeb",
                    "timestamp":"2026-06-16 10:19:02.254",
                    "level": "DEBUG",
                    "thread": "http-nio-8169-exec-23",
                    "class": "o.s.w.s.m.m.a.RequestResponseBodyMethodProcessor",
                    "message": "Writing [com.zbkj.common.result.CommonResult@1f958b53]" }
                    
{
                    "app": "Crmeb",
                    "timestamp":"2026-06-16 10:19:02.254",
                    "level": "DEBUG",
                    "thread": "http-nio-8169-exec-23",
                    "class": "o.s.web.servlet.DispatcherServlet",
                    "message": "Completed 200 OK" }
                    
{
                    "app": "Crmeb",
                    "timestamp":"2026-06-16 10:19:14.262",
                    "level": "DEBUG",
                    "thread": "http-nio-8169-exec-3",
                    "class": "o.s.web.servlet.DispatcherServlet",
                    "message": "GET "/api/admin/system/form/temp/info?id=77&temp=1781576354", parameters={masked}" }
                    
{
                    "app": "Crmeb",
                    "timestamp":"2026-06-16 10:19:14.263",
                    "level": "DEBUG",
                    "thread": "http-nio-8169-exec-3",
                    "class": "o.s.w.s.m.m.a.RequestMappingHandlerMapping",
                    "message": "Mapped to com.zbkj.admin.controller.SystemFormTempController#info(Integer)" }
                    
{
                    "app": "Crmeb",
                    "timestamp":"2026-06-16 10:19:14.310",
                    "level": "DEBUG",
                    "thread": "http-nio-8169-exec-3",
                    "class": "o.s.w.s.m.m.a.RequestResponseBodyMethodProcessor",
                    "message": "Using 'application/json', given [application/json, text/plain, */*] and supported [application/json, application/*+json, application/json, application/*+json, application/cbor]" }
                    
{
                    "app": "Crmeb",
                    "timestamp":"2026-06-16 10:19:14.310",
                    "level": "DEBUG",
                    "thread": "http-nio-8169-exec-3",
                    "class": "o.s.w.s.m.m.a.RequestResponseBodyMethodProcessor",
                    "message": "Writing [com.zbkj.common.result.CommonResult@21cef1c9]" }
                    
{
                    "app": "Crmeb",
                    "timestamp":"2026-06-16 10:19:14.311",
                    "level": "DEBUG",
                    "thread": "http-nio-8169-exec-3",
                    "class": "o.s.web.servlet.DispatcherServlet",
                    "message": "Completed 200 OK" }
                    
{
                    "app": "Crmeb",
                    "timestamp":"2026-06-16 10:19:14.366",
                    "level": "DEBUG",
                    "thread": "http-nio-8169-exec-6",
                    "class": "o.s.web.servlet.DispatcherServlet",
                    "message": "GET "/api/admin/system/config/info?formId=77&temp=1781576354", parameters={masked}" }
                    
{
                    "app": "Crmeb",
                    "timestamp":"2026-06-16 10:19:14.366",
                    "level": "DEBUG",
                    "thread": "http-nio-8169-exec-6",
                    "class": "o.s.w.s.m.m.a.RequestMappingHandlerMapping",
                    "message": "Mapped to com.zbkj.admin.controller.SystemConfigController#info(Integer)" }
                    
{
                    "app": "Crmeb",
                    "timestamp":"2026-06-16 10:19:14.413",
                    "level": "DEBUG",
                    "thread": "http-nio-8169-exec-6",
                    "class": "o.s.w.s.m.m.a.RequestResponseBodyMethodProcessor",
                    "message": "Using 'application/json', given [application/json, text/plain, */*] and supported [application/json, application/*+json, application/json, application/*+json, application/cbor]" }
                    
{
                    "app": "Crmeb",
                    "timestamp":"2026-06-16 10:19:14.413",
                    "level": "DEBUG",
                    "thread": "http-nio-8169-exec-6",
                    "class": "o.s.w.s.m.m.a.RequestResponseBodyMethodProcessor",
                    "message": "Writing [com.zbkj.common.result.CommonResult@59d1d64b]" }
                    
{
                    "app": "Crmeb",
                    "timestamp":"2026-06-16 10:19:14.414",
                    "level": "DEBUG",
                    "thread": "http-nio-8169-exec-6",
                    "class": "o.s.web.servlet.DispatcherServlet",
                    "message": "Completed 200 OK" }
                    
{
                    "app": "Crmeb",
                    "timestamp":"2026-06-16 10:19:26.541",
                    "level": "DEBUG",
                    "thread": "http-nio-8169-exec-28",
                    "class": "o.s.web.servlet.DispatcherServlet",
                    "message": "GET "/api/admin/getAdminInfoByToken?token=157cfa0e475446dcbb1595580ce70f57&temp=1781576366", parameters={masked}" }
                    
{
                    "app": "Crmeb",
                    "timestamp":"2026-06-16 10:19:26.542",
                    "level": "DEBUG",
                    "thread": "http-nio-8169-exec-28",
                    "class": "o.s.w.s.m.m.a.RequestMappingHandlerMapping",
                    "message": "Mapped to com.zbkj.admin.controller.AdminLoginController#getAdminInfo()" }
                    
{
                    "app": "Crmeb",
                    "timestamp":"2026-06-16 10:19:26.543",
                    "level": "DEBUG",
                    "thread": "http-nio-8169-exec-28",
                    "class": "o.s.w.s.m.m.a.RequestResponseBodyMethodProcessor",
                    "message": "Using 'application/json', given [application/json, text/plain, */*] and supported [application/json, application/*+json, application/json, application/*+json, application/cbor]" }
                    
{
                    "app": "Crmeb",
                    "timestamp":"2026-06-16 10:19:26.543",
                    "level": "DEBUG",
                    "thread": "http-nio-8169-exec-28",
                    "class": "o.s.w.s.m.m.a.RequestResponseBodyMethodProcessor",
                    "message": "Writing [com.zbkj.common.result.CommonResult@71762dab]" }
                    
{
                    "app": "Crmeb",
                    "timestamp":"2026-06-16 10:19:26.543",
                    "level": "DEBUG",
                    "thread": "http-nio-8169-exec-28",
                    "class": "o.s.web.servlet.DispatcherServlet",
                    "message": "Completed 200 OK" }
                    
{
                    "app": "Crmeb",
                    "timestamp":"2026-06-16 10:19:26.582",
                    "level": "DEBUG",
                    "thread": "http-nio-8169-exec-19",
                    "class": "o.s.web.servlet.DispatcherServlet",
                    "message": "GET "/api/admin/getMenus?temp=1781576366", parameters={masked}" }
                    
{
                    "app": "Crmeb",
                    "timestamp":"2026-06-16 10:19:26.583",
                    "level": "DEBUG",
                    "thread": "http-nio-8169-exec-19",
                    "class": "o.s.w.s.m.m.a.RequestMappingHandlerMapping",
                    "message": "Mapped to com.zbkj.admin.controller.AdminLoginController#getMenus()" }
                    
{
                    "app": "Crmeb",
                    "timestamp":"2026-06-16 10:19:26.632",
                    "level": "DEBUG",
                    "thread": "http-nio-8169-exec-19",
                    "class": "o.s.w.s.m.m.a.RequestResponseBodyMethodProcessor",
                    "message": "Using 'application/json', given [application/json, text/plain, */*] and supported [application/json, application/*+json, application/json, application/*+json, application/cbor]" }
                    
{
                    "app": "Crmeb",
                    "timestamp":"2026-06-16 10:19:26.633",
                    "level": "DEBUG",
                    "thread": "http-nio-8169-exec-19",
                    "class": "o.s.w.s.m.m.a.RequestResponseBodyMethodProcessor",
                    "message": "Writing [com.zbkj.common.result.CommonResult@52624327]" }
                    
{
                    "app": "Crmeb",
                    "timestamp":"2026-06-16 10:19:26.633",
                    "level": "DEBUG",
                    "thread": "http-nio-8169-exec-19",
                    "class": "o.s.web.servlet.DispatcherServlet",
                    "message": "Completed 200 OK" }
                    
{
                    "app": "Crmeb",
                    "timestamp":"2026-06-16 10:19:26.736",
                    "level": "DEBUG",
                    "thread": "http-nio-8169-exec-14",
                    "class": "o.s.web.servlet.DispatcherServlet",
                    "message": "GET "/api/admin/system/config/get/upload/type?temp=1781576366", parameters={masked}" }
                    
{
                    "app": "Crmeb",
                    "timestamp":"2026-06-16 10:19:26.736",
                    "level": "DEBUG",
                    "thread": "http-nio-8169-exec-14",
                    "class": "o.s.w.s.m.m.a.RequestMappingHandlerMapping",
                    "message": "Mapped to com.zbkj.admin.controller.SystemConfigController#getFileUploadType()" }
                    
{
                    "app": "Crmeb",
                    "timestamp":"2026-06-16 10:19:26.779",
                    "level": "DEBUG",
                    "thread": "http-nio-8169-exec-16",
                    "class": "o.s.web.servlet.DispatcherServlet",
                    "message": "GET "/api/admin/category/list/tree?type=6&status=1&temp=1781576366", parameters={masked}" }
                    
{
                    "app": "Crmeb",
                    "timestamp":"2026-06-16 10:19:26.779",
                    "level": "DEBUG",
                    "thread": "http-nio-8169-exec-12",
                    "class": "o.s.web.servlet.DispatcherServlet",
                    "message": "GET "/api/admin/copyright/get/info?temp=1781576366", parameters={masked}" }
                    
{
                    "app": "Crmeb",
                    "timestamp":"2026-06-16 10:19:26.780",
                    "level": "DEBUG",
                    "thread": "http-nio-8169-exec-12",
                    "class": "o.s.w.s.m.m.a.RequestMappingHandlerMapping",
                    "message": "Mapped to com.zbkj.admin.controller.CopyrightController#getInfo()" }
                    
{
                    "app": "Crmeb",
                    "timestamp":"2026-06-16 10:19:26.780",
                    "level": "DEBUG",
                    "thread": "http-nio-8169-exec-16",
                    "class": "o.s.w.s.m.m.a.RequestMappingHandlerMapping",
                    "message": "Mapped to com.zbkj.admin.controller.CategoryController#getListTree(Integer, Integer, String)" }
                    
{
                    "app": "Crmeb",
                    "timestamp":"2026-06-16 10:19:26.780",
                    "level": "DEBUG",
                    "thread": "http-nio-8169-exec-14",
                    "class": "o.s.w.s.m.m.a.RequestResponseBodyMethodProcessor",
                    "message": "Using 'application/json', given [application/json, text/plain, */*] and supported [application/json, application/*+json, application/json, application/*+json, application/cbor]" }
                    
{
                    "app": "Crmeb",
                    "timestamp":"2026-06-16 10:19:26.780",
                    "level": "DEBUG",
                    "thread": "http-nio-8169-exec-14",
                    "class": "o.s.w.s.m.m.a.RequestResponseBodyMethodProcessor",
                    "message": "Writing [com.zbkj.common.result.CommonResult@4a842b75]" }
                    
{
                    "app": "Crmeb",
                    "timestamp":"2026-06-16 10:19:26.781",
                    "level": "DEBUG",
                    "thread": "http-nio-8169-exec-14",
                    "class": "o.s.web.servlet.DispatcherServlet",
                    "message": "Completed 200 OK" }
                    
{
                    "app": "Crmeb",
                    "timestamp":"2026-06-16 10:19:26.828",
                    "level": "DEBUG",
                    "thread": "http-nio-8169-exec-16",
                    "class": "o.s.w.s.m.m.a.RequestResponseBodyMethodProcessor",
                    "message": "Using 'application/json', given [application/json, text/plain, */*] and supported [application/json, application/*+json, application/json, application/*+json, application/cbor]" }
                    
{
                    "app": "Crmeb",
                    "timestamp":"2026-06-16 10:19:26.828",
                    "level": "DEBUG",
                    "thread": "http-nio-8169-exec-16",
                    "class": "o.s.w.s.m.m.a.RequestResponseBodyMethodProcessor",
                    "message": "Writing [com.zbkj.common.result.CommonResult@150296ad]" }
                    
{
                    "app": "Crmeb",
                    "timestamp":"2026-06-16 10:19:26.829",
                    "level": "DEBUG",
                    "thread": "http-nio-8169-exec-16",
                    "class": "o.s.web.servlet.DispatcherServlet",
                    "message": "Completed 200 OK" }
                    
{
                    "app": "Crmeb",
                    "timestamp":"2026-06-16 10:19:26.871",
                    "level": "DEBUG",
                    "thread": "http-nio-8169-exec-12",
                    "class": "o.s.web.client.RestTemplate",
                    "message": "HTTP POST https://authorize.crmeb.net/api/auth_cert_query?domain_name=https://jzk.wit.cn&label=22&version=CRMEB-JAVA-KY-v1.4" }
                    
{
                    "app": "Crmeb",
                    "timestamp":"2026-06-16 10:19:26.871",
                    "level": "DEBUG",
                    "thread": "http-nio-8169-exec-12",
                    "class": "o.s.web.client.RestTemplate",
                    "message": "Accept=[application/json, application/cbor, application/*+json, text/plain, text/html]" }
                    
{
                    "app": "Crmeb",
                    "timestamp":"2026-06-16 10:19:26.875",
                    "level": "DEBUG",
                    "thread": "http-nio-8169-exec-24",
                    "class": "o.s.web.servlet.DispatcherServlet",
                    "message": "GET "/api/admin/system/form/temp/info?id=77&temp=1781576366", parameters={masked}" }
                    
{
                    "app": "Crmeb",
                    "timestamp":"2026-06-16 10:19:26.876",
                    "level": "DEBUG",
                    "thread": "http-nio-8169-exec-24",
                    "class": "o.s.w.s.m.m.a.RequestMappingHandlerMapping",
                    "message": "Mapped to com.zbkj.admin.controller.SystemFormTempController#info(Integer)" }
                    
{
                    "app": "Crmeb",
                    "timestamp":"2026-06-16 10:19:26.923",
                    "level": "DEBUG",
                    "thread": "http-nio-8169-exec-24",
                    "class": "o.s.w.s.m.m.a.RequestResponseBodyMethodProcessor",
                    "message": "Using 'application/json', given [application/json, text/plain, */*] and supported [application/json, application/*+json, application/json, application/*+json, application/cbor]" }
                    
{
                    "app": "Crmeb",
                    "timestamp":"2026-06-16 10:19:26.923",
                    "level": "DEBUG",
                    "thread": "http-nio-8169-exec-24",
                    "class": "o.s.w.s.m.m.a.RequestResponseBodyMethodProcessor",
                    "message": "Writing [com.zbkj.common.result.CommonResult@e3b4af3]" }
                    
{
                    "app": "Crmeb",
                    "timestamp":"2026-06-16 10:19:26.923",
                    "level": "DEBUG",
                    "thread": "http-nio-8169-exec-24",
                    "class": "o.s.web.servlet.DispatcherServlet",
                    "message": "Completed 200 OK" }
                    
{
                    "app": "Crmeb",
                    "timestamp":"2026-06-16 10:19:26.966",
                    "level": "DEBUG",
                    "thread": "http-nio-8169-exec-18",
                    "class": "o.s.web.servlet.DispatcherServlet",
                    "message": "GET "/api/admin/system/config/info?formId=77&temp=1781576366", parameters={masked}" }
                    
{
                    "app": "Crmeb",
                    "timestamp":"2026-06-16 10:19:26.966",
                    "level": "DEBUG",
                    "thread": "http-nio-8169-exec-18",
                    "class": "o.s.w.s.m.m.a.RequestMappingHandlerMapping",
                    "message": "Mapped to com.zbkj.admin.controller.SystemConfigController#info(Integer)" }
                    
{
                    "app": "Crmeb",
                    "timestamp":"2026-06-16 10:19:27.013",
                    "level": "DEBUG",
                    "thread": "http-nio-8169-exec-18",
                    "class": "o.s.w.s.m.m.a.RequestResponseBodyMethodProcessor",
                    "message": "Using 'application/json', given [application/json, text/plain, */*] and supported [application/json, application/*+json, application/json, application/*+json, application/cbor]" }
                    
{
                    "app": "Crmeb",
                    "timestamp":"2026-06-16 10:19:27.014",
                    "level": "DEBUG",
                    "thread": "http-nio-8169-exec-18",
                    "class": "o.s.w.s.m.m.a.RequestResponseBodyMethodProcessor",
                    "message": "Writing [com.zbkj.common.result.CommonResult@31e46e24]" }
                    
{
                    "app": "Crmeb",
                    "timestamp":"2026-06-16 10:19:27.014",
                    "level": "DEBUG",
                    "thread": "http-nio-8169-exec-18",
                    "class": "o.s.web.servlet.DispatcherServlet",
                    "message": "Completed 200 OK" }
                    
{
                    "app": "Crmeb",
                    "timestamp":"2026-06-16 10:19:27.078",
                    "level": "DEBUG",
                    "thread": "http-nio-8169-exec-12",
                    "class": "o.s.web.client.RestTemplate",
                    "message": "Response 200 OK" }
                    
{
                    "app": "Crmeb",
                    "timestamp":"2026-06-16 10:19:27.078",
                    "level": "DEBUG",
                    "thread": "http-nio-8169-exec-12",
                    "class": "o.s.web.client.RestTemplate",
                    "message": "Reading to [com.alibaba.fastjson.JSONObject]" }
                    
{
                    "app": "Crmeb",
                    "timestamp":"2026-06-16 10:19:27.079",
                    "level": "DEBUG",
                    "thread": "http-nio-8169-exec-12",
                    "class": "o.s.w.s.m.m.a.RequestResponseBodyMethodProcessor",
                    "message": "Using 'application/json', given [application/json, text/plain, */*] and supported [application/json, application/*+json, application/json, application/*+json, application/cbor]" }
                    
{
                    "app": "Crmeb",
                    "timestamp":"2026-06-16 10:19:27.079",
                    "level": "DEBUG",
                    "thread": "http-nio-8169-exec-12",
                    "class": "o.s.w.s.m.m.a.RequestResponseBodyMethodProcessor",
                    "message": "Writing [com.zbkj.common.result.CommonResult@6dcc9817]" }
                    
{
                    "app": "Crmeb",
                    "timestamp":"2026-06-16 10:19:27.079",
                    "level": "DEBUG",
                    "thread": "http-nio-8169-exec-12",
                    "class": "o.s.web.servlet.DispatcherServlet",
                    "message": "Completed 200 OK" }
                    
{
                    "app": "Crmeb",
                    "timestamp":"2026-06-16 10:19:59.351",
                    "level": "DEBUG",
                    "thread": "http-nio-8169-exec-17",
                    "class": "o.s.web.servlet.DispatcherServlet",
                    "message": "POST "/api/admin/system/config/save/form", parameters={}" }
                    
{
                    "app": "Crmeb",
                    "timestamp":"2026-06-16 10:19:59.351",
                    "level": "DEBUG",
                    "thread": "http-nio-8169-exec-17",
                    "class": "o.s.w.s.m.m.a.RequestMappingHandlerMapping",
                    "message": "Mapped to com.zbkj.admin.controller.SystemConfigController#saveFrom(SystemFormCheckRequest)" }
                    
{
                    "app": "Crmeb",
                    "timestamp":"2026-06-16 10:19:59.352",
                    "level": "DEBUG",
                    "thread": "http-nio-8169-exec-17",
                    "class": "o.s.w.s.m.m.a.RequestResponseBodyMethodProcessor",
                    "message": "Read "application/json;charset=UTF-8" to [SystemFormCheckRequest(id=77, sort=0, status=true, fields=[SystemFormItemCheckRequest(name=store_sto (truncated)...]" }
                    
{
                    "app": "Crmeb",
                    "timestamp":"2026-06-16 10:20:02.899",
                    "level": "DEBUG",
                    "thread": "http-nio-8169-exec-17",
                    "class": "o.s.w.s.m.m.a.RequestResponseBodyMethodProcessor",
                    "message": "Using 'application/json', given [application/json, text/plain, */*] and supported [application/json, application/*+json, application/json, application/*+json, application/cbor]" }
                    
{
                    "app": "Crmeb",
                    "timestamp":"2026-06-16 10:20:02.899",
                    "level": "DEBUG",
                    "thread": "http-nio-8169-exec-17",
                    "class": "o.s.w.s.m.m.a.RequestResponseBodyMethodProcessor",
                    "message": "Writing [com.zbkj.common.result.CommonResult@4f9b2d67]" }
                    
{
                    "app": "Crmeb",
                    "timestamp":"2026-06-16 10:20:02.900",
                    "level": "DEBUG",
                    "thread": "http-nio-8169-exec-17",
                    "class": "o.s.web.servlet.DispatcherServlet",
                    "message": "Completed 200 OK" }
                    
{
                    "app": "Crmeb",
                    "timestamp":"2026-06-16 10:20:04.341",
                    "level": "DEBUG",
                    "thread": "http-nio-8169-exec-23",
                    "class": "o.s.web.servlet.DispatcherServlet",
                    "message": "GET "/api/admin/system/form/temp/info?id=78&temp=1781576404", parameters={masked}" }
                    
{
                    "app": "Crmeb",
                    "timestamp":"2026-06-16 10:20:04.341",
                    "level": "DEBUG",
                    "thread": "http-nio-8169-exec-23",
                    "class": "o.s.w.s.m.m.a.RequestMappingHandlerMapping",
                    "message": "Mapped to com.zbkj.admin.controller.SystemFormTempController#info(Integer)" }
                    
{
                    "app": "Crmeb",
                    "timestamp":"2026-06-16 10:20:04.386",
                    "level": "DEBUG",
                    "thread": "http-nio-8169-exec-23",
                    "class": "o.s.w.s.m.m.a.RequestResponseBodyMethodProcessor",
                    "message": "Using 'application/json', given [application/json, text/plain, */*] and supported [application/json, application/*+json, application/json, application/*+json, application/cbor]" }
                    
{
                    "app": "Crmeb",
                    "timestamp":"2026-06-16 10:20:04.386",
                    "level": "DEBUG",
                    "thread": "http-nio-8169-exec-23",
                    "class": "o.s.w.s.m.m.a.RequestResponseBodyMethodProcessor",
                    "message": "Writing [com.zbkj.common.result.CommonResult@3801be6c]" }
                    
{
                    "app": "Crmeb",
                    "timestamp":"2026-06-16 10:20:04.387",
                    "level": "DEBUG",
                    "thread": "http-nio-8169-exec-23",
                    "class": "o.s.web.servlet.DispatcherServlet",
                    "message": "Completed 200 OK" }
                    
{
                    "app": "Crmeb",
                    "timestamp":"2026-06-16 10:20:04.417",
                    "level": "DEBUG",
                    "thread": "http-nio-8169-exec-20",
                    "class": "o.s.web.servlet.DispatcherServlet",
                    "message": "GET "/api/admin/system/config/info?formId=78&temp=1781576404", parameters={masked}" }
                    
{
                    "app": "Crmeb",
                    "timestamp":"2026-06-16 10:20:04.417",
                    "level": "DEBUG",
                    "thread": "http-nio-8169-exec-20",
                    "class": "o.s.w.s.m.m.a.RequestMappingHandlerMapping",
                    "message": "Mapped to com.zbkj.admin.controller.SystemConfigController#info(Integer)" }
                    
{
                    "app": "Crmeb",
                    "timestamp":"2026-06-16 10:20:04.460",
                    "level": "DEBUG",
                    "thread": "http-nio-8169-exec-20",
                    "class": "o.s.w.s.m.m.a.RequestResponseBodyMethodProcessor",
                    "message": "Using 'application/json', given [application/json, text/plain, */*] and supported [application/json, application/*+json, application/json, application/*+json, application/cbor]" }
                    
{
                    "app": "Crmeb",
                    "timestamp":"2026-06-16 10:20:04.460",
                    "level": "DEBUG",
                    "thread": "http-nio-8169-exec-20",
                    "class": "o.s.w.s.m.m.a.RequestResponseBodyMethodProcessor",
                    "message": "Writing [com.zbkj.common.result.CommonResult@4d8b9996]" }
                    
{
                    "app": "Crmeb",
                    "timestamp":"2026-06-16 10:20:04.460",
                    "level": "DEBUG",
                    "thread": "http-nio-8169-exec-20",
                    "class": "o.s.web.servlet.DispatcherServlet",
                    "message": "Completed 200 OK" }
                    
{
                    "app": "Crmeb",
                    "timestamp":"2026-06-16 10:20:05.443",
                    "level": "DEBUG",
                    "thread": "http-nio-8169-exec-27",
                    "class": "o.s.web.servlet.DispatcherServlet",
                    "message": "GET "/api/admin/system/form/temp/info?id=138&temp=1781576405", parameters={masked}" }
                    
{
                    "app": "Crmeb",
                    "timestamp":"2026-06-16 10:20:05.443",
                    "level": "DEBUG",
                    "thread": "http-nio-8169-exec-27",
                    "class": "o.s.w.s.m.m.a.RequestMappingHandlerMapping",
                    "message": "Mapped to com.zbkj.admin.controller.SystemFormTempController#info(Integer)" }
                    
{
                    "app": "Crmeb",
                    "timestamp":"2026-06-16 10:20:05.487",
                    "level": "DEBUG",
                    "thread": "http-nio-8169-exec-27",
                    "class": "o.s.w.s.m.m.a.RequestResponseBodyMethodProcessor",
                    "message": "Using 'application/json', given [application/json, text/plain, */*] and supported [application/json, application/*+json, application/json, application/*+json, application/cbor]" }
                    
{
                    "app": "Crmeb",
                    "timestamp":"2026-06-16 10:20:05.487",
                    "level": "DEBUG",
                    "thread": "http-nio-8169-exec-27",
                    "class": "o.s.w.s.m.m.a.RequestResponseBodyMethodProcessor",
                    "message": "Writing [com.zbkj.common.result.CommonResult@56a44c0e]" }
                    
{
                    "app": "Crmeb",
                    "timestamp":"2026-06-16 10:20:05.488",
                    "level": "DEBUG",
                    "thread": "http-nio-8169-exec-27",
                    "class": "o.s.web.servlet.DispatcherServlet",
                    "message": "Completed 200 OK" }
                    
{
                    "app": "Crmeb",
                    "timestamp":"2026-06-16 10:20:05.517",
                    "level": "DEBUG",
                    "thread": "http-nio-8169-exec-8",
                    "class": "o.s.web.servlet.DispatcherServlet",
                    "message": "GET "/api/admin/system/config/info?formId=138&temp=1781576405", parameters={masked}" }
                    
{
                    "app": "Crmeb",
                    "timestamp":"2026-06-16 10:20:05.518",
                    "level": "DEBUG",
                    "thread": "http-nio-8169-exec-8",
                    "class": "o.s.w.s.m.m.a.RequestMappingHandlerMapping",
                    "message": "Mapped to com.zbkj.admin.controller.SystemConfigController#info(Integer)" }
                    
{
                    "app": "Crmeb",
                    "timestamp":"2026-06-16 10:20:05.561",
                    "level": "DEBUG",
                    "thread": "http-nio-8169-exec-8",
                    "class": "o.s.w.s.m.m.a.RequestResponseBodyMethodProcessor",
                    "message": "Using 'application/json', given [application/json, text/plain, */*] and supported [application/json, application/*+json, application/json, application/*+json, application/cbor]" }
                    
{
                    "app": "Crmeb",
                    "timestamp":"2026-06-16 10:20:05.561",
                    "level": "DEBUG",
                    "thread": "http-nio-8169-exec-8",
                    "class": "o.s.w.s.m.m.a.RequestResponseBodyMethodProcessor",
                    "message": "Writing [com.zbkj.common.result.CommonResult@1c3617a2]" }
                    
{
                    "app": "Crmeb",
                    "timestamp":"2026-06-16 10:20:05.562",
                    "level": "DEBUG",
                    "thread": "http-nio-8169-exec-8",
                    "class": "o.s.web.servlet.DispatcherServlet",
                    "message": "Completed 200 OK" }
                    
{
                    "app": "Crmeb",
                    "timestamp":"2026-06-16 10:20:06.017",
                    "level": "DEBUG",
                    "thread": "http-nio-8169-exec-5",
                    "class": "o.s.web.servlet.DispatcherServlet",
                    "message": "GET "/api/admin/system/form/temp/info?id=146&temp=1781576405", parameters={masked}" }
                    
{
                    "app": "Crmeb",
                    "timestamp":"2026-06-16 10:20:06.018",
                    "level": "DEBUG",
                    "thread": "http-nio-8169-exec-5",
                    "class": "o.s.w.s.m.m.a.RequestMappingHandlerMapping",
                    "message": "Mapped to com.zbkj.admin.controller.SystemFormTempController#info(Integer)" }
                    
{
                    "app": "Crmeb",
                    "timestamp":"2026-06-16 10:20:06.061",
                    "level": "DEBUG",
                    "thread": "http-nio-8169-exec-5",
                    "class": "o.s.w.s.m.m.a.RequestResponseBodyMethodProcessor",
                    "message": "Using 'application/json', given [application/json, text/plain, */*] and supported [application/json, application/*+json, application/json, application/*+json, application/cbor]" }
                    
{
                    "app": "Crmeb",
                    "timestamp":"2026-06-16 10:20:06.061",
                    "level": "DEBUG",
                    "thread": "http-nio-8169-exec-5",
                    "class": "o.s.w.s.m.m.a.RequestResponseBodyMethodProcessor",
                    "message": "Writing [com.zbkj.common.result.CommonResult@280e6809]" }
                    
{
                    "app": "Crmeb",
                    "timestamp":"2026-06-16 10:20:06.061",
                    "level": "DEBUG",
                    "thread": "http-nio-8169-exec-5",
                    "class": "o.s.web.servlet.DispatcherServlet",
                    "message": "Completed 200 OK" }
                    
{
                    "app": "Crmeb",
                    "timestamp":"2026-06-16 10:20:06.094",
                    "level": "DEBUG",
                    "thread": "http-nio-8169-exec-2",
                    "class": "o.s.web.servlet.DispatcherServlet",
                    "message": "GET "/api/admin/system/config/info?formId=146&temp=1781576406", parameters={masked}" }
                    
{
                    "app": "Crmeb",
                    "timestamp":"2026-06-16 10:20:06.094",
                    "level": "DEBUG",
                    "thread": "http-nio-8169-exec-2",
                    "class": "o.s.w.s.m.m.a.RequestMappingHandlerMapping",
                    "message": "Mapped to com.zbkj.admin.controller.SystemConfigController#info(Integer)" }
                    
{
                    "app": "Crmeb",
                    "timestamp":"2026-06-16 10:20:06.140",
                    "level": "DEBUG",
                    "thread": "http-nio-8169-exec-2",
                    "class": "o.s.w.s.m.m.a.RequestResponseBodyMethodProcessor",
                    "message": "Using 'application/json', given [application/json, text/plain, */*] and supported [application/json, application/*+json, application/json, application/*+json, application/cbor]" }
                    
{
                    "app": "Crmeb",
                    "timestamp":"2026-06-16 10:20:06.140",
                    "level": "DEBUG",
                    "thread": "http-nio-8169-exec-2",
                    "class": "o.s.w.s.m.m.a.RequestResponseBodyMethodProcessor",
                    "message": "Writing [com.zbkj.common.result.CommonResult@32b8dc30]" }
                    
{
                    "app": "Crmeb",
                    "timestamp":"2026-06-16 10:20:06.141",
                    "level": "DEBUG",
                    "thread": "http-nio-8169-exec-2",
                    "class": "o.s.web.servlet.DispatcherServlet",
                    "message": "Completed 200 OK" }
                    
{
                    "app": "Crmeb",
                    "timestamp":"2026-06-16 10:20:06.630",
                    "level": "DEBUG",
                    "thread": "http-nio-8169-exec-30",
                    "class": "o.s.web.servlet.DispatcherServlet",
                    "message": "GET "/api/admin/system/form/temp/info?id=138&temp=1781576406", parameters={masked}" }
                    
{
                    "app": "Crmeb",
                    "timestamp":"2026-06-16 10:20:06.630",
                    "level": "DEBUG",
                    "thread": "http-nio-8169-exec-30",
                    "class": "o.s.w.s.m.m.a.RequestMappingHandlerMapping",
                    "message": "Mapped to com.zbkj.admin.controller.SystemFormTempController#info(Integer)" }
                    
{
                    "app": "Crmeb",
                    "timestamp":"2026-06-16 10:20:06.674",
                    "level": "DEBUG",
                    "thread": "http-nio-8169-exec-30",
                    "class": "o.s.w.s.m.m.a.RequestResponseBodyMethodProcessor",
                    "message": "Using 'application/json', given [application/json, text/plain, */*] and supported [application/json, application/*+json, application/json, application/*+json, application/cbor]" }
                    
{
                    "app": "Crmeb",
                    "timestamp":"2026-06-16 10:20:06.674",
                    "level": "DEBUG",
                    "thread": "http-nio-8169-exec-30",
                    "class": "o.s.w.s.m.m.a.RequestResponseBodyMethodProcessor",
                    "message": "Writing [com.zbkj.common.result.CommonResult@6f65abca]" }
                    
{
                    "app": "Crmeb",
                    "timestamp":"2026-06-16 10:20:06.674",
                    "level": "DEBUG",
                    "thread": "http-nio-8169-exec-30",
                    "class": "o.s.web.servlet.DispatcherServlet",
                    "message": "Completed 200 OK" }
                    
{
                    "app": "Crmeb",
                    "timestamp":"2026-06-16 10:20:06.705",
                    "level": "DEBUG",
                    "thread": "http-nio-8169-exec-29",
                    "class": "o.s.web.servlet.DispatcherServlet",
                    "message": "GET "/api/admin/system/config/info?formId=138&temp=1781576406", parameters={masked}" }
                    
{
                    "app": "Crmeb",
                    "timestamp":"2026-06-16 10:20:06.705",
                    "level": "DEBUG",
                    "thread": "http-nio-8169-exec-29",
                    "class": "o.s.w.s.m.m.a.RequestMappingHandlerMapping",
                    "message": "Mapped to com.zbkj.admin.controller.SystemConfigController#info(Integer)" }
                    
{
                    "app": "Crmeb",
                    "timestamp":"2026-06-16 10:20:06.747",
                    "level": "DEBUG",
                    "thread": "http-nio-8169-exec-29",
                    "class": "o.s.w.s.m.m.a.RequestResponseBodyMethodProcessor",
                    "message": "Using 'application/json', given [application/json, text/plain, */*] and supported [application/json, application/*+json, application/json, application/*+json, application/cbor]" }
                    
{
                    "app": "Crmeb",
                    "timestamp":"2026-06-16 10:20:06.747",
                    "level": "DEBUG",
                    "thread": "http-nio-8169-exec-29",
                    "class": "o.s.w.s.m.m.a.RequestResponseBodyMethodProcessor",
                    "message": "Writing [com.zbkj.common.result.CommonResult@48aaad68]" }
                    
{
                    "app": "Crmeb",
                    "timestamp":"2026-06-16 10:20:06.748",
                    "level": "DEBUG",
                    "thread": "http-nio-8169-exec-29",
                    "class": "o.s.web.servlet.DispatcherServlet",
                    "message": "Completed 200 OK" }
                    
{
                    "app": "Crmeb",
                    "timestamp":"2026-06-16 10:20:07.527",
                    "level": "DEBUG",
                    "thread": "http-nio-8169-exec-9",
                    "class": "o.s.web.servlet.DispatcherServlet",
                    "message": "GET "/api/admin/system/form/temp/info?id=146&temp=1781576407", parameters={masked}" }
                    
{
                    "app": "Crmeb",
                    "timestamp":"2026-06-16 10:20:07.527",
                    "level": "DEBUG",
                    "thread": "http-nio-8169-exec-9",
                    "class": "o.s.w.s.m.m.a.RequestMappingHandlerMapping",
                    "message": "Mapped to com.zbkj.admin.controller.SystemFormTempController#info(Integer)" }
                    
{
                    "app": "Crmeb",
                    "timestamp":"2026-06-16 10:20:07.578",
                    "level": "DEBUG",
                    "thread": "http-nio-8169-exec-9",
                    "class": "o.s.w.s.m.m.a.RequestResponseBodyMethodProcessor",
                    "message": "Using 'application/json', given [application/json, text/plain, */*] and supported [application/json, application/*+json, application/json, application/*+json, application/cbor]" }
                    
{
                    "app": "Crmeb",
                    "timestamp":"2026-06-16 10:20:07.580",
                    "level": "DEBUG",
                    "thread": "http-nio-8169-exec-9",
                    "class": "o.s.w.s.m.m.a.RequestResponseBodyMethodProcessor",
                    "message": "Writing [com.zbkj.common.result.CommonResult@bd9fe0f]" }
                    
{
                    "app": "Crmeb",
                    "timestamp":"2026-06-16 10:20:07.580",
                    "level": "DEBUG",
                    "thread": "http-nio-8169-exec-9",
                    "class": "o.s.web.servlet.DispatcherServlet",
                    "message": "Completed 200 OK" }
                    
{
                    "app": "Crmeb",
                    "timestamp":"2026-06-16 10:20:07.611",
                    "level": "DEBUG",
                    "thread": "http-nio-8169-exec-16",
                    "class": "o.s.web.servlet.DispatcherServlet",
                    "message": "GET "/api/admin/system/config/info?formId=146&temp=1781576407", parameters={masked}" }
                    
{
                    "app": "Crmeb",
                    "timestamp":"2026-06-16 10:20:07.611",
                    "level": "DEBUG",
                    "thread": "http-nio-8169-exec-16",
                    "class": "o.s.w.s.m.m.a.RequestMappingHandlerMapping",
                    "message": "Mapped to com.zbkj.admin.controller.SystemConfigController#info(Integer)" }
                    
{
                    "app": "Crmeb",
                    "timestamp":"2026-06-16 10:20:07.657",
                    "level": "DEBUG",
                    "thread": "http-nio-8169-exec-16",
                    "class": "o.s.w.s.m.m.a.RequestResponseBodyMethodProcessor",
                    "message": "Using 'application/json', given [application/json, text/plain, */*] and supported [application/json, application/*+json, application/json, application/*+json, application/cbor]" }
                    
{
                    "app": "Crmeb",
                    "timestamp":"2026-06-16 10:20:07.657",
                    "level": "DEBUG",
                    "thread": "http-nio-8169-exec-16",
                    "class": "o.s.w.s.m.m.a.RequestResponseBodyMethodProcessor",
                    "message": "Writing [com.zbkj.common.result.CommonResult@4239f4be]" }
                    
{
                    "app": "Crmeb",
                    "timestamp":"2026-06-16 10:20:07.657",
                    "level": "DEBUG",
                    "thread": "http-nio-8169-exec-16",
                    "class": "o.s.web.servlet.DispatcherServlet",
                    "message": "Completed 200 OK" }
                    
{
                    "app": "Crmeb",
                    "timestamp":"2026-06-16 10:20:10.393",
                    "level": "DEBUG",
                    "thread": "http-nio-8169-exec-24",
                    "class": "o.s.web.servlet.DispatcherServlet",
                    "message": "GET "/api/admin/system/form/temp/info?id=64&temp=1781576410", parameters={masked}" }
                    
{
                    "app": "Crmeb",
                    "timestamp":"2026-06-16 10:20:10.393",
                    "level": "DEBUG",
                    "thread": "http-nio-8169-exec-24",
                    "class": "o.s.w.s.m.m.a.RequestMappingHandlerMapping",
                    "message": "Mapped to com.zbkj.admin.controller.SystemFormTempController#info(Integer)" }
                    
{
                    "app": "Crmeb",
                    "timestamp":"2026-06-16 10:20:10.438",
                    "level": "DEBUG",
                    "thread": "http-nio-8169-exec-24",
                    "class": "o.s.w.s.m.m.a.RequestResponseBodyMethodProcessor",
                    "message": "Using 'application/json', given [application/json, text/plain, */*] and supported [application/json, application/*+json, application/json, application/*+json, application/cbor]" }
                    
{
                    "app": "Crmeb",
                    "timestamp":"2026-06-16 10:20:10.439",
                    "level": "DEBUG",
                    "thread": "http-nio-8169-exec-24",
                    "class": "o.s.w.s.m.m.a.RequestResponseBodyMethodProcessor",
                    "message": "Writing [com.zbkj.common.result.CommonResult@63adc9ad]" }
                    
{
                    "app": "Crmeb",
                    "timestamp":"2026-06-16 10:20:10.439",
                    "level": "DEBUG",
                    "thread": "http-nio-8169-exec-24",
                    "class": "o.s.web.servlet.DispatcherServlet",
                    "message": "Completed 200 OK" }
                    
{
                    "app": "Crmeb",
                    "timestamp":"2026-06-16 10:20:10.474",
                    "level": "DEBUG",
                    "thread": "http-nio-8169-exec-12",
                    "class": "o.s.web.servlet.DispatcherServlet",
                    "message": "GET "/api/admin/system/config/info?formId=64&temp=1781576410", parameters={masked}" }
                    
{
                    "app": "Crmeb",
                    "timestamp":"2026-06-16 10:20:10.474",
                    "level": "DEBUG",
                    "thread": "http-nio-8169-exec-12",
                    "class": "o.s.w.s.m.m.a.RequestMappingHandlerMapping",
                    "message": "Mapped to com.zbkj.admin.controller.SystemConfigController#info(Integer)" }
                    
{
                    "app": "Crmeb",
                    "timestamp":"2026-06-16 10:20:10.520",
                    "level": "DEBUG",
                    "thread": "http-nio-8169-exec-12",
                    "class": "o.s.w.s.m.m.a.RequestResponseBodyMethodProcessor",
                    "message": "Using 'application/json', given [application/json, text/plain, */*] and supported [application/json, application/*+json, application/json, application/*+json, application/cbor]" }
                    
{
                    "app": "Crmeb",
                    "timestamp":"2026-06-16 10:20:10.520",
                    "level": "DEBUG",
                    "thread": "http-nio-8169-exec-12",
                    "class": "o.s.w.s.m.m.a.RequestResponseBodyMethodProcessor",
                    "message": "Writing [com.zbkj.common.result.CommonResult@296d8c8c]" }
                    
{
                    "app": "Crmeb",
                    "timestamp":"2026-06-16 10:20:10.520",
                    "level": "DEBUG",
                    "thread": "http-nio-8169-exec-12",
                    "class": "o.s.web.servlet.DispatcherServlet",
                    "message": "Completed 200 OK" }
                    
{
                    "app": "Crmeb",
                    "timestamp":"2026-06-16 10:20:18.292",
                    "level": "DEBUG",
                    "thread": "http-nio-8169-exec-4",
                    "class": "o.s.web.servlet.DispatcherServlet",
                    "message": "POST "/api/admin/system/config/save/form", parameters={}" }
                    
{
                    "app": "Crmeb",
                    "timestamp":"2026-06-16 10:20:18.292",
                    "level": "DEBUG",
                    "thread": "http-nio-8169-exec-4",
                    "class": "o.s.w.s.m.m.a.RequestMappingHandlerMapping",
                    "message": "Mapped to com.zbkj.admin.controller.SystemConfigController#saveFrom(SystemFormCheckRequest)" }
                    
{
                    "app": "Crmeb",
                    "timestamp":"2026-06-16 10:20:18.292",
                    "level": "DEBUG",
                    "thread": "http-nio-8169-exec-4",
                    "class": "o.s.w.s.m.m.a.RequestResponseBodyMethodProcessor",
                    "message": "Read "application/json;charset=UTF-8" to [SystemFormCheckRequest(id=64, sort=0, status=true, fields=[SystemFormItemCheckRequest(name=api_url,  (truncated)...]" }
                    
{
                    "app": "Crmeb",
                    "timestamp":"2026-06-16 10:20:20.267",
                    "level": "DEBUG",
                    "thread": "http-nio-8169-exec-4",
                    "class": "o.s.w.s.m.m.a.RequestResponseBodyMethodProcessor",
                    "message": "Using 'application/json', given [application/json, text/plain, */*] and supported [application/json, application/*+json, application/json, application/*+json, application/cbor]" }
                    
{
                    "app": "Crmeb",
                    "timestamp":"2026-06-16 10:20:20.267",
                    "level": "DEBUG",
                    "thread": "http-nio-8169-exec-4",
                    "class": "o.s.w.s.m.m.a.RequestResponseBodyMethodProcessor",
                    "message": "Writing [com.zbkj.common.result.CommonResult@4d76ccbb]" }
                    
{
                    "app": "Crmeb",
                    "timestamp":"2026-06-16 10:20:20.267",
                    "level": "DEBUG",
                    "thread": "http-nio-8169-exec-4",
                    "class": "o.s.web.servlet.DispatcherServlet",
                    "message": "Completed 200 OK" }
                    
{
                    "app": "Crmeb",
                    "timestamp":"2026-06-16 10:20:21.050",
                    "level": "DEBUG",
                    "thread": "http-nio-8169-exec-15",
                    "class": "o.s.web.servlet.DispatcherServlet",
                    "message": "GET "/api/admin/system/form/temp/info?id=122&temp=1781576420", parameters={masked}" }
                    
{
                    "app": "Crmeb",
                    "timestamp":"2026-06-16 10:20:21.050",
                    "level": "DEBUG",
                    "thread": "http-nio-8169-exec-15",
                    "class": "o.s.w.s.m.m.a.RequestMappingHandlerMapping",
                    "message": "Mapped to com.zbkj.admin.controller.SystemFormTempController#info(Integer)" }
                    
{
                    "app": "Crmeb",
                    "timestamp":"2026-06-16 10:20:21.101",
                    "level": "DEBUG",
                    "thread": "http-nio-8169-exec-15",
                    "class": "o.s.w.s.m.m.a.RequestResponseBodyMethodProcessor",
                    "message": "Using 'application/json', given [application/json, text/plain, */*] and supported [application/json, application/*+json, application/json, application/*+json, application/cbor]" }
                    
{
                    "app": "Crmeb",
                    "timestamp":"2026-06-16 10:20:21.102",
                    "level": "DEBUG",
                    "thread": "http-nio-8169-exec-15",
                    "class": "o.s.w.s.m.m.a.RequestResponseBodyMethodProcessor",
                    "message": "Writing [com.zbkj.common.result.CommonResult@12b82723]" }
                    
{
                    "app": "Crmeb",
                    "timestamp":"2026-06-16 10:20:21.102",
                    "level": "DEBUG",
                    "thread": "http-nio-8169-exec-15",
                    "class": "o.s.web.servlet.DispatcherServlet",
                    "message": "Completed 200 OK" }
                    
{
                    "app": "Crmeb",
                    "timestamp":"2026-06-16 10:20:21.131",
                    "level": "DEBUG",
                    "thread": "http-nio-8169-exec-17",
                    "class": "o.s.web.servlet.DispatcherServlet",
                    "message": "GET "/api/admin/system/config/info?formId=122&temp=1781576421", parameters={masked}" }
                    
{
                    "app": "Crmeb",
                    "timestamp":"2026-06-16 10:20:21.131",
                    "level": "DEBUG",
                    "thread": "http-nio-8169-exec-17",
                    "class": "o.s.w.s.m.m.a.RequestMappingHandlerMapping",
                    "message": "Mapped to com.zbkj.admin.controller.SystemConfigController#info(Integer)" }
                    
{
                    "app": "Crmeb",
                    "timestamp":"2026-06-16 10:20:21.178",
                    "level": "DEBUG",
                    "thread": "http-nio-8169-exec-17",
                    "class": "o.s.w.s.m.m.a.RequestResponseBodyMethodProcessor",
                    "message": "Using 'application/json', given [application/json, text/plain, */*] and supported [application/json, application/*+json, application/json, application/*+json, application/cbor]" }
                    
{
                    "app": "Crmeb",
                    "timestamp":"2026-06-16 10:20:21.179",
                    "level": "DEBUG",
                    "thread": "http-nio-8169-exec-17",
                    "class": "o.s.w.s.m.m.a.RequestResponseBodyMethodProcessor",
                    "message": "Writing [com.zbkj.common.result.CommonResult@ff87262]" }
                    
{
                    "app": "Crmeb",
                    "timestamp":"2026-06-16 10:20:21.179",
                    "level": "DEBUG",
                    "thread": "http-nio-8169-exec-17",
                    "class": "o.s.web.servlet.DispatcherServlet",
                    "message": "Completed 200 OK" }
                    
{
                    "app": "Crmeb",
                    "timestamp":"2026-06-16 10:20:22.920",
                    "level": "DEBUG",
                    "thread": "http-nio-8169-exec-23",
                    "class": "o.s.web.servlet.DispatcherServlet",
                    "message": "GET "/api/admin/system/form/temp/info?id=67&temp=1781576422", parameters={masked}" }
                    
{
                    "app": "Crmeb",
                    "timestamp":"2026-06-16 10:20:22.920",
                    "level": "DEBUG",
                    "thread": "http-nio-8169-exec-23",
                    "class": "o.s.w.s.m.m.a.RequestMappingHandlerMapping",
                    "message": "Mapped to com.zbkj.admin.controller.SystemFormTempController#info(Integer)" }
                    
{
                    "app": "Crmeb",
                    "timestamp":"2026-06-16 10:20:22.965",
                    "level": "DEBUG",
                    "thread": "http-nio-8169-exec-23",
                    "class": "o.s.w.s.m.m.a.RequestResponseBodyMethodProcessor",
                    "message": "Using 'application/json', given [application/json, text/plain, */*] and supported [application/json, application/*+json, application/json, application/*+json, application/cbor]" }
                    
{
                    "app": "Crmeb",
                    "timestamp":"2026-06-16 10:20:22.966",
                    "level": "DEBUG",
                    "thread": "http-nio-8169-exec-23",
                    "class": "o.s.w.s.m.m.a.RequestResponseBodyMethodProcessor",
                    "message": "Writing [com.zbkj.common.result.CommonResult@172175e8]" }
                    
{
                    "app": "Crmeb",
                    "timestamp":"2026-06-16 10:20:22.966",
                    "level": "DEBUG",
                    "thread": "http-nio-8169-exec-23",
                    "class": "o.s.web.servlet.DispatcherServlet",
                    "message": "Completed 200 OK" }
                    
{
                    "app": "Crmeb",
                    "timestamp":"2026-06-16 10:20:22.997",
                    "level": "DEBUG",
                    "thread": "http-nio-8169-exec-20",
                    "class": "o.s.web.servlet.DispatcherServlet",
                    "message": "GET "/api/admin/system/config/info?formId=67&temp=1781576422", parameters={masked}" }
                    
{
                    "app": "Crmeb",
                    "timestamp":"2026-06-16 10:20:22.997",
                    "level": "DEBUG",
                    "thread": "http-nio-8169-exec-20",
                    "class": "o.s.w.s.m.m.a.RequestMappingHandlerMapping",
                    "message": "Mapped to com.zbkj.admin.controller.SystemConfigController#info(Integer)" }
                    
{
                    "app": "Crmeb",
                    "timestamp":"2026-06-16 10:20:23.044",
                    "level": "DEBUG",
                    "thread": "http-nio-8169-exec-20",
                    "class": "o.s.w.s.m.m.a.RequestResponseBodyMethodProcessor",
                    "message": "Using 'application/json', given [application/json, text/plain, */*] and supported [application/json, application/*+json, application/json, application/*+json, application/cbor]" }
                    
{
                    "app": "Crmeb",
                    "timestamp":"2026-06-16 10:20:23.044",
                    "level": "DEBUG",
                    "thread": "http-nio-8169-exec-20",
                    "class": "o.s.w.s.m.m.a.RequestResponseBodyMethodProcessor",
                    "message": "Writing [com.zbkj.common.result.CommonResult@2f0dc0ee]" }
                    
{
                    "app": "Crmeb",
                    "timestamp":"2026-06-16 10:20:23.045",
                    "level": "DEBUG",
                    "thread": "http-nio-8169-exec-20",
                    "class": "o.s.web.servlet.DispatcherServlet",
                    "message": "Completed 200 OK" }
                    
{
                    "app": "Crmeb",
                    "timestamp":"2026-06-16 10:20:23.555",
                    "level": "DEBUG",
                    "thread": "http-nio-8169-exec-27",
                    "class": "o.s.web.servlet.DispatcherServlet",
                    "message": "GET "/api/admin/system/form/temp/info?id=111&temp=1781576423", parameters={masked}" }
                    
{
                    "app": "Crmeb",
                    "timestamp":"2026-06-16 10:20:23.555",
                    "level": "DEBUG",
                    "thread": "http-nio-8169-exec-27",
                    "class": "o.s.w.s.m.m.a.RequestMappingHandlerMapping",
                    "message": "Mapped to com.zbkj.admin.controller.SystemFormTempController#info(Integer)" }
                    
{
                    "app": "Crmeb",
                    "timestamp":"2026-06-16 10:20:23.600",
                    "level": "DEBUG",
                    "thread": "http-nio-8169-exec-27",
                    "class": "o.s.w.s.m.m.a.RequestResponseBodyMethodProcessor",
                    "message": "Using 'application/json', given [application/json, text/plain, */*] and supported [application/json, application/*+json, application/json, application/*+json, application/cbor]" }
                    
{
                    "app": "Crmeb",
                    "timestamp":"2026-06-16 10:20:23.600",
                    "level": "DEBUG",
                    "thread": "http-nio-8169-exec-27",
                    "class": "o.s.w.s.m.m.a.RequestResponseBodyMethodProcessor",
                    "message": "Writing [com.zbkj.common.result.CommonResult@5cf80555]" }
                    
{
                    "app": "Crmeb",
                    "timestamp":"2026-06-16 10:20:23.600",
                    "level": "DEBUG",
                    "thread": "http-nio-8169-exec-27",
                    "class": "o.s.web.servlet.DispatcherServlet",
                    "message": "Completed 200 OK" }
                    
{
                    "app": "Crmeb",
                    "timestamp":"2026-06-16 10:20:23.628",
                    "level": "DEBUG",
                    "thread": "http-nio-8169-exec-8",
                    "class": "o.s.web.servlet.DispatcherServlet",
                    "message": "GET "/api/admin/system/config/info?formId=111&temp=1781576423", parameters={masked}" }
                    
{
                    "app": "Crmeb",
                    "timestamp":"2026-06-16 10:20:23.629",
                    "level": "DEBUG",
                    "thread": "http-nio-8169-exec-8",
                    "class": "o.s.w.s.m.m.a.RequestMappingHandlerMapping",
                    "message": "Mapped to com.zbkj.admin.controller.SystemConfigController#info(Integer)" }
                    
{
                    "app": "Crmeb",
                    "timestamp":"2026-06-16 10:20:23.672",
                    "level": "DEBUG",
                    "thread": "http-nio-8169-exec-8",
                    "class": "o.s.w.s.m.m.a.RequestResponseBodyMethodProcessor",
                    "message": "Using 'application/json', given [application/json, text/plain, */*] and supported [application/json, application/*+json, application/json, application/*+json, application/cbor]" }
                    
{
                    "app": "Crmeb",
                    "timestamp":"2026-06-16 10:20:23.672",
                    "level": "DEBUG",
                    "thread": "http-nio-8169-exec-8",
                    "class": "o.s.w.s.m.m.a.RequestResponseBodyMethodProcessor",
                    "message": "Writing [com.zbkj.common.result.CommonResult@41882fc9]" }
                    
{
                    "app": "Crmeb",
                    "timestamp":"2026-06-16 10:20:23.672",
                    "level": "DEBUG",
                    "thread": "http-nio-8169-exec-8",
                    "class": "o.s.web.servlet.DispatcherServlet",
                    "message": "Completed 200 OK" }
                    
{
                    "app": "Crmeb",
                    "timestamp":"2026-06-16 10:20:24.165",
                    "level": "DEBUG",
                    "thread": "http-nio-8169-exec-5",
                    "class": "o.s.web.servlet.DispatcherServlet",
                    "message": "GET "/api/admin/system/form/temp/info?id=108&temp=1781576424", parameters={masked}" }
                    
{
                    "app": "Crmeb",
                    "timestamp":"2026-06-16 10:20:24.166",
                    "level": "DEBUG",
                    "thread": "http-nio-8169-exec-5",
                    "class": "o.s.w.s.m.m.a.RequestMappingHandlerMapping",
                    "message": "Mapped to com.zbkj.admin.controller.SystemFormTempController#info(Integer)" }
                    
{
                    "app": "Crmeb",
                    "timestamp":"2026-06-16 10:20:24.215",
                    "level": "DEBUG",
                    "thread": "http-nio-8169-exec-5",
                    "class": "o.s.w.s.m.m.a.RequestResponseBodyMethodProcessor",
                    "message": "Using 'application/json', given [application/json, text/plain, */*] and supported [application/json, application/*+json, application/json, application/*+json, application/cbor]" }
                    
{
                    "app": "Crmeb",
                    "timestamp":"2026-06-16 10:20:24.215",
                    "level": "DEBUG",
                    "thread": "http-nio-8169-exec-5",
                    "class": "o.s.w.s.m.m.a.RequestResponseBodyMethodProcessor",
                    "message": "Writing [com.zbkj.common.result.CommonResult@5e8a0154]" }
                    
{
                    "app": "Crmeb",
                    "timestamp":"2026-06-16 10:20:24.216",
                    "level": "DEBUG",
                    "thread": "http-nio-8169-exec-5",
                    "class": "o.s.web.servlet.DispatcherServlet",
                    "message": "Completed 200 OK" }
                    
{
                    "app": "Crmeb",
                    "timestamp":"2026-06-16 10:20:24.247",
                    "level": "DEBUG",
                    "thread": "http-nio-8169-exec-2",
                    "class": "o.s.web.servlet.DispatcherServlet",
                    "message": "GET "/api/admin/system/config/info?formId=108&temp=1781576424", parameters={masked}" }
                    
{
                    "app": "Crmeb",
                    "timestamp":"2026-06-16 10:20:24.248",
                    "level": "DEBUG",
                    "thread": "http-nio-8169-exec-2",
                    "class": "o.s.w.s.m.m.a.RequestMappingHandlerMapping",
                    "message": "Mapped to com.zbkj.admin.controller.SystemConfigController#info(Integer)" }
                    
{
                    "app": "Crmeb",
                    "timestamp":"2026-06-16 10:20:24.294",
                    "level": "DEBUG",
                    "thread": "http-nio-8169-exec-2",
                    "class": "o.s.w.s.m.m.a.RequestResponseBodyMethodProcessor",
                    "message": "Using 'application/json', given [application/json, text/plain, */*] and supported [application/json, application/*+json, application/json, application/*+json, application/cbor]" }
                    
{
                    "app": "Crmeb",
                    "timestamp":"2026-06-16 10:20:24.294",
                    "level": "DEBUG",
                    "thread": "http-nio-8169-exec-2",
                    "class": "o.s.w.s.m.m.a.RequestResponseBodyMethodProcessor",
                    "message": "Writing [com.zbkj.common.result.CommonResult@379b0c5e]" }
                    
{
                    "app": "Crmeb",
                    "timestamp":"2026-06-16 10:20:24.294",
                    "level": "DEBUG",
                    "thread": "http-nio-8169-exec-2",
                    "class": "o.s.web.servlet.DispatcherServlet",
                    "message": "Completed 200 OK" }
                    
{
                    "app": "Crmeb",
                    "timestamp":"2026-06-16 10:20:24.841",
                    "level": "DEBUG",
                    "thread": "http-nio-8169-exec-30",
                    "class": "o.s.web.servlet.DispatcherServlet",
                    "message": "GET "/api/admin/system/form/temp/info?id=111&temp=1781576424", parameters={masked}" }
                    
{
                    "app": "Crmeb",
                    "timestamp":"2026-06-16 10:20:24.841",
                    "level": "DEBUG",
                    "thread": "http-nio-8169-exec-30",
                    "class": "o.s.w.s.m.m.a.RequestMappingHandlerMapping",
                    "message": "Mapped to com.zbkj.admin.controller.SystemFormTempController#info(Integer)" }
                    
{
                    "app": "Crmeb",
                    "timestamp":"2026-06-16 10:20:24.894",
                    "level": "DEBUG",
                    "thread": "http-nio-8169-exec-30",
                    "class": "o.s.w.s.m.m.a.RequestResponseBodyMethodProcessor",
                    "message": "Using 'application/json', given [application/json, text/plain, */*] and supported [application/json, application/*+json, application/json, application/*+json, application/cbor]" }
                    
{
                    "app": "Crmeb",
                    "timestamp":"2026-06-16 10:20:24.895",
                    "level": "DEBUG",
                    "thread": "http-nio-8169-exec-30",
                    "class": "o.s.w.s.m.m.a.RequestResponseBodyMethodProcessor",
                    "message": "Writing [com.zbkj.common.result.CommonResult@4a5b6e7b]" }
                    
{
                    "app": "Crmeb",
                    "timestamp":"2026-06-16 10:20:24.895",
                    "level": "DEBUG",
                    "thread": "http-nio-8169-exec-30",
                    "class": "o.s.web.servlet.DispatcherServlet",
                    "message": "Completed 200 OK" }
                    
{
                    "app": "Crmeb",
                    "timestamp":"2026-06-16 10:20:24.925",
                    "level": "DEBUG",
                    "thread": "http-nio-8169-exec-29",
                    "class": "o.s.web.servlet.DispatcherServlet",
                    "message": "GET "/api/admin/system/config/info?formId=111&temp=1781576424", parameters={masked}" }
                    
{
                    "app": "Crmeb",
                    "timestamp":"2026-06-16 10:20:24.925",
                    "level": "DEBUG",
                    "thread": "http-nio-8169-exec-29",
                    "class": "o.s.w.s.m.m.a.RequestMappingHandlerMapping",
                    "message": "Mapped to com.zbkj.admin.controller.SystemConfigController#info(Integer)" }
                    
{
                    "app": "Crmeb",
                    "timestamp":"2026-06-16 10:20:24.971",
                    "level": "DEBUG",
                    "thread": "http-nio-8169-exec-29",
                    "class": "o.s.w.s.m.m.a.RequestResponseBodyMethodProcessor",
                    "message": "Using 'application/json', given [application/json, text/plain, */*] and supported [application/json, application/*+json, application/json, application/*+json, application/cbor]" }
                    
{
                    "app": "Crmeb",
                    "timestamp":"2026-06-16 10:20:24.971",
                    "level": "DEBUG",
                    "thread": "http-nio-8169-exec-29",
                    "class": "o.s.w.s.m.m.a.RequestResponseBodyMethodProcessor",
                    "message": "Writing [com.zbkj.common.result.CommonResult@35c2433d]" }
                    
{
                    "app": "Crmeb",
                    "timestamp":"2026-06-16 10:20:24.971",
                    "level": "DEBUG",
                    "thread": "http-nio-8169-exec-29",
                    "class": "o.s.web.servlet.DispatcherServlet",
                    "message": "Completed 200 OK" }
                    
{
                    "app": "Crmeb",
                    "timestamp":"2026-06-16 10:20:25.553",
                    "level": "DEBUG",
                    "thread": "http-nio-8169-exec-9",
                    "class": "o.s.web.servlet.DispatcherServlet",
                    "message": "GET "/api/admin/system/form/temp/info?id=108&temp=1781576425", parameters={masked}" }
                    
{
                    "app": "Crmeb",
                    "timestamp":"2026-06-16 10:20:25.553",
                    "level": "DEBUG",
                    "thread": "http-nio-8169-exec-9",
                    "class": "o.s.w.s.m.m.a.RequestMappingHandlerMapping",
                    "message": "Mapped to com.zbkj.admin.controller.SystemFormTempController#info(Integer)" }
                    
{
                    "app": "Crmeb",
                    "timestamp":"2026-06-16 10:20:25.600",
                    "level": "DEBUG",
                    "thread": "http-nio-8169-exec-9",
                    "class": "o.s.w.s.m.m.a.RequestResponseBodyMethodProcessor",
                    "message": "Using 'application/json', given [application/json, text/plain, */*] and supported [application/json, application/*+json, application/json, application/*+json, application/cbor]" }
                    
{
                    "app": "Crmeb",
                    "timestamp":"2026-06-16 10:20:25.600",
                    "level": "DEBUG",
                    "thread": "http-nio-8169-exec-9",
                    "class": "o.s.w.s.m.m.a.RequestResponseBodyMethodProcessor",
                    "message": "Writing [com.zbkj.common.result.CommonResult@3f11063]" }
                    
{
                    "app": "Crmeb",
                    "timestamp":"2026-06-16 10:20:25.601",
                    "level": "DEBUG",
                    "thread": "http-nio-8169-exec-9",
                    "class": "o.s.web.servlet.DispatcherServlet",
                    "message": "Completed 200 OK" }
                    
{
                    "app": "Crmeb",
                    "timestamp":"2026-06-16 10:20:25.637",
                    "level": "DEBUG",
                    "thread": "http-nio-8169-exec-16",
                    "class": "o.s.web.servlet.DispatcherServlet",
                    "message": "GET "/api/admin/system/config/info?formId=108&temp=1781576425", parameters={masked}" }
                    
{
                    "app": "Crmeb",
                    "timestamp":"2026-06-16 10:20:25.637",
                    "level": "DEBUG",
                    "thread": "http-nio-8169-exec-16",
                    "class": "o.s.w.s.m.m.a.RequestMappingHandlerMapping",
                    "message": "Mapped to com.zbkj.admin.controller.SystemConfigController#info(Integer)" }
                    
{
                    "app": "Crmeb",
                    "timestamp":"2026-06-16 10:20:25.684",
                    "level": "DEBUG",
                    "thread": "http-nio-8169-exec-16",
                    "class": "o.s.w.s.m.m.a.RequestResponseBodyMethodProcessor",
                    "message": "Using 'application/json', given [application/json, text/plain, */*] and supported [application/json, application/*+json, application/json, application/*+json, application/cbor]" }
                    
{
                    "app": "Crmeb",
                    "timestamp":"2026-06-16 10:20:25.684",
                    "level": "DEBUG",
                    "thread": "http-nio-8169-exec-16",
                    "class": "o.s.w.s.m.m.a.RequestResponseBodyMethodProcessor",
                    "message": "Writing [com.zbkj.common.result.CommonResult@4daf698]" }
                    
{
                    "app": "Crmeb",
                    "timestamp":"2026-06-16 10:20:25.684",
                    "level": "DEBUG",
                    "thread": "http-nio-8169-exec-16",
                    "class": "o.s.web.servlet.DispatcherServlet",
                    "message": "Completed 200 OK" }
                    
{
                    "app": "Crmeb",
                    "timestamp":"2026-06-16 10:20:42.792",
                    "level": "DEBUG",
                    "thread": "http-nio-8169-exec-10",
                    "class": "o.s.web.servlet.DispatcherServlet",
                    "message": "GET "/api/admin/system/form/temp/info?id=111&temp=1781576442", parameters={masked}" }
                    
{
                    "app": "Crmeb",
                    "timestamp":"2026-06-16 10:20:42.793",
                    "level": "DEBUG",
                    "thread": "http-nio-8169-exec-10",
                    "class": "o.s.w.s.m.m.a.RequestMappingHandlerMapping",
                    "message": "Mapped to com.zbkj.admin.controller.SystemFormTempController#info(Integer)" }
                    
{
                    "app": "Crmeb",
                    "timestamp":"2026-06-16 10:20:42.842",
                    "level": "DEBUG",
                    "thread": "http-nio-8169-exec-10",
                    "class": "o.s.w.s.m.m.a.RequestResponseBodyMethodProcessor",
                    "message": "Using 'application/json', given [application/json, text/plain, */*] and supported [application/json, application/*+json, application/json, application/*+json, application/cbor]" }
                    
{
                    "app": "Crmeb",
                    "timestamp":"2026-06-16 10:20:42.842",
                    "level": "DEBUG",
                    "thread": "http-nio-8169-exec-10",
                    "class": "o.s.w.s.m.m.a.RequestResponseBodyMethodProcessor",
                    "message": "Writing [com.zbkj.common.result.CommonResult@2ce44ecf]" }
                    
{
                    "app": "Crmeb",
                    "timestamp":"2026-06-16 10:20:42.842",
                    "level": "DEBUG",
                    "thread": "http-nio-8169-exec-10",
                    "class": "o.s.web.servlet.DispatcherServlet",
                    "message": "Completed 200 OK" }
                    
{
                    "app": "Crmeb",
                    "timestamp":"2026-06-16 10:20:42.892",
                    "level": "DEBUG",
                    "thread": "http-nio-8169-exec-18",
                    "class": "o.s.web.servlet.DispatcherServlet",
                    "message": "GET "/api/admin/system/config/info?formId=111&temp=1781576442", parameters={masked}" }
                    
{
                    "app": "Crmeb",
                    "timestamp":"2026-06-16 10:20:42.892",
                    "level": "DEBUG",
                    "thread": "http-nio-8169-exec-18",
                    "class": "o.s.w.s.m.m.a.RequestMappingHandlerMapping",
                    "message": "Mapped to com.zbkj.admin.controller.SystemConfigController#info(Integer)" }
                    
{
                    "app": "Crmeb",
                    "timestamp":"2026-06-16 10:20:42.940",
                    "level": "DEBUG",
                    "thread": "http-nio-8169-exec-18",
                    "class": "o.s.w.s.m.m.a.RequestResponseBodyMethodProcessor",
                    "message": "Using 'application/json', given [application/json, text/plain, */*] and supported [application/json, application/*+json, application/json, application/*+json, application/cbor]" }
                    
{
                    "app": "Crmeb",
                    "timestamp":"2026-06-16 10:20:42.940",
                    "level": "DEBUG",
                    "thread": "http-nio-8169-exec-18",
                    "class": "o.s.w.s.m.m.a.RequestResponseBodyMethodProcessor",
                    "message": "Writing [com.zbkj.common.result.CommonResult@64bd7934]" }
                    
{
                    "app": "Crmeb",
                    "timestamp":"2026-06-16 10:20:42.940",
                    "level": "DEBUG",
                    "thread": "http-nio-8169-exec-18",
                    "class": "o.s.web.servlet.DispatcherServlet",
                    "message": "Completed 200 OK" }
                    
{
                    "app": "Crmeb",
                    "timestamp":"2026-06-16 10:20:45.492",
                    "level": "DEBUG",
                    "thread": "http-nio-8169-exec-15",
                    "class": "o.s.web.servlet.DispatcherServlet",
                    "message": "GET "/api/admin/category/list/tree?type=2&status=-1&temp=1781576445", parameters={masked}" }
                    
{
                    "app": "Crmeb",
                    "timestamp":"2026-06-16 10:20:45.492",
                    "level": "DEBUG",
                    "thread": "http-nio-8169-exec-22",
                    "class": "o.s.web.servlet.DispatcherServlet",
                    "message": "GET "/api/admin/system/attachment/list?page=1&limit=18&pid=0&attType=jpg,jpeg,gif,png,bmp,PNG,JPG&temp=1781576445", parameters={masked}" }
                    
{
                    "app": "Crmeb",
                    "timestamp":"2026-06-16 10:20:45.493",
                    "level": "DEBUG",
                    "thread": "http-nio-8169-exec-15",
                    "class": "o.s.w.s.m.m.a.RequestMappingHandlerMapping",
                    "message": "Mapped to com.zbkj.admin.controller.CategoryController#getListTree(Integer, Integer, String)" }
                    
{
                    "app": "Crmeb",
                    "timestamp":"2026-06-16 10:20:45.493",
                    "level": "DEBUG",
                    "thread": "http-nio-8169-exec-22",
                    "class": "o.s.w.s.m.m.a.RequestMappingHandlerMapping",
                    "message": "Mapped to com.zbkj.admin.controller.SystemAttachmentController#getList(Integer, String, PageParamRequest)" }
                    
{
                    "app": "Crmeb",
                    "timestamp":"2026-06-16 10:20:45.544",
                    "level": "DEBUG",
                    "thread": "http-nio-8169-exec-15",
                    "class": "o.s.w.s.m.m.a.RequestResponseBodyMethodProcessor",
                    "message": "Using 'application/json', given [application/json, text/plain, */*] and supported [application/json, application/*+json, application/json, application/*+json, application/cbor]" }
                    
{
                    "app": "Crmeb",
                    "timestamp":"2026-06-16 10:20:45.544",
                    "level": "DEBUG",
                    "thread": "http-nio-8169-exec-15",
                    "class": "o.s.w.s.m.m.a.RequestResponseBodyMethodProcessor",
                    "message": "Writing [com.zbkj.common.result.CommonResult@62aca91b]" }
                    
{
                    "app": "Crmeb",
                    "timestamp":"2026-06-16 10:20:45.545",
                    "level": "DEBUG",
                    "thread": "http-nio-8169-exec-15",
                    "class": "o.s.web.servlet.DispatcherServlet",
                    "message": "Completed 200 OK" }
                    
{
                    "app": "Crmeb",
                    "timestamp":"2026-06-16 10:20:45.599",
                    "level": "DEBUG",
                    "thread": "http-nio-8169-exec-22",
                    "class": "o.s.w.s.m.m.a.RequestResponseBodyMethodProcessor",
                    "message": "Using 'application/json', given [application/json, text/plain, */*] and supported [application/json, application/*+json, application/json, application/*+json, application/cbor]" }
                    
{
                    "app": "Crmeb",
                    "timestamp":"2026-06-16 10:20:45.599",
                    "level": "DEBUG",
                    "thread": "http-nio-8169-exec-22",
                    "class": "o.s.w.s.m.m.a.RequestResponseBodyMethodProcessor",
                    "message": "Writing [com.zbkj.common.result.CommonResult@1ba63e3a]" }
                    
{
                    "app": "Crmeb",
                    "timestamp":"2026-06-16 10:20:45.604",
                    "level": "DEBUG",
                    "thread": "http-nio-8169-exec-22",
                    "class": "o.s.web.servlet.DispatcherServlet",
                    "message": "Completed 200 OK" }
                    
{
                    "app": "Crmeb",
                    "timestamp":"2026-06-16 10:20:51.968",
                    "level": "DEBUG",
                    "thread": "http-nio-8169-exec-21",
                    "class": "o.s.web.servlet.DispatcherServlet",
                    "message": "GET "/api/admin/logout?temp=1781576451", parameters={masked}" }
                    
{
                    "app": "Crmeb",
                    "timestamp":"2026-06-16 10:20:51.969",
                    "level": "DEBUG",
                    "thread": "http-nio-8169-exec-21",
                    "class": "o.s.w.s.m.m.a.RequestMappingHandlerMapping",
                    "message": "Mapped to com.zbkj.admin.controller.AdminLoginController#SystemAdminLogout()" }
                    
{
                    "app": "Crmeb",
                    "timestamp":"2026-06-16 10:20:52.014",
                    "level": "DEBUG",
                    "thread": "http-nio-8169-exec-21",
                    "class": "o.s.w.s.m.m.a.RequestResponseBodyMethodProcessor",
                    "message": "Using 'application/json', given [application/json, text/plain, */*] and supported [application/json, application/*+json, application/json, application/*+json, application/cbor]" }
                    
{
                    "app": "Crmeb",
                    "timestamp":"2026-06-16 10:20:52.015",
                    "level": "DEBUG",
                    "thread": "http-nio-8169-exec-21",
                    "class": "o.s.w.s.m.m.a.RequestResponseBodyMethodProcessor",
                    "message": "Writing [com.zbkj.common.result.CommonResult@8881e20]" }
                    
{
                    "app": "Crmeb",
                    "timestamp":"2026-06-16 10:20:52.015",
                    "level": "DEBUG",
                    "thread": "http-nio-8169-exec-21",
                    "class": "o.s.web.servlet.DispatcherServlet",
                    "message": "Completed 200 OK" }
                    
{
                    "app": "Crmeb",
                    "timestamp":"2026-06-16 10:20:52.066",
                    "level": "DEBUG",
                    "thread": "http-nio-8169-exec-20",
                    "class": "o.s.web.servlet.DispatcherServlet",
                    "message": "GET "/api/admin/getLoginPic?temp=1781576452", parameters={masked}" }
                    
{
                    "app": "Crmeb",
                    "timestamp":"2026-06-16 10:20:52.066",
                    "level": "DEBUG",
                    "thread": "http-nio-8169-exec-20",
                    "class": "o.s.w.s.m.m.a.RequestMappingHandlerMapping",
                    "message": "Mapped to com.zbkj.admin.controller.AdminLoginController#getLoginPic()" }
                    
{
                    "app": "Crmeb",
                    "timestamp":"2026-06-16 10:20:52.622",
                    "level": "DEBUG",
                    "thread": "http-nio-8169-exec-20",
                    "class": "o.s.w.s.m.m.a.RequestResponseBodyMethodProcessor",
                    "message": "Using 'application/json', given [application/json, text/plain, */*] and supported [application/json, application/*+json, application/json, application/*+json, application/cbor]" }
                    
{
                    "app": "Crmeb",
                    "timestamp":"2026-06-16 10:20:52.623",
                    "level": "DEBUG",
                    "thread": "http-nio-8169-exec-20",
                    "class": "o.s.w.s.m.m.a.RequestResponseBodyMethodProcessor",
                    "message": "Writing [com.zbkj.common.result.CommonResult@4689957e]" }
                    
{
                    "app": "Crmeb",
                    "timestamp":"2026-06-16 10:20:52.623",
                    "level": "DEBUG",
                    "thread": "http-nio-8169-exec-20",
                    "class": "o.s.web.servlet.DispatcherServlet",
                    "message": "Completed 200 OK" }
                    
{
                    "app": "Crmeb",
                    "timestamp":"2026-06-16 10:20:53.041",
                    "level": "DEBUG",
                    "thread": "http-nio-8169-exec-26",
                    "class": "o.s.web.servlet.DispatcherServlet",
                    "message": "GET "/api/admin/getLoginPic?temp=1781576453", parameters={masked}" }
                    
{
                    "app": "Crmeb",
                    "timestamp":"2026-06-16 10:20:53.042",
                    "level": "DEBUG",
                    "thread": "http-nio-8169-exec-26",
                    "class": "o.s.w.s.m.m.a.RequestMappingHandlerMapping",
                    "message": "Mapped to com.zbkj.admin.controller.AdminLoginController#getLoginPic()" }
                    
{
                    "app": "Crmeb",
                    "timestamp":"2026-06-16 10:20:53.313",
                    "level": "DEBUG",
                    "thread": "http-nio-8169-exec-26",
                    "class": "o.s.w.s.m.m.a.RequestResponseBodyMethodProcessor",
                    "message": "Using 'application/json', given [application/json, text/plain, */*] and supported [application/json, application/*+json, application/json, application/*+json, application/cbor]" }
                    
{
                    "app": "Crmeb",
                    "timestamp":"2026-06-16 10:20:53.313",
                    "level": "DEBUG",
                    "thread": "http-nio-8169-exec-26",
                    "class": "o.s.w.s.m.m.a.RequestResponseBodyMethodProcessor",
                    "message": "Writing [com.zbkj.common.result.CommonResult@22449fb5]" }
                    
{
                    "app": "Crmeb",
                    "timestamp":"2026-06-16 10:20:53.314",
                    "level": "DEBUG",
                    "thread": "http-nio-8169-exec-26",
                    "class": "o.s.web.servlet.DispatcherServlet",
                    "message": "Completed 200 OK" }
                    
{
                    "app": "Crmeb",
                    "timestamp":"2026-06-16 10:20:55.182",
                    "level": "DEBUG",
                    "thread": "http-nio-8169-exec-1",
                    "class": "o.s.web.servlet.DispatcherServlet",
                    "message": "POST "/api/admin/login/account/detection", parameters={}" }
                    
{
                    "app": "Crmeb",
                    "timestamp":"2026-06-16 10:20:55.182",
                    "level": "DEBUG",
                    "thread": "http-nio-8169-exec-1",
                    "class": "o.s.w.s.m.m.a.RequestMappingHandlerMapping",
                    "message": "Mapped to com.zbkj.admin.controller.AdminLoginController#accountDetection(AdminAccountDetectionRequest)" }
                    
{
                    "app": "Crmeb",
                    "timestamp":"2026-06-16 10:20:55.183",
                    "level": "DEBUG",
                    "thread": "http-nio-8169-exec-1",
                    "class": "o.s.w.s.m.m.a.RequestResponseBodyMethodProcessor",
                    "message": "Read "application/json;charset=UTF-8" to [AdminAccountDetectionRequest(account=cjp)]" }
                    
{
                    "app": "Crmeb",
                    "timestamp":"2026-06-16 10:20:55.250",
                    "level": "DEBUG",
                    "thread": "http-nio-8169-exec-1",
                    "class": "o.s.w.s.m.m.a.RequestResponseBodyMethodProcessor",
                    "message": "Using 'application/json', given [application/json, text/plain, */*] and supported [application/json, application/*+json, application/json, application/*+json, application/cbor]" }
                    
{
                    "app": "Crmeb",
                    "timestamp":"2026-06-16 10:20:55.251",
                    "level": "DEBUG",
                    "thread": "http-nio-8169-exec-1",
                    "class": "o.s.w.s.m.m.a.RequestResponseBodyMethodProcessor",
                    "message": "Writing [com.zbkj.common.result.CommonResult@43dfc2bb]" }
                    
{
                    "app": "Crmeb",
                    "timestamp":"2026-06-16 10:20:55.251",
                    "level": "DEBUG",
                    "thread": "http-nio-8169-exec-1",
                    "class": "o.s.web.servlet.DispatcherServlet",
                    "message": "Completed 200 OK" }
                    
{
                    "app": "Crmeb",
                    "timestamp":"2026-06-16 10:20:55.283",
                    "level": "DEBUG",
                    "thread": "http-nio-8169-exec-3",
                    "class": "o.s.web.servlet.DispatcherServlet",
                    "message": "POST "/api/admin/login", parameters={}" }
                    
{
                    "app": "Crmeb",
                    "timestamp":"2026-06-16 10:20:55.283",
                    "level": "DEBUG",
                    "thread": "http-nio-8169-exec-3",
                    "class": "o.s.w.s.m.m.a.RequestMappingHandlerMapping",
                    "message": "Mapped to com.zbkj.admin.controller.AdminLoginController#SystemAdminLogin(SystemAdminLoginRequest, HttpServletRequest)" }
                    
{
                    "app": "Crmeb",
                    "timestamp":"2026-06-16 10:20:55.284",
                    "level": "DEBUG",
                    "thread": "http-nio-8169-exec-3",
                    "class": "o.s.w.s.m.m.a.RequestResponseBodyMethodProcessor",
                    "message": "Read "application/json;charset=UTF-8" to [SystemAdminLoginRequest(account=cjp, pwd=123456, captchaVO=com.anji.captcha.model.vo.CaptchaVO@28c05 (truncated)...]" }
                    
{
                    "app": "Crmeb",
                    "timestamp":"2026-06-16 10:20:55.586",
                    "level": "DEBUG",
                    "thread": "http-nio-8169-exec-3",
                    "class": "o.s.w.s.m.m.a.RequestResponseBodyMethodProcessor",
                    "message": "Using 'application/json', given [application/json, text/plain, */*] and supported [application/json]" }
                    
{
                    "app": "Crmeb",
                    "timestamp":"2026-06-16 10:20:55.586",
                    "level": "DEBUG",
                    "thread": "http-nio-8169-exec-3",
                    "class": "o.s.w.s.m.m.a.RequestResponseBodyMethodProcessor",
                    "message": "Writing [com.zbkj.common.result.CommonResult@448faff9]" }
                    
{
                    "app": "Crmeb",
                    "timestamp":"2026-06-16 10:20:55.586",
                    "level": "DEBUG",
                    "thread": "http-nio-8169-exec-3",
                    "class": "o.s.web.servlet.DispatcherServlet",
                    "message": "Completed 200 OK" }
                    
{
                    "app": "Crmeb",
                    "timestamp":"2026-06-16 10:20:55.664",
                    "level": "DEBUG",
                    "thread": "http-nio-8169-exec-28",
                    "class": "o.s.web.servlet.DispatcherServlet",
                    "message": "GET "/api/admin/getAdminInfoByToken?token=96307e638fdf423bb05564eb2c4867e7&temp=1781576455", parameters={masked}" }
                    
{
                    "app": "Crmeb",
                    "timestamp":"2026-06-16 10:20:55.664",
                    "level": "DEBUG",
                    "thread": "http-nio-8169-exec-30",
                    "class": "o.s.web.servlet.DispatcherServlet",
                    "message": "GET "/api/admin/system/config/get/site/logo?temp=1781576455", parameters={masked}" }
                    
{
                    "app": "Crmeb",
                    "timestamp":"2026-06-16 10:20:55.664",
                    "level": "DEBUG",
                    "thread": "http-nio-8169-exec-19",
                    "class": "o.s.web.servlet.DispatcherServlet",
                    "message": "GET "/api/admin/getMenus?temp=1781576455", parameters={masked}" }
                    
{
                    "app": "Crmeb",
                    "timestamp":"2026-06-16 10:20:55.664",
                    "level": "DEBUG",
                    "thread": "http-nio-8169-exec-30",
                    "class": "o.s.w.s.m.m.a.RequestMappingHandlerMapping",
                    "message": "Mapped to com.zbkj.admin.controller.SystemConfigController#getSiteLogo()" }
                    
{
                    "app": "Crmeb",
                    "timestamp":"2026-06-16 10:20:55.664",
                    "level": "DEBUG",
                    "thread": "http-nio-8169-exec-19",
                    "class": "o.s.w.s.m.m.a.RequestMappingHandlerMapping",
                    "message": "Mapped to com.zbkj.admin.controller.AdminLoginController#getMenus()" }
                    
{
                    "app": "Crmeb",
                    "timestamp":"2026-06-16 10:20:55.664",
                    "level": "DEBUG",
                    "thread": "http-nio-8169-exec-28",
                    "class": "o.s.w.s.m.m.a.RequestMappingHandlerMapping",
                    "message": "Mapped to com.zbkj.admin.controller.AdminLoginController#getAdminInfo()" }
                    
{
                    "app": "Crmeb",
                    "timestamp":"2026-06-16 10:20:55.665",
                    "level": "DEBUG",
                    "thread": "http-nio-8169-exec-28",
                    "class": "o.s.w.s.m.m.a.RequestResponseBodyMethodProcessor",
                    "message": "Using 'application/json', given [application/json, text/plain, */*] and supported [application/json, application/*+json, application/json, application/*+json, application/cbor]" }
                    
{
                    "app": "Crmeb",
                    "timestamp":"2026-06-16 10:20:55.665",
                    "level": "DEBUG",
                    "thread": "http-nio-8169-exec-28",
                    "class": "o.s.w.s.m.m.a.RequestResponseBodyMethodProcessor",
                    "message": "Writing [com.zbkj.common.result.CommonResult@470743f0]" }
                    
{
                    "app": "Crmeb",
                    "timestamp":"2026-06-16 10:20:55.666",
                    "level": "DEBUG",
                    "thread": "http-nio-8169-exec-28",
                    "class": "o.s.web.servlet.DispatcherServlet",
                    "message": "Completed 200 OK" }
                    
{
                    "app": "Crmeb",
                    "timestamp":"2026-06-16 10:20:55.713",
                    "level": "DEBUG",
                    "thread": "http-nio-8169-exec-19",
                    "class": "o.s.w.s.m.m.a.RequestResponseBodyMethodProcessor",
                    "message": "Using 'application/json', given [application/json, text/plain, */*] and supported [application/json, application/*+json, application/json, application/*+json, application/cbor]" }
                    
{
                    "app": "Crmeb",
                    "timestamp":"2026-06-16 10:20:55.713",
                    "level": "DEBUG",
                    "thread": "http-nio-8169-exec-19",
                    "class": "o.s.w.s.m.m.a.RequestResponseBodyMethodProcessor",
                    "message": "Writing [com.zbkj.common.result.CommonResult@206eec99]" }
                    
{
                    "app": "Crmeb",
                    "timestamp":"2026-06-16 10:20:55.714",
                    "level": "DEBUG",
                    "thread": "http-nio-8169-exec-19",
                    "class": "o.s.web.servlet.DispatcherServlet",
                    "message": "Completed 200 OK" }
                    
{
                    "app": "Crmeb",
                    "timestamp":"2026-06-16 10:20:55.741",
                    "level": "DEBUG",
                    "thread": "http-nio-8169-exec-29",
                    "class": "o.s.web.servlet.DispatcherServlet",
                    "message": "GET "/api/admin/getMenus?temp=1781576455", parameters={masked}" }
                    
{
                    "app": "Crmeb",
                    "timestamp":"2026-06-16 10:20:55.741",
                    "level": "DEBUG",
                    "thread": "http-nio-8169-exec-29",
                    "class": "o.s.w.s.m.m.a.RequestMappingHandlerMapping",
                    "message": "Mapped to com.zbkj.admin.controller.AdminLoginController#getMenus()" }
                    
{
                    "app": "Crmeb",
                    "timestamp":"2026-06-16 10:20:55.788",
                    "level": "DEBUG",
                    "thread": "http-nio-8169-exec-29",
                    "class": "o.s.w.s.m.m.a.RequestResponseBodyMethodProcessor",
                    "message": "Using 'application/json', given [application/json, text/plain, */*] and supported [application/json, application/*+json, application/json, application/*+json, application/cbor]" }
                    
{
                    "app": "Crmeb",
                    "timestamp":"2026-06-16 10:20:55.788",
                    "level": "DEBUG",
                    "thread": "http-nio-8169-exec-29",
                    "class": "o.s.w.s.m.m.a.RequestResponseBodyMethodProcessor",
                    "message": "Writing [com.zbkj.common.result.CommonResult@2c0e67d7]" }
                    
{
                    "app": "Crmeb",
                    "timestamp":"2026-06-16 10:20:55.788",
                    "level": "DEBUG",
                    "thread": "http-nio-8169-exec-29",
                    "class": "o.s.web.servlet.DispatcherServlet",
                    "message": "Completed 200 OK" }
                    
{
                    "app": "Crmeb",
                    "timestamp":"2026-06-16 10:20:55.821",
                    "level": "DEBUG",
                    "thread": "http-nio-8169-exec-13",
                    "class": "o.s.web.servlet.DispatcherServlet",
                    "message": "GET "/api/admin/system/attachment/list?page=1&limit=18&pid=0&attType=jpg,jpeg,gif,png,bmp,PNG,JPG&temp=1781576455", parameters={masked}" }
                    
{
                    "app": "Crmeb",
                    "timestamp":"2026-06-16 10:20:55.821",
                    "level": "DEBUG",
                    "thread": "http-nio-8169-exec-13",
                    "class": "o.s.w.s.m.m.a.RequestMappingHandlerMapping",
                    "message": "Mapped to com.zbkj.admin.controller.SystemAttachmentController#getList(Integer, String, PageParamRequest)" }
                    
{
                    "app": "Crmeb",
                    "timestamp":"2026-06-16 10:20:55.822",
                    "level": "DEBUG",
                    "thread": "http-nio-8169-exec-30",
                    "class": "o.s.w.s.m.m.a.RequestResponseBodyMethodProcessor",
                    "message": "Using 'application/json', given [application/json, text/plain, */*] and supported [application/json, application/*+json, application/json, application/*+json, application/cbor]" }
                    
{
                    "app": "Crmeb",
                    "timestamp":"2026-06-16 10:20:55.822",
                    "level": "DEBUG",
                    "thread": "http-nio-8169-exec-30",
                    "class": "o.s.w.s.m.m.a.RequestResponseBodyMethodProcessor",
                    "message": "Writing [com.zbkj.common.result.CommonResult@757f0a2c]" }
                    
{
                    "app": "Crmeb",
                    "timestamp":"2026-06-16 10:20:55.822",
                    "level": "DEBUG",
                    "thread": "http-nio-8169-exec-30",
                    "class": "o.s.web.servlet.DispatcherServlet",
                    "message": "Completed 200 OK" }
                    
{
                    "app": "Crmeb",
                    "timestamp":"2026-06-16 10:20:55.823",
                    "level": "DEBUG",
                    "thread": "http-nio-8169-exec-16",
                    "class": "o.s.web.servlet.DispatcherServlet",
                    "message": "GET "/api/admin/category/list/tree?type=2&status=-1&temp=1781576455", parameters={masked}" }
                    
{
                    "app": "Crmeb",
                    "timestamp":"2026-06-16 10:20:55.823",
                    "level": "DEBUG",
                    "thread": "http-nio-8169-exec-16",
                    "class": "o.s.w.s.m.m.a.RequestMappingHandlerMapping",
                    "message": "Mapped to com.zbkj.admin.controller.CategoryController#getListTree(Integer, Integer, String)" }
                    
{
                    "app": "Crmeb",
                    "timestamp":"2026-06-16 10:20:55.853",
                    "level": "DEBUG",
                    "thread": "http-nio-8169-exec-24",
                    "class": "o.s.web.servlet.DispatcherServlet",
                    "message": "GET "/api/admin/copyright/get/info?temp=1781576455", parameters={masked}" }
                    
{
                    "app": "Crmeb",
                    "timestamp":"2026-06-16 10:20:55.853",
                    "level": "DEBUG",
                    "thread": "http-nio-8169-exec-24",
                    "class": "o.s.w.s.m.m.a.RequestMappingHandlerMapping",
                    "message": "Mapped to com.zbkj.admin.controller.CopyrightController#getInfo()" }
                    
{
                    "app": "Crmeb",
                    "timestamp":"2026-06-16 10:20:55.871",
                    "level": "DEBUG",
                    "thread": "http-nio-8169-exec-16",
                    "class": "o.s.w.s.m.m.a.RequestResponseBodyMethodProcessor",
                    "message": "Using 'application/json', given [application/json, text/plain, */*] and supported [application/json, application/*+json, application/json, application/*+json, application/cbor]" }
                    
{
                    "app": "Crmeb",
                    "timestamp":"2026-06-16 10:20:55.872",
                    "level": "DEBUG",
                    "thread": "http-nio-8169-exec-16",
                    "class": "o.s.w.s.m.m.a.RequestResponseBodyMethodProcessor",
                    "message": "Writing [com.zbkj.common.result.CommonResult@596c6aef]" }
                    
{
                    "app": "Crmeb",
                    "timestamp":"2026-06-16 10:20:55.872",
                    "level": "DEBUG",
                    "thread": "http-nio-8169-exec-16",
                    "class": "o.s.web.servlet.DispatcherServlet",
                    "message": "Completed 200 OK" }
                    
{
                    "app": "Crmeb",
                    "timestamp":"2026-06-16 10:20:55.918",
                    "level": "DEBUG",
                    "thread": "http-nio-8169-exec-13",
                    "class": "o.s.w.s.m.m.a.RequestResponseBodyMethodProcessor",
                    "message": "Using 'application/json', given [application/json, text/plain, */*] and supported [application/json, application/*+json, application/json, application/*+json, application/cbor]" }
                    
{
                    "app": "Crmeb",
                    "timestamp":"2026-06-16 10:20:55.919",
                    "level": "DEBUG",
                    "thread": "http-nio-8169-exec-13",
                    "class": "o.s.w.s.m.m.a.RequestResponseBodyMethodProcessor",
                    "message": "Writing [com.zbkj.common.result.CommonResult@69b31ecf]" }
                    
{
                    "app": "Crmeb",
                    "timestamp":"2026-06-16 10:20:55.920",
                    "level": "DEBUG",
                    "thread": "http-nio-8169-exec-13",
                    "class": "o.s.web.servlet.DispatcherServlet",
                    "message": "Completed 200 OK" }
                    
{
                    "app": "Crmeb",
                    "timestamp":"2026-06-16 10:20:55.943",
                    "level": "DEBUG",
                    "thread": "http-nio-8169-exec-4",
                    "class": "o.s.web.servlet.DispatcherServlet",
                    "message": "GET "/api/public/jsconfig/get/admin/mediadomain?temp=1781576455", parameters={masked}" }
                    
{
                    "app": "Crmeb",
                    "timestamp":"2026-06-16 10:20:55.944",
                    "level": "DEBUG",
                    "thread": "http-nio-8169-exec-4",
                    "class": "o.s.w.s.m.m.a.RequestMappingHandlerMapping",
                    "message": "Mapped to com.zbkj.admin.pub.GetJSConfig#getMediaDomain()" }
                    
{
                    "app": "Crmeb",
                    "timestamp":"2026-06-16 10:20:55.953",
                    "level": "DEBUG",
                    "thread": "http-nio-8169-exec-18",
                    "class": "o.s.web.servlet.DispatcherServlet",
                    "message": "GET "/api/public/jsconfig/get/front/domain?temp=1781576455", parameters={masked}" }
                    
{
                    "app": "Crmeb",
                    "timestamp":"2026-06-16 10:20:55.954",
                    "level": "DEBUG",
                    "thread": "http-nio-8169-exec-18",
                    "class": "o.s.w.s.m.m.a.RequestMappingHandlerMapping",
                    "message": "Mapped to com.zbkj.admin.pub.GetJSConfig#getFrontDomain()" }
                    
{
                    "app": "Crmeb",
                    "timestamp":"2026-06-16 10:20:56.005",
                    "level": "DEBUG",
                    "thread": "http-nio-8169-exec-24",
                    "class": "o.s.web.client.RestTemplate",
                    "message": "HTTP POST https://authorize.crmeb.net/api/auth_cert_query?domain_name=https://localhost:8169&label=22&version=CRMEB-JAVA-KY-v1.4" }
                    
{
                    "app": "Crmeb",
                    "timestamp":"2026-06-16 10:20:56.005",
                    "level": "DEBUG",
                    "thread": "http-nio-8169-exec-24",
                    "class": "o.s.web.client.RestTemplate",
                    "message": "Accept=[application/json, application/cbor, application/*+json, text/plain, text/html]" }
                    
{
                    "app": "Crmeb",
                    "timestamp":"2026-06-16 10:20:56.027",
                    "level": "DEBUG",
                    "thread": "http-nio-8169-exec-4",
                    "class": "o.s.w.s.m.m.a.RequestResponseBodyMethodProcessor",
                    "message": "Using 'application/json', given [application/json, text/plain, */*] and supported [application/json, application/*+json, application/json, application/*+json, application/cbor]" }
                    
{
                    "app": "Crmeb",
                    "timestamp":"2026-06-16 10:20:56.027",
                    "level": "DEBUG",
                    "thread": "http-nio-8169-exec-4",
                    "class": "o.s.w.s.m.m.a.RequestResponseBodyMethodProcessor",
                    "message": "Writing [com.zbkj.common.result.CommonResult@1689d20a]" }
                    
{
                    "app": "Crmeb",
                    "timestamp":"2026-06-16 10:20:56.028",
                    "level": "DEBUG",
                    "thread": "http-nio-8169-exec-4",
                    "class": "o.s.web.servlet.DispatcherServlet",
                    "message": "Completed 200 OK" }
                    
{
                    "app": "Crmeb",
                    "timestamp":"2026-06-16 10:20:56.054",
                    "level": "DEBUG",
                    "thread": "http-nio-8169-exec-18",
                    "class": "o.s.w.s.m.m.a.RequestResponseBodyMethodProcessor",
                    "message": "Using 'application/json', given [application/json, text/plain, */*] and supported [application/json, application/*+json, application/json, application/*+json, application/cbor]" }
                    
{
                    "app": "Crmeb",
                    "timestamp":"2026-06-16 10:20:56.055",
                    "level": "DEBUG",
                    "thread": "http-nio-8169-exec-18",
                    "class": "o.s.w.s.m.m.a.RequestResponseBodyMethodProcessor",
                    "message": "Writing [com.zbkj.common.result.CommonResult@1588f9bd]" }
                    
{
                    "app": "Crmeb",
                    "timestamp":"2026-06-16 10:20:56.055",
                    "level": "DEBUG",
                    "thread": "http-nio-8169-exec-18",
                    "class": "o.s.web.servlet.DispatcherServlet",
                    "message": "Completed 200 OK" }
                    
{
                    "app": "Crmeb",
                    "timestamp":"2026-06-16 10:20:56.192",
                    "level": "DEBUG",
                    "thread": "http-nio-8169-exec-24",
                    "class": "o.s.web.client.RestTemplate",
                    "message": "Response 200 OK" }
                    
{
                    "app": "Crmeb",
                    "timestamp":"2026-06-16 10:20:56.192",
                    "level": "DEBUG",
                    "thread": "http-nio-8169-exec-24",
                    "class": "o.s.web.client.RestTemplate",
                    "message": "Reading to [com.alibaba.fastjson.JSONObject]" }
                    
{
                    "app": "Crmeb",
                    "timestamp":"2026-06-16 10:20:56.193",
                    "level": "DEBUG",
                    "thread": "http-nio-8169-exec-24",
                    "class": "o.s.w.s.m.m.a.RequestResponseBodyMethodProcessor",
                    "message": "Using 'application/json', given [application/json, text/plain, */*] and supported [application/json, application/*+json, application/json, application/*+json, application/cbor]" }
                    
{
                    "app": "Crmeb",
                    "timestamp":"2026-06-16 10:20:56.193",
                    "level": "DEBUG",
                    "thread": "http-nio-8169-exec-24",
                    "class": "o.s.w.s.m.m.a.RequestResponseBodyMethodProcessor",
                    "message": "Writing [com.zbkj.common.result.CommonResult@43090da6]" }
                    
{
                    "app": "Crmeb",
                    "timestamp":"2026-06-16 10:20:56.193",
                    "level": "DEBUG",
                    "thread": "http-nio-8169-exec-24",
                    "class": "o.s.web.servlet.DispatcherServlet",
                    "message": "Completed 200 OK" }
                    
{
                    "app": "Crmeb",
                    "timestamp":"2026-06-16 10:21:02.068",
                    "level": "DEBUG",
                    "thread": "http-nio-8169-exec-25",
                    "class": "o.s.web.servlet.DispatcherServlet",
                    "message": "GET "/api/admin/statistics/user/overview?dateLimit=lately7&temp=1781576462", parameters={masked}" }
                    
{
                    "app": "Crmeb",
                    "timestamp":"2026-06-16 10:21:02.069",
                    "level": "DEBUG",
                    "thread": "http-nio-8169-exec-25",
                    "class": "o.s.w.s.m.m.a.RequestMappingHandlerMapping",
                    "message": "Mapped to com.zbkj.admin.controller.UserStatisticsController#getOverview(String)" }
                    
{
                    "app": "Crmeb",
                    "timestamp":"2026-06-16 10:21:02.082",
                    "level": "DEBUG",
                    "thread": "http-nio-8169-exec-1",
                    "class": "o.s.web.servlet.DispatcherServlet",
                    "message": "GET "/api/admin/statistics/home/chart/user?temp=1781576462", parameters={masked}" }
                    
{
                    "app": "Crmeb",
                    "timestamp":"2026-06-16 10:21:02.083",
                    "level": "DEBUG",
                    "thread": "http-nio-8169-exec-1",
                    "class": "o.s.w.s.m.m.a.RequestMappingHandlerMapping",
                    "message": "Mapped to com.zbkj.admin.controller.HomeController#chartUser()" }
                    
{
                    "app": "Crmeb",
                    "timestamp":"2026-06-16 10:21:02.083",
                    "level": "DEBUG",
                    "thread": "http-nio-8169-exec-20",
                    "class": "o.s.web.servlet.DispatcherServlet",
                    "message": "GET "/api/admin/statistics/home/index?temp=1781576462", parameters={masked}" }
                    
{
                    "app": "Crmeb",
                    "timestamp":"2026-06-16 10:21:02.083",
                    "level": "DEBUG",
                    "thread": "http-nio-8169-exec-20",
                    "class": "o.s.w.s.m.m.a.RequestMappingHandlerMapping",
                    "message": "Mapped to com.zbkj.admin.controller.HomeController#indexDate()" }
                    
{
                    "app": "Crmeb",
                    "timestamp":"2026-06-16 10:21:02.084",
                    "level": "DEBUG",
                    "thread": "http-nio-8169-exec-27",
                    "class": "o.s.web.servlet.DispatcherServlet",
                    "message": "GET "/api/admin/statistics/home/chart/order?temp=1781576462", parameters={masked}" }
                    
{
                    "app": "Crmeb",
                    "timestamp":"2026-06-16 10:21:02.084",
                    "level": "DEBUG",
                    "thread": "http-nio-8169-exec-26",
                    "class": "o.s.web.servlet.DispatcherServlet",
                    "message": "GET "/api/admin/statistics/home/operating/data?temp=1781576462", parameters={masked}" }
                    
{
                    "app": "Crmeb",
                    "timestamp":"2026-06-16 10:21:02.084",
                    "level": "DEBUG",
                    "thread": "http-nio-8169-exec-8",
                    "class": "o.s.web.servlet.DispatcherServlet",
                    "message": "GET "/api/admin/statistics/user/channel?temp=1781576462", parameters={masked}" }
                    
{
                    "app": "Crmeb",
                    "timestamp":"2026-06-16 10:21:02.085",
                    "level": "DEBUG",
                    "thread": "http-nio-8169-exec-27",
                    "class": "o.s.w.s.m.m.a.RequestMappingHandlerMapping",
                    "message": "Mapped to com.zbkj.admin.controller.HomeController#chartOrder()" }
                    
{
                    "app": "Crmeb",
                    "timestamp":"2026-06-16 10:21:02.085",
                    "level": "DEBUG",
                    "thread": "http-nio-8169-exec-8",
                    "class": "o.s.w.s.m.m.a.RequestMappingHandlerMapping",
                    "message": "Mapped to com.zbkj.admin.controller.UserStatisticsController#getChannelData()" }
                    
{
                    "app": "Crmeb",
                    "timestamp":"2026-06-16 10:21:02.085",
                    "level": "DEBUG",
                    "thread": "http-nio-8169-exec-26",
                    "class": "o.s.w.s.m.m.a.RequestMappingHandlerMapping",
                    "message": "Mapped to com.zbkj.admin.controller.HomeController#operatingData()" }
                    
{
                    "app": "Crmeb",
                    "timestamp":"2026-06-16 10:21:02.159",
                    "level": "DEBUG",
                    "thread": "http-nio-8169-exec-27",
                    "class": "o.s.w.s.m.m.a.RequestResponseBodyMethodProcessor",
                    "message": "Using 'application/json', given [application/json, text/plain, */*] and supported [application/json, application/*+json, application/json, application/*+json, application/cbor]" }
                    
{
                    "app": "Crmeb",
                    "timestamp":"2026-06-16 10:21:02.159",
                    "level": "DEBUG",
                    "thread": "http-nio-8169-exec-27",
                    "class": "o.s.w.s.m.m.a.RequestResponseBodyMethodProcessor",
                    "message": "Writing [com.zbkj.common.result.CommonResult@5ac7ae7b]" }
                    
{
                    "app": "Crmeb",
                    "timestamp":"2026-06-16 10:21:02.159",
                    "level": "DEBUG",
                    "thread": "http-nio-8169-exec-27",
                    "class": "o.s.web.servlet.DispatcherServlet",
                    "message": "Completed 200 OK" }
                    
{
                    "app": "Crmeb",
                    "timestamp":"2026-06-16 10:21:02.174",
                    "level": "DEBUG",
                    "thread": "http-nio-8169-exec-8",
                    "class": "o.s.w.s.m.m.a.RequestResponseBodyMethodProcessor",
                    "message": "Using 'application/json', given [application/json, text/plain, */*] and supported [application/json, application/*+json, application/json, application/*+json, application/cbor]" }
                    
{
                    "app": "Crmeb",
                    "timestamp":"2026-06-16 10:21:02.174",
                    "level": "DEBUG",
                    "thread": "http-nio-8169-exec-8",
                    "class": "o.s.w.s.m.m.a.RequestResponseBodyMethodProcessor",
                    "message": "Writing [com.zbkj.common.result.CommonResult@7f594b95]" }
                    
{
                    "app": "Crmeb",
                    "timestamp":"2026-06-16 10:21:02.174",
                    "level": "DEBUG",
                    "thread": "http-nio-8169-exec-8",
                    "class": "o.s.web.servlet.DispatcherServlet",
                    "message": "Completed 200 OK" }
                    
{
                    "app": "Crmeb",
                    "timestamp":"2026-06-16 10:21:02.182",
                    "level": "DEBUG",
                    "thread": "http-nio-8169-exec-1",
                    "class": "o.s.w.s.m.m.a.RequestResponseBodyMethodProcessor",
                    "message": "Using 'application/json', given [application/json, text/plain, */*] and supported [application/json, application/*+json, application/json, application/*+json, application/cbor]" }
                    
{
                    "app": "Crmeb",
                    "timestamp":"2026-06-16 10:21:02.182",
                    "level": "DEBUG",
                    "thread": "http-nio-8169-exec-1",
                    "class": "o.s.w.s.m.m.a.RequestResponseBodyMethodProcessor",
                    "message": "Writing [com.zbkj.common.result.CommonResult@29437f1e]" }
                    
{
                    "app": "Crmeb",
                    "timestamp":"2026-06-16 10:21:02.183",
                    "level": "DEBUG",
                    "thread": "http-nio-8169-exec-1",
                    "class": "o.s.web.servlet.DispatcherServlet",
                    "message": "Completed 200 OK" }
                    
{
                    "app": "Crmeb",
                    "timestamp":"2026-06-16 10:21:02.503",
                    "level": "DEBUG",
                    "thread": "http-nio-8169-exec-20",
                    "class": "o.s.w.s.m.m.a.RequestResponseBodyMethodProcessor",
                    "message": "Using 'application/json', given [application/json, text/plain, */*] and supported [application/json, application/*+json, application/json, application/*+json, application/cbor]" }
                    
{
                    "app": "Crmeb",
                    "timestamp":"2026-06-16 10:21:02.503",
                    "level": "DEBUG",
                    "thread": "http-nio-8169-exec-20",
                    "class": "o.s.w.s.m.m.a.RequestResponseBodyMethodProcessor",
                    "message": "Writing [com.zbkj.common.result.CommonResult@73162723]" }
                    
{
                    "app": "Crmeb",
                    "timestamp":"2026-06-16 10:21:02.504",
                    "level": "DEBUG",
                    "thread": "http-nio-8169-exec-20",
                    "class": "o.s.web.servlet.DispatcherServlet",
                    "message": "Completed 200 OK" }
                    
{
                    "app": "Crmeb",
                    "timestamp":"2026-06-16 10:21:02.674",
                    "level": "DEBUG",
                    "thread": "http-nio-8169-exec-26",
                    "class": "o.s.w.s.m.m.a.RequestResponseBodyMethodProcessor",
                    "message": "Using 'application/json', given [application/json, text/plain, */*] and supported [application/json, application/*+json, application/json, application/*+json, application/cbor]" }
                    
{
                    "app": "Crmeb",
                    "timestamp":"2026-06-16 10:21:02.674",
                    "level": "DEBUG",
                    "thread": "http-nio-8169-exec-26",
                    "class": "o.s.w.s.m.m.a.RequestResponseBodyMethodProcessor",
                    "message": "Writing [com.zbkj.common.result.CommonResult@77d8c6b5]" }
                    
{
                    "app": "Crmeb",
                    "timestamp":"2026-06-16 10:21:02.675",
                    "level": "DEBUG",
                    "thread": "http-nio-8169-exec-26",
                    "class": "o.s.web.servlet.DispatcherServlet",
                    "message": "Completed 200 OK" }
                    
{
                    "app": "Crmeb",
                    "timestamp":"2026-06-16 10:21:02.920",
                    "level": "DEBUG",
                    "thread": "http-nio-8169-exec-25",
                    "class": "o.s.w.s.m.m.a.RequestResponseBodyMethodProcessor",
                    "message": "Using 'application/json', given [application/json, text/plain, */*] and supported [application/json, application/*+json, application/json, application/*+json, application/cbor]" }
                    
{
                    "app": "Crmeb",
                    "timestamp":"2026-06-16 10:21:02.921",
                    "level": "DEBUG",
                    "thread": "http-nio-8169-exec-25",
                    "class": "o.s.w.s.m.m.a.RequestResponseBodyMethodProcessor",
                    "message": "Writing [com.zbkj.common.result.CommonResult@699d7db2]" }
                    
{
                    "app": "Crmeb",
                    "timestamp":"2026-06-16 10:21:02.921",
                    "level": "DEBUG",
                    "thread": "http-nio-8169-exec-25",
                    "class": "o.s.web.servlet.DispatcherServlet",
                    "message": "Completed 200 OK" }
                    
{
                    "app": "Crmeb",
                    "timestamp":"2026-06-16 10:21:23.549",
                    "level": "DEBUG",
                    "thread": "http-nio-8169-exec-19",
                    "class": "o.s.web.servlet.DispatcherServlet",
                    "message": "GET "/api/admin/category/list/tree?status=-1&type=1&temp=1781576483", parameters={masked}" }
                    
{
                    "app": "Crmeb",
                    "timestamp":"2026-06-16 10:21:23.550",
                    "level": "DEBUG",
                    "thread": "http-nio-8169-exec-19",
                    "class": "o.s.w.s.m.m.a.RequestMappingHandlerMapping",
                    "message": "Mapped to com.zbkj.admin.controller.CategoryController#getListTree(Integer, Integer, String)" }
                    
{
                    "app": "Crmeb",
                    "timestamp":"2026-06-16 10:21:23.551",
                    "level": "DEBUG",
                    "thread": "http-nio-8169-exec-28",
                    "class": "o.s.web.servlet.DispatcherServlet",
                    "message": "GET "/api/admin/store/product/tabs/headers?page=1&limit=20&cateId=&keywords=&type=1&temp=1781576483", parameters={masked}" }
                    
{
                    "app": "Crmeb",
                    "timestamp":"2026-06-16 10:21:23.551",
                    "level": "DEBUG",
                    "thread": "http-nio-8169-exec-2",
                    "class": "o.s.web.servlet.DispatcherServlet",
                    "message": "GET "/api/admin/store/product/list?page=1&limit=20&cateId=&keywords=&type=1&temp=1781576483", parameters={masked}" }
                    
{
                    "app": "Crmeb",
                    "timestamp":"2026-06-16 10:21:23.551",
                    "level": "DEBUG",
                    "thread": "http-nio-8169-exec-28",
                    "class": "o.s.w.s.m.m.a.RequestMappingHandlerMapping",
                    "message": "Mapped to com.zbkj.admin.controller.StoreProductController#getTabsHeader(StoreProductHeaderRequest)" }
                    
{
                    "app": "Crmeb",
                    "timestamp":"2026-06-16 10:21:23.551",
                    "level": "DEBUG",
                    "thread": "http-nio-8169-exec-2",
                    "class": "o.s.w.s.m.m.a.RequestMappingHandlerMapping",
                    "message": "Mapped to com.zbkj.admin.controller.StoreProductController#getList(StoreProductSearchRequest, PageParamRequest)" }
                    
{
                    "app": "Crmeb",
                    "timestamp":"2026-06-16 10:21:23.599",
                    "level": "DEBUG",
                    "thread": "http-nio-8169-exec-19",
                    "class": "o.s.w.s.m.m.a.RequestResponseBodyMethodProcessor",
                    "message": "Using 'application/json', given [application/json, text/plain, */*] and supported [application/json, application/*+json, application/json, application/*+json, application/cbor]" }
                    
{
                    "app": "Crmeb",
                    "timestamp":"2026-06-16 10:21:23.599",
                    "level": "DEBUG",
                    "thread": "http-nio-8169-exec-19",
                    "class": "o.s.w.s.m.m.a.RequestResponseBodyMethodProcessor",
                    "message": "Writing [com.zbkj.common.result.CommonResult@39396564]" }
                    
{
                    "app": "Crmeb",
                    "timestamp":"2026-06-16 10:21:23.599",
                    "level": "DEBUG",
                    "thread": "http-nio-8169-exec-19",
                    "class": "o.s.web.servlet.DispatcherServlet",
                    "message": "Completed 200 OK" }
                    
{
                    "app": "Crmeb",
                    "timestamp":"2026-06-16 10:21:23.861",
                    "level": "DEBUG",
                    "thread": "http-nio-8169-exec-28",
                    "class": "o.s.w.s.m.m.a.RequestResponseBodyMethodProcessor",
                    "message": "Using 'application/json', given [application/json, text/plain, */*] and supported [application/json, application/*+json, application/json, application/*+json, application/cbor]" }
                    
{
                    "app": "Crmeb",
                    "timestamp":"2026-06-16 10:21:23.861",
                    "level": "DEBUG",
                    "thread": "http-nio-8169-exec-28",
                    "class": "o.s.w.s.m.m.a.RequestResponseBodyMethodProcessor",
                    "message": "Writing [com.zbkj.common.result.CommonResult@2a72ae33]" }
                    
{
                    "app": "Crmeb",
                    "timestamp":"2026-06-16 10:21:23.861",
                    "level": "DEBUG",
                    "thread": "http-nio-8169-exec-28",
                    "class": "o.s.web.servlet.DispatcherServlet",
                    "message": "Completed 200 OK" }
                    
{
                    "app": "Crmeb",
                    "timestamp":"2026-06-16 10:21:26.621",
                    "level": "DEBUG",
                    "thread": "http-nio-8169-exec-2",
                    "class": "o.s.w.s.m.m.a.RequestResponseBodyMethodProcessor",
                    "message": "Using 'application/json', given [application/json, text/plain, */*] and supported [application/json, application/*+json, application/json, application/*+json, application/cbor]" }
                    
{
                    "app": "Crmeb",
                    "timestamp":"2026-06-16 10:21:26.621",
                    "level": "DEBUG",
                    "thread": "http-nio-8169-exec-2",
                    "class": "o.s.w.s.m.m.a.RequestResponseBodyMethodProcessor",
                    "message": "Writing [com.zbkj.common.result.CommonResult@2cd2ef6c]" }
                    
{
                    "app": "Crmeb",
                    "timestamp":"2026-06-16 10:21:26.623",
                    "level": "DEBUG",
                    "thread": "http-nio-8169-exec-2",
                    "class": "o.s.web.servlet.DispatcherServlet",
                    "message": "Completed 200 OK" }
                    
{
                    "app": "Crmeb",
                    "timestamp":"2026-06-16 10:21:37.776",
                    "level": "DEBUG",
                    "thread": "http-nio-8169-exec-7",
                    "class": "o.s.web.servlet.DispatcherServlet",
                    "message": "GET "/api/admin/store/product/delete/93?type=recycle&temp=1781576497", parameters={masked}" }
                    
{
                    "app": "Crmeb",
                    "timestamp":"2026-06-16 10:21:37.778",
                    "level": "DEBUG",
                    "thread": "http-nio-8169-exec-7",
                    "class": "o.s.w.s.m.m.a.RequestMappingHandlerMapping",
                    "message": "Mapped to com.zbkj.admin.controller.StoreProductController#delete(Integer, String)" }
                    
{
                    "app": "Crmeb",
                    "timestamp":"2026-06-16 10:21:37.931",
                    "level": "DEBUG",
                    "thread": "http-nio-8169-exec-7",
                    "class": "o.s.w.s.m.m.a.RequestResponseBodyMethodProcessor",
                    "message": "Using 'application/json', given [application/json, text/plain, */*] and supported [application/json, application/*+json, application/json, application/*+json, application/cbor]" }
                    
{
                    "app": "Crmeb",
                    "timestamp":"2026-06-16 10:21:37.932",
                    "level": "DEBUG",
                    "thread": "http-nio-8169-exec-7",
                    "class": "o.s.w.s.m.m.a.RequestResponseBodyMethodProcessor",
                    "message": "Writing [com.zbkj.common.result.CommonResult@7cf971d8]" }
                    
{
                    "app": "Crmeb",
                    "timestamp":"2026-06-16 10:21:37.932",
                    "level": "DEBUG",
                    "thread": "http-nio-8169-exec-7",
                    "class": "o.s.web.servlet.DispatcherServlet",
                    "message": "Completed 200 OK" }
                    
{
                    "app": "Crmeb",
                    "timestamp":"2026-06-16 10:21:37.967",
                    "level": "DEBUG",
                    "thread": "http-nio-8169-exec-30",
                    "class": "o.s.web.servlet.DispatcherServlet",
                    "message": "GET "/api/admin/store/product/tabs/headers?page=1&limit=20&cateId=&keywords=&type=1&temp=1781576497", parameters={masked}" }
                    
{
                    "app": "Crmeb",
                    "timestamp":"2026-06-16 10:21:37.967",
                    "level": "DEBUG",
                    "thread": "http-nio-8169-exec-30",
                    "class": "o.s.w.s.m.m.a.RequestMappingHandlerMapping",
                    "message": "Mapped to com.zbkj.admin.controller.StoreProductController#getTabsHeader(StoreProductHeaderRequest)" }
                    
{
                    "app": "Crmeb",
                    "timestamp":"2026-06-16 10:21:38.016",
                    "level": "DEBUG",
                    "thread": "http-nio-8169-exec-16",
                    "class": "o.s.web.servlet.DispatcherServlet",
                    "message": "GET "/api/admin/store/product/list?page=1&limit=20&cateId=&keywords=&type=1&temp=1781576497", parameters={masked}" }
                    
{
                    "app": "Crmeb",
                    "timestamp":"2026-06-16 10:21:38.016",
                    "level": "DEBUG",
                    "thread": "http-nio-8169-exec-16",
                    "class": "o.s.w.s.m.m.a.RequestMappingHandlerMapping",
                    "message": "Mapped to com.zbkj.admin.controller.StoreProductController#getList(StoreProductSearchRequest, PageParamRequest)" }
                    
{
                    "app": "Crmeb",
                    "timestamp":"2026-06-16 10:21:38.269",
                    "level": "DEBUG",
                    "thread": "http-nio-8169-exec-30",
                    "class": "o.s.w.s.m.m.a.RequestResponseBodyMethodProcessor",
                    "message": "Using 'application/json', given [application/json, text/plain, */*] and supported [application/json, application/*+json, application/json, application/*+json, application/cbor]" }
                    
{
                    "app": "Crmeb",
                    "timestamp":"2026-06-16 10:21:38.269",
                    "level": "DEBUG",
                    "thread": "http-nio-8169-exec-30",
                    "class": "o.s.w.s.m.m.a.RequestResponseBodyMethodProcessor",
                    "message": "Writing [com.zbkj.common.result.CommonResult@2a3c4cf9]" }
                    
{
                    "app": "Crmeb",
                    "timestamp":"2026-06-16 10:21:38.270",
                    "level": "DEBUG",
                    "thread": "http-nio-8169-exec-30",
                    "class": "o.s.web.servlet.DispatcherServlet",
                    "message": "Completed 200 OK" }
                    
{
                    "app": "Crmeb",
                    "timestamp":"2026-06-16 10:21:40.588",
                    "level": "DEBUG",
                    "thread": "http-nio-8169-exec-16",
                    "class": "o.s.w.s.m.m.a.RequestResponseBodyMethodProcessor",
                    "message": "Using 'application/json', given [application/json, text/plain, */*] and supported [application/json, application/*+json, application/json, application/*+json, application/cbor]" }
                    
{
                    "app": "Crmeb",
                    "timestamp":"2026-06-16 10:21:40.588",
                    "level": "DEBUG",
                    "thread": "http-nio-8169-exec-16",
                    "class": "o.s.w.s.m.m.a.RequestResponseBodyMethodProcessor",
                    "message": "Writing [com.zbkj.common.result.CommonResult@e5609dd]" }
                    
{
                    "app": "Crmeb",
                    "timestamp":"2026-06-16 10:21:40.591",
                    "level": "DEBUG",
                    "thread": "http-nio-8169-exec-16",
                    "class": "o.s.web.servlet.DispatcherServlet",
                    "message": "Completed 200 OK" }
                    
{
                    "app": "Crmeb",
                    "timestamp":"2026-06-16 10:21:43.773",
                    "level": "DEBUG",
                    "thread": "http-nio-8169-exec-11",
                    "class": "o.s.web.servlet.DispatcherServlet",
                    "message": "GET "/api/admin/store/product/delete/92?type=recycle&temp=1781576503", parameters={masked}" }
                    
{
                    "app": "Crmeb",
                    "timestamp":"2026-06-16 10:21:43.774",
                    "level": "DEBUG",
                    "thread": "http-nio-8169-exec-11",
                    "class": "o.s.w.s.m.m.a.RequestMappingHandlerMapping",
                    "message": "Mapped to com.zbkj.admin.controller.StoreProductController#delete(Integer, String)" }
                    
{
                    "app": "Crmeb",
                    "timestamp":"2026-06-16 10:21:43.909",
                    "level": "DEBUG",
                    "thread": "http-nio-8169-exec-11",
                    "class": "o.s.w.s.m.m.a.RequestResponseBodyMethodProcessor",
                    "message": "Using 'application/json', given [application/json, text/plain, */*] and supported [application/json, application/*+json, application/json, application/*+json, application/cbor]" }
                    
{
                    "app": "Crmeb",
                    "timestamp":"2026-06-16 10:21:43.909",
                    "level": "DEBUG",
                    "thread": "http-nio-8169-exec-11",
                    "class": "o.s.w.s.m.m.a.RequestResponseBodyMethodProcessor",
                    "message": "Writing [com.zbkj.common.result.CommonResult@25cbf5bd]" }
                    
{
                    "app": "Crmeb",
                    "timestamp":"2026-06-16 10:21:43.909",
                    "level": "DEBUG",
                    "thread": "http-nio-8169-exec-11",
                    "class": "o.s.web.servlet.DispatcherServlet",
                    "message": "Completed 200 OK" }
                    
{
                    "app": "Crmeb",
                    "timestamp":"2026-06-16 10:21:43.943",
                    "level": "DEBUG",
                    "thread": "http-nio-8169-exec-21",
                    "class": "o.s.web.servlet.DispatcherServlet",
                    "message": "GET "/api/admin/store/product/list?page=1&limit=20&cateId=&keywords=&type=1&temp=1781576503", parameters={masked}" }
                    
{
                    "app": "Crmeb",
                    "timestamp":"2026-06-16 10:21:43.943",
                    "level": "DEBUG",
                    "thread": "http-nio-8169-exec-21",
                    "class": "o.s.w.s.m.m.a.RequestMappingHandlerMapping",
                    "message": "Mapped to com.zbkj.admin.controller.StoreProductController#getList(StoreProductSearchRequest, PageParamRequest)" }
                    
{
                    "app": "Crmeb",
                    "timestamp":"2026-06-16 10:21:43.988",
                    "level": "DEBUG",
                    "thread": "http-nio-8169-exec-23",
                    "class": "o.s.web.servlet.DispatcherServlet",
                    "message": "GET "/api/admin/store/product/tabs/headers?page=1&limit=20&cateId=&keywords=&type=1&temp=1781576503", parameters={masked}" }
                    
{
                    "app": "Crmeb",
                    "timestamp":"2026-06-16 10:21:43.988",
                    "level": "DEBUG",
                    "thread": "http-nio-8169-exec-23",
                    "class": "o.s.w.s.m.m.a.RequestMappingHandlerMapping",
                    "message": "Mapped to com.zbkj.admin.controller.StoreProductController#getTabsHeader(StoreProductHeaderRequest)" }
                    
{
                    "app": "Crmeb",
                    "timestamp":"2026-06-16 10:21:44.263",
                    "level": "DEBUG",
                    "thread": "http-nio-8169-exec-23",
                    "class": "o.s.w.s.m.m.a.RequestResponseBodyMethodProcessor",
                    "message": "Using 'application/json', given [application/json, text/plain, */*] and supported [application/json, application/*+json, application/json, application/*+json, application/cbor]" }
                    
{
                    "app": "Crmeb",
                    "timestamp":"2026-06-16 10:21:44.264",
                    "level": "DEBUG",
                    "thread": "http-nio-8169-exec-23",
                    "class": "o.s.w.s.m.m.a.RequestResponseBodyMethodProcessor",
                    "message": "Writing [com.zbkj.common.result.CommonResult@bc1bb35]" }
                    
{
                    "app": "Crmeb",
                    "timestamp":"2026-06-16 10:21:44.264",
                    "level": "DEBUG",
                    "thread": "http-nio-8169-exec-23",
                    "class": "o.s.web.servlet.DispatcherServlet",
                    "message": "Completed 200 OK" }
                    
{
                    "app": "Crmeb",
                    "timestamp":"2026-06-16 10:21:46.293",
                    "level": "DEBUG",
                    "thread": "http-nio-8169-exec-21",
                    "class": "o.s.w.s.m.m.a.RequestResponseBodyMethodProcessor",
                    "message": "Using 'application/json', given [application/json, text/plain, */*] and supported [application/json, application/*+json, application/json, application/*+json, application/cbor]" }
                    
{
                    "app": "Crmeb",
                    "timestamp":"2026-06-16 10:21:46.293",
                    "level": "DEBUG",
                    "thread": "http-nio-8169-exec-21",
                    "class": "o.s.w.s.m.m.a.RequestResponseBodyMethodProcessor",
                    "message": "Writing [com.zbkj.common.result.CommonResult@731c53f6]" }
                    
{
                    "app": "Crmeb",
                    "timestamp":"2026-06-16 10:21:46.295",
                    "level": "DEBUG",
                    "thread": "http-nio-8169-exec-21",
                    "class": "o.s.web.servlet.DispatcherServlet",
                    "message": "Completed 200 OK" }
                    
{
                    "app": "Crmeb",
                    "timestamp":"2026-06-16 10:21:48.150",
                    "level": "DEBUG",
                    "thread": "http-nio-8169-exec-8",
                    "class": "o.s.web.servlet.DispatcherServlet",
                    "message": "GET "/api/admin/store/product/delete/91?type=recycle&temp=1781576508", parameters={masked}" }
                    
{
                    "app": "Crmeb",
                    "timestamp":"2026-06-16 10:21:48.152",
                    "level": "DEBUG",
                    "thread": "http-nio-8169-exec-8",
                    "class": "o.s.w.s.m.m.a.RequestMappingHandlerMapping",
                    "message": "Mapped to com.zbkj.admin.controller.StoreProductController#delete(Integer, String)" }
                    
{
                    "app": "Crmeb",
                    "timestamp":"2026-06-16 10:21:48.285",
                    "level": "DEBUG",
                    "thread": "http-nio-8169-exec-8",
                    "class": "o.s.w.s.m.m.a.RequestResponseBodyMethodProcessor",
                    "message": "Using 'application/json', given [application/json, text/plain, */*] and supported [application/json, application/*+json, application/json, application/*+json, application/cbor]" }
                    
{
                    "app": "Crmeb",
                    "timestamp":"2026-06-16 10:21:48.285",
                    "level": "DEBUG",
                    "thread": "http-nio-8169-exec-8",
                    "class": "o.s.w.s.m.m.a.RequestResponseBodyMethodProcessor",
                    "message": "Writing [com.zbkj.common.result.CommonResult@7b717fa4]" }
                    
{
                    "app": "Crmeb",
                    "timestamp":"2026-06-16 10:21:48.286",
                    "level": "DEBUG",
                    "thread": "http-nio-8169-exec-8",
                    "class": "o.s.web.servlet.DispatcherServlet",
                    "message": "Completed 200 OK" }
                    
{
                    "app": "Crmeb",
                    "timestamp":"2026-06-16 10:21:48.327",
                    "level": "DEBUG",
                    "thread": "http-nio-8169-exec-25",
                    "class": "o.s.web.servlet.DispatcherServlet",
                    "message": "GET "/api/admin/store/product/tabs/headers?page=1&limit=20&cateId=&keywords=&type=1&temp=1781576508", parameters={masked}" }
                    
{
                    "app": "Crmeb",
                    "timestamp":"2026-06-16 10:21:48.328",
                    "level": "DEBUG",
                    "thread": "http-nio-8169-exec-25",
                    "class": "o.s.w.s.m.m.a.RequestMappingHandlerMapping",
                    "message": "Mapped to com.zbkj.admin.controller.StoreProductController#getTabsHeader(StoreProductHeaderRequest)" }
                    
{
                    "app": "Crmeb",
                    "timestamp":"2026-06-16 10:21:48.374",
                    "level": "DEBUG",
                    "thread": "http-nio-8169-exec-26",
                    "class": "o.s.web.servlet.DispatcherServlet",
                    "message": "GET "/api/admin/store/product/list?page=1&limit=20&cateId=&keywords=&type=1&temp=1781576508", parameters={masked}" }
                    
{
                    "app": "Crmeb",
                    "timestamp":"2026-06-16 10:21:48.375",
                    "level": "DEBUG",
                    "thread": "http-nio-8169-exec-26",
                    "class": "o.s.w.s.m.m.a.RequestMappingHandlerMapping",
                    "message": "Mapped to com.zbkj.admin.controller.StoreProductController#getList(StoreProductSearchRequest, PageParamRequest)" }
                    
{
                    "app": "Crmeb",
                    "timestamp":"2026-06-16 10:21:48.606",
                    "level": "DEBUG",
                    "thread": "http-nio-8169-exec-25",
                    "class": "o.s.w.s.m.m.a.RequestResponseBodyMethodProcessor",
                    "message": "Using 'application/json', given [application/json, text/plain, */*] and supported [application/json, application/*+json, application/json, application/*+json, application/cbor]" }
                    
{
                    "app": "Crmeb",
                    "timestamp":"2026-06-16 10:21:48.606",
                    "level": "DEBUG",
                    "thread": "http-nio-8169-exec-25",
                    "class": "o.s.w.s.m.m.a.RequestResponseBodyMethodProcessor",
                    "message": "Writing [com.zbkj.common.result.CommonResult@4a6a06c5]" }
                    
{
                    "app": "Crmeb",
                    "timestamp":"2026-06-16 10:21:48.606",
                    "level": "DEBUG",
                    "thread": "http-nio-8169-exec-25",
                    "class": "o.s.web.servlet.DispatcherServlet",
                    "message": "Completed 200 OK" }
                    
{
                    "app": "Crmeb",
                    "timestamp":"2026-06-16 10:21:50.572",
                    "level": "DEBUG",
                    "thread": "http-nio-8169-exec-26",
                    "class": "o.s.w.s.m.m.a.RequestResponseBodyMethodProcessor",
                    "message": "Using 'application/json', given [application/json, text/plain, */*] and supported [application/json, application/*+json, application/json, application/*+json, application/cbor]" }
                    
{
                    "app": "Crmeb",
                    "timestamp":"2026-06-16 10:21:50.573",
                    "level": "DEBUG",
                    "thread": "http-nio-8169-exec-26",
                    "class": "o.s.w.s.m.m.a.RequestResponseBodyMethodProcessor",
                    "message": "Writing [com.zbkj.common.result.CommonResult@73a2552e]" }
                    
{
                    "app": "Crmeb",
                    "timestamp":"2026-06-16 10:21:50.574",
                    "level": "DEBUG",
                    "thread": "http-nio-8169-exec-26",
                    "class": "o.s.web.servlet.DispatcherServlet",
                    "message": "Completed 200 OK" }
                    
{
                    "app": "Crmeb",
                    "timestamp":"2026-06-16 10:21:52.418",
                    "level": "DEBUG",
                    "thread": "http-nio-8169-exec-3",
                    "class": "o.s.web.servlet.DispatcherServlet",
                    "message": "GET "/api/admin/store/product/delete/90?type=recycle&temp=1781576512", parameters={masked}" }
                    
{
                    "app": "Crmeb",
                    "timestamp":"2026-06-16 10:21:52.420",
                    "level": "DEBUG",
                    "thread": "http-nio-8169-exec-3",
                    "class": "o.s.w.s.m.m.a.RequestMappingHandlerMapping",
                    "message": "Mapped to com.zbkj.admin.controller.StoreProductController#delete(Integer, String)" }
                    
{
                    "app": "Crmeb",
                    "timestamp":"2026-06-16 10:21:52.558",
                    "level": "DEBUG",
                    "thread": "http-nio-8169-exec-3",
                    "class": "o.s.w.s.m.m.a.RequestResponseBodyMethodProcessor",
                    "message": "Using 'application/json', given [application/json, text/plain, */*] and supported [application/json, application/*+json, application/json, application/*+json, application/cbor]" }
                    
{
                    "app": "Crmeb",
                    "timestamp":"2026-06-16 10:21:52.558",
                    "level": "DEBUG",
                    "thread": "http-nio-8169-exec-3",
                    "class": "o.s.w.s.m.m.a.RequestResponseBodyMethodProcessor",
                    "message": "Writing [com.zbkj.common.result.CommonResult@1aed58c3]" }
                    
{
                    "app": "Crmeb",
                    "timestamp":"2026-06-16 10:21:52.558",
                    "level": "DEBUG",
                    "thread": "http-nio-8169-exec-3",
                    "class": "o.s.web.servlet.DispatcherServlet",
                    "message": "Completed 200 OK" }
                    
{
                    "app": "Crmeb",
                    "timestamp":"2026-06-16 10:21:52.594",
                    "level": "DEBUG",
                    "thread": "http-nio-8169-exec-28",
                    "class": "o.s.web.servlet.DispatcherServlet",
                    "message": "GET "/api/admin/store/product/list?page=1&limit=20&cateId=&keywords=&type=1&temp=1781576512", parameters={masked}" }
                    
{
                    "app": "Crmeb",
                    "timestamp":"2026-06-16 10:21:52.594",
                    "level": "DEBUG",
                    "thread": "http-nio-8169-exec-28",
                    "class": "o.s.w.s.m.m.a.RequestMappingHandlerMapping",
                    "message": "Mapped to com.zbkj.admin.controller.StoreProductController#getList(StoreProductSearchRequest, PageParamRequest)" }
                    
{
                    "app": "Crmeb",
                    "timestamp":"2026-06-16 10:21:52.638",
                    "level": "DEBUG",
                    "thread": "http-nio-8169-exec-2",
                    "class": "o.s.web.servlet.DispatcherServlet",
                    "message": "GET "/api/admin/store/product/tabs/headers?page=1&limit=20&cateId=&keywords=&type=1&temp=1781576512", parameters={masked}" }
                    
{
                    "app": "Crmeb",
                    "timestamp":"2026-06-16 10:21:52.638",
                    "level": "DEBUG",
                    "thread": "http-nio-8169-exec-2",
                    "class": "o.s.w.s.m.m.a.RequestMappingHandlerMapping",
                    "message": "Mapped to com.zbkj.admin.controller.StoreProductController#getTabsHeader(StoreProductHeaderRequest)" }
                    
{
                    "app": "Crmeb",
                    "timestamp":"2026-06-16 10:21:52.919",
                    "level": "DEBUG",
                    "thread": "http-nio-8169-exec-2",
                    "class": "o.s.w.s.m.m.a.RequestResponseBodyMethodProcessor",
                    "message": "Using 'application/json', given [application/json, text/plain, */*] and supported [application/json, application/*+json, application/json, application/*+json, application/cbor]" }
                    
{
                    "app": "Crmeb",
                    "timestamp":"2026-06-16 10:21:52.920",
                    "level": "DEBUG",
                    "thread": "http-nio-8169-exec-2",
                    "class": "o.s.w.s.m.m.a.RequestResponseBodyMethodProcessor",
                    "message": "Writing [com.zbkj.common.result.CommonResult@49561c03]" }
                    
{
                    "app": "Crmeb",
                    "timestamp":"2026-06-16 10:21:52.920",
                    "level": "DEBUG",
                    "thread": "http-nio-8169-exec-2",
                    "class": "o.s.web.servlet.DispatcherServlet",
                    "message": "Completed 200 OK" }
                    
{
                    "app": "Crmeb",
                    "timestamp":"2026-06-16 10:21:54.503",
                    "level": "DEBUG",
                    "thread": "http-nio-8169-exec-28",
                    "class": "o.s.w.s.m.m.a.RequestResponseBodyMethodProcessor",
                    "message": "Using 'application/json', given [application/json, text/plain, */*] and supported [application/json, application/*+json, application/json, application/*+json, application/cbor]" }
                    
{
                    "app": "Crmeb",
                    "timestamp":"2026-06-16 10:21:54.503",
                    "level": "DEBUG",
                    "thread": "http-nio-8169-exec-28",
                    "class": "o.s.w.s.m.m.a.RequestResponseBodyMethodProcessor",
                    "message": "Writing [com.zbkj.common.result.CommonResult@429e0dde]" }
                    
{
                    "app": "Crmeb",
                    "timestamp":"2026-06-16 10:21:54.504",
                    "level": "DEBUG",
                    "thread": "http-nio-8169-exec-28",
                    "class": "o.s.web.servlet.DispatcherServlet",
                    "message": "Completed 200 OK" }
                    
{
                    "app": "Crmeb",
                    "timestamp":"2026-06-16 10:21:56.767",
                    "level": "DEBUG",
                    "thread": "http-nio-8169-exec-7",
                    "class": "o.s.web.servlet.DispatcherServlet",
                    "message": "GET "/api/admin/store/product/delete/89?type=recycle&temp=1781576516", parameters={masked}" }
                    
{
                    "app": "Crmeb",
                    "timestamp":"2026-06-16 10:21:56.769",
                    "level": "DEBUG",
                    "thread": "http-nio-8169-exec-7",
                    "class": "o.s.w.s.m.m.a.RequestMappingHandlerMapping",
                    "message": "Mapped to com.zbkj.admin.controller.StoreProductController#delete(Integer, String)" }
                    
{
                    "app": "Crmeb",
                    "timestamp":"2026-06-16 10:21:56.903",
                    "level": "DEBUG",
                    "thread": "http-nio-8169-exec-7",
                    "class": "o.s.w.s.m.m.a.RequestResponseBodyMethodProcessor",
                    "message": "Using 'application/json', given [application/json, text/plain, */*] and supported [application/json, application/*+json, application/json, application/*+json, application/cbor]" }
                    
{
                    "app": "Crmeb",
                    "timestamp":"2026-06-16 10:21:56.904",
                    "level": "DEBUG",
                    "thread": "http-nio-8169-exec-7",
                    "class": "o.s.w.s.m.m.a.RequestResponseBodyMethodProcessor",
                    "message": "Writing [com.zbkj.common.result.CommonResult@5d07966c]" }
                    
{
                    "app": "Crmeb",
                    "timestamp":"2026-06-16 10:21:56.904",
                    "level": "DEBUG",
                    "thread": "http-nio-8169-exec-7",
                    "class": "o.s.web.servlet.DispatcherServlet",
                    "message": "Completed 200 OK" }
                    
{
                    "app": "Crmeb",
                    "timestamp":"2026-06-16 10:21:56.940",
                    "level": "DEBUG",
                    "thread": "http-nio-8169-exec-30",
                    "class": "o.s.web.servlet.DispatcherServlet",
                    "message": "GET "/api/admin/store/product/list?page=1&limit=20&cateId=&keywords=&type=1&temp=1781576516", parameters={masked}" }
                    
{
                    "app": "Crmeb",
                    "timestamp":"2026-06-16 10:21:56.941",
                    "level": "DEBUG",
                    "thread": "http-nio-8169-exec-30",
                    "class": "o.s.w.s.m.m.a.RequestMappingHandlerMapping",
                    "message": "Mapped to com.zbkj.admin.controller.StoreProductController#getList(StoreProductSearchRequest, PageParamRequest)" }
                    
{
                    "app": "Crmeb",
                    "timestamp":"2026-06-16 10:21:56.981",
                    "level": "DEBUG",
                    "thread": "http-nio-8169-exec-16",
                    "class": "o.s.web.servlet.DispatcherServlet",
                    "message": "GET "/api/admin/store/product/tabs/headers?page=1&limit=20&cateId=&keywords=&type=1&temp=1781576516", parameters={masked}" }
                    
{
                    "app": "Crmeb",
                    "timestamp":"2026-06-16 10:21:56.981",
                    "level": "DEBUG",
                    "thread": "http-nio-8169-exec-16",
                    "class": "o.s.w.s.m.m.a.RequestMappingHandlerMapping",
                    "message": "Mapped to com.zbkj.admin.controller.StoreProductController#getTabsHeader(StoreProductHeaderRequest)" }
                    
{
                    "app": "Crmeb",
                    "timestamp":"2026-06-16 10:21:57.244",
                    "level": "DEBUG",
                    "thread": "http-nio-8169-exec-16",
                    "class": "o.s.w.s.m.m.a.RequestResponseBodyMethodProcessor",
                    "message": "Using 'application/json', given [application/json, text/plain, */*] and supported [application/json, application/*+json, application/json, application/*+json, application/cbor]" }
                    
{
                    "app": "Crmeb",
                    "timestamp":"2026-06-16 10:21:57.245",
                    "level": "DEBUG",
                    "thread": "http-nio-8169-exec-16",
                    "class": "o.s.w.s.m.m.a.RequestResponseBodyMethodProcessor",
                    "message": "Writing [com.zbkj.common.result.CommonResult@6bbea04b]" }
                    
{
                    "app": "Crmeb",
                    "timestamp":"2026-06-16 10:21:57.245",
                    "level": "DEBUG",
                    "thread": "http-nio-8169-exec-16",
                    "class": "o.s.web.servlet.DispatcherServlet",
                    "message": "Completed 200 OK" }
                    
{
                    "app": "Crmeb",
                    "timestamp":"2026-06-16 10:21:58.627",
                    "level": "DEBUG",
                    "thread": "http-nio-8169-exec-30",
                    "class": "o.s.w.s.m.m.a.RequestResponseBodyMethodProcessor",
                    "message": "Using 'application/json', given [application/json, text/plain, */*] and supported [application/json, application/*+json, application/json, application/*+json, application/cbor]" }
                    
{
                    "app": "Crmeb",
                    "timestamp":"2026-06-16 10:21:58.628",
                    "level": "DEBUG",
                    "thread": "http-nio-8169-exec-30",
                    "class": "o.s.w.s.m.m.a.RequestResponseBodyMethodProcessor",
                    "message": "Writing [com.zbkj.common.result.CommonResult@5c1b16e0]" }
                    
{
                    "app": "Crmeb",
                    "timestamp":"2026-06-16 10:21:58.629",
                    "level": "DEBUG",
                    "thread": "http-nio-8169-exec-30",
                    "class": "o.s.web.servlet.DispatcherServlet",
                    "message": "Completed 200 OK" }
                    
{
                    "app": "Crmeb",
                    "timestamp":"2026-06-16 10:22:00.719",
                    "level": "DEBUG",
                    "thread": "http-nio-8169-exec-18",
                    "class": "o.s.web.servlet.DispatcherServlet",
                    "message": "GET "/api/admin/store/product/delete/88?type=recycle&temp=1781576520", parameters={masked}" }
                    
{
                    "app": "Crmeb",
                    "timestamp":"2026-06-16 10:22:00.722",
                    "level": "DEBUG",
                    "thread": "http-nio-8169-exec-18",
                    "class": "o.s.w.s.m.m.a.RequestMappingHandlerMapping",
                    "message": "Mapped to com.zbkj.admin.controller.StoreProductController#delete(Integer, String)" }
                    
{
                    "app": "Crmeb",
                    "timestamp":"2026-06-16 10:22:00.861",
                    "level": "DEBUG",
                    "thread": "http-nio-8169-exec-18",
                    "class": "o.s.w.s.m.m.a.RequestResponseBodyMethodProcessor",
                    "message": "Using 'application/json', given [application/json, text/plain, */*] and supported [application/json, application/*+json, application/json, application/*+json, application/cbor]" }
                    
{
                    "app": "Crmeb",
                    "timestamp":"2026-06-16 10:22:00.861",
                    "level": "DEBUG",
                    "thread": "http-nio-8169-exec-18",
                    "class": "o.s.w.s.m.m.a.RequestResponseBodyMethodProcessor",
                    "message": "Writing [com.zbkj.common.result.CommonResult@54b65f79]" }
                    
{
                    "app": "Crmeb",
                    "timestamp":"2026-06-16 10:22:00.861",
                    "level": "DEBUG",
                    "thread": "http-nio-8169-exec-18",
                    "class": "o.s.web.servlet.DispatcherServlet",
                    "message": "Completed 200 OK" }
                    
{
                    "app": "Crmeb",
                    "timestamp":"2026-06-16 10:22:00.897",
                    "level": "DEBUG",
                    "thread": "http-nio-8169-exec-10",
                    "class": "o.s.web.servlet.DispatcherServlet",
                    "message": "GET "/api/admin/store/product/list?page=1&limit=20&cateId=&keywords=&type=1&temp=1781576520", parameters={masked}" }
                    
{
                    "app": "Crmeb",
                    "timestamp":"2026-06-16 10:22:00.897",
                    "level": "DEBUG",
                    "thread": "http-nio-8169-exec-10",
                    "class": "o.s.w.s.m.m.a.RequestMappingHandlerMapping",
                    "message": "Mapped to com.zbkj.admin.controller.StoreProductController#getList(StoreProductSearchRequest, PageParamRequest)" }
                    
{
                    "app": "Crmeb",
                    "timestamp":"2026-06-16 10:22:00.938",
                    "level": "DEBUG",
                    "thread": "http-nio-8169-exec-12",
                    "class": "o.s.web.servlet.DispatcherServlet",
                    "message": "GET "/api/admin/store/product/tabs/headers?page=1&limit=20&cateId=&keywords=&type=1&temp=1781576520", parameters={masked}" }
                    
{
                    "app": "Crmeb",
                    "timestamp":"2026-06-16 10:22:00.938",
                    "level": "DEBUG",
                    "thread": "http-nio-8169-exec-12",
                    "class": "o.s.w.s.m.m.a.RequestMappingHandlerMapping",
                    "message": "Mapped to com.zbkj.admin.controller.StoreProductController#getTabsHeader(StoreProductHeaderRequest)" }
                    
{
                    "app": "Crmeb",
                    "timestamp":"2026-06-16 10:22:01.209",
                    "level": "DEBUG",
                    "thread": "http-nio-8169-exec-12",
                    "class": "o.s.w.s.m.m.a.RequestResponseBodyMethodProcessor",
                    "message": "Using 'application/json', given [application/json, text/plain, */*] and supported [application/json, application/*+json, application/json, application/*+json, application/cbor]" }
                    
{
                    "app": "Crmeb",
                    "timestamp":"2026-06-16 10:22:01.209",
                    "level": "DEBUG",
                    "thread": "http-nio-8169-exec-12",
                    "class": "o.s.w.s.m.m.a.RequestResponseBodyMethodProcessor",
                    "message": "Writing [com.zbkj.common.result.CommonResult@7e66eb78]" }
                    
{
                    "app": "Crmeb",
                    "timestamp":"2026-06-16 10:22:01.210",
                    "level": "DEBUG",
                    "thread": "http-nio-8169-exec-12",
                    "class": "o.s.web.servlet.DispatcherServlet",
                    "message": "Completed 200 OK" }
                    
{
                    "app": "Crmeb",
                    "timestamp":"2026-06-16 10:22:02.374",
                    "level": "DEBUG",
                    "thread": "http-nio-8169-exec-10",
                    "class": "o.s.w.s.m.m.a.RequestResponseBodyMethodProcessor",
                    "message": "Using 'application/json', given [application/json, text/plain, */*] and supported [application/json, application/*+json, application/json, application/*+json, application/cbor]" }
                    
{
                    "app": "Crmeb",
                    "timestamp":"2026-06-16 10:22:02.375",
                    "level": "DEBUG",
                    "thread": "http-nio-8169-exec-10",
                    "class": "o.s.w.s.m.m.a.RequestResponseBodyMethodProcessor",
                    "message": "Writing [com.zbkj.common.result.CommonResult@d24bb92]" }
                    
{
                    "app": "Crmeb",
                    "timestamp":"2026-06-16 10:22:02.375",
                    "level": "DEBUG",
                    "thread": "http-nio-8169-exec-10",
                    "class": "o.s.web.servlet.DispatcherServlet",
                    "message": "Completed 200 OK" }
                    
{
                    "app": "Crmeb",
                    "timestamp":"2026-06-16 10:22:04.239",
                    "level": "DEBUG",
                    "thread": "http-nio-8169-exec-11",
                    "class": "o.s.web.servlet.DispatcherServlet",
                    "message": "GET "/api/admin/store/product/delete/87?type=recycle&temp=1781576524", parameters={masked}" }
                    
{
                    "app": "Crmeb",
                    "timestamp":"2026-06-16 10:22:04.241",
                    "level": "DEBUG",
                    "thread": "http-nio-8169-exec-11",
                    "class": "o.s.w.s.m.m.a.RequestMappingHandlerMapping",
                    "message": "Mapped to com.zbkj.admin.controller.StoreProductController#delete(Integer, String)" }
                    
{
                    "app": "Crmeb",
                    "timestamp":"2026-06-16 10:22:04.375",
                    "level": "DEBUG",
                    "thread": "http-nio-8169-exec-11",
                    "class": "o.s.w.s.m.m.a.RequestResponseBodyMethodProcessor",
                    "message": "Using 'application/json', given [application/json, text/plain, */*] and supported [application/json, application/*+json, application/json, application/*+json, application/cbor]" }
                    
{
                    "app": "Crmeb",
                    "timestamp":"2026-06-16 10:22:04.375",
                    "level": "DEBUG",
                    "thread": "http-nio-8169-exec-11",
                    "class": "o.s.w.s.m.m.a.RequestResponseBodyMethodProcessor",
                    "message": "Writing [com.zbkj.common.result.CommonResult@6aed2e8b]" }
                    
{
                    "app": "Crmeb",
                    "timestamp":"2026-06-16 10:22:04.375",
                    "level": "DEBUG",
                    "thread": "http-nio-8169-exec-11",
                    "class": "o.s.web.servlet.DispatcherServlet",
                    "message": "Completed 200 OK" }
                    
{
                    "app": "Crmeb",
                    "timestamp":"2026-06-16 10:22:04.429",
                    "level": "DEBUG",
                    "thread": "http-nio-8169-exec-23",
                    "class": "o.s.web.servlet.DispatcherServlet",
                    "message": "GET "/api/admin/store/product/list?page=1&limit=20&cateId=&keywords=&type=1&temp=1781576524", parameters={masked}" }
                    
{
                    "app": "Crmeb",
                    "timestamp":"2026-06-16 10:22:04.430",
                    "level": "DEBUG",
                    "thread": "http-nio-8169-exec-23",
                    "class": "o.s.w.s.m.m.a.RequestMappingHandlerMapping",
                    "message": "Mapped to com.zbkj.admin.controller.StoreProductController#getList(StoreProductSearchRequest, PageParamRequest)" }
                    
{
                    "app": "Crmeb",
                    "timestamp":"2026-06-16 10:22:04.449",
                    "level": "DEBUG",
                    "thread": "http-nio-8169-exec-21",
                    "class": "o.s.web.servlet.DispatcherServlet",
                    "message": "GET "/api/admin/store/product/tabs/headers?page=1&limit=20&cateId=&keywords=&type=1&temp=1781576524", parameters={masked}" }
                    
{
                    "app": "Crmeb",
                    "timestamp":"2026-06-16 10:22:04.450",
                    "level": "DEBUG",
                    "thread": "http-nio-8169-exec-21",
                    "class": "o.s.w.s.m.m.a.RequestMappingHandlerMapping",
                    "message": "Mapped to com.zbkj.admin.controller.StoreProductController#getTabsHeader(StoreProductHeaderRequest)" }
                    
{
                    "app": "Crmeb",
                    "timestamp":"2026-06-16 10:22:04.728",
                    "level": "DEBUG",
                    "thread": "http-nio-8169-exec-21",
                    "class": "o.s.w.s.m.m.a.RequestResponseBodyMethodProcessor",
                    "message": "Using 'application/json', given [application/json, text/plain, */*] and supported [application/json, application/*+json, application/json, application/*+json, application/cbor]" }
                    
{
                    "app": "Crmeb",
                    "timestamp":"2026-06-16 10:22:04.728",
                    "level": "DEBUG",
                    "thread": "http-nio-8169-exec-21",
                    "class": "o.s.w.s.m.m.a.RequestResponseBodyMethodProcessor",
                    "message": "Writing [com.zbkj.common.result.CommonResult@15d73796]" }
                    
{
                    "app": "Crmeb",
                    "timestamp":"2026-06-16 10:22:04.728",
                    "level": "DEBUG",
                    "thread": "http-nio-8169-exec-21",
                    "class": "o.s.web.servlet.DispatcherServlet",
                    "message": "Completed 200 OK" }
                    
{
                    "app": "Crmeb",
                    "timestamp":"2026-06-16 10:22:05.635",
                    "level": "DEBUG",
                    "thread": "http-nio-8169-exec-23",
                    "class": "o.s.w.s.m.m.a.RequestResponseBodyMethodProcessor",
                    "message": "Using 'application/json', given [application/json, text/plain, */*] and supported [application/json, application/*+json, application/json, application/*+json, application/cbor]" }
                    
{
                    "app": "Crmeb",
                    "timestamp":"2026-06-16 10:22:05.635",
                    "level": "DEBUG",
                    "thread": "http-nio-8169-exec-23",
                    "class": "o.s.w.s.m.m.a.RequestResponseBodyMethodProcessor",
                    "message": "Writing [com.zbkj.common.result.CommonResult@2a945c5b]" }
                    
{
                    "app": "Crmeb",
                    "timestamp":"2026-06-16 10:22:05.636",
                    "level": "DEBUG",
                    "thread": "http-nio-8169-exec-23",
                    "class": "o.s.web.servlet.DispatcherServlet",
                    "message": "Completed 200 OK" }
                    
{
                    "app": "Crmeb",
                    "timestamp":"2026-06-16 10:22:07.557",
                    "level": "DEBUG",
                    "thread": "http-nio-8169-exec-8",
                    "class": "o.s.web.servlet.DispatcherServlet",
                    "message": "GET "/api/admin/store/product/delete/86?type=recycle&temp=1781576527", parameters={masked}" }
                    
{
                    "app": "Crmeb",
                    "timestamp":"2026-06-16 10:22:07.558",
                    "level": "DEBUG",
                    "thread": "http-nio-8169-exec-8",
                    "class": "o.s.w.s.m.m.a.RequestMappingHandlerMapping",
                    "message": "Mapped to com.zbkj.admin.controller.StoreProductController#delete(Integer, String)" }
                    
{
                    "app": "Crmeb",
                    "timestamp":"2026-06-16 10:22:07.698",
                    "level": "DEBUG",
                    "thread": "http-nio-8169-exec-8",
                    "class": "o.s.w.s.m.m.a.RequestResponseBodyMethodProcessor",
                    "message": "Using 'application/json', given [application/json, text/plain, */*] and supported [application/json, application/*+json, application/json, application/*+json, application/cbor]" }
                    
{
                    "app": "Crmeb",
                    "timestamp":"2026-06-16 10:22:07.698",
                    "level": "DEBUG",
                    "thread": "http-nio-8169-exec-8",
                    "class": "o.s.w.s.m.m.a.RequestResponseBodyMethodProcessor",
                    "message": "Writing [com.zbkj.common.result.CommonResult@3676df79]" }
                    
{
                    "app": "Crmeb",
                    "timestamp":"2026-06-16 10:22:07.698",
                    "level": "DEBUG",
                    "thread": "http-nio-8169-exec-8",
                    "class": "o.s.web.servlet.DispatcherServlet",
                    "message": "Completed 200 OK" }
                    
{
                    "app": "Crmeb",
                    "timestamp":"2026-06-16 10:22:07.737",
                    "level": "DEBUG",
                    "thread": "http-nio-8169-exec-26",
                    "class": "o.s.web.servlet.DispatcherServlet",
                    "message": "GET "/api/admin/store/product/list?page=1&limit=20&cateId=&keywords=&type=1&temp=1781576527", parameters={masked}" }
                    
{
                    "app": "Crmeb",
                    "timestamp":"2026-06-16 10:22:07.737",
                    "level": "DEBUG",
                    "thread": "http-nio-8169-exec-26",
                    "class": "o.s.w.s.m.m.a.RequestMappingHandlerMapping",
                    "message": "Mapped to com.zbkj.admin.controller.StoreProductController#getList(StoreProductSearchRequest, PageParamRequest)" }
                    
{
                    "app": "Crmeb",
                    "timestamp":"2026-06-16 10:22:07.777",
                    "level": "DEBUG",
                    "thread": "http-nio-8169-exec-25",
                    "class": "o.s.web.servlet.DispatcherServlet",
                    "message": "GET "/api/admin/store/product/tabs/headers?page=1&limit=20&cateId=&keywords=&type=1&temp=1781576527", parameters={masked}" }
                    
{
                    "app": "Crmeb",
                    "timestamp":"2026-06-16 10:22:07.777",
                    "level": "DEBUG",
                    "thread": "http-nio-8169-exec-25",
                    "class": "o.s.w.s.m.m.a.RequestMappingHandlerMapping",
                    "message": "Mapped to com.zbkj.admin.controller.StoreProductController#getTabsHeader(StoreProductHeaderRequest)" }
                    
{
                    "app": "Crmeb",
                    "timestamp":"2026-06-16 10:22:08.056",
                    "level": "DEBUG",
                    "thread": "http-nio-8169-exec-25",
                    "class": "o.s.w.s.m.m.a.RequestResponseBodyMethodProcessor",
                    "message": "Using 'application/json', given [application/json, text/plain, */*] and supported [application/json, application/*+json, application/json, application/*+json, application/cbor]" }
                    
{
                    "app": "Crmeb",
                    "timestamp":"2026-06-16 10:22:08.056",
                    "level": "DEBUG",
                    "thread": "http-nio-8169-exec-25",
                    "class": "o.s.w.s.m.m.a.RequestResponseBodyMethodProcessor",
                    "message": "Writing [com.zbkj.common.result.CommonResult@5f1ea75d]" }
                    
{
                    "app": "Crmeb",
                    "timestamp":"2026-06-16 10:22:08.057",
                    "level": "DEBUG",
                    "thread": "http-nio-8169-exec-25",
                    "class": "o.s.web.servlet.DispatcherServlet",
                    "message": "Completed 200 OK" }
                    
{
                    "app": "Crmeb",
                    "timestamp":"2026-06-16 10:22:08.692",
                    "level": "DEBUG",
                    "thread": "http-nio-8169-exec-26",
                    "class": "o.s.w.s.m.m.a.RequestResponseBodyMethodProcessor",
                    "message": "Using 'application/json', given [application/json, text/plain, */*] and supported [application/json, application/*+json, application/json, application/*+json, application/cbor]" }
                    
{
                    "app": "Crmeb",
                    "timestamp":"2026-06-16 10:22:08.692",
                    "level": "DEBUG",
                    "thread": "http-nio-8169-exec-26",
                    "class": "o.s.w.s.m.m.a.RequestResponseBodyMethodProcessor",
                    "message": "Writing [com.zbkj.common.result.CommonResult@753fc519]" }
                    
{
                    "app": "Crmeb",
                    "timestamp":"2026-06-16 10:22:08.693",
                    "level": "DEBUG",
                    "thread": "http-nio-8169-exec-26",
                    "class": "o.s.web.servlet.DispatcherServlet",
                    "message": "Completed 200 OK" }
                    
{
                    "app": "Crmeb",
                    "timestamp":"2026-06-16 10:22:10.868",
                    "level": "DEBUG",
                    "thread": "http-nio-8169-exec-3",
                    "class": "o.s.web.servlet.DispatcherServlet",
                    "message": "GET "/api/admin/store/product/delete/85?type=recycle&temp=1781576530", parameters={masked}" }
                    
{
                    "app": "Crmeb",
                    "timestamp":"2026-06-16 10:22:10.870",
                    "level": "DEBUG",
                    "thread": "http-nio-8169-exec-3",
                    "class": "o.s.w.s.m.m.a.RequestMappingHandlerMapping",
                    "message": "Mapped to com.zbkj.admin.controller.StoreProductController#delete(Integer, String)" }
                    
{
                    "app": "Crmeb",
                    "timestamp":"2026-06-16 10:22:11.004",
                    "level": "DEBUG",
                    "thread": "http-nio-8169-exec-3",
                    "class": "o.s.w.s.m.m.a.RequestResponseBodyMethodProcessor",
                    "message": "Using 'application/json', given [application/json, text/plain, */*] and supported [application/json, application/*+json, application/json, application/*+json, application/cbor]" }
                    
{
                    "app": "Crmeb",
                    "timestamp":"2026-06-16 10:22:11.004",
                    "level": "DEBUG",
                    "thread": "http-nio-8169-exec-3",
                    "class": "o.s.w.s.m.m.a.RequestResponseBodyMethodProcessor",
                    "message": "Writing [com.zbkj.common.result.CommonResult@40d69e5]" }
                    
{
                    "app": "Crmeb",
                    "timestamp":"2026-06-16 10:22:11.004",
                    "level": "DEBUG",
                    "thread": "http-nio-8169-exec-3",
                    "class": "o.s.web.servlet.DispatcherServlet",
                    "message": "Completed 200 OK" }
                    
{
                    "app": "Crmeb",
                    "timestamp":"2026-06-16 10:22:11.044",
                    "level": "DEBUG",
                    "thread": "http-nio-8169-exec-28",
                    "class": "o.s.web.servlet.DispatcherServlet",
                    "message": "GET "/api/admin/store/product/tabs/headers?page=1&limit=20&cateId=&keywords=&type=1&temp=1781576531", parameters={masked}" }
                    
{
                    "app": "Crmeb",
                    "timestamp":"2026-06-16 10:22:11.044",
                    "level": "DEBUG",
                    "thread": "http-nio-8169-exec-28",
                    "class": "o.s.w.s.m.m.a.RequestMappingHandlerMapping",
                    "message": "Mapped to com.zbkj.admin.controller.StoreProductController#getTabsHeader(StoreProductHeaderRequest)" }
                    
{
                    "app": "Crmeb",
                    "timestamp":"2026-06-16 10:22:11.087",
                    "level": "DEBUG",
                    "thread": "http-nio-8169-exec-2",
                    "class": "o.s.web.servlet.DispatcherServlet",
                    "message": "GET "/api/admin/store/product/list?page=1&limit=20&cateId=&keywords=&type=1&temp=1781576531", parameters={masked}" }
                    
{
                    "app": "Crmeb",
                    "timestamp":"2026-06-16 10:22:11.088",
                    "level": "DEBUG",
                    "thread": "http-nio-8169-exec-2",
                    "class": "o.s.w.s.m.m.a.RequestMappingHandlerMapping",
                    "message": "Mapped to com.zbkj.admin.controller.StoreProductController#getList(StoreProductSearchRequest, PageParamRequest)" }
                    
{
                    "app": "Crmeb",
                    "timestamp":"2026-06-16 10:22:11.306",
                    "level": "DEBUG",
                    "thread": "http-nio-8169-exec-28",
                    "class": "o.s.w.s.m.m.a.RequestResponseBodyMethodProcessor",
                    "message": "Using 'application/json', given [application/json, text/plain, */*] and supported [application/json, application/*+json, application/json, application/*+json, application/cbor]" }
                    
{
                    "app": "Crmeb",
                    "timestamp":"2026-06-16 10:22:11.307",
                    "level": "DEBUG",
                    "thread": "http-nio-8169-exec-28",
                    "class": "o.s.w.s.m.m.a.RequestResponseBodyMethodProcessor",
                    "message": "Writing [com.zbkj.common.result.CommonResult@308a0b43]" }
                    
{
                    "app": "Crmeb",
                    "timestamp":"2026-06-16 10:22:11.307",
                    "level": "DEBUG",
                    "thread": "http-nio-8169-exec-28",
                    "class": "o.s.web.servlet.DispatcherServlet",
                    "message": "Completed 200 OK" }
                    
{
                    "app": "Crmeb",
                    "timestamp":"2026-06-16 10:22:11.863",
                    "level": "DEBUG",
                    "thread": "http-nio-8169-exec-2",
                    "class": "o.s.w.s.m.m.a.RequestResponseBodyMethodProcessor",
                    "message": "Using 'application/json', given [application/json, text/plain, */*] and supported [application/json, application/*+json, application/json, application/*+json, application/cbor]" }
                    
{
                    "app": "Crmeb",
                    "timestamp":"2026-06-16 10:22:11.863",
                    "level": "DEBUG",
                    "thread": "http-nio-8169-exec-2",
                    "class": "o.s.w.s.m.m.a.RequestResponseBodyMethodProcessor",
                    "message": "Writing [com.zbkj.common.result.CommonResult@27057ab8]" }
                    
{
                    "app": "Crmeb",
                    "timestamp":"2026-06-16 10:22:11.864",
                    "level": "DEBUG",
                    "thread": "http-nio-8169-exec-2",
                    "class": "o.s.web.servlet.DispatcherServlet",
                    "message": "Completed 200 OK" }
                    
{
                    "app": "Crmeb",
                    "timestamp":"2026-06-16 10:22:13.713",
                    "level": "DEBUG",
                    "thread": "http-nio-8169-exec-7",
                    "class": "o.s.web.servlet.DispatcherServlet",
                    "message": "GET "/api/admin/store/product/delete/84?type=recycle&temp=1781576533", parameters={masked}" }
                    
{
                    "app": "Crmeb",
                    "timestamp":"2026-06-16 10:22:13.715",
                    "level": "DEBUG",
                    "thread": "http-nio-8169-exec-7",
                    "class": "o.s.w.s.m.m.a.RequestMappingHandlerMapping",
                    "message": "Mapped to com.zbkj.admin.controller.StoreProductController#delete(Integer, String)" }
                    
{
                    "app": "Crmeb",
                    "timestamp":"2026-06-16 10:22:13.854",
                    "level": "DEBUG",
                    "thread": "http-nio-8169-exec-7",
                    "class": "o.s.w.s.m.m.a.RequestResponseBodyMethodProcessor",
                    "message": "Using 'application/json', given [application/json, text/plain, */*] and supported [application/json, application/*+json, application/json, application/*+json, application/cbor]" }
                    
{
                    "app": "Crmeb",
                    "timestamp":"2026-06-16 10:22:13.855",
                    "level": "DEBUG",
                    "thread": "http-nio-8169-exec-7",
                    "class": "o.s.w.s.m.m.a.RequestResponseBodyMethodProcessor",
                    "message": "Writing [com.zbkj.common.result.CommonResult@56f7e0d4]" }
                    
{
                    "app": "Crmeb",
                    "timestamp":"2026-06-16 10:22:13.855",
                    "level": "DEBUG",
                    "thread": "http-nio-8169-exec-7",
                    "class": "o.s.web.servlet.DispatcherServlet",
                    "message": "Completed 200 OK" }
                    
{
                    "app": "Crmeb",
                    "timestamp":"2026-06-16 10:22:13.897",
                    "level": "DEBUG",
                    "thread": "http-nio-8169-exec-30",
                    "class": "o.s.web.servlet.DispatcherServlet",
                    "message": "GET "/api/admin/store/product/list?page=1&limit=20&cateId=&keywords=&type=1&temp=1781576533", parameters={masked}" }
                    
{
                    "app": "Crmeb",
                    "timestamp":"2026-06-16 10:22:13.897",
                    "level": "DEBUG",
                    "thread": "http-nio-8169-exec-30",
                    "class": "o.s.w.s.m.m.a.RequestMappingHandlerMapping",
                    "message": "Mapped to com.zbkj.admin.controller.StoreProductController#getList(StoreProductSearchRequest, PageParamRequest)" }
                    
{
                    "app": "Crmeb",
                    "timestamp":"2026-06-16 10:22:13.940",
                    "level": "DEBUG",
                    "thread": "http-nio-8169-exec-16",
                    "class": "o.s.web.servlet.DispatcherServlet",
                    "message": "GET "/api/admin/store/product/tabs/headers?page=1&limit=20&cateId=&keywords=&type=1&temp=1781576533", parameters={masked}" }
                    
{
                    "app": "Crmeb",
                    "timestamp":"2026-06-16 10:22:13.941",
                    "level": "DEBUG",
                    "thread": "http-nio-8169-exec-16",
                    "class": "o.s.w.s.m.m.a.RequestMappingHandlerMapping",
                    "message": "Mapped to com.zbkj.admin.controller.StoreProductController#getTabsHeader(StoreProductHeaderRequest)" }
                    
{
                    "app": "Crmeb",
                    "timestamp":"2026-06-16 10:22:14.208",
                    "level": "DEBUG",
                    "thread": "http-nio-8169-exec-16",
                    "class": "o.s.w.s.m.m.a.RequestResponseBodyMethodProcessor",
                    "message": "Using 'application/json', given [application/json, text/plain, */*] and supported [application/json, application/*+json, application/json, application/*+json, application/cbor]" }
                    
{
                    "app": "Crmeb",
                    "timestamp":"2026-06-16 10:22:14.208",
                    "level": "DEBUG",
                    "thread": "http-nio-8169-exec-16",
                    "class": "o.s.w.s.m.m.a.RequestResponseBodyMethodProcessor",
                    "message": "Writing [com.zbkj.common.result.CommonResult@7248b020]" }
                    
{
                    "app": "Crmeb",
                    "timestamp":"2026-06-16 10:22:14.209",
                    "level": "DEBUG",
                    "thread": "http-nio-8169-exec-16",
                    "class": "o.s.web.servlet.DispatcherServlet",
                    "message": "Completed 200 OK" }
                    
{
                    "app": "Crmeb",
                    "timestamp":"2026-06-16 10:22:14.450",
                    "level": "DEBUG",
                    "thread": "http-nio-8169-exec-30",
                    "class": "o.s.w.s.m.m.a.RequestResponseBodyMethodProcessor",
                    "message": "Using 'application/json', given [application/json, text/plain, */*] and supported [application/json, application/*+json, application/json, application/*+json, application/cbor]" }
                    
{
                    "app": "Crmeb",
                    "timestamp":"2026-06-16 10:22:14.450",
                    "level": "DEBUG",
                    "thread": "http-nio-8169-exec-30",
                    "class": "o.s.w.s.m.m.a.RequestResponseBodyMethodProcessor",
                    "message": "Writing [com.zbkj.common.result.CommonResult@2469d24c]" }
                    
{
                    "app": "Crmeb",
                    "timestamp":"2026-06-16 10:22:14.450",
                    "level": "DEBUG",
                    "thread": "http-nio-8169-exec-30",
                    "class": "o.s.web.servlet.DispatcherServlet",
                    "message": "Completed 200 OK" }
                    
{
                    "app": "Crmeb",
                    "timestamp":"2026-06-16 10:22:16.824",
                    "level": "DEBUG",
                    "thread": "http-nio-8169-exec-18",
                    "class": "o.s.web.servlet.DispatcherServlet",
                    "message": "GET "/api/admin/store/product/delete/83?type=recycle&temp=1781576536", parameters={masked}" }
                    
{
                    "app": "Crmeb",
                    "timestamp":"2026-06-16 10:22:16.825",
                    "level": "DEBUG",
                    "thread": "http-nio-8169-exec-18",
                    "class": "o.s.w.s.m.m.a.RequestMappingHandlerMapping",
                    "message": "Mapped to com.zbkj.admin.controller.StoreProductController#delete(Integer, String)" }
                    
{
                    "app": "Crmeb",
                    "timestamp":"2026-06-16 10:22:16.964",
                    "level": "DEBUG",
                    "thread": "http-nio-8169-exec-18",
                    "class": "o.s.w.s.m.m.a.RequestResponseBodyMethodProcessor",
                    "message": "Using 'application/json', given [application/json, text/plain, */*] and supported [application/json, application/*+json, application/json, application/*+json, application/cbor]" }
                    
{
                    "app": "Crmeb",
                    "timestamp":"2026-06-16 10:22:16.964",
                    "level": "DEBUG",
                    "thread": "http-nio-8169-exec-18",
                    "class": "o.s.w.s.m.m.a.RequestResponseBodyMethodProcessor",
                    "message": "Writing [com.zbkj.common.result.CommonResult@d8b9457]" }
                    
{
                    "app": "Crmeb",
                    "timestamp":"2026-06-16 10:22:16.964",
                    "level": "DEBUG",
                    "thread": "http-nio-8169-exec-18",
                    "class": "o.s.web.servlet.DispatcherServlet",
                    "message": "Completed 200 OK" }
                    
{
                    "app": "Crmeb",
                    "timestamp":"2026-06-16 10:22:17.000",
                    "level": "DEBUG",
                    "thread": "http-nio-8169-exec-10",
                    "class": "o.s.web.servlet.DispatcherServlet",
                    "message": "GET "/api/admin/store/product/list?page=1&limit=20&cateId=&keywords=&type=1&temp=1781576536", parameters={masked}" }
                    
{
                    "app": "Crmeb",
                    "timestamp":"2026-06-16 10:22:17.000",
                    "level": "DEBUG",
                    "thread": "http-nio-8169-exec-10",
                    "class": "o.s.w.s.m.m.a.RequestMappingHandlerMapping",
                    "message": "Mapped to com.zbkj.admin.controller.StoreProductController#getList(StoreProductSearchRequest, PageParamRequest)" }
                    
{
                    "app": "Crmeb",
                    "timestamp":"2026-06-16 10:22:17.041",
                    "level": "DEBUG",
                    "thread": "http-nio-8169-exec-12",
                    "class": "o.s.web.servlet.DispatcherServlet",
                    "message": "GET "/api/admin/store/product/tabs/headers?page=1&limit=20&cateId=&keywords=&type=1&temp=1781576536", parameters={masked}" }
                    
{
                    "app": "Crmeb",
                    "timestamp":"2026-06-16 10:22:17.041",
                    "level": "DEBUG",
                    "thread": "http-nio-8169-exec-12",
                    "class": "o.s.w.s.m.m.a.RequestMappingHandlerMapping",
                    "message": "Mapped to com.zbkj.admin.controller.StoreProductController#getTabsHeader(StoreProductHeaderRequest)" }
                    
{
                    "app": "Crmeb",
                    "timestamp":"2026-06-16 10:22:17.326",
                    "level": "DEBUG",
                    "thread": "http-nio-8169-exec-10",
                    "class": "o.s.w.s.m.m.a.RequestResponseBodyMethodProcessor",
                    "message": "Using 'application/json', given [application/json, text/plain, */*] and supported [application/json, application/*+json, application/json, application/*+json, application/cbor]" }
                    
{
                    "app": "Crmeb",
                    "timestamp":"2026-06-16 10:22:17.326",
                    "level": "DEBUG",
                    "thread": "http-nio-8169-exec-10",
                    "class": "o.s.w.s.m.m.a.RequestResponseBodyMethodProcessor",
                    "message": "Writing [com.zbkj.common.result.CommonResult@66760bb3]" }
                    
{
                    "app": "Crmeb",
                    "timestamp":"2026-06-16 10:22:17.327",
                    "level": "DEBUG",
                    "thread": "http-nio-8169-exec-10",
                    "class": "o.s.web.servlet.DispatcherServlet",
                    "message": "Completed 200 OK" }
                    
{
                    "app": "Crmeb",
                    "timestamp":"2026-06-16 10:22:17.331",
                    "level": "DEBUG",
                    "thread": "http-nio-8169-exec-12",
                    "class": "o.s.w.s.m.m.a.RequestResponseBodyMethodProcessor",
                    "message": "Using 'application/json', given [application/json, text/plain, */*] and supported [application/json, application/*+json, application/json, application/*+json, application/cbor]" }
                    
{
                    "app": "Crmeb",
                    "timestamp":"2026-06-16 10:22:17.331",
                    "level": "DEBUG",
                    "thread": "http-nio-8169-exec-12",
                    "class": "o.s.w.s.m.m.a.RequestResponseBodyMethodProcessor",
                    "message": "Writing [com.zbkj.common.result.CommonResult@4e223f3c]" }
                    
{
                    "app": "Crmeb",
                    "timestamp":"2026-06-16 10:22:17.331",
                    "level": "DEBUG",
                    "thread": "http-nio-8169-exec-12",
                    "class": "o.s.web.servlet.DispatcherServlet",
                    "message": "Completed 200 OK" }
                    
{
                    "app": "Crmeb",
                    "timestamp":"2026-06-16 10:22:18.451",
                    "level": "DEBUG",
                    "thread": "http-nio-8169-exec-17",
                    "class": "o.s.web.servlet.DispatcherServlet",
                    "message": "GET "/api/admin/store/product/list?page=1&limit=20&cateId=&keywords=&type=3&temp=1781576538", parameters={masked}" }
                    
{
                    "app": "Crmeb",
                    "timestamp":"2026-06-16 10:22:18.451",
                    "level": "DEBUG",
                    "thread": "http-nio-8169-exec-15",
                    "class": "o.s.web.servlet.DispatcherServlet",
                    "message": "GET "/api/admin/store/product/tabs/headers?page=1&limit=20&cateId=&keywords=&type=3&temp=1781576538", parameters={masked}" }
                    
{
                    "app": "Crmeb",
                    "timestamp":"2026-06-16 10:22:18.451",
                    "level": "DEBUG",
                    "thread": "http-nio-8169-exec-17",
                    "class": "o.s.w.s.m.m.a.RequestMappingHandlerMapping",
                    "message": "Mapped to com.zbkj.admin.controller.StoreProductController#getList(StoreProductSearchRequest, PageParamRequest)" }
                    
{
                    "app": "Crmeb",
                    "timestamp":"2026-06-16 10:22:18.451",
                    "level": "DEBUG",
                    "thread": "http-nio-8169-exec-15",
                    "class": "o.s.w.s.m.m.a.RequestMappingHandlerMapping",
                    "message": "Mapped to com.zbkj.admin.controller.StoreProductController#getTabsHeader(StoreProductHeaderRequest)" }
                    
{
                    "app": "Crmeb",
                    "timestamp":"2026-06-16 10:22:18.749",
                    "level": "DEBUG",
                    "thread": "http-nio-8169-exec-15",
                    "class": "o.s.w.s.m.m.a.RequestResponseBodyMethodProcessor",
                    "message": "Using 'application/json', given [application/json, text/plain, */*] and supported [application/json, application/*+json, application/json, application/*+json, application/cbor]" }
                    
{
                    "app": "Crmeb",
                    "timestamp":"2026-06-16 10:22:18.749",
                    "level": "DEBUG",
                    "thread": "http-nio-8169-exec-15",
                    "class": "o.s.w.s.m.m.a.RequestResponseBodyMethodProcessor",
                    "message": "Writing [com.zbkj.common.result.CommonResult@6af3506e]" }
                    
{
                    "app": "Crmeb",
                    "timestamp":"2026-06-16 10:22:18.750",
                    "level": "DEBUG",
                    "thread": "http-nio-8169-exec-15",
                    "class": "o.s.web.servlet.DispatcherServlet",
                    "message": "Completed 200 OK" }
                    
{
                    "app": "Crmeb",
                    "timestamp":"2026-06-16 10:22:18.778",
                    "level": "DEBUG",
                    "thread": "http-nio-8169-exec-21",
                    "class": "o.s.web.servlet.DispatcherServlet",
                    "message": "GET "/api/admin/store/product/tabs/headers?page=1&limit=20&cateId=&keywords=&type=3&temp=1781576538", parameters={masked}" }
                    
{
                    "app": "Crmeb",
                    "timestamp":"2026-06-16 10:22:18.778",
                    "level": "DEBUG",
                    "thread": "http-nio-8169-exec-21",
                    "class": "o.s.w.s.m.m.a.RequestMappingHandlerMapping",
                    "message": "Mapped to com.zbkj.admin.controller.StoreProductController#getTabsHeader(StoreProductHeaderRequest)" }
                    
{
                    "app": "Crmeb",
                    "timestamp":"2026-06-16 10:22:18.798",
                    "level": "DEBUG",
                    "thread": "http-nio-8169-exec-17",
                    "class": "o.s.w.s.m.m.a.RequestResponseBodyMethodProcessor",
                    "message": "Using 'application/json', given [application/json, text/plain, */*] and supported [application/json, application/*+json, application/json, application/*+json, application/cbor]" }
                    
{
                    "app": "Crmeb",
                    "timestamp":"2026-06-16 10:22:18.800",
                    "level": "DEBUG",
                    "thread": "http-nio-8169-exec-17",
                    "class": "o.s.w.s.m.m.a.RequestResponseBodyMethodProcessor",
                    "message": "Writing [com.zbkj.common.result.CommonResult@1dd37558]" }
                    
{
                    "app": "Crmeb",
                    "timestamp":"2026-06-16 10:22:18.800",
                    "level": "DEBUG",
                    "thread": "http-nio-8169-exec-17",
                    "class": "o.s.web.servlet.DispatcherServlet",
                    "message": "Completed 200 OK" }
                    
{
                    "app": "Crmeb",
                    "timestamp":"2026-06-16 10:22:18.916",
                    "level": "DEBUG",
                    "thread": "http-nio-8169-exec-23",
                    "class": "o.s.web.servlet.DispatcherServlet",
                    "message": "GET "/api/admin/store/product/list?page=1&limit=20&cateId=&keywords=&type=3&temp=1781576538", parameters={masked}" }
                    
{
                    "app": "Crmeb",
                    "timestamp":"2026-06-16 10:22:18.917",
                    "level": "DEBUG",
                    "thread": "http-nio-8169-exec-23",
                    "class": "o.s.w.s.m.m.a.RequestMappingHandlerMapping",
                    "message": "Mapped to com.zbkj.admin.controller.StoreProductController#getList(StoreProductSearchRequest, PageParamRequest)" }
                    
{
                    "app": "Crmeb",
                    "timestamp":"2026-06-16 10:22:19.048",
                    "level": "DEBUG",
                    "thread": "http-nio-8169-exec-21",
                    "class": "o.s.w.s.m.m.a.RequestResponseBodyMethodProcessor",
                    "message": "Using 'application/json', given [application/json, text/plain, */*] and supported [application/json, application/*+json, application/json, application/*+json, application/cbor]" }
                    
{
                    "app": "Crmeb",
                    "timestamp":"2026-06-16 10:22:19.048",
                    "level": "DEBUG",
                    "thread": "http-nio-8169-exec-21",
                    "class": "o.s.w.s.m.m.a.RequestResponseBodyMethodProcessor",
                    "message": "Writing [com.zbkj.common.result.CommonResult@2a87c659]" }
                    
{
                    "app": "Crmeb",
                    "timestamp":"2026-06-16 10:22:19.048",
                    "level": "DEBUG",
                    "thread": "http-nio-8169-exec-21",
                    "class": "o.s.web.servlet.DispatcherServlet",
                    "message": "Completed 200 OK" }
                    
{
                    "app": "Crmeb",
                    "timestamp":"2026-06-16 10:22:19.255",
                    "level": "DEBUG",
                    "thread": "http-nio-8169-exec-23",
                    "class": "o.s.w.s.m.m.a.RequestResponseBodyMethodProcessor",
                    "message": "Using 'application/json', given [application/json, text/plain, */*] and supported [application/json, application/*+json, application/json, application/*+json, application/cbor]" }
                    
{
                    "app": "Crmeb",
                    "timestamp":"2026-06-16 10:22:19.255",
                    "level": "DEBUG",
                    "thread": "http-nio-8169-exec-23",
                    "class": "o.s.w.s.m.m.a.RequestResponseBodyMethodProcessor",
                    "message": "Writing [com.zbkj.common.result.CommonResult@68852bc2]" }
                    
{
                    "app": "Crmeb",
                    "timestamp":"2026-06-16 10:22:19.255",
                    "level": "DEBUG",
                    "thread": "http-nio-8169-exec-23",
                    "class": "o.s.web.servlet.DispatcherServlet",
                    "message": "Completed 200 OK" }
                    
{
                    "app": "Crmeb",
                    "timestamp":"2026-06-16 10:22:19.573",
                    "level": "DEBUG",
                    "thread": "http-nio-8169-exec-1",
                    "class": "o.s.web.servlet.DispatcherServlet",
                    "message": "GET "/api/admin/store/product/list?page=1&limit=20&cateId=&keywords=&type=4&temp=1781576539", parameters={masked}" }
                    
{
                    "app": "Crmeb",
                    "timestamp":"2026-06-16 10:22:19.573",
                    "level": "DEBUG",
                    "thread": "http-nio-8169-exec-1",
                    "class": "o.s.w.s.m.m.a.RequestMappingHandlerMapping",
                    "message": "Mapped to com.zbkj.admin.controller.StoreProductController#getList(StoreProductSearchRequest, PageParamRequest)" }
                    
{
                    "app": "Crmeb",
                    "timestamp":"2026-06-16 10:22:19.594",
                    "level": "DEBUG",
                    "thread": "http-nio-8169-exec-20",
                    "class": "o.s.web.servlet.DispatcherServlet",
                    "message": "GET "/api/admin/store/product/tabs/headers?page=1&limit=20&cateId=&keywords=&type=4&temp=1781576539", parameters={masked}" }
                    
{
                    "app": "Crmeb",
                    "timestamp":"2026-06-16 10:22:19.594",
                    "level": "DEBUG",
                    "thread": "http-nio-8169-exec-20",
                    "class": "o.s.w.s.m.m.a.RequestMappingHandlerMapping",
                    "message": "Mapped to com.zbkj.admin.controller.StoreProductController#getTabsHeader(StoreProductHeaderRequest)" }
                    
{
                    "app": "Crmeb",
                    "timestamp":"2026-06-16 10:22:19.918",
                    "level": "DEBUG",
                    "thread": "http-nio-8169-exec-20",
                    "class": "o.s.w.s.m.m.a.RequestResponseBodyMethodProcessor",
                    "message": "Using 'application/json', given [application/json, text/plain, */*] and supported [application/json, application/*+json, application/json, application/*+json, application/cbor]" }
                    
{
                    "app": "Crmeb",
                    "timestamp":"2026-06-16 10:22:19.918",
                    "level": "DEBUG",
                    "thread": "http-nio-8169-exec-20",
                    "class": "o.s.w.s.m.m.a.RequestResponseBodyMethodProcessor",
                    "message": "Writing [com.zbkj.common.result.CommonResult@23bb14b0]" }
                    
{
                    "app": "Crmeb",
                    "timestamp":"2026-06-16 10:22:19.919",
                    "level": "DEBUG",
                    "thread": "http-nio-8169-exec-20",
                    "class": "o.s.web.servlet.DispatcherServlet",
                    "message": "Completed 200 OK" }
                    
{
                    "app": "Crmeb",
                    "timestamp":"2026-06-16 10:22:19.948",
                    "level": "DEBUG",
                    "thread": "http-nio-8169-exec-1",
                    "class": "o.s.w.s.m.m.a.RequestResponseBodyMethodProcessor",
                    "message": "Using 'application/json', given [application/json, text/plain, */*] and supported [application/json, application/*+json, application/json, application/*+json, application/cbor]" }
                    
{
                    "app": "Crmeb",
                    "timestamp":"2026-06-16 10:22:19.948",
                    "level": "DEBUG",
                    "thread": "http-nio-8169-exec-1",
                    "class": "o.s.w.s.m.m.a.RequestResponseBodyMethodProcessor",
                    "message": "Writing [com.zbkj.common.result.CommonResult@7338c7a3]" }
                    
{
                    "app": "Crmeb",
                    "timestamp":"2026-06-16 10:22:19.949",
                    "level": "DEBUG",
                    "thread": "http-nio-8169-exec-1",
                    "class": "o.s.web.servlet.DispatcherServlet",
                    "message": "Completed 200 OK" }
                    
{
                    "app": "Crmeb",
                    "timestamp":"2026-06-16 10:22:22.304",
                    "level": "DEBUG",
                    "thread": "http-nio-8169-exec-3",
                    "class": "o.s.web.servlet.DispatcherServlet",
                    "message": "GET "/api/admin/store/product/tabs/headers?page=1&limit=20&cateId=&keywords=&type=1&temp=1781576542", parameters={masked}" }
                    
{
                    "app": "Crmeb",
                    "timestamp":"2026-06-16 10:22:22.304",
                    "level": "DEBUG",
                    "thread": "http-nio-8169-exec-3",
                    "class": "o.s.w.s.m.m.a.RequestMappingHandlerMapping",
                    "message": "Mapped to com.zbkj.admin.controller.StoreProductController#getTabsHeader(StoreProductHeaderRequest)" }
                    
{
                    "app": "Crmeb",
                    "timestamp":"2026-06-16 10:22:22.305",
                    "level": "DEBUG",
                    "thread": "http-nio-8169-exec-5",
                    "class": "o.s.web.servlet.DispatcherServlet",
                    "message": "GET "/api/admin/store/product/list?page=1&limit=20&cateId=&keywords=&type=1&temp=1781576542", parameters={masked}" }
                    
{
                    "app": "Crmeb",
                    "timestamp":"2026-06-16 10:22:22.306",
                    "level": "DEBUG",
                    "thread": "http-nio-8169-exec-5",
                    "class": "o.s.w.s.m.m.a.RequestMappingHandlerMapping",
                    "message": "Mapped to com.zbkj.admin.controller.StoreProductController#getList(StoreProductSearchRequest, PageParamRequest)" }
                    
{
                    "app": "Crmeb",
                    "timestamp":"2026-06-16 10:22:22.593",
                    "level": "DEBUG",
                    "thread": "http-nio-8169-exec-3",
                    "class": "o.s.w.s.m.m.a.RequestResponseBodyMethodProcessor",
                    "message": "Using 'application/json', given [application/json, text/plain, */*] and supported [application/json, application/*+json, application/json, application/*+json, application/cbor]" }
                    
{
                    "app": "Crmeb",
                    "timestamp":"2026-06-16 10:22:22.593",
                    "level": "DEBUG",
                    "thread": "http-nio-8169-exec-3",
                    "class": "o.s.w.s.m.m.a.RequestResponseBodyMethodProcessor",
                    "message": "Writing [com.zbkj.common.result.CommonResult@3775aea]" }
                    
{
                    "app": "Crmeb",
                    "timestamp":"2026-06-16 10:22:22.593",
                    "level": "DEBUG",
                    "thread": "http-nio-8169-exec-3",
                    "class": "o.s.web.servlet.DispatcherServlet",
                    "message": "Completed 200 OK" }
                    
{
                    "app": "Crmeb",
                    "timestamp":"2026-06-16 10:22:22.624",
                    "level": "DEBUG",
                    "thread": "http-nio-8169-exec-5",
                    "class": "o.s.w.s.m.m.a.RequestResponseBodyMethodProcessor",
                    "message": "Using 'application/json', given [application/json, text/plain, */*] and supported [application/json, application/*+json, application/json, application/*+json, application/cbor]" }
                    
{
                    "app": "Crmeb",
                    "timestamp":"2026-06-16 10:22:22.624",
                    "level": "DEBUG",
                    "thread": "http-nio-8169-exec-5",
                    "class": "o.s.w.s.m.m.a.RequestResponseBodyMethodProcessor",
                    "message": "Writing [com.zbkj.common.result.CommonResult@69312d07]" }
                    
{
                    "app": "Crmeb",
                    "timestamp":"2026-06-16 10:22:22.624",
                    "level": "DEBUG",
                    "thread": "http-nio-8169-exec-5",
                    "class": "o.s.web.servlet.DispatcherServlet",
                    "message": "Completed 200 OK" }
                    
{
                    "app": "Crmeb",
                    "timestamp":"2026-06-16 10:22:24.787",
                    "level": "DEBUG",
                    "thread": "http-nio-8169-exec-6",
                    "class": "o.s.web.servlet.DispatcherServlet",
                    "message": "GET "/api/admin/store/product/info/94?temp=1781576544", parameters={masked}" }
                    
{
                    "app": "Crmeb",
                    "timestamp":"2026-06-16 10:22:24.788",
                    "level": "DEBUG",
                    "thread": "http-nio-8169-exec-6",
                    "class": "o.s.w.s.m.m.a.RequestMappingHandlerMapping",
                    "message": "Mapped to com.zbkj.admin.controller.StoreProductController#info(Integer)" }
                    
{
                    "app": "Crmeb",
                    "timestamp":"2026-06-16 10:22:25.042",
                    "level": "DEBUG",
                    "thread": "http-nio-8169-exec-6",
                    "class": "o.s.w.s.m.m.a.RequestResponseBodyMethodProcessor",
                    "message": "Using 'application/json', given [application/json, text/plain, */*] and supported [application/json, application/*+json, application/json, application/*+json, application/cbor]" }
                    
{
                    "app": "Crmeb",
                    "timestamp":"2026-06-16 10:22:25.042",
                    "level": "DEBUG",
                    "thread": "http-nio-8169-exec-6",
                    "class": "o.s.w.s.m.m.a.RequestResponseBodyMethodProcessor",
                    "message": "Writing [com.zbkj.common.result.CommonResult@28b4ac4]" }
                    
{
                    "app": "Crmeb",
                    "timestamp":"2026-06-16 10:22:25.044",
                    "level": "DEBUG",
                    "thread": "http-nio-8169-exec-6",
                    "class": "o.s.web.servlet.DispatcherServlet",
                    "message": "Completed 200 OK" }
                    
{
                    "app": "Crmeb",
                    "timestamp":"2026-06-16 10:22:25.194",
                    "level": "DEBUG",
                    "thread": "http-nio-8169-exec-7",
                    "class": "o.s.web.servlet.DispatcherServlet",
                    "message": "GET "/api/admin/store/product/rule/list?temp=1781576545", parameters={masked}" }
                    
{
                    "app": "Crmeb",
                    "timestamp":"2026-06-16 10:22:25.195",
                    "level": "DEBUG",
                    "thread": "http-nio-8169-exec-7",
                    "class": "o.s.w.s.m.m.a.RequestMappingHandlerMapping",
                    "message": "Mapped to com.zbkj.admin.controller.StoreProductRuleController#getList(StoreProductRuleSearchRequest, PageParamRequest)" }
                    
{
                    "app": "Crmeb",
                    "timestamp":"2026-06-16 10:22:25.218",
                    "level": "DEBUG",
                    "thread": "http-nio-8169-exec-29",
                    "class": "o.s.web.servlet.DispatcherServlet",
                    "message": "GET "/api/admin/marketing/coupon/send/list?type=3&temp=1781576545", parameters={masked}" }
                    
{
                    "app": "Crmeb",
                    "timestamp":"2026-06-16 10:22:25.218",
                    "level": "DEBUG",
                    "thread": "http-nio-8169-exec-29",
                    "class": "o.s.w.s.m.m.a.RequestMappingHandlerMapping",
                    "message": "Mapped to com.zbkj.admin.controller.StoreCouponController#getSendList(SearchAndPageRequest)" }
                    
{
                    "app": "Crmeb",
                    "timestamp":"2026-06-16 10:22:25.284",
                    "level": "DEBUG",
                    "thread": "http-nio-8169-exec-29",
                    "class": "o.s.w.s.m.m.a.RequestResponseBodyMethodProcessor",
                    "message": "Using 'application/json', given [application/json, text/plain, */*] and supported [application/json, application/*+json, application/json, application/*+json, application/cbor]" }
                    
{
                    "app": "Crmeb",
                    "timestamp":"2026-06-16 10:22:25.284",
                    "level": "DEBUG",
                    "thread": "http-nio-8169-exec-29",
                    "class": "o.s.w.s.m.m.a.RequestResponseBodyMethodProcessor",
                    "message": "Writing [com.zbkj.common.result.CommonResult@463f6bd2]" }
                    
{
                    "app": "Crmeb",
                    "timestamp":"2026-06-16 10:22:25.285",
                    "level": "DEBUG",
                    "thread": "http-nio-8169-exec-29",
                    "class": "o.s.web.servlet.DispatcherServlet",
                    "message": "Completed 200 OK" }
                    
{
                    "app": "Crmeb",
                    "timestamp":"2026-06-16 10:22:25.297",
                    "level": "DEBUG",
                    "thread": "http-nio-8169-exec-7",
                    "class": "o.s.w.s.m.m.a.RequestResponseBodyMethodProcessor",
                    "message": "Using 'application/json', given [application/json, text/plain, */*] and supported [application/json, application/*+json, application/json, application/*+json, application/cbor]" }
                    
{
                    "app": "Crmeb",
                    "timestamp":"2026-06-16 10:22:25.297",
                    "level": "DEBUG",
                    "thread": "http-nio-8169-exec-7",
                    "class": "o.s.w.s.m.m.a.RequestResponseBodyMethodProcessor",
                    "message": "Writing [com.zbkj.common.result.CommonResult@7080d10e]" }
                    
{
                    "app": "Crmeb",
                    "timestamp":"2026-06-16 10:22:25.297",
                    "level": "DEBUG",
                    "thread": "http-nio-8169-exec-7",
                    "class": "o.s.web.servlet.DispatcherServlet",
                    "message": "Completed 200 OK" }
                    
{
                    "app": "Crmeb",
                    "timestamp":"2026-06-16 10:22:31.083",
                    "level": "DEBUG",
                    "thread": "http-nio-8169-exec-9",
                    "class": "o.s.web.servlet.DispatcherServlet",
                    "message": "POST "/api/admin/store/product/quick/stock/add", parameters={}" }
                    
{
                    "app": "Crmeb",
                    "timestamp":"2026-06-16 10:22:31.084",
                    "level": "DEBUG",
                    "thread": "http-nio-8169-exec-9",
                    "class": "o.s.w.s.m.m.a.RequestMappingHandlerMapping",
                    "message": "Mapped to com.zbkj.admin.controller.StoreProductController#quickAddStock(ProductAddStockRequest)" }
                    
{
                    "app": "Crmeb",
                    "timestamp":"2026-06-16 10:22:31.085",
                    "level": "DEBUG",
                    "thread": "http-nio-8169-exec-9",
                    "class": "o.s.w.s.m.m.a.RequestResponseBodyMethodProcessor",
                    "message": "Read "application/json;charset=UTF-8" to [ProductAddStockRequest(id=94, attrValueList=[ProductAttrValueAddStockRequest(id=1296, addStock=50, v (truncated)...]" }
                    
{
                    "app": "Crmeb",
                    "timestamp":"2026-06-16 10:22:31.368",
                    "level": "DEBUG",
                    "thread": "http-nio-8169-exec-9",
                    "class": "o.s.w.s.m.m.a.RequestResponseBodyMethodProcessor",
                    "message": "Using 'application/json', given [application/json, text/plain, */*] and supported [application/json, application/*+json, application/json, application/*+json, application/cbor]" }
                    
{
                    "app": "Crmeb",
                    "timestamp":"2026-06-16 10:22:31.368",
                    "level": "DEBUG",
                    "thread": "http-nio-8169-exec-9",
                    "class": "o.s.w.s.m.m.a.RequestResponseBodyMethodProcessor",
                    "message": "Writing [com.zbkj.common.result.CommonResult@3c93fb34]" }
                    
{
                    "app": "Crmeb",
                    "timestamp":"2026-06-16 10:22:31.368",
                    "level": "DEBUG",
                    "thread": "http-nio-8169-exec-9",
                    "class": "o.s.web.servlet.DispatcherServlet",
                    "message": "Completed 200 OK" }
                    
{
                    "app": "Crmeb",
                    "timestamp":"2026-06-16 10:22:31.423",
                    "level": "DEBUG",
                    "thread": "http-nio-8169-exec-4",
                    "class": "o.s.web.servlet.DispatcherServlet",
                    "message": "GET "/api/admin/store/product/list?page=1&limit=20&cateId=&keywords=&type=1&temp=1781576551", parameters={masked}" }
                    
{
                    "app": "Crmeb",
                    "timestamp":"2026-06-16 10:22:31.424",
                    "level": "DEBUG",
                    "thread": "http-nio-8169-exec-4",
                    "class": "o.s.w.s.m.m.a.RequestMappingHandlerMapping",
                    "message": "Mapped to com.zbkj.admin.controller.StoreProductController#getList(StoreProductSearchRequest, PageParamRequest)" }
                    
{
                    "app": "Crmeb",
                    "timestamp":"2026-06-16 10:22:31.447",
                    "level": "DEBUG",
                    "thread": "http-nio-8169-exec-18",
                    "class": "o.s.web.servlet.DispatcherServlet",
                    "message": "GET "/api/admin/store/product/tabs/headers?page=1&limit=20&cateId=&keywords=&type=1&temp=1781576551", parameters={masked}" }
                    
{
                    "app": "Crmeb",
                    "timestamp":"2026-06-16 10:22:31.448",
                    "level": "DEBUG",
                    "thread": "http-nio-8169-exec-18",
                    "class": "o.s.w.s.m.m.a.RequestMappingHandlerMapping",
                    "message": "Mapped to com.zbkj.admin.controller.StoreProductController#getTabsHeader(StoreProductHeaderRequest)" }
                    
{
                    "app": "Crmeb",
                    "timestamp":"2026-06-16 10:22:31.775",
                    "level": "DEBUG",
                    "thread": "http-nio-8169-exec-18",
                    "class": "o.s.w.s.m.m.a.RequestResponseBodyMethodProcessor",
                    "message": "Using 'application/json', given [application/json, text/plain, */*] and supported [application/json, application/*+json, application/json, application/*+json, application/cbor]" }
                    
{
                    "app": "Crmeb",
                    "timestamp":"2026-06-16 10:22:31.776",
                    "level": "DEBUG",
                    "thread": "http-nio-8169-exec-18",
                    "class": "o.s.w.s.m.m.a.RequestResponseBodyMethodProcessor",
                    "message": "Writing [com.zbkj.common.result.CommonResult@380ba884]" }
                    
{
                    "app": "Crmeb",
                    "timestamp":"2026-06-16 10:22:31.777",
                    "level": "DEBUG",
                    "thread": "http-nio-8169-exec-18",
                    "class": "o.s.web.servlet.DispatcherServlet",
                    "message": "Completed 200 OK" }
                    
{
                    "app": "Crmeb",
                    "timestamp":"2026-06-16 10:22:31.779",
                    "level": "DEBUG",
                    "thread": "http-nio-8169-exec-4",
                    "class": "o.s.w.s.m.m.a.RequestResponseBodyMethodProcessor",
                    "message": "Using 'application/json', given [application/json, text/plain, */*] and supported [application/json, application/*+json, application/json, application/*+json, application/cbor]" }
                    
{
                    "app": "Crmeb",
                    "timestamp":"2026-06-16 10:22:31.779",
                    "level": "DEBUG",
                    "thread": "http-nio-8169-exec-4",
                    "class": "o.s.w.s.m.m.a.RequestResponseBodyMethodProcessor",
                    "message": "Writing [com.zbkj.common.result.CommonResult@838cace]" }
                    
{
                    "app": "Crmeb",
                    "timestamp":"2026-06-16 10:22:31.780",
                    "level": "DEBUG",
                    "thread": "http-nio-8169-exec-4",
                    "class": "o.s.web.servlet.DispatcherServlet",
                    "message": "Completed 200 OK" }
                    
{
                    "app": "Crmeb",
                    "timestamp":"2026-06-16 10:22:35.687",
                    "level": "DEBUG",
                    "thread": "http-nio-8169-exec-12",
                    "class": "o.s.web.servlet.DispatcherServlet",
                    "message": "GET "/api/admin/store/product/list?page=1&limit=20&cateId=&keywords=&type=2&temp=1781576555", parameters={masked}" }
                    
{
                    "app": "Crmeb",
                    "timestamp":"2026-06-16 10:22:35.687",
                    "level": "DEBUG",
                    "thread": "http-nio-8169-exec-10",
                    "class": "o.s.web.servlet.DispatcherServlet",
                    "message": "GET "/api/admin/store/product/tabs/headers?page=1&limit=20&cateId=&keywords=&type=2&temp=1781576555", parameters={masked}" }
                    
{
                    "app": "Crmeb",
                    "timestamp":"2026-06-16 10:22:35.687",
                    "level": "DEBUG",
                    "thread": "http-nio-8169-exec-12",
                    "class": "o.s.w.s.m.m.a.RequestMappingHandlerMapping",
                    "message": "Mapped to com.zbkj.admin.controller.StoreProductController#getList(StoreProductSearchRequest, PageParamRequest)" }
                    
{
                    "app": "Crmeb",
                    "timestamp":"2026-06-16 10:22:35.687",
                    "level": "DEBUG",
                    "thread": "http-nio-8169-exec-10",
                    "class": "o.s.w.s.m.m.a.RequestMappingHandlerMapping",
                    "message": "Mapped to com.zbkj.admin.controller.StoreProductController#getTabsHeader(StoreProductHeaderRequest)" }
                    
{
                    "app": "Crmeb",
                    "timestamp":"2026-06-16 10:22:35.743",
                    "level": "DEBUG",
                    "thread": "http-nio-8169-exec-12",
                    "class": "o.s.w.s.m.m.a.RequestResponseBodyMethodProcessor",
                    "message": "Using 'application/json', given [application/json, text/plain, */*] and supported [application/json, application/*+json, application/json, application/*+json, application/cbor]" }
                    
{
                    "app": "Crmeb",
                    "timestamp":"2026-06-16 10:22:35.743",
                    "level": "DEBUG",
                    "thread": "http-nio-8169-exec-12",
                    "class": "o.s.w.s.m.m.a.RequestResponseBodyMethodProcessor",
                    "message": "Writing [com.zbkj.common.result.CommonResult@e841bae]" }
                    
{
                    "app": "Crmeb",
                    "timestamp":"2026-06-16 10:22:35.743",
                    "level": "DEBUG",
                    "thread": "http-nio-8169-exec-12",
                    "class": "o.s.web.servlet.DispatcherServlet",
                    "message": "Completed 200 OK" }
                    
{
                    "app": "Crmeb",
                    "timestamp":"2026-06-16 10:22:35.989",
                    "level": "DEBUG",
                    "thread": "http-nio-8169-exec-10",
                    "class": "o.s.w.s.m.m.a.RequestResponseBodyMethodProcessor",
                    "message": "Using 'application/json', given [application/json, text/plain, */*] and supported [application/json, application/*+json, application/json, application/*+json, application/cbor]" }
                    
{
                    "app": "Crmeb",
                    "timestamp":"2026-06-16 10:22:35.989",
                    "level": "DEBUG",
                    "thread": "http-nio-8169-exec-10",
                    "class": "o.s.w.s.m.m.a.RequestResponseBodyMethodProcessor",
                    "message": "Writing [com.zbkj.common.result.CommonResult@6920a0d3]" }
                    
{
                    "app": "Crmeb",
                    "timestamp":"2026-06-16 10:22:35.989",
                    "level": "DEBUG",
                    "thread": "http-nio-8169-exec-10",
                    "class": "o.s.web.servlet.DispatcherServlet",
                    "message": "Completed 200 OK" }
                    
{
                    "app": "Crmeb",
                    "timestamp":"2026-06-16 10:22:37.514",
                    "level": "DEBUG",
                    "thread": "http-nio-8169-exec-15",
                    "class": "o.s.web.servlet.DispatcherServlet",
                    "message": "GET "/api/admin/store/product/list?page=1&limit=20&cateId=&keywords=&type=5&temp=1781576556", parameters={masked}" }
                    
{
                    "app": "Crmeb",
                    "timestamp":"2026-06-16 10:22:37.514",
                    "level": "DEBUG",
                    "thread": "http-nio-8169-exec-17",
                    "class": "o.s.web.servlet.DispatcherServlet",
                    "message": "GET "/api/admin/store/product/tabs/headers?page=1&limit=20&cateId=&keywords=&type=5&temp=1781576556", parameters={masked}" }
                    
{
                    "app": "Crmeb",
                    "timestamp":"2026-06-16 10:22:37.515",
                    "level": "DEBUG",
                    "thread": "http-nio-8169-exec-15",
                    "class": "o.s.w.s.m.m.a.RequestMappingHandlerMapping",
                    "message": "Mapped to com.zbkj.admin.controller.StoreProductController#getList(StoreProductSearchRequest, PageParamRequest)" }
                    
{
                    "app": "Crmeb",
                    "timestamp":"2026-06-16 10:22:37.515",
                    "level": "DEBUG",
                    "thread": "http-nio-8169-exec-17",
                    "class": "o.s.w.s.m.m.a.RequestMappingHandlerMapping",
                    "message": "Mapped to com.zbkj.admin.controller.StoreProductController#getTabsHeader(StoreProductHeaderRequest)" }
                    
{
                    "app": "Crmeb",
                    "timestamp":"2026-06-16 10:22:37.821",
                    "level": "DEBUG",
                    "thread": "http-nio-8169-exec-17",
                    "class": "o.s.w.s.m.m.a.RequestResponseBodyMethodProcessor",
                    "message": "Using 'application/json', given [application/json, text/plain, */*] and supported [application/json, application/*+json, application/json, application/*+json, application/cbor]" }
                    
{
                    "app": "Crmeb",
                    "timestamp":"2026-06-16 10:22:37.821",
                    "level": "DEBUG",
                    "thread": "http-nio-8169-exec-17",
                    "class": "o.s.w.s.m.m.a.RequestResponseBodyMethodProcessor",
                    "message": "Writing [com.zbkj.common.result.CommonResult@68ba38a7]" }
                    
{
                    "app": "Crmeb",
                    "timestamp":"2026-06-16 10:22:37.821",
                    "level": "DEBUG",
                    "thread": "http-nio-8169-exec-17",
                    "class": "o.s.web.servlet.DispatcherServlet",
                    "message": "Completed 200 OK" }
                    
{
                    "app": "Crmeb",
                    "timestamp":"2026-06-16 10:22:40.153",
                    "level": "DEBUG",
                    "thread": "http-nio-8169-exec-15",
                    "class": "o.s.w.s.m.m.a.RequestResponseBodyMethodProcessor",
                    "message": "Using 'application/json', given [application/json, text/plain, */*] and supported [application/json, application/*+json, application/json, application/*+json, application/cbor]" }
                    
{
                    "app": "Crmeb",
                    "timestamp":"2026-06-16 10:22:40.154",
                    "level": "DEBUG",
                    "thread": "http-nio-8169-exec-15",
                    "class": "o.s.w.s.m.m.a.RequestResponseBodyMethodProcessor",
                    "message": "Writing [com.zbkj.common.result.CommonResult@21def63c]" }
                    
{
                    "app": "Crmeb",
                    "timestamp":"2026-06-16 10:22:40.156",
                    "level": "DEBUG",
                    "thread": "http-nio-8169-exec-15",
                    "class": "o.s.web.servlet.DispatcherServlet",
                    "message": "Completed 200 OK" }
                    
{
                    "app": "Crmeb",
                    "timestamp":"2026-06-16 10:22:44.481",
                    "level": "DEBUG",
                    "thread": "http-nio-8169-exec-8",
                    "class": "o.s.web.servlet.DispatcherServlet",
                    "message": "GET "/api/admin/store/product/list?page=1&limit=20&cateId=&keywords=&type=1&temp=1781576564", parameters={masked}" }
                    
{
                    "app": "Crmeb",
                    "timestamp":"2026-06-16 10:22:44.481",
                    "level": "DEBUG",
                    "thread": "http-nio-8169-exec-27",
                    "class": "o.s.web.servlet.DispatcherServlet",
                    "message": "GET "/api/admin/store/product/tabs/headers?page=1&limit=20&cateId=&keywords=&type=1&temp=1781576564", parameters={masked}" }
                    
{
                    "app": "Crmeb",
                    "timestamp":"2026-06-16 10:22:44.483",
                    "level": "DEBUG",
                    "thread": "http-nio-8169-exec-8",
                    "class": "o.s.w.s.m.m.a.RequestMappingHandlerMapping",
                    "message": "Mapped to com.zbkj.admin.controller.StoreProductController#getList(StoreProductSearchRequest, PageParamRequest)" }
                    
{
                    "app": "Crmeb",
                    "timestamp":"2026-06-16 10:22:44.483",
                    "level": "DEBUG",
                    "thread": "http-nio-8169-exec-27",
                    "class": "o.s.w.s.m.m.a.RequestMappingHandlerMapping",
                    "message": "Mapped to com.zbkj.admin.controller.StoreProductController#getTabsHeader(StoreProductHeaderRequest)" }
                    
{
                    "app": "Crmeb",
                    "timestamp":"2026-06-16 10:22:44.769",
                    "level": "DEBUG",
                    "thread": "http-nio-8169-exec-27",
                    "class": "o.s.w.s.m.m.a.RequestResponseBodyMethodProcessor",
                    "message": "Using 'application/json', given [application/json, text/plain, */*] and supported [application/json, application/*+json, application/json, application/*+json, application/cbor]" }
                    
{
                    "app": "Crmeb",
                    "timestamp":"2026-06-16 10:22:44.769",
                    "level": "DEBUG",
                    "thread": "http-nio-8169-exec-27",
                    "class": "o.s.w.s.m.m.a.RequestResponseBodyMethodProcessor",
                    "message": "Writing [com.zbkj.common.result.CommonResult@2db785b8]" }
                    
{
                    "app": "Crmeb",
                    "timestamp":"2026-06-16 10:22:44.769",
                    "level": "DEBUG",
                    "thread": "http-nio-8169-exec-27",
                    "class": "o.s.web.servlet.DispatcherServlet",
                    "message": "Completed 200 OK" }
                    
{
                    "app": "Crmeb",
                    "timestamp":"2026-06-16 10:22:44.810",
                    "level": "DEBUG",
                    "thread": "http-nio-8169-exec-8",
                    "class": "o.s.w.s.m.m.a.RequestResponseBodyMethodProcessor",
                    "message": "Using 'application/json', given [application/json, text/plain, */*] and supported [application/json, application/*+json, application/json, application/*+json, application/cbor]" }
                    
{
                    "app": "Crmeb",
                    "timestamp":"2026-06-16 10:22:44.810",
                    "level": "DEBUG",
                    "thread": "http-nio-8169-exec-8",
                    "class": "o.s.w.s.m.m.a.RequestResponseBodyMethodProcessor",
                    "message": "Writing [com.zbkj.common.result.CommonResult@55ff2a43]" }
                    
{
                    "app": "Crmeb",
                    "timestamp":"2026-06-16 10:22:44.810",
                    "level": "DEBUG",
                    "thread": "http-nio-8169-exec-8",
                    "class": "o.s.web.servlet.DispatcherServlet",
                    "message": "Completed 200 OK" }
                    
{
                    "app": "Crmeb",
                    "timestamp":"2026-06-16 10:22:51.156",
                    "level": "DEBUG",
                    "thread": "http-nio-8169-exec-1",
                    "class": "o.s.web.servlet.DispatcherServlet",
                    "message": "GET "/api/admin/store/product/offShell/94?temp=1781576571", parameters={masked}" }
                    
{
                    "app": "Crmeb",
                    "timestamp":"2026-06-16 10:22:51.157",
                    "level": "DEBUG",
                    "thread": "http-nio-8169-exec-1",
                    "class": "o.s.w.s.m.m.a.RequestMappingHandlerMapping",
                    "message": "Mapped to com.zbkj.admin.controller.StoreProductController#offShell(Integer)" }
                    
{
                    "app": "Crmeb",
                    "timestamp":"2026-06-16 10:22:51.416",
                    "level": "DEBUG",
                    "thread": "http-nio-8169-exec-1",
                    "class": "o.s.w.s.m.m.a.RequestResponseBodyMethodProcessor",
                    "message": "Using 'application/json', given [application/json, text/plain, */*] and supported [application/json, application/*+json, application/json, application/*+json, application/cbor]" }
                    
{
                    "app": "Crmeb",
                    "timestamp":"2026-06-16 10:22:51.416",
                    "level": "DEBUG",
                    "thread": "http-nio-8169-exec-1",
                    "class": "o.s.w.s.m.m.a.RequestResponseBodyMethodProcessor",
                    "message": "Writing [com.zbkj.common.result.CommonResult@587418e6]" }
                    
{
                    "app": "Crmeb",
                    "timestamp":"2026-06-16 10:22:51.417",
                    "level": "DEBUG",
                    "thread": "http-nio-8169-exec-1",
                    "class": "o.s.web.servlet.DispatcherServlet",
                    "message": "Completed 200 OK" }
                    
{
                    "app": "Crmeb",
                    "timestamp":"2026-06-16 10:22:51.470",
                    "level": "DEBUG",
                    "thread": "http-nio-8169-exec-5",
                    "class": "o.s.web.servlet.DispatcherServlet",
                    "message": "GET "/api/admin/store/product/tabs/headers?page=1&limit=20&cateId=&keywords=&type=1&temp=1781576571", parameters={masked}" }
                    
{
                    "app": "Crmeb",
                    "timestamp":"2026-06-16 10:22:51.471",
                    "level": "DEBUG",
                    "thread": "http-nio-8169-exec-5",
                    "class": "o.s.w.s.m.m.a.RequestMappingHandlerMapping",
                    "message": "Mapped to com.zbkj.admin.controller.StoreProductController#getTabsHeader(StoreProductHeaderRequest)" }
                    
{
                    "app": "Crmeb",
                    "timestamp":"2026-06-16 10:22:51.493",
                    "level": "DEBUG",
                    "thread": "http-nio-8169-exec-3",
                    "class": "o.s.web.servlet.DispatcherServlet",
                    "message": "GET "/api/admin/store/product/list?page=1&limit=20&cateId=&keywords=&type=1&temp=1781576571", parameters={masked}" }
                    
{
                    "app": "Crmeb",
                    "timestamp":"2026-06-16 10:22:51.494",
                    "level": "DEBUG",
                    "thread": "http-nio-8169-exec-3",
                    "class": "o.s.w.s.m.m.a.RequestMappingHandlerMapping",
                    "message": "Mapped to com.zbkj.admin.controller.StoreProductController#getList(StoreProductSearchRequest, PageParamRequest)" }
                    
{
                    "app": "Crmeb",
                    "timestamp":"2026-06-16 10:22:51.538",
                    "level": "DEBUG",
                    "thread": "http-nio-8169-exec-3",
                    "class": "o.s.w.s.m.m.a.RequestResponseBodyMethodProcessor",
                    "message": "Using 'application/json', given [application/json, text/plain, */*] and supported [application/json, application/*+json, application/json, application/*+json, application/cbor]" }
                    
{
                    "app": "Crmeb",
                    "timestamp":"2026-06-16 10:22:51.538",
                    "level": "DEBUG",
                    "thread": "http-nio-8169-exec-3",
                    "class": "o.s.w.s.m.m.a.RequestResponseBodyMethodProcessor",
                    "message": "Writing [com.zbkj.common.result.CommonResult@47de46d0]" }
                    
{
                    "app": "Crmeb",
                    "timestamp":"2026-06-16 10:22:51.538",
                    "level": "DEBUG",
                    "thread": "http-nio-8169-exec-3",
                    "class": "o.s.web.servlet.DispatcherServlet",
                    "message": "Completed 200 OK" }
                    
{
                    "app": "Crmeb",
                    "timestamp":"2026-06-16 10:22:51.768",
                    "level": "DEBUG",
                    "thread": "http-nio-8169-exec-5",
                    "class": "o.s.w.s.m.m.a.RequestResponseBodyMethodProcessor",
                    "message": "Using 'application/json', given [application/json, text/plain, */*] and supported [application/json, application/*+json, application/json, application/*+json, application/cbor]" }
                    
{
                    "app": "Crmeb",
                    "timestamp":"2026-06-16 10:22:51.768",
                    "level": "DEBUG",
                    "thread": "http-nio-8169-exec-5",
                    "class": "o.s.w.s.m.m.a.RequestResponseBodyMethodProcessor",
                    "message": "Writing [com.zbkj.common.result.CommonResult@7d9102b9]" }
                    
{
                    "app": "Crmeb",
                    "timestamp":"2026-06-16 10:22:51.768",
                    "level": "DEBUG",
                    "thread": "http-nio-8169-exec-5",
                    "class": "o.s.web.servlet.DispatcherServlet",
                    "message": "Completed 200 OK" }
                    
{
                    "app": "Crmeb",
                    "timestamp":"2026-06-16 10:22:52.971",
                    "level": "DEBUG",
                    "thread": "http-nio-8169-exec-28",
                    "class": "o.s.web.servlet.DispatcherServlet",
                    "message": "GET "/api/admin/store/product/tabs/headers?page=1&limit=20&cateId=&keywords=&type=2&temp=1781576572", parameters={masked}" }
                    
{
                    "app": "Crmeb",
                    "timestamp":"2026-06-16 10:22:52.971",
                    "level": "DEBUG",
                    "thread": "http-nio-8169-exec-2",
                    "class": "o.s.web.servlet.DispatcherServlet",
                    "message": "GET "/api/admin/store/product/list?page=1&limit=20&cateId=&keywords=&type=2&temp=1781576572", parameters={masked}" }
                    
{
                    "app": "Crmeb",
                    "timestamp":"2026-06-16 10:22:52.972",
                    "level": "DEBUG",
                    "thread": "http-nio-8169-exec-28",
                    "class": "o.s.w.s.m.m.a.RequestMappingHandlerMapping",
                    "message": "Mapped to com.zbkj.admin.controller.StoreProductController#getTabsHeader(StoreProductHeaderRequest)" }
                    
{
                    "app": "Crmeb",
                    "timestamp":"2026-06-16 10:22:52.972",
                    "level": "DEBUG",
                    "thread": "http-nio-8169-exec-2",
                    "class": "o.s.w.s.m.m.a.RequestMappingHandlerMapping",
                    "message": "Mapped to com.zbkj.admin.controller.StoreProductController#getList(StoreProductSearchRequest, PageParamRequest)" }
                    
{
                    "app": "Crmeb",
                    "timestamp":"2026-06-16 10:22:53.274",
                    "level": "DEBUG",
                    "thread": "http-nio-8169-exec-28",
                    "class": "o.s.w.s.m.m.a.RequestResponseBodyMethodProcessor",
                    "message": "Using 'application/json', given [application/json, text/plain, */*] and supported [application/json, application/*+json, application/json, application/*+json, application/cbor]" }
                    
{
                    "app": "Crmeb",
                    "timestamp":"2026-06-16 10:22:53.275",
                    "level": "DEBUG",
                    "thread": "http-nio-8169-exec-28",
                    "class": "o.s.w.s.m.m.a.RequestResponseBodyMethodProcessor",
                    "message": "Writing [com.zbkj.common.result.CommonResult@49cd12fb]" }
                    
{
                    "app": "Crmeb",
                    "timestamp":"2026-06-16 10:22:53.275",
                    "level": "DEBUG",
                    "thread": "http-nio-8169-exec-2",
                    "class": "o.s.w.s.m.m.a.RequestResponseBodyMethodProcessor",
                    "message": "Using 'application/json', given [application/json, text/plain, */*] and supported [application/json, application/*+json, application/json, application/*+json, application/cbor]" }
                    
{
                    "app": "Crmeb",
                    "timestamp":"2026-06-16 10:22:53.275",
                    "level": "DEBUG",
                    "thread": "http-nio-8169-exec-2",
                    "class": "o.s.w.s.m.m.a.RequestResponseBodyMethodProcessor",
                    "message": "Writing [com.zbkj.common.result.CommonResult@22b70845]" }
                    
{
                    "app": "Crmeb",
                    "timestamp":"2026-06-16 10:22:53.275",
                    "level": "DEBUG",
                    "thread": "http-nio-8169-exec-2",
                    "class": "o.s.web.servlet.DispatcherServlet",
                    "message": "Completed 200 OK" }
                    
{
                    "app": "Crmeb",
                    "timestamp":"2026-06-16 10:22:53.275",
                    "level": "DEBUG",
                    "thread": "http-nio-8169-exec-28",
                    "class": "o.s.web.servlet.DispatcherServlet",
                    "message": "Completed 200 OK" }
                    
{
                    "app": "Crmeb",
                    "timestamp":"2026-06-16 10:22:54.514",
                    "level": "DEBUG",
                    "thread": "http-nio-8169-exec-18",
                    "class": "o.s.web.servlet.DispatcherServlet",
                    "message": "GET "/api/admin/store/product/info/94?temp=1781576574", parameters={masked}" }
                    
{
                    "app": "Crmeb",
                    "timestamp":"2026-06-16 10:22:54.514",
                    "level": "DEBUG",
                    "thread": "http-nio-8169-exec-30",
                    "class": "o.s.web.servlet.DispatcherServlet",
                    "message": "POST "/api/admin/store/product/copy/config", parameters={}" }
                    
{
                    "app": "Crmeb",
                    "timestamp":"2026-06-16 10:22:54.514",
                    "level": "DEBUG",
                    "thread": "http-nio-8169-exec-4",
                    "class": "o.s.web.servlet.DispatcherServlet",
                    "message": "GET "/api/admin/category/list/tree?status=-1&type=1&temp=1781576574", parameters={masked}" }
                    
{
                    "app": "Crmeb",
                    "timestamp":"2026-06-16 10:22:54.514",
                    "level": "DEBUG",
                    "thread": "http-nio-8169-exec-24",
                    "class": "o.s.web.servlet.DispatcherServlet",
                    "message": "GET "/api/admin/express/shipping/templates/list?page=1&limit=9999&temp=1781576574", parameters={masked}" }
                    
{
                    "app": "Crmeb",
                    "timestamp":"2026-06-16 10:22:54.515",
                    "level": "DEBUG",
                    "thread": "http-nio-8169-exec-24",
                    "class": "o.s.w.s.m.m.a.RequestMappingHandlerMapping",
                    "message": "Mapped to com.zbkj.admin.controller.ShippingTemplatesController#getList(ShippingTemplatesSearchRequest, PageParamRequest)" }
                    
{
                    "app": "Crmeb",
                    "timestamp":"2026-06-16 10:22:54.515",
                    "level": "DEBUG",
                    "thread": "http-nio-8169-exec-4",
                    "class": "o.s.w.s.m.m.a.RequestMappingHandlerMapping",
                    "message": "Mapped to com.zbkj.admin.controller.CategoryController#getListTree(Integer, Integer, String)" }
                    
{
                    "app": "Crmeb",
                    "timestamp":"2026-06-16 10:22:54.515",
                    "level": "DEBUG",
                    "thread": "http-nio-8169-exec-30",
                    "class": "o.s.w.s.m.m.a.RequestMappingHandlerMapping",
                    "message": "Mapped to com.zbkj.admin.controller.StoreProductController#copyConfig()" }
                    
{
                    "app": "Crmeb",
                    "timestamp":"2026-06-16 10:22:54.518",
                    "level": "DEBUG",
                    "thread": "http-nio-8169-exec-18",
                    "class": "o.s.w.s.m.m.a.RequestMappingHandlerMapping",
                    "message": "Mapped to com.zbkj.admin.controller.StoreProductController#info(Integer)" }
                    
{
                    "app": "Crmeb",
                    "timestamp":"2026-06-16 10:22:54.572",
                    "level": "DEBUG",
                    "thread": "http-nio-8169-exec-4",
                    "class": "o.s.w.s.m.m.a.RequestResponseBodyMethodProcessor",
                    "message": "Using 'application/json', given [application/json, text/plain, */*] and supported [application/json, application/*+json, application/json, application/*+json, application/cbor]" }
                    
{
                    "app": "Crmeb",
                    "timestamp":"2026-06-16 10:22:54.572",
                    "level": "DEBUG",
                    "thread": "http-nio-8169-exec-4",
                    "class": "o.s.w.s.m.m.a.RequestResponseBodyMethodProcessor",
                    "message": "Writing [com.zbkj.common.result.CommonResult@43295bd5]" }
                    
{
                    "app": "Crmeb",
                    "timestamp":"2026-06-16 10:22:54.573",
                    "level": "DEBUG",
                    "thread": "http-nio-8169-exec-4",
                    "class": "o.s.web.servlet.DispatcherServlet",
                    "message": "Completed 200 OK" }
                    
{
                    "app": "Crmeb",
                    "timestamp":"2026-06-16 10:22:54.575",
                    "level": "DEBUG",
                    "thread": "http-nio-8169-exec-13",
                    "class": "o.s.web.servlet.DispatcherServlet",
                    "message": "GET "/api/admin/system/group/data/list?gid=70&temp=1781576574", parameters={masked}" }
                    
{
                    "app": "Crmeb",
                    "timestamp":"2026-06-16 10:22:54.575",
                    "level": "DEBUG",
                    "thread": "http-nio-8169-exec-13",
                    "class": "o.s.w.s.m.m.a.RequestMappingHandlerMapping",
                    "message": "Mapped to com.zbkj.admin.controller.SystemGroupDataController#getList(SystemGroupDataSearchRequest, PageParamRequest)" }
                    
{
                    "app": "Crmeb",
                    "timestamp":"2026-06-16 10:22:54.615",
                    "level": "DEBUG",
                    "thread": "http-nio-8169-exec-24",
                    "class": "o.s.w.s.m.m.a.RequestResponseBodyMethodProcessor",
                    "message": "Using 'application/json', given [application/json, text/plain, */*] and supported [application/json, application/*+json, application/json, application/*+json, application/cbor]" }
                    
{
                    "app": "Crmeb",
                    "timestamp":"2026-06-16 10:22:54.615",
                    "level": "DEBUG",
                    "thread": "http-nio-8169-exec-24",
                    "class": "o.s.w.s.m.m.a.RequestResponseBodyMethodProcessor",
                    "message": "Writing [com.zbkj.common.result.CommonResult@733d5b84]" }
                    
{
                    "app": "Crmeb",
                    "timestamp":"2026-06-16 10:22:54.616",
                    "level": "DEBUG",
                    "thread": "http-nio-8169-exec-24",
                    "class": "o.s.web.servlet.DispatcherServlet",
                    "message": "Completed 200 OK" }
                    
{
                    "app": "Crmeb",
                    "timestamp":"2026-06-16 10:22:54.669",
                    "level": "DEBUG",
                    "thread": "http-nio-8169-exec-13",
                    "class": "o.s.w.s.m.m.a.RequestResponseBodyMethodProcessor",
                    "message": "Using 'application/json', given [application/json, text/plain, */*] and supported [application/json, application/*+json, application/json, application/*+json, application/cbor]" }
                    
{
                    "app": "Crmeb",
                    "timestamp":"2026-06-16 10:22:54.669",
                    "level": "DEBUG",
                    "thread": "http-nio-8169-exec-13",
                    "class": "o.s.w.s.m.m.a.RequestResponseBodyMethodProcessor",
                    "message": "Writing [com.zbkj.common.result.CommonResult@2e84d0]" }
                    
{
                    "app": "Crmeb",
                    "timestamp":"2026-06-16 10:22:54.670",
                    "level": "DEBUG",
                    "thread": "http-nio-8169-exec-13",
                    "class": "o.s.web.servlet.DispatcherServlet",
                    "message": "Completed 200 OK" }
                    
{
                    "app": "Crmeb",
                    "timestamp":"2026-06-16 10:22:54.678",
                    "level": "DEBUG",
                    "thread": "http-nio-8169-exec-30",
                    "class": "o.s.web.client.RestTemplate",
                    "message": "HTTP POST https://sms.crmeb.net/api/v2/user/login" }
                    
{
                    "app": "Crmeb",
                    "timestamp":"2026-06-16 10:22:54.679",
                    "level": "DEBUG",
                    "thread": "http-nio-8169-exec-30",
                    "class": "o.s.web.client.RestTemplate",
                    "message": "Accept=[text/plain, application/json, application/cbor, application/*+json, text/html, */*]" }
                    
{
                    "app": "Crmeb",
                    "timestamp":"2026-06-16 10:22:54.680",
                    "level": "DEBUG",
                    "thread": "http-nio-8169-exec-30",
                    "class": "o.s.web.client.RestTemplate",
                    "message": "Writing [{access_key=[11111], secret_key=[11111]}] as "application/x-www-form-urlencoded"" }
                    
{
                    "app": "Crmeb",
                    "timestamp":"2026-06-16 10:22:54.746",
                    "level": "DEBUG",
                    "thread": "http-nio-8169-exec-18",
                    "class": "o.s.w.s.m.m.a.RequestResponseBodyMethodProcessor",
                    "message": "Using 'application/json', given [application/json, text/plain, */*] and supported [application/json, application/*+json, application/json, application/*+json, application/cbor]" }
                    
{
                    "app": "Crmeb",
                    "timestamp":"2026-06-16 10:22:54.747",
                    "level": "DEBUG",
                    "thread": "http-nio-8169-exec-18",
                    "class": "o.s.w.s.m.m.a.RequestResponseBodyMethodProcessor",
                    "message": "Writing [com.zbkj.common.result.CommonResult@cc6c7fe]" }
                    
{
                    "app": "Crmeb",
                    "timestamp":"2026-06-16 10:22:54.747",
                    "level": "DEBUG",
                    "thread": "http-nio-8169-exec-18",
                    "class": "o.s.web.servlet.DispatcherServlet",
                    "message": "Completed 200 OK" }
                    
{
                    "app": "Crmeb",
                    "timestamp":"2026-06-16 10:22:54.885",
                    "level": "DEBUG",
                    "thread": "http-nio-8169-exec-22",
                    "class": "o.s.web.servlet.DispatcherServlet",
                    "message": "GET "/api/admin/store/product/rule/list?page=1&limit=9999&keywords=&temp=1781576574", parameters={masked}" }
                    
{
                    "app": "Crmeb",
                    "timestamp":"2026-06-16 10:22:54.885",
                    "level": "DEBUG",
                    "thread": "http-nio-8169-exec-11",
                    "class": "o.s.web.servlet.DispatcherServlet",
                    "message": "GET "/api/admin/marketing/coupon/send/list?type=3&temp=1781576574", parameters={masked}" }
                    
{
                    "app": "Crmeb",
                    "timestamp":"2026-06-16 10:22:54.886",
                    "level": "DEBUG",
                    "thread": "http-nio-8169-exec-22",
                    "class": "o.s.w.s.m.m.a.RequestMappingHandlerMapping",
                    "message": "Mapped to com.zbkj.admin.controller.StoreProductRuleController#getList(StoreProductRuleSearchRequest, PageParamRequest)" }
                    
{
                    "app": "Crmeb",
                    "timestamp":"2026-06-16 10:22:54.886",
                    "level": "DEBUG",
                    "thread": "http-nio-8169-exec-11",
                    "class": "o.s.w.s.m.m.a.RequestMappingHandlerMapping",
                    "message": "Mapped to com.zbkj.admin.controller.StoreCouponController#getSendList(SearchAndPageRequest)" }
                    
{
                    "app": "Crmeb",
                    "timestamp":"2026-06-16 10:22:54.927",
                    "level": "DEBUG",
                    "thread": "http-nio-8169-exec-30",
                    "class": "o.s.web.client.RestTemplate",
                    "message": "Response 200 OK" }
                    
{
                    "app": "Crmeb",
                    "timestamp":"2026-06-16 10:22:54.927",
                    "level": "DEBUG",
                    "thread": "http-nio-8169-exec-30",
                    "class": "o.s.web.client.RestTemplate",
                    "message": "Reading to [java.lang.String] as "application/json"" }
                    
{
                    "app": "Crmeb",
                    "timestamp":"2026-06-16 10:22:54.938",
                    "level": "DEBUG",
                    "thread": "http-nio-8169-exec-11",
                    "class": "o.s.w.s.m.m.a.RequestResponseBodyMethodProcessor",
                    "message": "Using 'application/json', given [application/json, text/plain, */*] and supported [application/json, application/*+json, application/json, application/*+json, application/cbor]" }
                    
{
                    "app": "Crmeb",
                    "timestamp":"2026-06-16 10:22:54.938",
                    "level": "DEBUG",
                    "thread": "http-nio-8169-exec-11",
                    "class": "o.s.w.s.m.m.a.RequestResponseBodyMethodProcessor",
                    "message": "Writing [com.zbkj.common.result.CommonResult@28c9b4f0]" }
                    
{
                    "app": "Crmeb",
                    "timestamp":"2026-06-16 10:22:54.938",
                    "level": "DEBUG",
                    "thread": "http-nio-8169-exec-11",
                    "class": "o.s.web.servlet.DispatcherServlet",
                    "message": "Completed 200 OK" }
                    
{
                    "app": "Crmeb",
                    "timestamp":"2026-06-16 10:22:54.976",
                    "level": "DEBUG",
                    "thread": "http-nio-8169-exec-30",
                    "class": "o.s.w.s.m.m.a.ExceptionHandlerExceptionResolver",
                    "message": "Using @ExceptionHandler com.zbkj.service.exception.GlobalExceptionHandler#defaultExceptionHandler(HttpServletRequest, Exception)" }
                    
{
                    "app": "Crmeb",
                    "timestamp":"2026-06-16 10:22:54.986",
                    "level": "DEBUG",
                    "thread": "http-nio-8169-exec-22",
                    "class": "o.s.w.s.m.m.a.RequestResponseBodyMethodProcessor",
                    "message": "Using 'application/json', given [application/json, text/plain, */*] and supported [application/json, application/*+json, application/json, application/*+json, application/cbor]" }
                    
{
                    "app": "Crmeb",
                    "timestamp":"2026-06-16 10:22:54.986",
                    "level": "DEBUG",
                    "thread": "http-nio-8169-exec-22",
                    "class": "o.s.w.s.m.m.a.RequestResponseBodyMethodProcessor",
                    "message": "Writing [com.zbkj.common.result.CommonResult@730262c]" }
                    
{
                    "app": "Crmeb",
                    "timestamp":"2026-06-16 10:22:54.986",
                    "level": "DEBUG",
                    "thread": "http-nio-8169-exec-22",
                    "class": "o.s.web.servlet.DispatcherServlet",
                    "message": "Completed 200 OK" }
                    
{
                    "app": "Crmeb",
                    "timestamp":"2026-06-16 10:22:55.074",
                    "level": "DEBUG",
                    "thread": "http-nio-8169-exec-30",
                    "class": "o.s.w.s.m.m.a.RequestResponseBodyMethodProcessor",
                    "message": "Using 'application/json', given [application/json, text/plain, */*] and supported [application/json, application/*+json, application/json, application/*+json, application/cbor]" }
                    
{
                    "app": "Crmeb",
                    "timestamp":"2026-06-16 10:22:55.075",
                    "level": "DEBUG",
                    "thread": "http-nio-8169-exec-30",
                    "class": "o.s.w.s.m.m.a.RequestResponseBodyMethodProcessor",
                    "message": "Writing [com.zbkj.common.result.CommonResult@2aa7372f]" }
                    
{
                    "app": "Crmeb",
                    "timestamp":"2026-06-16 10:22:55.075",
                    "level": "DEBUG",
                    "thread": "http-nio-8169-exec-30",
                    "class": "o.s.w.s.m.m.a.ExceptionHandlerExceptionResolver",
                    "message": "Resolved [com.zbkj.common.exception.CrmebException: 一号通平台接口接口请求失败:accessKey或者secretKey不正确]" }
                    
{
                    "app": "Crmeb",
                    "timestamp":"2026-06-16 10:22:55.075",
                    "level": "DEBUG",
                    "thread": "http-nio-8169-exec-30",
                    "class": "o.s.web.servlet.DispatcherServlet",
                    "message": "Completed 200 OK" }
                    
{
                    "app": "Crmeb",
                    "timestamp":"2026-06-16 10:23:33.147",
                    "level": "DEBUG",
                    "thread": "http-nio-8169-exec-15",
                    "class": "o.s.web.servlet.DispatcherServlet",
                    "message": "POST "/api/admin/store/product/update", parameters={}" }
                    
{
                    "app": "Crmeb",
                    "timestamp":"2026-06-16 10:23:33.147",
                    "level": "DEBUG",
                    "thread": "http-nio-8169-exec-15",
                    "class": "o.s.w.s.m.m.a.RequestMappingHandlerMapping",
                    "message": "Mapped to com.zbkj.admin.controller.StoreProductController#update(StoreProductAddRequest)" }
                    
{
                    "app": "Crmeb",
                    "timestamp":"2026-06-16 10:23:33.167",
                    "level": "DEBUG",
                    "thread": "http-nio-8169-exec-15",
                    "class": "o.s.w.s.m.m.a.RequestResponseBodyMethodProcessor",
                    "message": "Read "application/json;charset=UTF-8" to [StoreProductAddRequest(id=94, image=http://jzk.wit.cn/crmebimage/public/content/2026/05/20/a68f9636e (truncated)...]" }
                    
{
                    "app": "Crmeb",
                    "timestamp":"2026-06-16 10:23:34.639",
                    "level": "DEBUG",
                    "thread": "http-nio-8169-exec-15",
                    "class": "o.s.w.s.m.m.a.RequestResponseBodyMethodProcessor",
                    "message": "Using 'application/json', given [application/json, text/plain, */*] and supported [application/json, application/*+json, application/json, application/*+json, application/cbor]" }
                    
{
                    "app": "Crmeb",
                    "timestamp":"2026-06-16 10:23:34.640",
                    "level": "DEBUG",
                    "thread": "http-nio-8169-exec-15",
                    "class": "o.s.w.s.m.m.a.RequestResponseBodyMethodProcessor",
                    "message": "Writing [com.zbkj.common.result.CommonResult@5c4214d8]" }
                    
{
                    "app": "Crmeb",
                    "timestamp":"2026-06-16 10:23:34.640",
                    "level": "DEBUG",
                    "thread": "http-nio-8169-exec-15",
                    "class": "o.s.web.servlet.DispatcherServlet",
                    "message": "Completed 200 OK" }
                    
{
                    "app": "Crmeb",
                    "timestamp":"2026-06-16 10:23:35.246",
                    "level": "DEBUG",
                    "thread": "http-nio-8169-exec-8",
                    "class": "o.s.web.servlet.DispatcherServlet",
                    "message": "GET "/api/admin/store/product/tabs/headers?page=1&limit=20&cateId=&keywords=&type=1&temp=1781576615", parameters={masked}" }
                    
{
                    "app": "Crmeb",
                    "timestamp":"2026-06-16 10:23:35.247",
                    "level": "DEBUG",
                    "thread": "http-nio-8169-exec-8",
                    "class": "o.s.w.s.m.m.a.RequestMappingHandlerMapping",
                    "message": "Mapped to com.zbkj.admin.controller.StoreProductController#getTabsHeader(StoreProductHeaderRequest)" }
                    
{
                    "app": "Crmeb",
                    "timestamp":"2026-06-16 10:23:35.267",
                    "level": "DEBUG",
                    "thread": "http-nio-8169-exec-20",
                    "class": "o.s.web.servlet.DispatcherServlet",
                    "message": "GET "/api/admin/store/product/list?page=1&limit=20&cateId=&keywords=&type=1&temp=1781576615", parameters={masked}" }
                    
{
                    "app": "Crmeb",
                    "timestamp":"2026-06-16 10:23:35.267",
                    "level": "DEBUG",
                    "thread": "http-nio-8169-exec-20",
                    "class": "o.s.w.s.m.m.a.RequestMappingHandlerMapping",
                    "message": "Mapped to com.zbkj.admin.controller.StoreProductController#getList(StoreProductSearchRequest, PageParamRequest)" }
                    
{
                    "app": "Crmeb",
                    "timestamp":"2026-06-16 10:23:35.267",
                    "level": "DEBUG",
                    "thread": "http-nio-8169-exec-1",
                    "class": "o.s.web.servlet.DispatcherServlet",
                    "message": "GET "/api/admin/category/list/tree?status=-1&type=1&temp=1781576615", parameters={masked}" }
                    
{
                    "app": "Crmeb",
                    "timestamp":"2026-06-16 10:23:35.267",
                    "level": "DEBUG",
                    "thread": "http-nio-8169-exec-1",
                    "class": "o.s.w.s.m.m.a.RequestMappingHandlerMapping",
                    "message": "Mapped to com.zbkj.admin.controller.CategoryController#getListTree(Integer, Integer, String)" }
                    
{
                    "app": "Crmeb",
                    "timestamp":"2026-06-16 10:23:35.311",
                    "level": "DEBUG",
                    "thread": "http-nio-8169-exec-1",
                    "class": "o.s.w.s.m.m.a.RequestResponseBodyMethodProcessor",
                    "message": "Using 'application/json', given [application/json, text/plain, */*] and supported [application/json, application/*+json, application/json, application/*+json, application/cbor]" }
                    
{
                    "app": "Crmeb",
                    "timestamp":"2026-06-16 10:23:35.312",
                    "level": "DEBUG",
                    "thread": "http-nio-8169-exec-1",
                    "class": "o.s.w.s.m.m.a.RequestResponseBodyMethodProcessor",
                    "message": "Writing [com.zbkj.common.result.CommonResult@7365610f]" }
                    
{
                    "app": "Crmeb",
                    "timestamp":"2026-06-16 10:23:35.312",
                    "level": "DEBUG",
                    "thread": "http-nio-8169-exec-1",
                    "class": "o.s.web.servlet.DispatcherServlet",
                    "message": "Completed 200 OK" }
                    
{
                    "app": "Crmeb",
                    "timestamp":"2026-06-16 10:23:35.319",
                    "level": "DEBUG",
                    "thread": "http-nio-8169-exec-20",
                    "class": "o.s.w.s.m.m.a.RequestResponseBodyMethodProcessor",
                    "message": "Using 'application/json', given [application/json, text/plain, */*] and supported [application/json, application/*+json, application/json, application/*+json, application/cbor]" }
                    
{
                    "app": "Crmeb",
                    "timestamp":"2026-06-16 10:23:35.319",
                    "level": "DEBUG",
                    "thread": "http-nio-8169-exec-20",
                    "class": "o.s.w.s.m.m.a.RequestResponseBodyMethodProcessor",
                    "message": "Writing [com.zbkj.common.result.CommonResult@546ed788]" }
                    
{
                    "app": "Crmeb",
                    "timestamp":"2026-06-16 10:23:35.320",
                    "level": "DEBUG",
                    "thread": "http-nio-8169-exec-20",
                    "class": "o.s.web.servlet.DispatcherServlet",
                    "message": "Completed 200 OK" }
                    
{
                    "app": "Crmeb",
                    "timestamp":"2026-06-16 10:23:35.553",
                    "level": "DEBUG",
                    "thread": "http-nio-8169-exec-8",
                    "class": "o.s.w.s.m.m.a.RequestResponseBodyMethodProcessor",
                    "message": "Using 'application/json', given [application/json, text/plain, */*] and supported [application/json, application/*+json, application/json, application/*+json, application/cbor]" }
                    
{
                    "app": "Crmeb",
                    "timestamp":"2026-06-16 10:23:35.554",
                    "level": "DEBUG",
                    "thread": "http-nio-8169-exec-8",
                    "class": "o.s.w.s.m.m.a.RequestResponseBodyMethodProcessor",
                    "message": "Writing [com.zbkj.common.result.CommonResult@3d780ada]" }
                    
{
                    "app": "Crmeb",
                    "timestamp":"2026-06-16 10:23:35.554",
                    "level": "DEBUG",
                    "thread": "http-nio-8169-exec-8",
                    "class": "o.s.web.servlet.DispatcherServlet",
                    "message": "Completed 200 OK" }
                    
{
                    "app": "Crmeb",
                    "timestamp":"2026-06-16 10:23:37.069",
                    "level": "DEBUG",
                    "thread": "http-nio-8169-exec-5",
                    "class": "o.s.web.servlet.DispatcherServlet",
                    "message": "GET "/api/admin/store/product/tabs/headers?page=1&limit=20&cateId=&keywords=&type=2&temp=1781576617", parameters={masked}" }
                    
{
                    "app": "Crmeb",
                    "timestamp":"2026-06-16 10:23:37.070",
                    "level": "DEBUG",
                    "thread": "http-nio-8169-exec-3",
                    "class": "o.s.web.servlet.DispatcherServlet",
                    "message": "GET "/api/admin/store/product/list?page=1&limit=20&cateId=&keywords=&type=2&temp=1781576617", parameters={masked}" }
                    
{
                    "app": "Crmeb",
                    "timestamp":"2026-06-16 10:23:37.070",
                    "level": "DEBUG",
                    "thread": "http-nio-8169-exec-5",
                    "class": "o.s.w.s.m.m.a.RequestMappingHandlerMapping",
                    "message": "Mapped to com.zbkj.admin.controller.StoreProductController#getTabsHeader(StoreProductHeaderRequest)" }
                    
{
                    "app": "Crmeb",
                    "timestamp":"2026-06-16 10:23:37.070",
                    "level": "DEBUG",
                    "thread": "http-nio-8169-exec-3",
                    "class": "o.s.w.s.m.m.a.RequestMappingHandlerMapping",
                    "message": "Mapped to com.zbkj.admin.controller.StoreProductController#getList(StoreProductSearchRequest, PageParamRequest)" }
                    
{
                    "app": "Crmeb",
                    "timestamp":"2026-06-16 10:23:37.370",
                    "level": "DEBUG",
                    "thread": "http-nio-8169-exec-5",
                    "class": "o.s.w.s.m.m.a.RequestResponseBodyMethodProcessor",
                    "message": "Using 'application/json', given [application/json, text/plain, */*] and supported [application/json, application/*+json, application/json, application/*+json, application/cbor]" }
                    
{
                    "app": "Crmeb",
                    "timestamp":"2026-06-16 10:23:37.370",
                    "level": "DEBUG",
                    "thread": "http-nio-8169-exec-5",
                    "class": "o.s.w.s.m.m.a.RequestResponseBodyMethodProcessor",
                    "message": "Writing [com.zbkj.common.result.CommonResult@7ed2af10]" }
                    
{
                    "app": "Crmeb",
                    "timestamp":"2026-06-16 10:23:37.370",
                    "level": "DEBUG",
                    "thread": "http-nio-8169-exec-5",
                    "class": "o.s.web.servlet.DispatcherServlet",
                    "message": "Completed 200 OK" }
                    
{
                    "app": "Crmeb",
                    "timestamp":"2026-06-16 10:23:37.393",
                    "level": "DEBUG",
                    "thread": "http-nio-8169-exec-3",
                    "class": "o.s.w.s.m.m.a.RequestResponseBodyMethodProcessor",
                    "message": "Using 'application/json', given [application/json, text/plain, */*] and supported [application/json, application/*+json, application/json, application/*+json, application/cbor]" }
                    
{
                    "app": "Crmeb",
                    "timestamp":"2026-06-16 10:23:37.393",
                    "level": "DEBUG",
                    "thread": "http-nio-8169-exec-3",
                    "class": "o.s.w.s.m.m.a.RequestResponseBodyMethodProcessor",
                    "message": "Writing [com.zbkj.common.result.CommonResult@3c34ea38]" }
                    
{
                    "app": "Crmeb",
                    "timestamp":"2026-06-16 10:23:37.394",
                    "level": "DEBUG",
                    "thread": "http-nio-8169-exec-3",
                    "class": "o.s.web.servlet.DispatcherServlet",
                    "message": "Completed 200 OK" }
                    
{
                    "app": "Crmeb",
                    "timestamp":"2026-06-16 10:23:40.819",
                    "level": "DEBUG",
                    "thread": "http-nio-8169-exec-6",
                    "class": "o.s.web.servlet.DispatcherServlet",
                    "message": "GET "/api/admin/store/product/putOnShell/94?temp=1781576620", parameters={masked}" }
                    
{
                    "app": "Crmeb",
                    "timestamp":"2026-06-16 10:23:40.819",
                    "level": "DEBUG",
                    "thread": "http-nio-8169-exec-6",
                    "class": "o.s.w.s.m.m.a.RequestMappingHandlerMapping",
                    "message": "Mapped to com.zbkj.admin.controller.StoreProductController#putOn(Integer)" }
                    
{
                    "app": "Crmeb",
                    "timestamp":"2026-06-16 10:23:41.098",
                    "level": "DEBUG",
                    "thread": "http-nio-8169-exec-6",
                    "class": "o.s.w.s.m.m.a.RequestResponseBodyMethodProcessor",
                    "message": "Using 'application/json', given [application/json, text/plain, */*] and supported [application/json, application/*+json, application/json, application/*+json, application/cbor]" }
                    
{
                    "app": "Crmeb",
                    "timestamp":"2026-06-16 10:23:41.098",
                    "level": "DEBUG",
                    "thread": "http-nio-8169-exec-6",
                    "class": "o.s.w.s.m.m.a.RequestResponseBodyMethodProcessor",
                    "message": "Writing [com.zbkj.common.result.CommonResult@3533adf3]" }
                    
{
                    "app": "Crmeb",
                    "timestamp":"2026-06-16 10:23:41.098",
                    "level": "DEBUG",
                    "thread": "http-nio-8169-exec-6",
                    "class": "o.s.web.servlet.DispatcherServlet",
                    "message": "Completed 200 OK" }
                    
{
                    "app": "Crmeb",
                    "timestamp":"2026-06-16 10:23:41.154",
                    "level": "DEBUG",
                    "thread": "http-nio-8169-exec-7",
                    "class": "o.s.web.servlet.DispatcherServlet",
                    "message": "GET "/api/admin/store/product/tabs/headers?page=1&limit=20&cateId=&keywords=&type=2&temp=1781576621", parameters={masked}" }
                    
{
                    "app": "Crmeb",
                    "timestamp":"2026-06-16 10:23:41.154",
                    "level": "DEBUG",
                    "thread": "http-nio-8169-exec-7",
                    "class": "o.s.w.s.m.m.a.RequestMappingHandlerMapping",
                    "message": "Mapped to com.zbkj.admin.controller.StoreProductController#getTabsHeader(StoreProductHeaderRequest)" }
                    
{
                    "app": "Crmeb",
                    "timestamp":"2026-06-16 10:23:41.171",
                    "level": "DEBUG",
                    "thread": "http-nio-8169-exec-29",
                    "class": "o.s.web.servlet.DispatcherServlet",
                    "message": "GET "/api/admin/store/product/list?page=1&limit=20&cateId=&keywords=&type=2&temp=1781576621", parameters={masked}" }
                    
{
                    "app": "Crmeb",
                    "timestamp":"2026-06-16 10:23:41.171",
                    "level": "DEBUG",
                    "thread": "http-nio-8169-exec-29",
                    "class": "o.s.w.s.m.m.a.RequestMappingHandlerMapping",
                    "message": "Mapped to com.zbkj.admin.controller.StoreProductController#getList(StoreProductSearchRequest, PageParamRequest)" }
                    
{
                    "app": "Crmeb",
                    "timestamp":"2026-06-16 10:23:41.217",
                    "level": "DEBUG",
                    "thread": "http-nio-8169-exec-29",
                    "class": "o.s.w.s.m.m.a.RequestResponseBodyMethodProcessor",
                    "message": "Using 'application/json', given [application/json, text/plain, */*] and supported [application/json, application/*+json, application/json, application/*+json, application/cbor]" }
                    
{
                    "app": "Crmeb",
                    "timestamp":"2026-06-16 10:23:41.217",
                    "level": "DEBUG",
                    "thread": "http-nio-8169-exec-29",
                    "class": "o.s.w.s.m.m.a.RequestResponseBodyMethodProcessor",
                    "message": "Writing [com.zbkj.common.result.CommonResult@4fba22ae]" }
                    
{
                    "app": "Crmeb",
                    "timestamp":"2026-06-16 10:23:41.217",
                    "level": "DEBUG",
                    "thread": "http-nio-8169-exec-29",
                    "class": "o.s.web.servlet.DispatcherServlet",
                    "message": "Completed 200 OK" }
                    
{
                    "app": "Crmeb",
                    "timestamp":"2026-06-16 10:23:41.445",
                    "level": "DEBUG",
                    "thread": "http-nio-8169-exec-7",
                    "class": "o.s.w.s.m.m.a.RequestResponseBodyMethodProcessor",
                    "message": "Using 'application/json', given [application/json, text/plain, */*] and supported [application/json, application/*+json, application/json, application/*+json, application/cbor]" }
                    
{
                    "app": "Crmeb",
                    "timestamp":"2026-06-16 10:23:41.445",
                    "level": "DEBUG",
                    "thread": "http-nio-8169-exec-7",
                    "class": "o.s.w.s.m.m.a.RequestResponseBodyMethodProcessor",
                    "message": "Writing [com.zbkj.common.result.CommonResult@4fd8cc72]" }
                    
{
                    "app": "Crmeb",
                    "timestamp":"2026-06-16 10:23:41.446",
                    "level": "DEBUG",
                    "thread": "http-nio-8169-exec-7",
                    "class": "o.s.web.servlet.DispatcherServlet",
                    "message": "Completed 200 OK" }
                    
{
                    "app": "Crmeb",
                    "timestamp":"2026-06-16 10:23:42.619",
                    "level": "DEBUG",
                    "thread": "http-nio-8169-exec-16",
                    "class": "o.s.web.servlet.DispatcherServlet",
                    "message": "GET "/api/admin/store/product/tabs/headers?page=1&limit=20&cateId=&keywords=&type=1&temp=1781576622", parameters={masked}" }
                    
{
                    "app": "Crmeb",
                    "timestamp":"2026-06-16 10:23:42.620",
                    "level": "DEBUG",
                    "thread": "http-nio-8169-exec-16",
                    "class": "o.s.w.s.m.m.a.RequestMappingHandlerMapping",
                    "message": "Mapped to com.zbkj.admin.controller.StoreProductController#getTabsHeader(StoreProductHeaderRequest)" }
                    
{
                    "app": "Crmeb",
                    "timestamp":"2026-06-16 10:23:42.623",
                    "level": "DEBUG",
                    "thread": "http-nio-8169-exec-24",
                    "class": "o.s.web.servlet.DispatcherServlet",
                    "message": "GET "/api/admin/store/product/list?page=1&limit=20&cateId=&keywords=&type=1&temp=1781576622", parameters={masked}" }
                    
{
                    "app": "Crmeb",
                    "timestamp":"2026-06-16 10:23:42.623",
                    "level": "DEBUG",
                    "thread": "http-nio-8169-exec-24",
                    "class": "o.s.w.s.m.m.a.RequestMappingHandlerMapping",
                    "message": "Mapped to com.zbkj.admin.controller.StoreProductController#getList(StoreProductSearchRequest, PageParamRequest)" }
                    
{
                    "app": "Crmeb",
                    "timestamp":"2026-06-16 10:23:42.917",
                    "level": "DEBUG",
                    "thread": "http-nio-8169-exec-16",
                    "class": "o.s.w.s.m.m.a.RequestResponseBodyMethodProcessor",
                    "message": "Using 'application/json', given [application/json, text/plain, */*] and supported [application/json, application/*+json, application/json, application/*+json, application/cbor]" }
                    
{
                    "app": "Crmeb",
                    "timestamp":"2026-06-16 10:23:42.917",
                    "level": "DEBUG",
                    "thread": "http-nio-8169-exec-16",
                    "class": "o.s.w.s.m.m.a.RequestResponseBodyMethodProcessor",
                    "message": "Writing [com.zbkj.common.result.CommonResult@716ec512]" }
                    
{
                    "app": "Crmeb",
                    "timestamp":"2026-06-16 10:23:42.918",
                    "level": "DEBUG",
                    "thread": "http-nio-8169-exec-16",
                    "class": "o.s.web.servlet.DispatcherServlet",
                    "message": "Completed 200 OK" }
                    
{
                    "app": "Crmeb",
                    "timestamp":"2026-06-16 10:23:42.942",
                    "level": "DEBUG",
                    "thread": "http-nio-8169-exec-24",
                    "class": "o.s.w.s.m.m.a.RequestResponseBodyMethodProcessor",
                    "message": "Using 'application/json', given [application/json, text/plain, */*] and supported [application/json, application/*+json, application/json, application/*+json, application/cbor]" }
                    
{
                    "app": "Crmeb",
                    "timestamp":"2026-06-16 10:23:42.942",
                    "level": "DEBUG",
                    "thread": "http-nio-8169-exec-24",
                    "class": "o.s.w.s.m.m.a.RequestResponseBodyMethodProcessor",
                    "message": "Writing [com.zbkj.common.result.CommonResult@3efba34d]" }
                    
{
                    "app": "Crmeb",
                    "timestamp":"2026-06-16 10:23:42.942",
                    "level": "DEBUG",
                    "thread": "http-nio-8169-exec-24",
                    "class": "o.s.web.servlet.DispatcherServlet",
                    "message": "Completed 200 OK" }
                    
{
                    "app": "Crmeb",
                    "timestamp":"2026-06-16 10:23:44.787",
                    "level": "DEBUG",
                    "thread": "http-nio-8169-exec-13",
                    "class": "o.s.web.servlet.DispatcherServlet",
                    "message": "GET "/api/admin/category/list/tree?type=1&status=-1&name=&temp=1781576624", parameters={masked}" }
                    
{
                    "app": "Crmeb",
                    "timestamp":"2026-06-16 10:23:44.788",
                    "level": "DEBUG",
                    "thread": "http-nio-8169-exec-13",
                    "class": "o.s.w.s.m.m.a.RequestMappingHandlerMapping",
                    "message": "Mapped to com.zbkj.admin.controller.CategoryController#getListTree(Integer, Integer, String)" }
                    
{
                    "app": "Crmeb",
                    "timestamp":"2026-06-16 10:23:44.835",
                    "level": "DEBUG",
                    "thread": "http-nio-8169-exec-13",
                    "class": "o.s.w.s.m.m.a.RequestResponseBodyMethodProcessor",
                    "message": "Using 'application/json', given [application/json, text/plain, */*] and supported [application/json, application/*+json, application/json, application/*+json, application/cbor]" }
                    
{
                    "app": "Crmeb",
                    "timestamp":"2026-06-16 10:23:44.835",
                    "level": "DEBUG",
                    "thread": "http-nio-8169-exec-13",
                    "class": "o.s.w.s.m.m.a.RequestResponseBodyMethodProcessor",
                    "message": "Writing [com.zbkj.common.result.CommonResult@3015c2b0]" }
                    
{
                    "app": "Crmeb",
                    "timestamp":"2026-06-16 10:23:44.836",
                    "level": "DEBUG",
                    "thread": "http-nio-8169-exec-13",
                    "class": "o.s.web.servlet.DispatcherServlet",
                    "message": "Completed 200 OK" }
                    
{
                    "app": "Crmeb",
                    "timestamp":"2026-06-16 10:59:15.461",
                    "level": "DEBUG",
                    "thread": "main",
                    "class": "o.s.b.c.l.ClasspathLoggingApplicationListener",
                    "message": "Application started with classpath: [file:/C:/Program%20Files/Java/jdk1.8.0_211/jre/lib/charsets.jar, file:/C:/Program%20Files/Java/jdk1.8.0_211/jre/lib/deploy.jar, file:/C:/Program%20Files/Java/jdk1.8.0_211/jre/lib/ext/access-bridge-64.jar, file:/C:/Program%20Files/Java/jdk1.8.0_211/jre/lib/ext/cldrdata.jar, file:/C:/Program%20Files/Java/jdk1.8.0_211/jre/lib/ext/dnsns.jar, file:/C:/Program%20Files/Java/jdk1.8.0_211/jre/lib/ext/jaccess.jar, file:/C:/Program%20Files/Java/jdk1.8.0_211/jre/lib/ext/jfxrt.jar, file:/C:/Program%20Files/Java/jdk1.8.0_211/jre/lib/ext/localedata.jar, file:/C:/Program%20Files/Java/jdk1.8.0_211/jre/lib/ext/nashorn.jar, file:/C:/Program%20Files/Java/jdk1.8.0_211/jre/lib/ext/sunec.jar, file:/C:/Program%20Files/Java/jdk1.8.0_211/jre/lib/ext/sunjce_provider.jar, file:/C:/Program%20Files/Java/jdk1.8.0_211/jre/lib/ext/sunmscapi.jar, file:/C:/Program%20Files/Java/jdk1.8.0_211/jre/lib/ext/sunpkcs11.jar, file:/C:/Program%20Files/Java/jdk1.8.0_211/jre/lib/ext/zipfs.jar, file:/C:/Program%20Files/Java/jdk1.8.0_211/jre/lib/javaws.jar, file:/C:/Program%20Files/Java/jdk1.8.0_211/jre/lib/jce.jar, file:/C:/Program%20Files/Java/jdk1.8.0_211/jre/lib/jfr.jar, file:/C:/Program%20Files/Java/jdk1.8.0_211/jre/lib/jfxswt.jar, file:/C:/Program%20Files/Java/jdk1.8.0_211/jre/lib/jsse.jar, file:/C:/Program%20Files/Java/jdk1.8.0_211/jre/lib/management-agent.jar, file:/C:/Program%20Files/Java/jdk1.8.0_211/jre/lib/plugin.jar, file:/C:/Program%20Files/Java/jdk1.8.0_211/jre/lib/resources.jar, file:/C:/Program%20Files/Java/jdk1.8.0_211/jre/lib/rt.jar, file:/D:/Desktop/code/crmeb_java/crmeb/crmeb-admin/target/classes/, file:/D:/Desktop/code/crmeb_java/crmeb/crmeb-service/target/classes/, file:/D:/Desktop/code/crmeb_java/crmeb/crmeb-common/target/classes/, file:/D:/java/apache-maven-3.6.3/repository/javax/servlet/javax.servlet-api/4.0.1/javax.servlet-api-4.0.1.jar, file:/D:/java/apache-maven-3.6.3/repository/javax/servlet/jstl/1.2/jstl-1.2.jar, file:/D:/java/apache-maven-3.6.3/repository/org/apache/tomcat/embed/tomcat-embed-jasper/9.0.33/tomcat-embed-jasper-9.0.33.jar, file:/D:/java/apache-maven-3.6.3/repository/org/apache/tomcat/embed/tomcat-embed-core/9.0.33/tomcat-embed-core-9.0.33.jar, file:/D:/java/apache-maven-3.6.3/repository/org/apache/tomcat/tomcat-annotations-api/9.0.33/tomcat-annotations-api-9.0.33.jar, file:/D:/java/apache-maven-3.6.3/repository/org/apache/tomcat/embed/tomcat-embed-el/9.0.33/tomcat-embed-el-9.0.33.jar, file:/D:/java/apache-maven-3.6.3/repository/org/eclipse/jdt/ecj/3.18.0/ecj-3.18.0.jar, file:/D:/java/apache-maven-3.6.3/repository/org/apache/tomcat/tomcat-jsp-api/9.0.33/tomcat-jsp-api-9.0.33.jar, file:/D:/java/apache-maven-3.6.3/repository/org/apache/tomcat/tomcat-el-api/9.0.33/tomcat-el-api-9.0.33.jar, file:/D:/java/apache-maven-3.6.3/repository/org/apache/tomcat/tomcat-servlet-api/9.0.33/tomcat-servlet-api-9.0.33.jar, file:/D:/java/apache-maven-3.6.3/repository/com/alibaba/fastjson/1.2.83/fastjson-1.2.83.jar, file:/D:/java/apache-maven-3.6.3/repository/com/alibaba/druid/1.1.20/druid-1.1.20.jar, file:/D:/java/apache-maven-3.6.3/repository/mysql/mysql-connector-java/5.1.24/mysql-connector-java-5.1.24.jar, file:/D:/java/apache-maven-3.6.3/repository/org/projectlombok/lombok/1.18.12/lombok-1.18.12.jar, file:/D:/java/apache-maven-3.6.3/repository/com/baomidou/mybatis-plus-boot-starter/3.3.1/mybatis-plus-boot-starter-3.3.1.jar, file:/D:/java/apache-maven-3.6.3/repository/org/springframework/boot/spring-boot-starter-jdbc/2.2.6.RELEASE/spring-boot-starter-jdbc-2.2.6.RELEASE.jar, file:/D:/java/apache-maven-3.6.3/repository/com/zaxxer/HikariCP/3.4.2/HikariCP-3.4.2.jar, file:/D:/java/apache-maven-3.6.3/repository/org/springframework/spring-jdbc/5.2.5.RELEASE/spring-jdbc-5.2.5.RELEASE.jar, file:/D:/java/apache-maven-3.6.3/repository/org/springframework/boot/spring-boot-test/2.2.6.RELEASE/spring-boot-test-2.2.6.RELEASE.jar, file:/D:/java/apache-maven-3.6.3/repository/org/springframework/spring-test/5.2.5.RELEASE/spring-test-5.2.5.RELEASE.jar, file:/D:/java/apache-maven-3.6.3/repository/com/baomidou/mybatis-plus/3.3.1/mybatis-plus-3.3.1.jar, file:/D:/java/apache-maven-3.6.3/repository/com/baomidou/mybatis-plus-extension/3.3.1/mybatis-plus-extension-3.3.1.jar, file:/D:/java/apache-maven-3.6.3/repository/com/baomidou/mybatis-plus-core/3.3.1/mybatis-plus-core-3.3.1.jar, file:/D:/java/apache-maven-3.6.3/repository/com/baomidou/mybatis-plus-annotation/3.3.1/mybatis-plus-annotation-3.3.1.jar, file:/D:/java/apache-maven-3.6.3/repository/org/mybatis/mybatis/3.5.3/mybatis-3.5.3.jar, file:/D:/java/apache-maven-3.6.3/repository/org/mybatis/mybatis-spring/2.0.3/mybatis-spring-2.0.3.jar, file:/D:/java/apache-maven-3.6.3/repository/com/baomidou/mybatis-plus-generator/3.3.1/mybatis-plus-generator-3.3.1.jar, file:/D:/java/apache-maven-3.6.3/repository/io/swagger/swagger-annotations/1.5.21/swagger-annotations-1.5.21.jar, file:/D:/java/apache-maven-3.6.3/repository/io/springfox/springfox-swagger2/2.9.2/springfox-swagger2-2.9.2.jar, file:/D:/java/apache-maven-3.6.3/repository/io/springfox/springfox-spi/2.9.2/springfox-spi-2.9.2.jar, file:/D:/java/apache-maven-3.6.3/repository/io/springfox/springfox-core/2.9.2/springfox-core-2.9.2.jar, file:/D:/java/apache-maven-3.6.3/repository/net/bytebuddy/byte-buddy/1.10.8/byte-buddy-1.10.8.jar, file:/D:/java/apache-maven-3.6.3/repository/io/springfox/springfox-schema/2.9.2/springfox-schema-2.9.2.jar, file:/D:/java/apache-maven-3.6.3/repository/io/springfox/springfox-swagger-common/2.9.2/springfox-swagger-common-2.9.2.jar, file:/D:/java/apache-maven-3.6.3/repository/io/springfox/springfox-spring-web/2.9.2/springfox-spring-web-2.9.2.jar, file:/D:/java/apache-maven-3.6.3/repository/com/google/guava/guava/20.0/guava-20.0.jar, file:/D:/java/apache-maven-3.6.3/repository/com/fasterxml/classmate/1.5.1/classmate-1.5.1.jar, file:/D:/java/apache-maven-3.6.3/repository/org/springframework/plugin/spring-plugin-core/1.2.0.RELEASE/spring-plugin-core-1.2.0.RELEASE.jar, file:/D:/java/apache-maven-3.6.3/repository/org/springframework/plugin/spring-plugin-metadata/1.2.0.RELEASE/spring-plugin-metadata-1.2.0.RELEASE.jar, file:/D:/java/apache-maven-3.6.3/repository/org/mapstruct/mapstruct/1.2.0.Final/mapstruct-1.2.0.Final.jar, file:/D:/java/apache-maven-3.6.3/repository/io/swagger/swagger-models/1.5.21/swagger-models-1.5.21.jar, file:/D:/java/apache-maven-3.6.3/repository/com/fasterxml/jackson/core/jackson-annotations/2.10.3/jackson-annotations-2.10.3.jar, file:/D:/java/apache-maven-3.6.3/repository/com/github/xiaoymin/swagger-bootstrap-ui/1.9.3/swagger-bootstrap-ui-1.9.3.jar, file:/D:/java/apache-maven-3.6.3/repository/org/springframework/boot/spring-boot-autoconfigure/2.2.6.RELEASE/spring-boot-autoconfigure-2.2.6.RELEASE.jar, file:/D:/java/apache-maven-3.6.3/repository/ch/qos/logback/logback-classic/1.2.3/logback-classic-1.2.3.jar, file:/D:/java/apache-maven-3.6.3/repository/ch/qos/logback/logback-core/1.2.3/logback-core-1.2.3.jar, file:/D:/java/apache-maven-3.6.3/repository/net/logstash/logback/logstash-logback-encoder/5.3/logstash-logback-encoder-5.3.jar, file:/D:/java/apache-maven-3.6.3/repository/com/fasterxml/jackson/core/jackson-databind/2.10.3/jackson-databind-2.10.3.jar, file:/D:/java/apache-maven-3.6.3/repository/com/fasterxml/jackson/core/jackson-core/2.10.3/jackson-core-2.10.3.jar, file:/D:/java/apache-maven-3.6.3/repository/org/springframework/boot/spring-boot-starter-web/2.2.6.RELEASE/spring-boot-starter-web-2.2.6.RELEASE.jar, file:/D:/java/apache-maven-3.6.3/repository/org/springframework/boot/spring-boot-starter-json/2.2.6.RELEASE/spring-boot-starter-json-2.2.6.RELEASE.jar, file:/D:/java/apache-maven-3.6.3/repository/com/fasterxml/jackson/datatype/jackson-datatype-jdk8/2.10.3/jackson-datatype-jdk8-2.10.3.jar, file:/D:/java/apache-maven-3.6.3/repository/com/fasterxml/jackson/datatype/jackson-datatype-jsr310/2.10.3/jackson-datatype-jsr310-2.10.3.jar, file:/D:/java/apache-maven-3.6.3/repository/com/fasterxml/jackson/module/jackson-module-parameter-names/2.10.3/jackson-module-parameter-names-2.10.3.jar, file:/D:/java/apache-maven-3.6.3/repository/org/springframework/boot/spring-boot-starter-tomcat/2.2.6.RELEASE/spring-boot-starter-tomcat-2.2.6.RELEASE.jar, file:/D:/java/apache-maven-3.6.3/repository/org/apache/tomcat/embed/tomcat-embed-websocket/9.0.33/tomcat-embed-websocket-9.0.33.jar, file:/D:/java/apache-maven-3.6.3/repository/org/springframework/boot/spring-boot-starter-validation/2.2.6.RELEASE/spring-boot-starter-validation-2.2.6.RELEASE.jar, file:/D:/java/apache-maven-3.6.3/repository/jakarta/validation/jakarta.validation-api/2.0.2/jakarta.validation-api-2.0.2.jar, file:/D:/java/apache-maven-3.6.3/repository/org/hibernate/validator/hibernate-validator/6.0.18.Final/hibernate-validator-6.0.18.Final.jar, file:/D:/java/apache-maven-3.6.3/repository/org/jboss/logging/jboss-logging/3.4.1.Final/jboss-logging-3.4.1.Final.jar, file:/D:/java/apache-maven-3.6.3/repository/org/springframework/spring-web/5.2.5.RELEASE/spring-web-5.2.5.RELEASE.jar, file:/D:/java/apache-maven-3.6.3/repository/org/springframework/spring-webmvc/5.2.5.RELEASE/spring-webmvc-5.2.5.RELEASE.jar, file:/D:/java/apache-maven-3.6.3/repository/org/springframework/boot/spring-boot-starter-data-redis/2.2.0.RELEASE/spring-boot-starter-data-redis-2.2.0.RELEASE.jar, file:/D:/java/apache-maven-3.6.3/repository/org/springframework/data/spring-data-redis/2.2.6.RELEASE/spring-data-redis-2.2.6.RELEASE.jar, file:/D:/java/apache-maven-3.6.3/repository/org/springframework/data/spring-data-keyvalue/2.2.6.RELEASE/spring-data-keyvalue-2.2.6.RELEASE.jar, file:/D:/java/apache-maven-3.6.3/repository/org/springframework/spring-oxm/5.2.5.RELEASE/spring-oxm-5.2.5.RELEASE.jar, file:/D:/java/apache-maven-3.6.3/repository/io/lettuce/lettuce-core/5.2.2.RELEASE/lettuce-core-5.2.2.RELEASE.jar, file:/D:/java/apache-maven-3.6.3/repository/io/netty/netty-common/4.1.48.Final/netty-common-4.1.48.Final.jar, file:/D:/java/apache-maven-3.6.3/repository/io/netty/netty-handler/4.1.48.Final/netty-handler-4.1.48.Final.jar, file:/D:/java/apache-maven-3.6.3/repository/io/netty/netty-resolver/4.1.48.Final/netty-resolver-4.1.48.Final.jar, file:/D:/java/apache-maven-3.6.3/repository/io/netty/netty-buffer/4.1.48.Final/netty-buffer-4.1.48.Final.jar, file:/D:/java/apache-maven-3.6.3/repository/io/netty/netty-codec/4.1.48.Final/netty-codec-4.1.48.Final.jar, file:/D:/java/apache-maven-3.6.3/repository/io/netty/netty-transport/4.1.48.Final/netty-transport-4.1.48.Final.jar, file:/D:/java/apache-maven-3.6.3/repository/io/projectreactor/reactor-core/3.3.4.RELEASE/reactor-core-3.3.4.RELEASE.jar, file:/D:/java/apache-maven-3.6.3/repository/org/reactivestreams/reactive-streams/1.0.3/reactive-streams-1.0.3.jar, file:/D:/java/apache-maven-3.6.3/repository/redis/clients/jedis/3.1.0/jedis-3.1.0.jar, file:/D:/java/apache-maven-3.6.3/repository/org/apache/commons/commons-pool2/2.7.0/commons-pool2-2.7.0.jar, file:/D:/java/apache-maven-3.6.3/repository/com/github/pagehelper/pagehelper-spring-boot-starter/1.2.5/pagehelper-spring-boot-starter-1.2.5.jar, file:/D:/java/apache-maven-3.6.3/repository/org/mybatis/spring/boot/mybatis-spring-boot-starter/1.3.2/mybatis-spring-boot-starter-1.3.2.jar, file:/D:/java/apache-maven-3.6.3/repository/org/mybatis/spring/boot/mybatis-spring-boot-autoconfigure/1.3.2/mybatis-spring-boot-autoconfigure-1.3.2.jar, file:/D:/java/apache-maven-3.6.3/repository/com/github/pagehelper/pagehelper-spring-boot-autoconfigure/1.2.5/pagehelper-spring-boot-autoconfigure-1.2.5.jar, file:/D:/java/apache-maven-3.6.3/repository/com/github/pagehelper/pagehelper/5.1.4/pagehelper-5.1.4.jar, file:/D:/java/apache-maven-3.6.3/repository/com/github/jsqlparser/jsqlparser/1.0/jsqlparser-1.0.jar, file:/D:/java/apache-maven-3.6.3/repository/javax/validation/validation-api/1.1.0.Final/validation-api-1.1.0.Final.jar, file:/D:/java/apache-maven-3.6.3/repository/org/springframework/data/spring-data-commons/2.2.6.RELEASE/spring-data-commons-2.2.6.RELEASE.jar, file:/D:/java/apache-maven-3.6.3/repository/cn/hutool/hutool-all/4.5.7/hutool-all-4.5.7.jar, file:/D:/java/apache-maven-3.6.3/repository/org/springframework/boot/spring-boot-starter-actuator/2.2.6.RELEASE/spring-boot-starter-actuator-2.2.6.RELEASE.jar, file:/D:/java/apache-maven-3.6.3/repository/org/springframework/boot/spring-boot-actuator-autoconfigure/2.2.6.RELEASE/spring-boot-actuator-autoconfigure-2.2.6.RELEASE.jar, file:/D:/java/apache-maven-3.6.3/repository/org/springframework/boot/spring-boot-actuator/2.2.6.RELEASE/spring-boot-actuator-2.2.6.RELEASE.jar, file:/D:/java/apache-maven-3.6.3/repository/io/micrometer/micrometer-core/1.3.6/micrometer-core-1.3.6.jar, file:/D:/java/apache-maven-3.6.3/repository/org/hdrhistogram/HdrHistogram/2.1.11/HdrHistogram-2.1.11.jar, file:/D:/java/apache-maven-3.6.3/repository/org/latencyutils/LatencyUtils/2.0.3/LatencyUtils-2.0.3.jar, file:/D:/java/apache-maven-3.6.3/repository/org/apache/httpcomponents/httpclient/4.5.6/httpclient-4.5.6.jar, file:/D:/java/apache-maven-3.6.3/repository/org/apache/httpcomponents/httpcore/4.4.13/httpcore-4.4.13.jar, file:/D:/java/apache-maven-3.6.3/repository/commons-logging/commons-logging/1.2/commons-logging-1.2.jar, file:/D:/java/apache-maven-3.6.3/repository/commons-codec/commons-codec/1.13/commons-codec-1.13.jar, file:/D:/java/apache-maven-3.6.3/repository/org/springframework/boot/spring-boot-starter-aop/2.2.6.RELEASE/spring-boot-starter-aop-2.2.6.RELEASE.jar, file:/D:/java/apache-maven-3.6.3/repository/org/springframework/spring-aop/5.2.5.RELEASE/spring-aop-5.2.5.RELEASE.jar, file:/D:/java/apache-maven-3.6.3/repository/org/aspectj/aspectjweaver/1.9.5/aspectjweaver-1.9.5.jar, file:/D:/java/apache-maven-3.6.3/repository/org/apache/commons/commons-lang3/3.5/commons-lang3-3.5.jar, file:/D:/java/apache-maven-3.6.3/repository/org/apache/poi/poi/3.17/poi-3.17.jar, file:/D:/java/apache-maven-3.6.3/repository/org/apache/commons/commons-collections4/4.1/commons-collections4-4.1.jar, file:/D:/java/apache-maven-3.6.3/repository/org/apache/poi/poi-ooxml/3.17/poi-ooxml-3.17.jar, file:/D:/java/apache-maven-3.6.3/repository/org/apache/poi/poi-ooxml-schemas/3.17/poi-ooxml-schemas-3.17.jar, file:/D:/java/apache-maven-3.6.3/repository/org/apache/xmlbeans/xmlbeans/2.6.0/xmlbeans-2.6.0.jar, file:/D:/java/apache-maven-3.6.3/repository/com/github/virtuald/curvesapi/1.04/curvesapi-1.04.jar, file:/D:/java/apache-maven-3.6.3/repository/commons-fileupload/commons-fileupload/1.3.3/commons-fileupload-1.3.3.jar, file:/D:/java/apache-maven-3.6.3/repository/commons-io/commons-io/2.4/commons-io-2.4.jar, file:/D:/java/apache-maven-3.6.3/repository/net/coobird/thumbnailator/0.4.8/thumbnailator-0.4.8.jar, file:/D:/java/apache-maven-3.6.3/repository/com/aliyun/oss/aliyun-sdk-oss/3.5.0/aliyun-sdk-oss-3.5.0.jar, file:/D:/java/apache-maven-3.6.3/repository/org/jdom/jdom/1.1/jdom-1.1.jar, file:/D:/java/apache-maven-3.6.3/repository/org/codehaus/jettison/jettison/1.1/jettison-1.1.jar, file:/D:/java/apache-maven-3.6.3/repository/stax/stax-api/1.0.1/stax-api-1.0.1.jar, file:/D:/java/apache-maven-3.6.3/repository/com/aliyun/aliyun-java-sdk-core/3.4.0/aliyun-java-sdk-core-3.4.0.jar, file:/D:/java/apache-maven-3.6.3/repository/com/aliyun/aliyun-java-sdk-ram/3.0.0/aliyun-java-sdk-ram-3.0.0.jar, file:/D:/java/apache-maven-3.6.3/repository/com/aliyun/aliyun-java-sdk-sts/3.0.0/aliyun-java-sdk-sts-3.0.0.jar, file:/D:/java/apache-maven-3.6.3/repository/com/aliyun/aliyun-java-sdk-ecs/4.2.0/aliyun-java-sdk-ecs-4.2.0.jar, file:/D:/java/apache-maven-3.6.3/repository/com/qcloud/cos_api/5.6.22/cos_api-5.6.22.jar, file:/D:/java/apache-maven-3.6.3/repository/joda-time/joda-time/2.10.5/joda-time-2.10.5.jar, file:/D:/java/apache-maven-3.6.3/repository/org/bouncycastle/bcprov-jdk15on/1.64/bcprov-jdk15on-1.64.jar, file:/D:/java/apache-maven-3.6.3/repository/com/qiniu/qiniu-java-sdk/7.2.28/qiniu-java-sdk-7.2.28.jar, file:/D:/java/apache-maven-3.6.3/repository/com/squareup/okhttp3/okhttp/3.14.7/okhttp-3.14.7.jar, file:/D:/java/apache-maven-3.6.3/repository/com/squareup/okio/okio/1.17.2/okio-1.17.2.jar, file:/D:/java/apache-maven-3.6.3/repository/com/amazonaws/aws-java-sdk-s3/1.12.99/aws-java-sdk-s3-1.12.99.jar, file:/D:/java/apache-maven-3.6.3/repository/com/amazonaws/aws-java-sdk-kms/1.12.99/aws-java-sdk-kms-1.12.99.jar, file:/D:/java/apache-maven-3.6.3/repository/com/amazonaws/aws-java-sdk-core/1.12.99/aws-java-sdk-core-1.12.99.jar, file:/D:/java/apache-maven-3.6.3/repository/software/amazon/ion/ion-java/1.0.2/ion-java-1.0.2.jar, file:/D:/java/apache-maven-3.6.3/repository/com/fasterxml/jackson/dataformat/jackson-dataformat-cbor/2.10.3/jackson-dataformat-cbor-2.10.3.jar, file:/D:/java/apache-maven-3.6.3/repository/com/amazonaws/jmespath-java/1.12.99/jmespath-java-1.12.99.jar, file:/D:/java/apache-maven-3.6.3/repository/dom4j/dom4j/1.6.1/dom4j-1.6.1.jar, file:/D:/java/apache-maven-3.6.3/repository/xml-apis/xml-apis/1.0.b2/xml-apis-1.0.b2.jar, file:/D:/java/apache-maven-3.6.3/repository/com/thoughtworks/xstream/xstream/1.4.18/xstream-1.4.18.jar, file:/D:/java/apache-maven-3.6.3/repository/io/github/x-stream/mxparser/1.2.2/mxparser-1.2.2.jar, file:/D:/java/apache-maven-3.6.3/repository/xmlpull/xmlpull/1.1.3.1/xmlpull-1.1.3.1.jar, file:/D:/java/apache-maven-3.6.3/repository/com/vaadin/external/google/android-json/0.0.20131108.vaadin1/android-json-0.0.20131108.vaadin1.jar, file:/D:/java/apache-maven-3.6.3/repository/org/apache/httpcomponents/httpmime/4.5.2/httpmime-4.5.2.jar, file:/D:/java/apache-maven-3.6.3/repository/com/google/zxing/core/3.3.3/core-3.3.3.jar, file:/D:/java/apache-maven-3.6.3/repository/com/google/zxing/javase/3.3.3/javase-3.3.3.jar, file:/D:/java/apache-maven-3.6.3/repository/com/beust/jcommander/1.72/jcommander-1.72.jar, file:/D:/java/apache-maven-3.6.3/repository/com/github/jai-imageio/jai-imageio-core/1.4.0/jai-imageio-core-1.4.0.jar, file:/D:/java/apache-maven-3.6.3/repository/io/jsonwebtoken/jjwt/0.9.1/jjwt-0.9.1.jar, file:/D:/java/apache-maven-3.6.3/repository/com/auth0/jwks-rsa/0.9.0/jwks-rsa-0.9.0.jar, file:/D:/java/apache-maven-3.6.3/repository/com/alipay/sdk/alipay-sdk-java/4.15.20.ALL/alipay-sdk-java-4.15.20.ALL.jar, file:/D:/java/apache-maven-3.6.3/repository/org/springframework/boot/spring-boot-starter-security/2.2.6.RELEASE/spring-boot-starter-security-2.2.6.RELEASE.jar, file:/D:/java/apache-maven-3.6.3/repository/org/springframework/security/spring-security-config/5.2.2.RELEASE/spring-security-config-5.2.2.RELEASE.jar, file:/D:/java/apache-maven-3.6.3/repository/org/springframework/security/spring-security-core/5.2.2.RELEASE/spring-security-core-5.2.2.RELEASE.jar, file:/D:/java/apache-maven-3.6.3/repository/org/springframework/security/spring-security-web/5.2.2.RELEASE/spring-security-web-5.2.2.RELEASE.jar, file:/D:/java/apache-maven-3.6.3/repository/com/anji-plus/spring-boot-starter-captcha/1.3.0/spring-boot-starter-captcha-1.3.0.jar, file:/D:/java/apache-maven-3.6.3/repository/com/anji-plus/captcha/1.3.0/captcha-1.3.0.jar, file:/D:/java/apache-maven-3.6.3/repository/com/jayway/jsonpath/json-path/2.4.0/json-path-2.4.0.jar, file:/D:/java/apache-maven-3.6.3/repository/net/minidev/json-smart/2.3/json-smart-2.3.jar, file:/D:/java/apache-maven-3.6.3/repository/net/minidev/accessors-smart/1.2/accessors-smart-1.2.jar, file:/D:/java/apache-maven-3.6.3/repository/org/ow2/asm/asm/5.0.4/asm-5.0.4.jar, file:/D:/java/apache-maven-3.6.3/repository/com/google/code/gson/gson/2.8.6/gson-2.8.6.jar, file:/D:/java/apache-maven-3.6.3/repository/org/springframework/boot/spring-boot-starter-quartz/2.2.6.RELEASE/spring-boot-starter-quartz-2.2.6.RELEASE.jar, file:/D:/java/apache-maven-3.6.3/repository/org/springframework/boot/spring-boot-starter/2.2.6.RELEASE/spring-boot-starter-2.2.6.RELEASE.jar, file:/D:/java/apache-maven-3.6.3/repository/org/springframework/boot/spring-boot/2.2.6.RELEASE/spring-boot-2.2.6.RELEASE.jar, file:/D:/java/apache-maven-3.6.3/repository/org/springframework/boot/spring-boot-starter-logging/2.2.6.RELEASE/spring-boot-starter-logging-2.2.6.RELEASE.jar, file:/D:/java/apache-maven-3.6.3/repository/org/apache/logging/log4j/log4j-to-slf4j/2.12.1/log4j-to-slf4j-2.12.1.jar, file:/D:/java/apache-maven-3.6.3/repository/org/apache/logging/log4j/log4j-api/2.12.1/log4j-api-2.12.1.jar, file:/D:/java/apache-maven-3.6.3/repository/org/slf4j/jul-to-slf4j/1.7.30/jul-to-slf4j-1.7.30.jar, file:/D:/java/apache-maven-3.6.3/repository/jakarta/annotation/jakarta.annotation-api/1.3.5/jakarta.annotation-api-1.3.5.jar, file:/D:/java/apache-maven-3.6.3/repository/org/springframework/spring-core/5.2.5.RELEASE/spring-core-5.2.5.RELEASE.jar, file:/D:/java/apache-maven-3.6.3/repository/org/springframework/spring-jcl/5.2.5.RELEASE/spring-jcl-5.2.5.RELEASE.jar, file:/D:/java/apache-maven-3.6.3/repository/org/yaml/snakeyaml/1.25/snakeyaml-1.25.jar, file:/D:/java/apache-maven-3.6.3/repository/org/springframework/spring-context-support/5.2.5.RELEASE/spring-context-support-5.2.5.RELEASE.jar, file:/D:/java/apache-maven-3.6.3/repository/org/springframework/spring-beans/5.2.5.RELEASE/spring-beans-5.2.5.RELEASE.jar, file:/D:/java/apache-maven-3.6.3/repository/org/springframework/spring-context/5.2.5.RELEASE/spring-context-5.2.5.RELEASE.jar, file:/D:/java/apache-maven-3.6.3/repository/org/springframework/spring-expression/5.2.5.RELEASE/spring-expression-5.2.5.RELEASE.jar, file:/D:/java/apache-maven-3.6.3/repository/org/springframework/spring-tx/5.2.5.RELEASE/spring-tx-5.2.5.RELEASE.jar, file:/D:/java/apache-maven-3.6.3/repository/org/quartz-scheduler/quartz/2.3.2/quartz-2.3.2.jar, file:/D:/java/apache-maven-3.6.3/repository/com/mchange/mchange-commons-java/0.2.15/mchange-commons-java-0.2.15.jar, file:/D:/java/apache-maven-3.6.3/repository/com/github/oshi/oshi-core/5.8.6/oshi-core-5.8.6.jar, file:/D:/java/apache-maven-3.6.3/repository/org/slf4j/slf4j-api/1.7.30/slf4j-api-1.7.30.jar, file:/D:/java/apache-maven-3.6.3/repository/net/java/dev/jna/jna/5.13.0/jna-5.13.0.jar, file:/D:/java/apache-maven-3.6.3/repository/net/java/dev/jna/jna-platform/5.13.0/jna-platform-5.13.0.jar, file:/D:/Program%20Files/JetBrains/IntelliJ%20IDEA%202022.1.3/lib/idea_rt.jar, file:/C:/Users/Administrator/AppData/Local/JetBrains/IntelliJIdea2022.1/captureAgent/debugger-agent.jar]" }
                    
{
                    "app": "Crmeb",
                    "timestamp":"2026-06-16 10:59:16.155",
                    "level": "DEBUG",
                    "thread": "main",
                    "class": "o.springframework.boot.SpringApplication",
                    "message": "Loading source class com.zbkj.admin.CrmebAdminApplication" }
                    
{
                    "app": "Crmeb",
                    "timestamp":"2026-06-16 10:59:16.251",
                    "level": "DEBUG",
                    "thread": "main",
                    "class": "o.s.b.c.c.ConfigFileApplicationListener",
                    "message": "Loaded config file 'file:/D:/Desktop/code/crmeb_java/crmeb/crmeb-admin/target/classes/application.yml' (classpath:/application.yml)" }
                    
{
                    "app": "Crmeb",
                    "timestamp":"2026-06-16 10:59:16.252",
                    "level": "DEBUG",
                    "thread": "main",
                    "class": "o.s.b.w.s.c.AnnotationConfigServletWebServerApplicationContext",
                    "message": "Refreshing org.springframework.boot.web.servlet.context.AnnotationConfigServletWebServerApplicationContext@6a66a204" }
                    
{
                    "app": "Crmeb",
                    "timestamp":"2026-06-16 10:59:39.053",
                    "level": "DEBUG",
                    "thread": "main",
                    "class": "o.s.b.w.e.t.TomcatServletWebServerFactory",
                    "message": "Code archive: D:\java\apache-maven-3.6.3\repository\org\springframework\boot\spring-boot\2.2.6.RELEASE\spring-boot-2.2.6.RELEASE.jar" }
                    
{
                    "app": "Crmeb",
                    "timestamp":"2026-06-16 10:59:39.053",
                    "level": "DEBUG",
                    "thread": "main",
                    "class": "o.s.b.w.e.t.TomcatServletWebServerFactory",
                    "message": "Code archive: D:\java\apache-maven-3.6.3\repository\org\springframework\boot\spring-boot\2.2.6.RELEASE\spring-boot-2.2.6.RELEASE.jar" }
                    
{
                    "app": "Crmeb",
                    "timestamp":"2026-06-16 10:59:39.054",
                    "level": "DEBUG",
                    "thread": "main",
                    "class": "o.s.b.w.e.t.TomcatServletWebServerFactory",
                    "message": "None of the document roots [src/main/webapp, public, static] point to a directory and will be ignored." }
                    
{
                    "app": "Crmeb",
                    "timestamp":"2026-06-16 10:59:39.878",
                    "level": "DEBUG",
                    "thread": "main",
                    "class": "o.s.web.context.ContextLoader",
                    "message": "Published root WebApplicationContext as ServletContext attribute with name [org.springframework.web.context.WebApplicationContext.ROOT]" }
                    
{
                    "app": "Crmeb",
                    "timestamp":"2026-06-16 10:59:42.678",
                    "level": "DEBUG",
                    "thread": "main",
                    "class": "o.s.b.w.s.ServletContextInitializerBeans",
                    "message": "Mapping filters: filterRegistrationBean urls=[/*] order=-2147483647, springSecurityFilterChain urls=[/*] order=-100, filterRegistrationBean urls=[/*] order=2147483647, filterRegistrationBean urls=[/api/*] order=2147483647, characterEncodingFilter urls=[/*] order=-2147483648, formContentFilter urls=[/*] order=-9900, requestContextFilter urls=[/*] order=-105, corsFilter urls=[/*] order=2147483647, jwtAuthenticationTokenFilter urls=[/*] order=2147483647" }
                    
{
                    "app": "Crmeb",
                    "timestamp":"2026-06-16 10:59:42.679",
                    "level": "DEBUG",
                    "thread": "main",
                    "class": "o.s.b.w.s.ServletContextInitializerBeans",
                    "message": "Mapping servlets: statViewServlet urls=[/druid/*], dispatcherServlet urls=[/]" }
                    
{
                    "app": "Crmeb",
                    "timestamp":"2026-06-16 10:59:42.882",
                    "level": "DEBUG",
                    "thread": "main",
                    "class": "o.s.b.a.m.w.servlet.WebMvcMetricsFilter",
                    "message": "Filter 'webMvcMetricsFilter' configured for use" }
                    
{
                    "app": "Crmeb",
                    "timestamp":"2026-06-16 10:59:42.883",
                    "level": "DEBUG",
                    "thread": "main",
                    "class": "o.s.b.w.s.f.OrderedRequestContextFilter",
                    "message": "Filter 'requestContextFilter' configured for use" }
                    
{
                    "app": "Crmeb",
                    "timestamp":"2026-06-16 10:59:42.883",
                    "level": "DEBUG",
                    "thread": "main",
                    "class": "o.springframework.web.filter.CorsFilter",
                    "message": "Filter 'corsFilter' configured for use" }
                    
{
                    "app": "Crmeb",
                    "timestamp":"2026-06-16 10:59:42.883",
                    "level": "DEBUG",
                    "thread": "main",
                    "class": "o.s.b.w.s.f.OrderedCharacterEncodingFilter",
                    "message": "Filter 'characterEncodingFilter' configured for use" }
                    
{
                    "app": "Crmeb",
                    "timestamp":"2026-06-16 10:59:42.883",
                    "level": "DEBUG",
                    "thread": "main",
                    "class": "o.s.b.w.s.DelegatingFilterProxyRegistrationBean$1",
                    "message": "Filter 'springSecurityFilterChain' configured for use" }
                    
{
                    "app": "Crmeb",
                    "timestamp":"2026-06-16 10:59:42.883",
                    "level": "DEBUG",
                    "thread": "main",
                    "class": "o.s.b.w.s.f.OrderedFormContentFilter",
                    "message": "Filter 'formContentFilter' configured for use" }
                    
{
                    "app": "Crmeb",
                    "timestamp":"2026-06-16 10:59:58.851",
                    "level": "DEBUG",
                    "thread": "main",
                    "class": "o.s.w.s.m.m.a.RequestMappingHandlerMapping",
                    "message": "331 mappings in 'requestMappingHandlerMapping'" }
                    
{
                    "app": "Crmeb",
                    "timestamp":"2026-06-16 11:00:00.216",
                    "level": "DEBUG",
                    "thread": "main",
                    "class": "o.s.b.a.SpringApplicationAdminMXBeanRegistrar$SpringApplicationAdmin",
                    "message": "Application Admin MBean registered with name 'org.springframework.boot:type=Admin,name=SpringApplication'" }
                    
{
                    "app": "Crmeb",
                    "timestamp":"2026-06-16 11:00:00.224",
                    "level": "DEBUG",
                    "thread": "main",
                    "class": "o.s.w.s.m.m.a.RequestMappingHandlerAdapter",
                    "message": "ControllerAdvice beans: 0 @ModelAttribute, 0 @InitBinder, 1 RequestBodyAdvice, 2 ResponseBodyAdvice" }
                    
{
                    "app": "Crmeb",
                    "timestamp":"2026-06-16 11:00:00.306",
                    "level": "DEBUG",
                    "thread": "main",
                    "class": "o.s.w.s.handler.SimpleUrlHandlerMapping",
                    "message": "Patterns [/webjars/**, /**, /doc.html, /crmebimage/**, /uploadf/**] in 'resourceHandlerMapping'" }
                    
{
                    "app": "Crmeb",
                    "timestamp":"2026-06-16 11:00:00.334",
                    "level": "DEBUG",
                    "thread": "main",
                    "class": "o.s.w.s.m.m.a.ExceptionHandlerExceptionResolver",
                    "message": "ControllerAdvice beans: 1 @ExceptionHandler, 2 ResponseBodyAdvice" }
                    
{
                    "app": "Crmeb",
                    "timestamp":"2026-06-16 11:10:33.367",
                    "level": "DEBUG",
                    "thread": "SpringContextShutdownHook",
                    "class": "o.s.b.w.s.c.AnnotationConfigServletWebServerApplicationContext",
                    "message": "Closing org.springframework.boot.web.servlet.context.AnnotationConfigServletWebServerApplicationContext@6a66a204, started on Tue Jun 16 10:59:16 CST 2026" }
                    
{
                    "app": "Crmeb",
                    "timestamp":"2026-06-16 11:10:33.371",
                    "level": "DEBUG",
                    "thread": "SpringContextShutdownHook",
                    "class": "o.s.b.a.endpoint.jmx.JmxEndpointExporter",
                    "message": "Unregister endpoint with ObjectName 'org.springframework.boot:type=Endpoint,name=Beans' from the JMX domain" }
                    
{
                    "app": "Crmeb",
                    "timestamp":"2026-06-16 11:10:33.371",
                    "level": "DEBUG",
                    "thread": "SpringContextShutdownHook",
                    "class": "o.s.b.a.endpoint.jmx.JmxEndpointExporter",
                    "message": "Unregister endpoint with ObjectName 'org.springframework.boot:type=Endpoint,name=Caches' from the JMX domain" }
                    
{
                    "app": "Crmeb",
                    "timestamp":"2026-06-16 11:10:33.371",
                    "level": "DEBUG",
                    "thread": "SpringContextShutdownHook",
                    "class": "o.s.b.a.endpoint.jmx.JmxEndpointExporter",
                    "message": "Unregister endpoint with ObjectName 'org.springframework.boot:type=Endpoint,name=Health' from the JMX domain" }
                    
{
                    "app": "Crmeb",
                    "timestamp":"2026-06-16 11:10:33.371",
                    "level": "DEBUG",
                    "thread": "SpringContextShutdownHook",
                    "class": "o.s.b.a.endpoint.jmx.JmxEndpointExporter",
                    "message": "Unregister endpoint with ObjectName 'org.springframework.boot:type=Endpoint,name=Info' from the JMX domain" }
                    
{
                    "app": "Crmeb",
                    "timestamp":"2026-06-16 11:10:33.371",
                    "level": "DEBUG",
                    "thread": "SpringContextShutdownHook",
                    "class": "o.s.b.a.endpoint.jmx.JmxEndpointExporter",
                    "message": "Unregister endpoint with ObjectName 'org.springframework.boot:type=Endpoint,name=Conditions' from the JMX domain" }
                    
{
                    "app": "Crmeb",
                    "timestamp":"2026-06-16 11:10:33.371",
                    "level": "DEBUG",
                    "thread": "SpringContextShutdownHook",
                    "class": "o.s.b.a.endpoint.jmx.JmxEndpointExporter",
                    "message": "Unregister endpoint with ObjectName 'org.springframework.boot:type=Endpoint,name=Configprops' from the JMX domain" }
                    
{
                    "app": "Crmeb",
                    "timestamp":"2026-06-16 11:10:33.371",
                    "level": "DEBUG",
                    "thread": "SpringContextShutdownHook",
                    "class": "o.s.b.a.endpoint.jmx.JmxEndpointExporter",
                    "message": "Unregister endpoint with ObjectName 'org.springframework.boot:type=Endpoint,name=Env' from the JMX domain" }
                    
{
                    "app": "Crmeb",
                    "timestamp":"2026-06-16 11:10:33.371",
                    "level": "DEBUG",
                    "thread": "SpringContextShutdownHook",
                    "class": "o.s.b.a.endpoint.jmx.JmxEndpointExporter",
                    "message": "Unregister endpoint with ObjectName 'org.springframework.boot:type=Endpoint,name=Loggers' from the JMX domain" }
                    
{
                    "app": "Crmeb",
                    "timestamp":"2026-06-16 11:10:33.371",
                    "level": "DEBUG",
                    "thread": "SpringContextShutdownHook",
                    "class": "o.s.b.a.endpoint.jmx.JmxEndpointExporter",
                    "message": "Unregister endpoint with ObjectName 'org.springframework.boot:type=Endpoint,name=Threaddump' from the JMX domain" }
                    
{
                    "app": "Crmeb",
                    "timestamp":"2026-06-16 11:10:33.371",
                    "level": "DEBUG",
                    "thread": "SpringContextShutdownHook",
                    "class": "o.s.b.a.endpoint.jmx.JmxEndpointExporter",
                    "message": "Unregister endpoint with ObjectName 'org.springframework.boot:type=Endpoint,name=Metrics' from the JMX domain" }
                    
{
                    "app": "Crmeb",
                    "timestamp":"2026-06-16 11:10:33.372",
                    "level": "DEBUG",
                    "thread": "SpringContextShutdownHook",
                    "class": "o.s.b.a.endpoint.jmx.JmxEndpointExporter",
                    "message": "Unregister endpoint with ObjectName 'org.springframework.boot:type=Endpoint,name=Scheduledtasks' from the JMX domain" }
                    
{
                    "app": "Crmeb",
                    "timestamp":"2026-06-16 11:10:33.372",
                    "level": "DEBUG",
                    "thread": "SpringContextShutdownHook",
                    "class": "o.s.b.a.endpoint.jmx.JmxEndpointExporter",
                    "message": "Unregister endpoint with ObjectName 'org.springframework.boot:type=Endpoint,name=Mappings' from the JMX domain" }
                    
{
                    "app": "Crmeb",
                    "timestamp":"2026-06-16 14:03:06.675",
                    "level": "DEBUG",
                    "thread": "main",
                    "class": "o.s.b.c.l.ClasspathLoggingApplicationListener",
                    "message": "Application started with classpath: [file:/C:/Program%20Files/Java/jdk1.8.0_211/jre/lib/charsets.jar, file:/C:/Program%20Files/Java/jdk1.8.0_211/jre/lib/deploy.jar, file:/C:/Program%20Files/Java/jdk1.8.0_211/jre/lib/ext/access-bridge-64.jar, file:/C:/Program%20Files/Java/jdk1.8.0_211/jre/lib/ext/cldrdata.jar, file:/C:/Program%20Files/Java/jdk1.8.0_211/jre/lib/ext/dnsns.jar, file:/C:/Program%20Files/Java/jdk1.8.0_211/jre/lib/ext/jaccess.jar, file:/C:/Program%20Files/Java/jdk1.8.0_211/jre/lib/ext/jfxrt.jar, file:/C:/Program%20Files/Java/jdk1.8.0_211/jre/lib/ext/localedata.jar, file:/C:/Program%20Files/Java/jdk1.8.0_211/jre/lib/ext/nashorn.jar, file:/C:/Program%20Files/Java/jdk1.8.0_211/jre/lib/ext/sunec.jar, file:/C:/Program%20Files/Java/jdk1.8.0_211/jre/lib/ext/sunjce_provider.jar, file:/C:/Program%20Files/Java/jdk1.8.0_211/jre/lib/ext/sunmscapi.jar, file:/C:/Program%20Files/Java/jdk1.8.0_211/jre/lib/ext/sunpkcs11.jar, file:/C:/Program%20Files/Java/jdk1.8.0_211/jre/lib/ext/zipfs.jar, file:/C:/Program%20Files/Java/jdk1.8.0_211/jre/lib/javaws.jar, file:/C:/Program%20Files/Java/jdk1.8.0_211/jre/lib/jce.jar, file:/C:/Program%20Files/Java/jdk1.8.0_211/jre/lib/jfr.jar, file:/C:/Program%20Files/Java/jdk1.8.0_211/jre/lib/jfxswt.jar, file:/C:/Program%20Files/Java/jdk1.8.0_211/jre/lib/jsse.jar, file:/C:/Program%20Files/Java/jdk1.8.0_211/jre/lib/management-agent.jar, file:/C:/Program%20Files/Java/jdk1.8.0_211/jre/lib/plugin.jar, file:/C:/Program%20Files/Java/jdk1.8.0_211/jre/lib/resources.jar, file:/C:/Program%20Files/Java/jdk1.8.0_211/jre/lib/rt.jar, file:/D:/Desktop/code/crmeb_java/crmeb/crmeb-admin/target/classes/, file:/D:/Desktop/code/crmeb_java/crmeb/crmeb-service/target/classes/, file:/D:/Desktop/code/crmeb_java/crmeb/crmeb-common/target/classes/, file:/D:/java/apache-maven-3.6.3/repository/javax/servlet/javax.servlet-api/4.0.1/javax.servlet-api-4.0.1.jar, file:/D:/java/apache-maven-3.6.3/repository/javax/servlet/jstl/1.2/jstl-1.2.jar, file:/D:/java/apache-maven-3.6.3/repository/org/apache/tomcat/embed/tomcat-embed-jasper/9.0.33/tomcat-embed-jasper-9.0.33.jar, file:/D:/java/apache-maven-3.6.3/repository/org/apache/tomcat/embed/tomcat-embed-core/9.0.33/tomcat-embed-core-9.0.33.jar, file:/D:/java/apache-maven-3.6.3/repository/org/apache/tomcat/tomcat-annotations-api/9.0.33/tomcat-annotations-api-9.0.33.jar, file:/D:/java/apache-maven-3.6.3/repository/org/apache/tomcat/embed/tomcat-embed-el/9.0.33/tomcat-embed-el-9.0.33.jar, file:/D:/java/apache-maven-3.6.3/repository/org/eclipse/jdt/ecj/3.18.0/ecj-3.18.0.jar, file:/D:/java/apache-maven-3.6.3/repository/org/apache/tomcat/tomcat-jsp-api/9.0.33/tomcat-jsp-api-9.0.33.jar, file:/D:/java/apache-maven-3.6.3/repository/org/apache/tomcat/tomcat-el-api/9.0.33/tomcat-el-api-9.0.33.jar, file:/D:/java/apache-maven-3.6.3/repository/org/apache/tomcat/tomcat-servlet-api/9.0.33/tomcat-servlet-api-9.0.33.jar, file:/D:/java/apache-maven-3.6.3/repository/com/alibaba/fastjson/1.2.83/fastjson-1.2.83.jar, file:/D:/java/apache-maven-3.6.3/repository/com/alibaba/druid/1.1.20/druid-1.1.20.jar, file:/D:/java/apache-maven-3.6.3/repository/mysql/mysql-connector-java/5.1.24/mysql-connector-java-5.1.24.jar, file:/D:/java/apache-maven-3.6.3/repository/org/projectlombok/lombok/1.18.12/lombok-1.18.12.jar, file:/D:/java/apache-maven-3.6.3/repository/com/baomidou/mybatis-plus-boot-starter/3.3.1/mybatis-plus-boot-starter-3.3.1.jar, file:/D:/java/apache-maven-3.6.3/repository/org/springframework/boot/spring-boot-starter-jdbc/2.2.6.RELEASE/spring-boot-starter-jdbc-2.2.6.RELEASE.jar, file:/D:/java/apache-maven-3.6.3/repository/com/zaxxer/HikariCP/3.4.2/HikariCP-3.4.2.jar, file:/D:/java/apache-maven-3.6.3/repository/org/springframework/spring-jdbc/5.2.5.RELEASE/spring-jdbc-5.2.5.RELEASE.jar, file:/D:/java/apache-maven-3.6.3/repository/org/springframework/boot/spring-boot-test/2.2.6.RELEASE/spring-boot-test-2.2.6.RELEASE.jar, file:/D:/java/apache-maven-3.6.3/repository/org/springframework/spring-test/5.2.5.RELEASE/spring-test-5.2.5.RELEASE.jar, file:/D:/java/apache-maven-3.6.3/repository/com/baomidou/mybatis-plus/3.3.1/mybatis-plus-3.3.1.jar, file:/D:/java/apache-maven-3.6.3/repository/com/baomidou/mybatis-plus-extension/3.3.1/mybatis-plus-extension-3.3.1.jar, file:/D:/java/apache-maven-3.6.3/repository/com/baomidou/mybatis-plus-core/3.3.1/mybatis-plus-core-3.3.1.jar, file:/D:/java/apache-maven-3.6.3/repository/com/baomidou/mybatis-plus-annotation/3.3.1/mybatis-plus-annotation-3.3.1.jar, file:/D:/java/apache-maven-3.6.3/repository/org/mybatis/mybatis/3.5.3/mybatis-3.5.3.jar, file:/D:/java/apache-maven-3.6.3/repository/org/mybatis/mybatis-spring/2.0.3/mybatis-spring-2.0.3.jar, file:/D:/java/apache-maven-3.6.3/repository/com/baomidou/mybatis-plus-generator/3.3.1/mybatis-plus-generator-3.3.1.jar, file:/D:/java/apache-maven-3.6.3/repository/io/swagger/swagger-annotations/1.5.21/swagger-annotations-1.5.21.jar, file:/D:/java/apache-maven-3.6.3/repository/io/springfox/springfox-swagger2/2.9.2/springfox-swagger2-2.9.2.jar, file:/D:/java/apache-maven-3.6.3/repository/io/springfox/springfox-spi/2.9.2/springfox-spi-2.9.2.jar, file:/D:/java/apache-maven-3.6.3/repository/io/springfox/springfox-core/2.9.2/springfox-core-2.9.2.jar, file:/D:/java/apache-maven-3.6.3/repository/net/bytebuddy/byte-buddy/1.10.8/byte-buddy-1.10.8.jar, file:/D:/java/apache-maven-3.6.3/repository/io/springfox/springfox-schema/2.9.2/springfox-schema-2.9.2.jar, file:/D:/java/apache-maven-3.6.3/repository/io/springfox/springfox-swagger-common/2.9.2/springfox-swagger-common-2.9.2.jar, file:/D:/java/apache-maven-3.6.3/repository/io/springfox/springfox-spring-web/2.9.2/springfox-spring-web-2.9.2.jar, file:/D:/java/apache-maven-3.6.3/repository/com/google/guava/guava/20.0/guava-20.0.jar, file:/D:/java/apache-maven-3.6.3/repository/com/fasterxml/classmate/1.5.1/classmate-1.5.1.jar, file:/D:/java/apache-maven-3.6.3/repository/org/springframework/plugin/spring-plugin-core/1.2.0.RELEASE/spring-plugin-core-1.2.0.RELEASE.jar, file:/D:/java/apache-maven-3.6.3/repository/org/springframework/plugin/spring-plugin-metadata/1.2.0.RELEASE/spring-plugin-metadata-1.2.0.RELEASE.jar, file:/D:/java/apache-maven-3.6.3/repository/org/mapstruct/mapstruct/1.2.0.Final/mapstruct-1.2.0.Final.jar, file:/D:/java/apache-maven-3.6.3/repository/io/swagger/swagger-models/1.5.21/swagger-models-1.5.21.jar, file:/D:/java/apache-maven-3.6.3/repository/com/fasterxml/jackson/core/jackson-annotations/2.10.3/jackson-annotations-2.10.3.jar, file:/D:/java/apache-maven-3.6.3/repository/com/github/xiaoymin/swagger-bootstrap-ui/1.9.3/swagger-bootstrap-ui-1.9.3.jar, file:/D:/java/apache-maven-3.6.3/repository/org/springframework/boot/spring-boot-autoconfigure/2.2.6.RELEASE/spring-boot-autoconfigure-2.2.6.RELEASE.jar, file:/D:/java/apache-maven-3.6.3/repository/ch/qos/logback/logback-classic/1.2.3/logback-classic-1.2.3.jar, file:/D:/java/apache-maven-3.6.3/repository/ch/qos/logback/logback-core/1.2.3/logback-core-1.2.3.jar, file:/D:/java/apache-maven-3.6.3/repository/net/logstash/logback/logstash-logback-encoder/5.3/logstash-logback-encoder-5.3.jar, file:/D:/java/apache-maven-3.6.3/repository/com/fasterxml/jackson/core/jackson-databind/2.10.3/jackson-databind-2.10.3.jar, file:/D:/java/apache-maven-3.6.3/repository/com/fasterxml/jackson/core/jackson-core/2.10.3/jackson-core-2.10.3.jar, file:/D:/java/apache-maven-3.6.3/repository/org/springframework/boot/spring-boot-starter-web/2.2.6.RELEASE/spring-boot-starter-web-2.2.6.RELEASE.jar, file:/D:/java/apache-maven-3.6.3/repository/org/springframework/boot/spring-boot-starter-json/2.2.6.RELEASE/spring-boot-starter-json-2.2.6.RELEASE.jar, file:/D:/java/apache-maven-3.6.3/repository/com/fasterxml/jackson/datatype/jackson-datatype-jdk8/2.10.3/jackson-datatype-jdk8-2.10.3.jar, file:/D:/java/apache-maven-3.6.3/repository/com/fasterxml/jackson/datatype/jackson-datatype-jsr310/2.10.3/jackson-datatype-jsr310-2.10.3.jar, file:/D:/java/apache-maven-3.6.3/repository/com/fasterxml/jackson/module/jackson-module-parameter-names/2.10.3/jackson-module-parameter-names-2.10.3.jar, file:/D:/java/apache-maven-3.6.3/repository/org/springframework/boot/spring-boot-starter-tomcat/2.2.6.RELEASE/spring-boot-starter-tomcat-2.2.6.RELEASE.jar, file:/D:/java/apache-maven-3.6.3/repository/org/apache/tomcat/embed/tomcat-embed-websocket/9.0.33/tomcat-embed-websocket-9.0.33.jar, file:/D:/java/apache-maven-3.6.3/repository/org/springframework/boot/spring-boot-starter-validation/2.2.6.RELEASE/spring-boot-starter-validation-2.2.6.RELEASE.jar, file:/D:/java/apache-maven-3.6.3/repository/jakarta/validation/jakarta.validation-api/2.0.2/jakarta.validation-api-2.0.2.jar, file:/D:/java/apache-maven-3.6.3/repository/org/hibernate/validator/hibernate-validator/6.0.18.Final/hibernate-validator-6.0.18.Final.jar, file:/D:/java/apache-maven-3.6.3/repository/org/jboss/logging/jboss-logging/3.4.1.Final/jboss-logging-3.4.1.Final.jar, file:/D:/java/apache-maven-3.6.3/repository/org/springframework/spring-web/5.2.5.RELEASE/spring-web-5.2.5.RELEASE.jar, file:/D:/java/apache-maven-3.6.3/repository/org/springframework/spring-webmvc/5.2.5.RELEASE/spring-webmvc-5.2.5.RELEASE.jar, file:/D:/java/apache-maven-3.6.3/repository/org/springframework/boot/spring-boot-starter-data-redis/2.2.0.RELEASE/spring-boot-starter-data-redis-2.2.0.RELEASE.jar, file:/D:/java/apache-maven-3.6.3/repository/org/springframework/data/spring-data-redis/2.2.6.RELEASE/spring-data-redis-2.2.6.RELEASE.jar, file:/D:/java/apache-maven-3.6.3/repository/org/springframework/data/spring-data-keyvalue/2.2.6.RELEASE/spring-data-keyvalue-2.2.6.RELEASE.jar, file:/D:/java/apache-maven-3.6.3/repository/org/springframework/spring-oxm/5.2.5.RELEASE/spring-oxm-5.2.5.RELEASE.jar, file:/D:/java/apache-maven-3.6.3/repository/io/lettuce/lettuce-core/5.2.2.RELEASE/lettuce-core-5.2.2.RELEASE.jar, file:/D:/java/apache-maven-3.6.3/repository/io/netty/netty-common/4.1.48.Final/netty-common-4.1.48.Final.jar, file:/D:/java/apache-maven-3.6.3/repository/io/netty/netty-handler/4.1.48.Final/netty-handler-4.1.48.Final.jar, file:/D:/java/apache-maven-3.6.3/repository/io/netty/netty-resolver/4.1.48.Final/netty-resolver-4.1.48.Final.jar, file:/D:/java/apache-maven-3.6.3/repository/io/netty/netty-buffer/4.1.48.Final/netty-buffer-4.1.48.Final.jar, file:/D:/java/apache-maven-3.6.3/repository/io/netty/netty-codec/4.1.48.Final/netty-codec-4.1.48.Final.jar, file:/D:/java/apache-maven-3.6.3/repository/io/netty/netty-transport/4.1.48.Final/netty-transport-4.1.48.Final.jar, file:/D:/java/apache-maven-3.6.3/repository/io/projectreactor/reactor-core/3.3.4.RELEASE/reactor-core-3.3.4.RELEASE.jar, file:/D:/java/apache-maven-3.6.3/repository/org/reactivestreams/reactive-streams/1.0.3/reactive-streams-1.0.3.jar, file:/D:/java/apache-maven-3.6.3/repository/redis/clients/jedis/3.1.0/jedis-3.1.0.jar, file:/D:/java/apache-maven-3.6.3/repository/org/apache/commons/commons-pool2/2.7.0/commons-pool2-2.7.0.jar, file:/D:/java/apache-maven-3.6.3/repository/com/github/pagehelper/pagehelper-spring-boot-starter/1.2.5/pagehelper-spring-boot-starter-1.2.5.jar, file:/D:/java/apache-maven-3.6.3/repository/org/mybatis/spring/boot/mybatis-spring-boot-starter/1.3.2/mybatis-spring-boot-starter-1.3.2.jar, file:/D:/java/apache-maven-3.6.3/repository/org/mybatis/spring/boot/mybatis-spring-boot-autoconfigure/1.3.2/mybatis-spring-boot-autoconfigure-1.3.2.jar, file:/D:/java/apache-maven-3.6.3/repository/com/github/pagehelper/pagehelper-spring-boot-autoconfigure/1.2.5/pagehelper-spring-boot-autoconfigure-1.2.5.jar, file:/D:/java/apache-maven-3.6.3/repository/com/github/pagehelper/pagehelper/5.1.4/pagehelper-5.1.4.jar, file:/D:/java/apache-maven-3.6.3/repository/com/github/jsqlparser/jsqlparser/1.0/jsqlparser-1.0.jar, file:/D:/java/apache-maven-3.6.3/repository/javax/validation/validation-api/1.1.0.Final/validation-api-1.1.0.Final.jar, file:/D:/java/apache-maven-3.6.3/repository/org/springframework/data/spring-data-commons/2.2.6.RELEASE/spring-data-commons-2.2.6.RELEASE.jar, file:/D:/java/apache-maven-3.6.3/repository/cn/hutool/hutool-all/4.5.7/hutool-all-4.5.7.jar, file:/D:/java/apache-maven-3.6.3/repository/org/springframework/boot/spring-boot-starter-actuator/2.2.6.RELEASE/spring-boot-starter-actuator-2.2.6.RELEASE.jar, file:/D:/java/apache-maven-3.6.3/repository/org/springframework/boot/spring-boot-actuator-autoconfigure/2.2.6.RELEASE/spring-boot-actuator-autoconfigure-2.2.6.RELEASE.jar, file:/D:/java/apache-maven-3.6.3/repository/org/springframework/boot/spring-boot-actuator/2.2.6.RELEASE/spring-boot-actuator-2.2.6.RELEASE.jar, file:/D:/java/apache-maven-3.6.3/repository/io/micrometer/micrometer-core/1.3.6/micrometer-core-1.3.6.jar, file:/D:/java/apache-maven-3.6.3/repository/org/hdrhistogram/HdrHistogram/2.1.11/HdrHistogram-2.1.11.jar, file:/D:/java/apache-maven-3.6.3/repository/org/latencyutils/LatencyUtils/2.0.3/LatencyUtils-2.0.3.jar, file:/D:/java/apache-maven-3.6.3/repository/org/apache/httpcomponents/httpclient/4.5.6/httpclient-4.5.6.jar, file:/D:/java/apache-maven-3.6.3/repository/org/apache/httpcomponents/httpcore/4.4.13/httpcore-4.4.13.jar, file:/D:/java/apache-maven-3.6.3/repository/commons-logging/commons-logging/1.2/commons-logging-1.2.jar, file:/D:/java/apache-maven-3.6.3/repository/commons-codec/commons-codec/1.13/commons-codec-1.13.jar, file:/D:/java/apache-maven-3.6.3/repository/org/springframework/boot/spring-boot-starter-aop/2.2.6.RELEASE/spring-boot-starter-aop-2.2.6.RELEASE.jar, file:/D:/java/apache-maven-3.6.3/repository/org/springframework/spring-aop/5.2.5.RELEASE/spring-aop-5.2.5.RELEASE.jar, file:/D:/java/apache-maven-3.6.3/repository/org/aspectj/aspectjweaver/1.9.5/aspectjweaver-1.9.5.jar, file:/D:/java/apache-maven-3.6.3/repository/org/apache/commons/commons-lang3/3.5/commons-lang3-3.5.jar, file:/D:/java/apache-maven-3.6.3/repository/org/apache/poi/poi/3.17/poi-3.17.jar, file:/D:/java/apache-maven-3.6.3/repository/org/apache/commons/commons-collections4/4.1/commons-collections4-4.1.jar, file:/D:/java/apache-maven-3.6.3/repository/org/apache/poi/poi-ooxml/3.17/poi-ooxml-3.17.jar, file:/D:/java/apache-maven-3.6.3/repository/org/apache/poi/poi-ooxml-schemas/3.17/poi-ooxml-schemas-3.17.jar, file:/D:/java/apache-maven-3.6.3/repository/org/apache/xmlbeans/xmlbeans/2.6.0/xmlbeans-2.6.0.jar, file:/D:/java/apache-maven-3.6.3/repository/com/github/virtuald/curvesapi/1.04/curvesapi-1.04.jar, file:/D:/java/apache-maven-3.6.3/repository/commons-fileupload/commons-fileupload/1.3.3/commons-fileupload-1.3.3.jar, file:/D:/java/apache-maven-3.6.3/repository/commons-io/commons-io/2.4/commons-io-2.4.jar, file:/D:/java/apache-maven-3.6.3/repository/net/coobird/thumbnailator/0.4.8/thumbnailator-0.4.8.jar, file:/D:/java/apache-maven-3.6.3/repository/com/aliyun/oss/aliyun-sdk-oss/3.5.0/aliyun-sdk-oss-3.5.0.jar, file:/D:/java/apache-maven-3.6.3/repository/org/jdom/jdom/1.1/jdom-1.1.jar, file:/D:/java/apache-maven-3.6.3/repository/org/codehaus/jettison/jettison/1.1/jettison-1.1.jar, file:/D:/java/apache-maven-3.6.3/repository/stax/stax-api/1.0.1/stax-api-1.0.1.jar, file:/D:/java/apache-maven-3.6.3/repository/com/aliyun/aliyun-java-sdk-core/3.4.0/aliyun-java-sdk-core-3.4.0.jar, file:/D:/java/apache-maven-3.6.3/repository/com/aliyun/aliyun-java-sdk-ram/3.0.0/aliyun-java-sdk-ram-3.0.0.jar, file:/D:/java/apache-maven-3.6.3/repository/com/aliyun/aliyun-java-sdk-sts/3.0.0/aliyun-java-sdk-sts-3.0.0.jar, file:/D:/java/apache-maven-3.6.3/repository/com/aliyun/aliyun-java-sdk-ecs/4.2.0/aliyun-java-sdk-ecs-4.2.0.jar, file:/D:/java/apache-maven-3.6.3/repository/com/qcloud/cos_api/5.6.22/cos_api-5.6.22.jar, file:/D:/java/apache-maven-3.6.3/repository/joda-time/joda-time/2.10.5/joda-time-2.10.5.jar, file:/D:/java/apache-maven-3.6.3/repository/org/bouncycastle/bcprov-jdk15on/1.64/bcprov-jdk15on-1.64.jar, file:/D:/java/apache-maven-3.6.3/repository/com/qiniu/qiniu-java-sdk/7.2.28/qiniu-java-sdk-7.2.28.jar, file:/D:/java/apache-maven-3.6.3/repository/com/squareup/okhttp3/okhttp/3.14.7/okhttp-3.14.7.jar, file:/D:/java/apache-maven-3.6.3/repository/com/squareup/okio/okio/1.17.2/okio-1.17.2.jar, file:/D:/java/apache-maven-3.6.3/repository/com/amazonaws/aws-java-sdk-s3/1.12.99/aws-java-sdk-s3-1.12.99.jar, file:/D:/java/apache-maven-3.6.3/repository/com/amazonaws/aws-java-sdk-kms/1.12.99/aws-java-sdk-kms-1.12.99.jar, file:/D:/java/apache-maven-3.6.3/repository/com/amazonaws/aws-java-sdk-core/1.12.99/aws-java-sdk-core-1.12.99.jar, file:/D:/java/apache-maven-3.6.3/repository/software/amazon/ion/ion-java/1.0.2/ion-java-1.0.2.jar, file:/D:/java/apache-maven-3.6.3/repository/com/fasterxml/jackson/dataformat/jackson-dataformat-cbor/2.10.3/jackson-dataformat-cbor-2.10.3.jar, file:/D:/java/apache-maven-3.6.3/repository/com/amazonaws/jmespath-java/1.12.99/jmespath-java-1.12.99.jar, file:/D:/java/apache-maven-3.6.3/repository/dom4j/dom4j/1.6.1/dom4j-1.6.1.jar, file:/D:/java/apache-maven-3.6.3/repository/xml-apis/xml-apis/1.0.b2/xml-apis-1.0.b2.jar, file:/D:/java/apache-maven-3.6.3/repository/com/thoughtworks/xstream/xstream/1.4.18/xstream-1.4.18.jar, file:/D:/java/apache-maven-3.6.3/repository/io/github/x-stream/mxparser/1.2.2/mxparser-1.2.2.jar, file:/D:/java/apache-maven-3.6.3/repository/xmlpull/xmlpull/1.1.3.1/xmlpull-1.1.3.1.jar, file:/D:/java/apache-maven-3.6.3/repository/com/vaadin/external/google/android-json/0.0.20131108.vaadin1/android-json-0.0.20131108.vaadin1.jar, file:/D:/java/apache-maven-3.6.3/repository/org/apache/httpcomponents/httpmime/4.5.2/httpmime-4.5.2.jar, file:/D:/java/apache-maven-3.6.3/repository/com/google/zxing/core/3.3.3/core-3.3.3.jar, file:/D:/java/apache-maven-3.6.3/repository/com/google/zxing/javase/3.3.3/javase-3.3.3.jar, file:/D:/java/apache-maven-3.6.3/repository/com/beust/jcommander/1.72/jcommander-1.72.jar, file:/D:/java/apache-maven-3.6.3/repository/com/github/jai-imageio/jai-imageio-core/1.4.0/jai-imageio-core-1.4.0.jar, file:/D:/java/apache-maven-3.6.3/repository/io/jsonwebtoken/jjwt/0.9.1/jjwt-0.9.1.jar, file:/D:/java/apache-maven-3.6.3/repository/com/auth0/jwks-rsa/0.9.0/jwks-rsa-0.9.0.jar, file:/D:/java/apache-maven-3.6.3/repository/com/alipay/sdk/alipay-sdk-java/4.15.20.ALL/alipay-sdk-java-4.15.20.ALL.jar, file:/D:/java/apache-maven-3.6.3/repository/org/springframework/boot/spring-boot-starter-security/2.2.6.RELEASE/spring-boot-starter-security-2.2.6.RELEASE.jar, file:/D:/java/apache-maven-3.6.3/repository/org/springframework/security/spring-security-config/5.2.2.RELEASE/spring-security-config-5.2.2.RELEASE.jar, file:/D:/java/apache-maven-3.6.3/repository/org/springframework/security/spring-security-core/5.2.2.RELEASE/spring-security-core-5.2.2.RELEASE.jar, file:/D:/java/apache-maven-3.6.3/repository/org/springframework/security/spring-security-web/5.2.2.RELEASE/spring-security-web-5.2.2.RELEASE.jar, file:/D:/java/apache-maven-3.6.3/repository/com/anji-plus/spring-boot-starter-captcha/1.3.0/spring-boot-starter-captcha-1.3.0.jar, file:/D:/java/apache-maven-3.6.3/repository/com/anji-plus/captcha/1.3.0/captcha-1.3.0.jar, file:/D:/java/apache-maven-3.6.3/repository/com/jayway/jsonpath/json-path/2.4.0/json-path-2.4.0.jar, file:/D:/java/apache-maven-3.6.3/repository/net/minidev/json-smart/2.3/json-smart-2.3.jar, file:/D:/java/apache-maven-3.6.3/repository/net/minidev/accessors-smart/1.2/accessors-smart-1.2.jar, file:/D:/java/apache-maven-3.6.3/repository/org/ow2/asm/asm/5.0.4/asm-5.0.4.jar, file:/D:/java/apache-maven-3.6.3/repository/com/google/code/gson/gson/2.8.6/gson-2.8.6.jar, file:/D:/java/apache-maven-3.6.3/repository/org/springframework/boot/spring-boot-starter-quartz/2.2.6.RELEASE/spring-boot-starter-quartz-2.2.6.RELEASE.jar, file:/D:/java/apache-maven-3.6.3/repository/org/springframework/boot/spring-boot-starter/2.2.6.RELEASE/spring-boot-starter-2.2.6.RELEASE.jar, file:/D:/java/apache-maven-3.6.3/repository/org/springframework/boot/spring-boot/2.2.6.RELEASE/spring-boot-2.2.6.RELEASE.jar, file:/D:/java/apache-maven-3.6.3/repository/org/springframework/boot/spring-boot-starter-logging/2.2.6.RELEASE/spring-boot-starter-logging-2.2.6.RELEASE.jar, file:/D:/java/apache-maven-3.6.3/repository/org/apache/logging/log4j/log4j-to-slf4j/2.12.1/log4j-to-slf4j-2.12.1.jar, file:/D:/java/apache-maven-3.6.3/repository/org/apache/logging/log4j/log4j-api/2.12.1/log4j-api-2.12.1.jar, file:/D:/java/apache-maven-3.6.3/repository/org/slf4j/jul-to-slf4j/1.7.30/jul-to-slf4j-1.7.30.jar, file:/D:/java/apache-maven-3.6.3/repository/jakarta/annotation/jakarta.annotation-api/1.3.5/jakarta.annotation-api-1.3.5.jar, file:/D:/java/apache-maven-3.6.3/repository/org/springframework/spring-core/5.2.5.RELEASE/spring-core-5.2.5.RELEASE.jar, file:/D:/java/apache-maven-3.6.3/repository/org/springframework/spring-jcl/5.2.5.RELEASE/spring-jcl-5.2.5.RELEASE.jar, file:/D:/java/apache-maven-3.6.3/repository/org/yaml/snakeyaml/1.25/snakeyaml-1.25.jar, file:/D:/java/apache-maven-3.6.3/repository/org/springframework/spring-context-support/5.2.5.RELEASE/spring-context-support-5.2.5.RELEASE.jar, file:/D:/java/apache-maven-3.6.3/repository/org/springframework/spring-beans/5.2.5.RELEASE/spring-beans-5.2.5.RELEASE.jar, file:/D:/java/apache-maven-3.6.3/repository/org/springframework/spring-context/5.2.5.RELEASE/spring-context-5.2.5.RELEASE.jar, file:/D:/java/apache-maven-3.6.3/repository/org/springframework/spring-expression/5.2.5.RELEASE/spring-expression-5.2.5.RELEASE.jar, file:/D:/java/apache-maven-3.6.3/repository/org/springframework/spring-tx/5.2.5.RELEASE/spring-tx-5.2.5.RELEASE.jar, file:/D:/java/apache-maven-3.6.3/repository/org/quartz-scheduler/quartz/2.3.2/quartz-2.3.2.jar, file:/D:/java/apache-maven-3.6.3/repository/com/mchange/mchange-commons-java/0.2.15/mchange-commons-java-0.2.15.jar, file:/D:/java/apache-maven-3.6.3/repository/com/github/oshi/oshi-core/5.8.6/oshi-core-5.8.6.jar, file:/D:/java/apache-maven-3.6.3/repository/org/slf4j/slf4j-api/1.7.30/slf4j-api-1.7.30.jar, file:/D:/java/apache-maven-3.6.3/repository/net/java/dev/jna/jna/5.13.0/jna-5.13.0.jar, file:/D:/java/apache-maven-3.6.3/repository/net/java/dev/jna/jna-platform/5.13.0/jna-platform-5.13.0.jar, file:/D:/Program%20Files/JetBrains/IntelliJ%20IDEA%202022.1.3/lib/idea_rt.jar, file:/C:/Users/Administrator/AppData/Local/JetBrains/IntelliJIdea2022.1/captureAgent/debugger-agent.jar]" }
                    
{
                    "app": "Crmeb",
                    "timestamp":"2026-06-16 14:03:06.819",
                    "level": "DEBUG",
                    "thread": "main",
                    "class": "o.springframework.boot.SpringApplication",
                    "message": "Loading source class com.zbkj.admin.CrmebAdminApplication" }
                    
{
                    "app": "Crmeb",
                    "timestamp":"2026-06-16 14:03:06.900",
                    "level": "DEBUG",
                    "thread": "main",
                    "class": "o.s.b.c.c.ConfigFileApplicationListener",
                    "message": "Loaded config file 'file:/D:/Desktop/code/crmeb_java/crmeb/crmeb-admin/target/classes/application.yml' (classpath:/application.yml)" }
                    
{
                    "app": "Crmeb",
                    "timestamp":"2026-06-16 14:03:06.900",
                    "level": "DEBUG",
                    "thread": "main",
                    "class": "o.s.b.w.s.c.AnnotationConfigServletWebServerApplicationContext",
                    "message": "Refreshing org.springframework.boot.web.servlet.context.AnnotationConfigServletWebServerApplicationContext@10650953" }
                    
{
                    "app": "Crmeb",
                    "timestamp":"2026-06-16 14:03:14.549",
                    "level": "DEBUG",
                    "thread": "main",
                    "class": "o.s.b.w.e.t.TomcatServletWebServerFactory",
                    "message": "Code archive: D:\java\apache-maven-3.6.3\repository\org\springframework\boot\spring-boot\2.2.6.RELEASE\spring-boot-2.2.6.RELEASE.jar" }
                    
{
                    "app": "Crmeb",
                    "timestamp":"2026-06-16 14:03:14.550",
                    "level": "DEBUG",
                    "thread": "main",
                    "class": "o.s.b.w.e.t.TomcatServletWebServerFactory",
                    "message": "Code archive: D:\java\apache-maven-3.6.3\repository\org\springframework\boot\spring-boot\2.2.6.RELEASE\spring-boot-2.2.6.RELEASE.jar" }
                    
{
                    "app": "Crmeb",
                    "timestamp":"2026-06-16 14:03:14.550",
                    "level": "DEBUG",
                    "thread": "main",
                    "class": "o.s.b.w.e.t.TomcatServletWebServerFactory",
                    "message": "None of the document roots [src/main/webapp, public, static] point to a directory and will be ignored." }
                    
{
                    "app": "Crmeb",
                    "timestamp":"2026-06-16 14:03:14.948",
                    "level": "DEBUG",
                    "thread": "main",
                    "class": "o.s.web.context.ContextLoader",
                    "message": "Published root WebApplicationContext as ServletContext attribute with name [org.springframework.web.context.WebApplicationContext.ROOT]" }
                    
{
                    "app": "Crmeb",
                    "timestamp":"2026-06-16 14:03:15.660",
                    "level": "DEBUG",
                    "thread": "main",
                    "class": "o.s.b.w.s.ServletContextInitializerBeans",
                    "message": "Mapping filters: filterRegistrationBean urls=[/*] order=-2147483647, springSecurityFilterChain urls=[/*] order=-100, filterRegistrationBean urls=[/*] order=2147483647, filterRegistrationBean urls=[/api/*] order=2147483647, characterEncodingFilter urls=[/*] order=-2147483648, formContentFilter urls=[/*] order=-9900, requestContextFilter urls=[/*] order=-105, corsFilter urls=[/*] order=2147483647, jwtAuthenticationTokenFilter urls=[/*] order=2147483647" }
                    
{
                    "app": "Crmeb",
                    "timestamp":"2026-06-16 14:03:15.660",
                    "level": "DEBUG",
                    "thread": "main",
                    "class": "o.s.b.w.s.ServletContextInitializerBeans",
                    "message": "Mapping servlets: statViewServlet urls=[/druid/*], dispatcherServlet urls=[/]" }
                    
{
                    "app": "Crmeb",
                    "timestamp":"2026-06-16 14:03:15.682",
                    "level": "DEBUG",
                    "thread": "main",
                    "class": "o.s.b.a.m.w.servlet.WebMvcMetricsFilter",
                    "message": "Filter 'webMvcMetricsFilter' configured for use" }
                    
{
                    "app": "Crmeb",
                    "timestamp":"2026-06-16 14:03:15.682",
                    "level": "DEBUG",
                    "thread": "main",
                    "class": "o.s.b.w.s.f.OrderedRequestContextFilter",
                    "message": "Filter 'requestContextFilter' configured for use" }
                    
{
                    "app": "Crmeb",
                    "timestamp":"2026-06-16 14:03:15.683",
                    "level": "DEBUG",
                    "thread": "main",
                    "class": "o.springframework.web.filter.CorsFilter",
                    "message": "Filter 'corsFilter' configured for use" }
                    
{
                    "app": "Crmeb",
                    "timestamp":"2026-06-16 14:03:15.683",
                    "level": "DEBUG",
                    "thread": "main",
                    "class": "o.s.b.w.s.f.OrderedCharacterEncodingFilter",
                    "message": "Filter 'characterEncodingFilter' configured for use" }
                    
{
                    "app": "Crmeb",
                    "timestamp":"2026-06-16 14:03:15.683",
                    "level": "DEBUG",
                    "thread": "main",
                    "class": "o.s.b.w.s.DelegatingFilterProxyRegistrationBean$1",
                    "message": "Filter 'springSecurityFilterChain' configured for use" }
                    
{
                    "app": "Crmeb",
                    "timestamp":"2026-06-16 14:03:15.683",
                    "level": "DEBUG",
                    "thread": "main",
                    "class": "o.s.b.w.s.f.OrderedFormContentFilter",
                    "message": "Filter 'formContentFilter' configured for use" }
                    
{
                    "app": "Crmeb",
                    "timestamp":"2026-06-16 14:03:25.796",
                    "level": "DEBUG",
                    "thread": "main",
                    "class": "o.s.w.s.m.m.a.RequestMappingHandlerMapping",
                    "message": "331 mappings in 'requestMappingHandlerMapping'" }
                    
{
                    "app": "Crmeb",
                    "timestamp":"2026-06-16 14:03:26.268",
                    "level": "DEBUG",
                    "thread": "main",
                    "class": "o.s.b.a.SpringApplicationAdminMXBeanRegistrar$SpringApplicationAdmin",
                    "message": "Application Admin MBean registered with name 'org.springframework.boot:type=Admin,name=SpringApplication'" }
                    
{
                    "app": "Crmeb",
                    "timestamp":"2026-06-16 14:03:26.276",
                    "level": "DEBUG",
                    "thread": "main",
                    "class": "o.s.w.s.m.m.a.RequestMappingHandlerAdapter",
                    "message": "ControllerAdvice beans: 0 @ModelAttribute, 0 @InitBinder, 1 RequestBodyAdvice, 2 ResponseBodyAdvice" }
                    
{
                    "app": "Crmeb",
                    "timestamp":"2026-06-16 14:03:26.329",
                    "level": "DEBUG",
                    "thread": "main",
                    "class": "o.s.w.s.handler.SimpleUrlHandlerMapping",
                    "message": "Patterns [/webjars/**, /**, /doc.html, /crmebimage/**, /uploadf/**] in 'resourceHandlerMapping'" }
                    
{
                    "app": "Crmeb",
                    "timestamp":"2026-06-16 14:03:26.342",
                    "level": "DEBUG",
                    "thread": "main",
                    "class": "o.s.w.s.m.m.a.ExceptionHandlerExceptionResolver",
                    "message": "ControllerAdvice beans: 1 @ExceptionHandler, 2 ResponseBodyAdvice" }
                    
{
                    "app": "Crmeb",
                    "timestamp":"2026-06-16 14:05:07.208",
                    "level": "DEBUG",
                    "thread": "http-nio-8169-exec-1",
                    "class": "o.s.web.servlet.DispatcherServlet",
                    "message": "Detected StandardServletMultipartResolver" }
                    
{
                    "app": "Crmeb",
                    "timestamp":"2026-06-16 14:05:07.217",
                    "level": "DEBUG",
                    "thread": "http-nio-8169-exec-1",
                    "class": "o.s.web.servlet.DispatcherServlet",
                    "message": "enableLoggingRequestDetails='false': request parameters and headers will be masked to prevent unsafe logging of potentially sensitive data" }
                    
{
                    "app": "Crmeb",
                    "timestamp":"2026-06-16 14:05:08.121",
                    "level": "DEBUG",
                    "thread": "http-nio-8169-exec-1",
                    "class": "o.s.web.servlet.DispatcherServlet",
                    "message": "GET "/api/admin/getAdminInfoByToken?token=96307e638fdf423bb05564eb2c4867e7&temp=1781589906", parameters={masked}" }
                    
{
                    "app": "Crmeb",
                    "timestamp":"2026-06-16 14:05:08.125",
                    "level": "DEBUG",
                    "thread": "http-nio-8169-exec-1",
                    "class": "o.s.w.s.m.m.a.RequestMappingHandlerMapping",
                    "message": "Mapped to com.zbkj.admin.controller.AdminLoginController#getAdminInfo()" }
                    
{
                    "app": "Crmeb",
                    "timestamp":"2026-06-16 14:05:08.554",
                    "level": "DEBUG",
                    "thread": "http-nio-8169-exec-1",
                    "class": "o.s.w.s.m.m.a.RequestResponseBodyMethodProcessor",
                    "message": "Using 'application/json', given [application/json, text/plain, */*] and supported [application/json, application/*+json, application/json, application/*+json, application/cbor]" }
                    
{
                    "app": "Crmeb",
                    "timestamp":"2026-06-16 14:05:08.555",
                    "level": "DEBUG",
                    "thread": "http-nio-8169-exec-1",
                    "class": "o.s.w.s.m.m.a.RequestResponseBodyMethodProcessor",
                    "message": "Writing [com.zbkj.common.result.CommonResult@3e084c55]" }
                    
{
                    "app": "Crmeb",
                    "timestamp":"2026-06-16 14:05:08.636",
                    "level": "DEBUG",
                    "thread": "http-nio-8169-exec-1",
                    "class": "o.s.web.servlet.DispatcherServlet",
                    "message": "Completed 200 OK" }
                    
{
                    "app": "Crmeb",
                    "timestamp":"2026-06-16 14:05:08.807",
                    "level": "DEBUG",
                    "thread": "http-nio-8169-exec-3",
                    "class": "o.s.web.servlet.DispatcherServlet",
                    "message": "GET "/api/admin/getMenus?temp=1781589908", parameters={masked}" }
                    
{
                    "app": "Crmeb",
                    "timestamp":"2026-06-16 14:05:09.082",
                    "level": "DEBUG",
                    "thread": "http-nio-8169-exec-3",
                    "class": "o.s.w.s.m.m.a.RequestMappingHandlerMapping",
                    "message": "Mapped to com.zbkj.admin.controller.AdminLoginController#getMenus()" }
                    
{
                    "app": "Crmeb",
                    "timestamp":"2026-06-16 14:05:09.163",
                    "level": "DEBUG",
                    "thread": "http-nio-8169-exec-3",
                    "class": "o.s.w.s.m.m.a.RequestResponseBodyMethodProcessor",
                    "message": "Using 'application/json', given [application/json, text/plain, */*] and supported [application/json, application/*+json, application/json, application/*+json, application/cbor]" }
                    
{
                    "app": "Crmeb",
                    "timestamp":"2026-06-16 14:05:09.163",
                    "level": "DEBUG",
                    "thread": "http-nio-8169-exec-3",
                    "class": "o.s.w.s.m.m.a.RequestResponseBodyMethodProcessor",
                    "message": "Writing [com.zbkj.common.result.CommonResult@697e0858]" }
                    
{
                    "app": "Crmeb",
                    "timestamp":"2026-06-16 14:05:09.169",
                    "level": "DEBUG",
                    "thread": "http-nio-8169-exec-3",
                    "class": "o.s.web.servlet.DispatcherServlet",
                    "message": "Completed 200 OK" }
                    
{
                    "app": "Crmeb",
                    "timestamp":"2026-06-16 14:05:09.499",
                    "level": "DEBUG",
                    "thread": "http-nio-8169-exec-12",
                    "class": "o.s.web.servlet.DispatcherServlet",
                    "message": "GET "/api/admin/statistics/home/index?temp=1781589909", parameters={masked}" }
                    
{
                    "app": "Crmeb",
                    "timestamp":"2026-06-16 14:05:09.499",
                    "level": "DEBUG",
                    "thread": "http-nio-8169-exec-17",
                    "class": "o.s.web.servlet.DispatcherServlet",
                    "message": "GET "/api/admin/statistics/home/chart/order?temp=1781589909", parameters={masked}" }
                    
{
                    "app": "Crmeb",
                    "timestamp":"2026-06-16 14:05:09.501",
                    "level": "DEBUG",
                    "thread": "http-nio-8169-exec-12",
                    "class": "o.s.w.s.m.m.a.RequestMappingHandlerMapping",
                    "message": "Mapped to com.zbkj.admin.controller.HomeController#indexDate()" }
                    
{
                    "app": "Crmeb",
                    "timestamp":"2026-06-16 14:05:09.501",
                    "level": "DEBUG",
                    "thread": "http-nio-8169-exec-17",
                    "class": "o.s.w.s.m.m.a.RequestMappingHandlerMapping",
                    "message": "Mapped to com.zbkj.admin.controller.HomeController#chartOrder()" }
                    
{
                    "app": "Crmeb",
                    "timestamp":"2026-06-16 14:05:09.545",
                    "level": "DEBUG",
                    "thread": "http-nio-8169-exec-23",
                    "class": "o.s.web.servlet.DispatcherServlet",
                    "message": "GET "/api/admin/statistics/user/channel?temp=1781589909", parameters={masked}" }
                    
{
                    "app": "Crmeb",
                    "timestamp":"2026-06-16 14:05:09.545",
                    "level": "DEBUG",
                    "thread": "http-nio-8169-exec-23",
                    "class": "o.s.w.s.m.m.a.RequestMappingHandlerMapping",
                    "message": "Mapped to com.zbkj.admin.controller.UserStatisticsController#getChannelData()" }
                    
{
                    "app": "Crmeb",
                    "timestamp":"2026-06-16 14:05:09.546",
                    "level": "DEBUG",
                    "thread": "http-nio-8169-exec-13",
                    "class": "o.s.web.servlet.DispatcherServlet",
                    "message": "GET "/api/admin/statistics/user/overview?dateLimit=lately7&temp=1781589909", parameters={masked}" }
                    
{
                    "app": "Crmeb",
                    "timestamp":"2026-06-16 14:05:09.547",
                    "level": "DEBUG",
                    "thread": "http-nio-8169-exec-13",
                    "class": "o.s.w.s.m.m.a.RequestMappingHandlerMapping",
                    "message": "Mapped to com.zbkj.admin.controller.UserStatisticsController#getOverview(String)" }
                    
{
                    "app": "Crmeb",
                    "timestamp":"2026-06-16 14:05:09.565",
                    "level": "DEBUG",
                    "thread": "http-nio-8169-exec-11",
                    "class": "o.s.web.servlet.DispatcherServlet",
                    "message": "GET "/api/admin/statistics/home/operating/data?temp=1781589909", parameters={masked}" }
                    
{
                    "app": "Crmeb",
                    "timestamp":"2026-06-16 14:05:09.566",
                    "level": "DEBUG",
                    "thread": "http-nio-8169-exec-11",
                    "class": "o.s.w.s.m.m.a.RequestMappingHandlerMapping",
                    "message": "Mapped to com.zbkj.admin.controller.HomeController#operatingData()" }
                    
{
                    "app": "Crmeb",
                    "timestamp":"2026-06-16 14:05:09.571",
                    "level": "DEBUG",
                    "thread": "http-nio-8169-exec-17",
                    "class": "o.s.w.s.m.m.a.RequestResponseBodyMethodProcessor",
                    "message": "Using 'application/json', given [application/json, text/plain, */*] and supported [application/json, application/*+json, application/json, application/*+json, application/cbor]" }
                    
{
                    "app": "Crmeb",
                    "timestamp":"2026-06-16 14:05:09.572",
                    "level": "DEBUG",
                    "thread": "http-nio-8169-exec-17",
                    "class": "o.s.w.s.m.m.a.RequestResponseBodyMethodProcessor",
                    "message": "Writing [com.zbkj.common.result.CommonResult@36390feb]" }
                    
{
                    "app": "Crmeb",
                    "timestamp":"2026-06-16 14:05:09.577",
                    "level": "DEBUG",
                    "thread": "http-nio-8169-exec-17",
                    "class": "o.s.web.servlet.DispatcherServlet",
                    "message": "Completed 200 OK" }
                    
{
                    "app": "Crmeb",
                    "timestamp":"2026-06-16 14:05:09.582",
                    "level": "DEBUG",
                    "thread": "http-nio-8169-exec-8",
                    "class": "o.s.web.servlet.DispatcherServlet",
                    "message": "GET "/api/admin/statistics/home/chart/user?temp=1781589909", parameters={masked}" }
                    
{
                    "app": "Crmeb",
                    "timestamp":"2026-06-16 14:05:09.583",
                    "level": "DEBUG",
                    "thread": "http-nio-8169-exec-8",
                    "class": "o.s.w.s.m.m.a.RequestMappingHandlerMapping",
                    "message": "Mapped to com.zbkj.admin.controller.HomeController#chartUser()" }
                    
{
                    "app": "Crmeb",
                    "timestamp":"2026-06-16 14:05:09.604",
                    "level": "DEBUG",
                    "thread": "http-nio-8169-exec-23",
                    "class": "o.s.w.s.m.m.a.RequestResponseBodyMethodProcessor",
                    "message": "Using 'application/json', given [application/json, text/plain, */*] and supported [application/json, application/*+json, application/json, application/*+json, application/cbor]" }
                    
{
                    "app": "Crmeb",
                    "timestamp":"2026-06-16 14:05:09.604",
                    "level": "DEBUG",
                    "thread": "http-nio-8169-exec-23",
                    "class": "o.s.w.s.m.m.a.RequestResponseBodyMethodProcessor",
                    "message": "Writing [com.zbkj.common.result.CommonResult@56142404]" }
                    
{
                    "app": "Crmeb",
                    "timestamp":"2026-06-16 14:05:09.606",
                    "level": "DEBUG",
                    "thread": "http-nio-8169-exec-23",
                    "class": "o.s.web.servlet.DispatcherServlet",
                    "message": "Completed 200 OK" }
                    
{
                    "app": "Crmeb",
                    "timestamp":"2026-06-16 14:05:09.609",
                    "level": "DEBUG",
                    "thread": "http-nio-8169-exec-25",
                    "class": "o.s.web.servlet.DispatcherServlet",
                    "message": "GET "/api/admin/copyright/get/info?temp=1781589909", parameters={masked}" }
                    
{
                    "app": "Crmeb",
                    "timestamp":"2026-06-16 14:05:09.610",
                    "level": "DEBUG",
                    "thread": "http-nio-8169-exec-25",
                    "class": "o.s.w.s.m.m.a.RequestMappingHandlerMapping",
                    "message": "Mapped to com.zbkj.admin.controller.CopyrightController#getInfo()" }
                    
{
                    "app": "Crmeb",
                    "timestamp":"2026-06-16 14:05:09.649",
                    "level": "DEBUG",
                    "thread": "http-nio-8169-exec-8",
                    "class": "o.s.w.s.m.m.a.RequestResponseBodyMethodProcessor",
                    "message": "Using 'application/json', given [application/json, text/plain, */*] and supported [application/json, application/*+json, application/json, application/*+json, application/cbor]" }
                    
{
                    "app": "Crmeb",
                    "timestamp":"2026-06-16 14:05:09.650",
                    "level": "DEBUG",
                    "thread": "http-nio-8169-exec-8",
                    "class": "o.s.w.s.m.m.a.RequestResponseBodyMethodProcessor",
                    "message": "Writing [com.zbkj.common.result.CommonResult@51a7135]" }
                    
{
                    "app": "Crmeb",
                    "timestamp":"2026-06-16 14:05:09.651",
                    "level": "DEBUG",
                    "thread": "http-nio-8169-exec-8",
                    "class": "o.s.web.servlet.DispatcherServlet",
                    "message": "Completed 200 OK" }
                    
{
                    "app": "Crmeb",
                    "timestamp":"2026-06-16 14:05:09.733",
                    "level": "DEBUG",
                    "thread": "http-nio-8169-exec-25",
                    "class": "o.s.web.client.RestTemplate",
                    "message": "HTTP POST https://authorize.crmeb.net/api/auth_cert_query?domain_name=https://localhost:8169&label=22&version=CRMEB-JAVA-KY-v1.4" }
                    
{
                    "app": "Crmeb",
                    "timestamp":"2026-06-16 14:05:09.747",
                    "level": "DEBUG",
                    "thread": "http-nio-8169-exec-25",
                    "class": "o.s.web.client.RestTemplate",
                    "message": "Accept=[application/json, application/cbor, application/*+json, text/plain, text/html]" }
                    
{
                    "app": "Crmeb",
                    "timestamp":"2026-06-16 14:05:09.940",
                    "level": "DEBUG",
                    "thread": "http-nio-8169-exec-12",
                    "class": "o.s.w.s.m.m.a.RequestResponseBodyMethodProcessor",
                    "message": "Using 'application/json', given [application/json, text/plain, */*] and supported [application/json, application/*+json, application/json, application/*+json, application/cbor]" }
                    
{
                    "app": "Crmeb",
                    "timestamp":"2026-06-16 14:05:09.941",
                    "level": "DEBUG",
                    "thread": "http-nio-8169-exec-12",
                    "class": "o.s.w.s.m.m.a.RequestResponseBodyMethodProcessor",
                    "message": "Writing [com.zbkj.common.result.CommonResult@232a4420]" }
                    
{
                    "app": "Crmeb",
                    "timestamp":"2026-06-16 14:05:09.943",
                    "level": "DEBUG",
                    "thread": "http-nio-8169-exec-12",
                    "class": "o.s.web.servlet.DispatcherServlet",
                    "message": "Completed 200 OK" }
                    
{
                    "app": "Crmeb",
                    "timestamp":"2026-06-16 14:05:10.078",
                    "level": "DEBUG",
                    "thread": "http-nio-8169-exec-11",
                    "class": "o.s.w.s.m.m.a.RequestResponseBodyMethodProcessor",
                    "message": "Using 'application/json', given [application/json, text/plain, */*] and supported [application/json, application/*+json, application/json, application/*+json, application/cbor]" }
                    
{
                    "app": "Crmeb",
                    "timestamp":"2026-06-16 14:05:10.078",
                    "level": "DEBUG",
                    "thread": "http-nio-8169-exec-11",
                    "class": "o.s.w.s.m.m.a.RequestResponseBodyMethodProcessor",
                    "message": "Writing [com.zbkj.common.result.CommonResult@59faa837]" }
                    
{
                    "app": "Crmeb",
                    "timestamp":"2026-06-16 14:05:10.080",
                    "level": "DEBUG",
                    "thread": "http-nio-8169-exec-11",
                    "class": "o.s.web.servlet.DispatcherServlet",
                    "message": "Completed 200 OK" }
                    
{
                    "app": "Crmeb",
                    "timestamp":"2026-06-16 14:05:10.501",
                    "level": "DEBUG",
                    "thread": "http-nio-8169-exec-13",
                    "class": "o.s.w.s.m.m.a.RequestResponseBodyMethodProcessor",
                    "message": "Using 'application/json', given [application/json, text/plain, */*] and supported [application/json, application/*+json, application/json, application/*+json, application/cbor]" }
                    
{
                    "app": "Crmeb",
                    "timestamp":"2026-06-16 14:05:10.501",
                    "level": "DEBUG",
                    "thread": "http-nio-8169-exec-13",
                    "class": "o.s.w.s.m.m.a.RequestResponseBodyMethodProcessor",
                    "message": "Writing [com.zbkj.common.result.CommonResult@441b8b8e]" }
                    
{
                    "app": "Crmeb",
                    "timestamp":"2026-06-16 14:05:10.502",
                    "level": "DEBUG",
                    "thread": "http-nio-8169-exec-13",
                    "class": "o.s.web.servlet.DispatcherServlet",
                    "message": "Completed 200 OK" }
                    
{
                    "app": "Crmeb",
                    "timestamp":"2026-06-16 14:05:17.427",
                    "level": "DEBUG",
                    "thread": "http-nio-8169-exec-25",
                    "class": "o.s.web.client.RestTemplate",
                    "message": "Response 200 OK" }
                    
{
                    "app": "Crmeb",
                    "timestamp":"2026-06-16 14:05:17.428",
                    "level": "DEBUG",
                    "thread": "http-nio-8169-exec-25",
                    "class": "o.s.web.client.RestTemplate",
                    "message": "Reading to [com.alibaba.fastjson.JSONObject]" }
                    
{
                    "app": "Crmeb",
                    "timestamp":"2026-06-16 14:05:17.453",
                    "level": "DEBUG",
                    "thread": "http-nio-8169-exec-25",
                    "class": "o.s.w.s.m.m.a.RequestResponseBodyMethodProcessor",
                    "message": "Using 'application/json', given [application/json, text/plain, */*] and supported [application/json, application/*+json, application/json, application/*+json, application/cbor]" }
                    
{
                    "app": "Crmeb",
                    "timestamp":"2026-06-16 14:05:17.453",
                    "level": "DEBUG",
                    "thread": "http-nio-8169-exec-25",
                    "class": "o.s.w.s.m.m.a.RequestResponseBodyMethodProcessor",
                    "message": "Writing [com.zbkj.common.result.CommonResult@49b62418]" }
                    
{
                    "app": "Crmeb",
                    "timestamp":"2026-06-16 14:05:17.453",
                    "level": "DEBUG",
                    "thread": "http-nio-8169-exec-25",
                    "class": "o.s.web.servlet.DispatcherServlet",
                    "message": "Completed 200 OK" }
                    
{
                    "app": "Crmeb",
                    "timestamp":"2026-06-16 15:37:51.900",
                    "level": "DEBUG",
                    "thread": "http-nio-8169-exec-6",
                    "class": "o.s.web.servlet.DispatcherServlet",
                    "message": "GET "/api/admin/getLoginPic?temp=1781595471", parameters={masked}" }
                    
{
                    "app": "Crmeb",
                    "timestamp":"2026-06-16 15:37:51.902",
                    "level": "DEBUG",
                    "thread": "http-nio-8169-exec-6",
                    "class": "o.s.w.s.m.m.a.RequestMappingHandlerMapping",
                    "message": "Mapped to com.zbkj.admin.controller.AdminLoginController#getLoginPic()" }
                    
{
                    "app": "Crmeb",
                    "timestamp":"2026-06-16 15:37:52.304",
                    "level": "DEBUG",
                    "thread": "http-nio-8169-exec-6",
                    "class": "o.s.w.s.m.m.a.RequestResponseBodyMethodProcessor",
                    "message": "Using 'application/json', given [application/json, text/plain, */*] and supported [application/json, application/*+json, application/json, application/*+json, application/cbor]" }
                    
{
                    "app": "Crmeb",
                    "timestamp":"2026-06-16 15:37:52.304",
                    "level": "DEBUG",
                    "thread": "http-nio-8169-exec-6",
                    "class": "o.s.w.s.m.m.a.RequestResponseBodyMethodProcessor",
                    "message": "Writing [com.zbkj.common.result.CommonResult@3610115b]" }
                    
{
                    "app": "Crmeb",
                    "timestamp":"2026-06-16 15:37:52.305",
                    "level": "DEBUG",
                    "thread": "http-nio-8169-exec-6",
                    "class": "o.s.web.servlet.DispatcherServlet",
                    "message": "Completed 200 OK" }
                    
{
                    "app": "Crmeb",
                    "timestamp":"2026-06-16 15:37:53.673",
                    "level": "DEBUG",
                    "thread": "http-nio-8169-exec-16",
                    "class": "o.s.web.servlet.DispatcherServlet",
                    "message": "POST "/api/admin/login/account/detection", parameters={}" }
                    
{
                    "app": "Crmeb",
                    "timestamp":"2026-06-16 15:37:53.673",
                    "level": "DEBUG",
                    "thread": "http-nio-8169-exec-16",
                    "class": "o.s.w.s.m.m.a.RequestMappingHandlerMapping",
                    "message": "Mapped to com.zbkj.admin.controller.AdminLoginController#accountDetection(AdminAccountDetectionRequest)" }
                    
{
                    "app": "Crmeb",
                    "timestamp":"2026-06-16 15:37:53.679",
                    "level": "DEBUG",
                    "thread": "http-nio-8169-exec-16",
                    "class": "o.s.w.s.m.m.a.RequestResponseBodyMethodProcessor",
                    "message": "Read "application/json;charset=UTF-8" to [AdminAccountDetectionRequest(account=cjp)]" }
                    
{
                    "app": "Crmeb",
                    "timestamp":"2026-06-16 15:37:53.779",
                    "level": "DEBUG",
                    "thread": "http-nio-8169-exec-14",
                    "class": "o.s.web.servlet.DispatcherServlet",
                    "message": "POST "/api/admin/login", parameters={}" }
                    
{
                    "app": "Crmeb",
                    "timestamp":"2026-06-16 15:37:53.779",
                    "level": "DEBUG",
                    "thread": "http-nio-8169-exec-14",
                    "class": "o.s.w.s.m.m.a.RequestMappingHandlerMapping",
                    "message": "Mapped to com.zbkj.admin.controller.AdminLoginController#SystemAdminLogin(SystemAdminLoginRequest, HttpServletRequest)" }
                    
{
                    "app": "Crmeb",
                    "timestamp":"2026-06-16 15:37:53.783",
                    "level": "DEBUG",
                    "thread": "http-nio-8169-exec-14",
                    "class": "o.s.w.s.m.m.a.RequestResponseBodyMethodProcessor",
                    "message": "Read "application/json;charset=UTF-8" to [SystemAdminLoginRequest(account=cjp, pwd=123456, captchaVO=com.anji.captcha.model.vo.CaptchaVO@25532 (truncated)...]" }
                    
{
                    "app": "Crmeb",
                    "timestamp":"2026-06-16 15:37:54.125",
                    "level": "DEBUG",
                    "thread": "http-nio-8169-exec-16",
                    "class": "o.s.w.s.m.m.a.RequestResponseBodyMethodProcessor",
                    "message": "Using 'application/json', given [application/json, text/plain, */*] and supported [application/json, application/*+json, application/json, application/*+json, application/cbor]" }
                    
{
                    "app": "Crmeb",
                    "timestamp":"2026-06-16 15:37:54.127",
                    "level": "DEBUG",
                    "thread": "http-nio-8169-exec-16",
                    "class": "o.s.w.s.m.m.a.RequestResponseBodyMethodProcessor",
                    "message": "Writing [com.zbkj.common.result.CommonResult@6220afff]" }
                    
{
                    "app": "Crmeb",
                    "timestamp":"2026-06-16 15:37:54.127",
                    "level": "DEBUG",
                    "thread": "http-nio-8169-exec-16",
                    "class": "o.s.web.servlet.DispatcherServlet",
                    "message": "Completed 200 OK" }
                    
{
                    "app": "Crmeb",
                    "timestamp":"2026-06-16 15:37:55.177",
                    "level": "DEBUG",
                    "thread": "http-nio-8169-exec-14",
                    "class": "o.s.w.s.m.m.a.RequestResponseBodyMethodProcessor",
                    "message": "Using 'application/json', given [application/json, text/plain, */*] and supported [application/json]" }
                    
{
                    "app": "Crmeb",
                    "timestamp":"2026-06-16 15:37:55.178",
                    "level": "DEBUG",
                    "thread": "http-nio-8169-exec-14",
                    "class": "o.s.w.s.m.m.a.RequestResponseBodyMethodProcessor",
                    "message": "Writing [com.zbkj.common.result.CommonResult@16767feb]" }
                    
{
                    "app": "Crmeb",
                    "timestamp":"2026-06-16 15:37:55.179",
                    "level": "DEBUG",
                    "thread": "http-nio-8169-exec-14",
                    "class": "o.s.web.servlet.DispatcherServlet",
                    "message": "Completed 200 OK" }
                    
{
                    "app": "Crmeb",
                    "timestamp":"2026-06-16 15:37:55.250",
                    "level": "DEBUG",
                    "thread": "http-nio-8169-exec-13",
                    "class": "o.s.web.servlet.DispatcherServlet",
                    "message": "GET "/api/admin/getMenus?temp=1781595475", parameters={masked}" }
                    
{
                    "app": "Crmeb",
                    "timestamp":"2026-06-16 15:37:55.251",
                    "level": "DEBUG",
                    "thread": "http-nio-8169-exec-13",
                    "class": "o.s.w.s.m.m.a.RequestMappingHandlerMapping",
                    "message": "Mapped to com.zbkj.admin.controller.AdminLoginController#getMenus()" }
                    
{
                    "app": "Crmeb",
                    "timestamp":"2026-06-16 15:37:55.309",
                    "level": "DEBUG",
                    "thread": "http-nio-8169-exec-13",
                    "class": "o.s.w.s.m.m.a.RequestResponseBodyMethodProcessor",
                    "message": "Using 'application/json', given [application/json, text/plain, */*] and supported [application/json, application/*+json, application/json, application/*+json, application/cbor]" }
                    
{
                    "app": "Crmeb",
                    "timestamp":"2026-06-16 15:37:55.310",
                    "level": "DEBUG",
                    "thread": "http-nio-8169-exec-13",
                    "class": "o.s.w.s.m.m.a.RequestResponseBodyMethodProcessor",
                    "message": "Writing [com.zbkj.common.result.CommonResult@7f85e9c5]" }
                    
{
                    "app": "Crmeb",
                    "timestamp":"2026-06-16 15:37:55.310",
                    "level": "DEBUG",
                    "thread": "http-nio-8169-exec-11",
                    "class": "o.s.web.servlet.DispatcherServlet",
                    "message": "GET "/api/admin/getAdminInfoByToken?token=9a097e69405442a894d1bc018a1be1d8&temp=1781595475", parameters={masked}" }
                    
{
                    "app": "Crmeb",
                    "timestamp":"2026-06-16 15:37:55.310",
                    "level": "DEBUG",
                    "thread": "http-nio-8169-exec-11",
                    "class": "o.s.w.s.m.m.a.RequestMappingHandlerMapping",
                    "message": "Mapped to com.zbkj.admin.controller.AdminLoginController#getAdminInfo()" }
                    
{
                    "app": "Crmeb",
                    "timestamp":"2026-06-16 15:37:55.310",
                    "level": "DEBUG",
                    "thread": "http-nio-8169-exec-13",
                    "class": "o.s.web.servlet.DispatcherServlet",
                    "message": "Completed 200 OK" }
                    
{
                    "app": "Crmeb",
                    "timestamp":"2026-06-16 15:37:55.311",
                    "level": "DEBUG",
                    "thread": "http-nio-8169-exec-11",
                    "class": "o.s.w.s.m.m.a.RequestResponseBodyMethodProcessor",
                    "message": "Using 'application/json', given [application/json, text/plain, */*] and supported [application/json, application/*+json, application/json, application/*+json, application/cbor]" }
                    
{
                    "app": "Crmeb",
                    "timestamp":"2026-06-16 15:37:55.311",
                    "level": "DEBUG",
                    "thread": "http-nio-8169-exec-11",
                    "class": "o.s.w.s.m.m.a.RequestResponseBodyMethodProcessor",
                    "message": "Writing [com.zbkj.common.result.CommonResult@70da7a85]" }
                    
{
                    "app": "Crmeb",
                    "timestamp":"2026-06-16 15:37:55.311",
                    "level": "DEBUG",
                    "thread": "http-nio-8169-exec-11",
                    "class": "o.s.web.servlet.DispatcherServlet",
                    "message": "Completed 200 OK" }
                    
{
                    "app": "Crmeb",
                    "timestamp":"2026-06-16 15:37:55.401",
                    "level": "DEBUG",
                    "thread": "http-nio-8169-exec-12",
                    "class": "o.s.web.servlet.DispatcherServlet",
                    "message": "GET "/api/admin/system/config/get/site/logo?temp=1781595475", parameters={masked}" }
                    
{
                    "app": "Crmeb",
                    "timestamp":"2026-06-16 15:37:55.402",
                    "level": "DEBUG",
                    "thread": "http-nio-8169-exec-12",
                    "class": "o.s.w.s.m.m.a.RequestMappingHandlerMapping",
                    "message": "Mapped to com.zbkj.admin.controller.SystemConfigController#getSiteLogo()" }
                    
{
                    "app": "Crmeb",
                    "timestamp":"2026-06-16 15:37:55.411",
                    "level": "DEBUG",
                    "thread": "http-nio-8169-exec-25",
                    "class": "o.s.web.servlet.DispatcherServlet",
                    "message": "GET "/api/admin/getMenus?temp=1781595475", parameters={masked}" }
                    
{
                    "app": "Crmeb",
                    "timestamp":"2026-06-16 15:37:55.412",
                    "level": "DEBUG",
                    "thread": "http-nio-8169-exec-25",
                    "class": "o.s.w.s.m.m.a.RequestMappingHandlerMapping",
                    "message": "Mapped to com.zbkj.admin.controller.AdminLoginController#getMenus()" }
                    
{
                    "app": "Crmeb",
                    "timestamp":"2026-06-16 15:37:55.462",
                    "level": "DEBUG",
                    "thread": "http-nio-8169-exec-25",
                    "class": "o.s.w.s.m.m.a.RequestResponseBodyMethodProcessor",
                    "message": "Using 'application/json', given [application/json, text/plain, */*] and supported [application/json, application/*+json, application/json, application/*+json, application/cbor]" }
                    
{
                    "app": "Crmeb",
                    "timestamp":"2026-06-16 15:37:55.462",
                    "level": "DEBUG",
                    "thread": "http-nio-8169-exec-25",
                    "class": "o.s.w.s.m.m.a.RequestResponseBodyMethodProcessor",
                    "message": "Writing [com.zbkj.common.result.CommonResult@5388a302]" }
                    
{
                    "app": "Crmeb",
                    "timestamp":"2026-06-16 15:37:55.463",
                    "level": "DEBUG",
                    "thread": "http-nio-8169-exec-25",
                    "class": "o.s.web.servlet.DispatcherServlet",
                    "message": "Completed 200 OK" }
                    
{
                    "app": "Crmeb",
                    "timestamp":"2026-06-16 15:37:55.498",
                    "level": "DEBUG",
                    "thread": "http-nio-8169-exec-12",
                    "class": "o.s.w.s.m.m.a.RequestResponseBodyMethodProcessor",
                    "message": "Using 'application/json', given [application/json, text/plain, */*] and supported [application/json, application/*+json, application/json, application/*+json, application/cbor]" }
                    
{
                    "app": "Crmeb",
                    "timestamp":"2026-06-16 15:37:55.498",
                    "level": "DEBUG",
                    "thread": "http-nio-8169-exec-12",
                    "class": "o.s.w.s.m.m.a.RequestResponseBodyMethodProcessor",
                    "message": "Writing [com.zbkj.common.result.CommonResult@21a5e227]" }
                    
{
                    "app": "Crmeb",
                    "timestamp":"2026-06-16 15:37:55.500",
                    "level": "DEBUG",
                    "thread": "http-nio-8169-exec-12",
                    "class": "o.s.web.servlet.DispatcherServlet",
                    "message": "Completed 200 OK" }
                    
{
                    "app": "Crmeb",
                    "timestamp":"2026-06-16 15:37:55.526",
                    "level": "DEBUG",
                    "thread": "http-nio-8169-exec-30",
                    "class": "o.s.web.servlet.DispatcherServlet",
                    "message": "GET "/api/admin/statistics/home/index?temp=1781595475", parameters={masked}" }
                    
{
                    "app": "Crmeb",
                    "timestamp":"2026-06-16 15:37:55.526",
                    "level": "DEBUG",
                    "thread": "http-nio-8169-exec-30",
                    "class": "o.s.w.s.m.m.a.RequestMappingHandlerMapping",
                    "message": "Mapped to com.zbkj.admin.controller.HomeController#indexDate()" }
                    
{
                    "app": "Crmeb",
                    "timestamp":"2026-06-16 15:37:55.544",
                    "level": "DEBUG",
                    "thread": "http-nio-8169-exec-15",
                    "class": "o.s.web.servlet.DispatcherServlet",
                    "message": "GET "/api/admin/statistics/home/operating/data?temp=1781595475", parameters={masked}" }
                    
{
                    "app": "Crmeb",
                    "timestamp":"2026-06-16 15:37:55.545",
                    "level": "DEBUG",
                    "thread": "http-nio-8169-exec-15",
                    "class": "o.s.w.s.m.m.a.RequestMappingHandlerMapping",
                    "message": "Mapped to com.zbkj.admin.controller.HomeController#operatingData()" }
                    
{
                    "app": "Crmeb",
                    "timestamp":"2026-06-16 15:37:55.556",
                    "level": "DEBUG",
                    "thread": "http-nio-8169-exec-26",
                    "class": "o.s.web.servlet.DispatcherServlet",
                    "message": "GET "/api/admin/statistics/user/overview?dateLimit=lately7&temp=1781595475", parameters={masked}" }
                    
{
                    "app": "Crmeb",
                    "timestamp":"2026-06-16 15:37:55.557",
                    "level": "DEBUG",
                    "thread": "http-nio-8169-exec-26",
                    "class": "o.s.w.s.m.m.a.RequestMappingHandlerMapping",
                    "message": "Mapped to com.zbkj.admin.controller.UserStatisticsController#getOverview(String)" }
                    
{
                    "app": "Crmeb",
                    "timestamp":"2026-06-16 15:37:55.584",
                    "level": "DEBUG",
                    "thread": "http-nio-8169-exec-27",
                    "class": "o.s.web.servlet.DispatcherServlet",
                    "message": "GET "/api/admin/statistics/home/chart/order?temp=1781595475", parameters={masked}" }
                    
{
                    "app": "Crmeb",
                    "timestamp":"2026-06-16 15:37:55.584",
                    "level": "DEBUG",
                    "thread": "http-nio-8169-exec-27",
                    "class": "o.s.w.s.m.m.a.RequestMappingHandlerMapping",
                    "message": "Mapped to com.zbkj.admin.controller.HomeController#chartOrder()" }
                    
{
                    "app": "Crmeb",
                    "timestamp":"2026-06-16 15:37:55.603",
                    "level": "DEBUG",
                    "thread": "http-nio-8169-exec-21",
                    "class": "o.s.web.servlet.DispatcherServlet",
                    "message": "GET "/api/admin/statistics/home/chart/user?temp=1781595475", parameters={masked}" }
                    
{
                    "app": "Crmeb",
                    "timestamp":"2026-06-16 15:37:55.603",
                    "level": "DEBUG",
                    "thread": "http-nio-8169-exec-21",
                    "class": "o.s.w.s.m.m.a.RequestMappingHandlerMapping",
                    "message": "Mapped to com.zbkj.admin.controller.HomeController#chartUser()" }
                    
{
                    "app": "Crmeb",
                    "timestamp":"2026-06-16 15:37:55.628",
                    "level": "DEBUG",
                    "thread": "http-nio-8169-exec-29",
                    "class": "o.s.web.servlet.DispatcherServlet",
                    "message": "GET "/api/admin/statistics/user/channel?temp=1781595475", parameters={masked}" }
                    
{
                    "app": "Crmeb",
                    "timestamp":"2026-06-16 15:37:55.629",
                    "level": "DEBUG",
                    "thread": "http-nio-8169-exec-29",
                    "class": "o.s.w.s.m.m.a.RequestMappingHandlerMapping",
                    "message": "Mapped to com.zbkj.admin.controller.UserStatisticsController#getChannelData()" }
                    
{
                    "app": "Crmeb",
                    "timestamp":"2026-06-16 15:37:55.634",
                    "level": "DEBUG",
                    "thread": "http-nio-8169-exec-27",
                    "class": "o.s.w.s.m.m.a.RequestResponseBodyMethodProcessor",
                    "message": "Using 'application/json', given [application/json, text/plain, */*] and supported [application/json, application/*+json, application/json, application/*+json, application/cbor]" }
                    
{
                    "app": "Crmeb",
                    "timestamp":"2026-06-16 15:37:55.634",
                    "level": "DEBUG",
                    "thread": "http-nio-8169-exec-27",
                    "class": "o.s.w.s.m.m.a.RequestResponseBodyMethodProcessor",
                    "message": "Writing [com.zbkj.common.result.CommonResult@7b960fdc]" }
                    
{
                    "app": "Crmeb",
                    "timestamp":"2026-06-16 15:37:55.634",
                    "level": "DEBUG",
                    "thread": "http-nio-8169-exec-27",
                    "class": "o.s.web.servlet.DispatcherServlet",
                    "message": "Completed 200 OK" }
                    
{
                    "app": "Crmeb",
                    "timestamp":"2026-06-16 15:37:55.676",
                    "level": "DEBUG",
                    "thread": "http-nio-8169-exec-21",
                    "class": "o.s.w.s.m.m.a.RequestResponseBodyMethodProcessor",
                    "message": "Using 'application/json', given [application/json, text/plain, */*] and supported [application/json, application/*+json, application/json, application/*+json, application/cbor]" }
                    
{
                    "app": "Crmeb",
                    "timestamp":"2026-06-16 15:37:55.677",
                    "level": "DEBUG",
                    "thread": "http-nio-8169-exec-21",
                    "class": "o.s.w.s.m.m.a.RequestResponseBodyMethodProcessor",
                    "message": "Writing [com.zbkj.common.result.CommonResult@5cff0d88]" }
                    
{
                    "app": "Crmeb",
                    "timestamp":"2026-06-16 15:37:55.678",
                    "level": "DEBUG",
                    "thread": "http-nio-8169-exec-21",
                    "class": "o.s.web.servlet.DispatcherServlet",
                    "message": "Completed 200 OK" }
                    
{
                    "app": "Crmeb",
                    "timestamp":"2026-06-16 15:37:55.706",
                    "level": "DEBUG",
                    "thread": "http-nio-8169-exec-1",
                    "class": "o.s.web.servlet.DispatcherServlet",
                    "message": "GET "/api/public/jsconfig/get/front/domain?temp=1781595475", parameters={masked}" }
                    
{
                    "app": "Crmeb",
                    "timestamp":"2026-06-16 15:37:55.707",
                    "level": "DEBUG",
                    "thread": "http-nio-8169-exec-1",
                    "class": "o.s.w.s.m.m.a.RequestMappingHandlerMapping",
                    "message": "Mapped to com.zbkj.admin.pub.GetJSConfig#getFrontDomain()" }
                    
{
                    "app": "Crmeb",
                    "timestamp":"2026-06-16 15:37:55.720",
                    "level": "DEBUG",
                    "thread": "http-nio-8169-exec-29",
                    "class": "o.s.w.s.m.m.a.RequestResponseBodyMethodProcessor",
                    "message": "Using 'application/json', given [application/json, text/plain, */*] and supported [application/json, application/*+json, application/json, application/*+json, application/cbor]" }
                    
{
                    "app": "Crmeb",
                    "timestamp":"2026-06-16 15:37:55.720",
                    "level": "DEBUG",
                    "thread": "http-nio-8169-exec-29",
                    "class": "o.s.w.s.m.m.a.RequestResponseBodyMethodProcessor",
                    "message": "Writing [com.zbkj.common.result.CommonResult@4812e3db]" }
                    
{
                    "app": "Crmeb",
                    "timestamp":"2026-06-16 15:37:55.720",
                    "level": "DEBUG",
                    "thread": "http-nio-8169-exec-29",
                    "class": "o.s.web.servlet.DispatcherServlet",
                    "message": "Completed 200 OK" }
                    
{
                    "app": "Crmeb",
                    "timestamp":"2026-06-16 15:37:55.745",
                    "level": "DEBUG",
                    "thread": "http-nio-8169-exec-27",
                    "class": "o.s.web.servlet.DispatcherServlet",
                    "message": "GET "/api/admin/copyright/get/info?temp=1781595475", parameters={masked}" }
                    
{
                    "app": "Crmeb",
                    "timestamp":"2026-06-16 15:37:55.746",
                    "level": "DEBUG",
                    "thread": "http-nio-8169-exec-27",
                    "class": "o.s.w.s.m.m.a.RequestMappingHandlerMapping",
                    "message": "Mapped to com.zbkj.admin.controller.CopyrightController#getInfo()" }
                    
{
                    "app": "Crmeb",
                    "timestamp":"2026-06-16 15:37:55.747",
                    "level": "DEBUG",
                    "thread": "http-nio-8169-exec-29",
                    "class": "o.s.web.servlet.DispatcherServlet",
                    "message": "GET "/api/public/jsconfig/get/admin/mediadomain?temp=1781595475", parameters={masked}" }
                    
{
                    "app": "Crmeb",
                    "timestamp":"2026-06-16 15:37:55.748",
                    "level": "DEBUG",
                    "thread": "http-nio-8169-exec-29",
                    "class": "o.s.w.s.m.m.a.RequestMappingHandlerMapping",
                    "message": "Mapped to com.zbkj.admin.pub.GetJSConfig#getMediaDomain()" }
                    
{
                    "app": "Crmeb",
                    "timestamp":"2026-06-16 15:37:55.751",
                    "level": "DEBUG",
                    "thread": "http-nio-8169-exec-1",
                    "class": "o.s.w.s.m.m.a.RequestResponseBodyMethodProcessor",
                    "message": "Using 'application/json', given [application/json, text/plain, */*] and supported [application/json, application/*+json, application/json, application/*+json, application/cbor]" }
                    
{
                    "app": "Crmeb",
                    "timestamp":"2026-06-16 15:37:55.751",
                    "level": "DEBUG",
                    "thread": "http-nio-8169-exec-1",
                    "class": "o.s.w.s.m.m.a.RequestResponseBodyMethodProcessor",
                    "message": "Writing [com.zbkj.common.result.CommonResult@11af080e]" }
                    
{
                    "app": "Crmeb",
                    "timestamp":"2026-06-16 15:37:55.752",
                    "level": "DEBUG",
                    "thread": "http-nio-8169-exec-1",
                    "class": "o.s.web.servlet.DispatcherServlet",
                    "message": "Completed 200 OK" }
                    
{
                    "app": "Crmeb",
                    "timestamp":"2026-06-16 15:37:55.834",
                    "level": "DEBUG",
                    "thread": "http-nio-8169-exec-27",
                    "class": "o.s.web.client.RestTemplate",
                    "message": "HTTP POST https://authorize.crmeb.net/api/auth_cert_query?domain_name=https://localhost:8169&label=22&version=CRMEB-JAVA-KY-v1.4" }
                    
{
                    "app": "Crmeb",
                    "timestamp":"2026-06-16 15:37:55.834",
                    "level": "DEBUG",
                    "thread": "http-nio-8169-exec-27",
                    "class": "o.s.web.client.RestTemplate",
                    "message": "Accept=[application/json, application/cbor, application/*+json, text/plain, text/html]" }
                    
{
                    "app": "Crmeb",
                    "timestamp":"2026-06-16 15:37:55.835",
                    "level": "DEBUG",
                    "thread": "http-nio-8169-exec-29",
                    "class": "o.s.w.s.m.m.a.RequestResponseBodyMethodProcessor",
                    "message": "Using 'application/json', given [application/json, text/plain, */*] and supported [application/json, application/*+json, application/json, application/*+json, application/cbor]" }
                    
{
                    "app": "Crmeb",
                    "timestamp":"2026-06-16 15:37:55.835",
                    "level": "DEBUG",
                    "thread": "http-nio-8169-exec-29",
                    "class": "o.s.w.s.m.m.a.RequestResponseBodyMethodProcessor",
                    "message": "Writing [com.zbkj.common.result.CommonResult@32961574]" }
                    
{
                    "app": "Crmeb",
                    "timestamp":"2026-06-16 15:37:55.835",
                    "level": "DEBUG",
                    "thread": "http-nio-8169-exec-29",
                    "class": "o.s.web.servlet.DispatcherServlet",
                    "message": "Completed 200 OK" }
                    
{
                    "app": "Crmeb",
                    "timestamp":"2026-06-16 15:37:55.940",
                    "level": "DEBUG",
                    "thread": "http-nio-8169-exec-30",
                    "class": "o.s.w.s.m.m.a.RequestResponseBodyMethodProcessor",
                    "message": "Using 'application/json', given [application/json, text/plain, */*] and supported [application/json, application/*+json, application/json, application/*+json, application/cbor]" }
                    
{
                    "app": "Crmeb",
                    "timestamp":"2026-06-16 15:37:55.940",
                    "level": "DEBUG",
                    "thread": "http-nio-8169-exec-30",
                    "class": "o.s.w.s.m.m.a.RequestResponseBodyMethodProcessor",
                    "message": "Writing [com.zbkj.common.result.CommonResult@34dd5acf]" }
                    
{
                    "app": "Crmeb",
                    "timestamp":"2026-06-16 15:37:55.940",
                    "level": "DEBUG",
                    "thread": "http-nio-8169-exec-30",
                    "class": "o.s.web.servlet.DispatcherServlet",
                    "message": "Completed 200 OK" }
                    
{
                    "app": "Crmeb",
                    "timestamp":"2026-06-16 15:37:56.042",
                    "level": "DEBUG",
                    "thread": "http-nio-8169-exec-15",
                    "class": "o.s.w.s.m.m.a.RequestResponseBodyMethodProcessor",
                    "message": "Using 'application/json', given [application/json, text/plain, */*] and supported [application/json, application/*+json, application/json, application/*+json, application/cbor]" }
                    
{
                    "app": "Crmeb",
                    "timestamp":"2026-06-16 15:37:56.043",
                    "level": "DEBUG",
                    "thread": "http-nio-8169-exec-15",
                    "class": "o.s.w.s.m.m.a.RequestResponseBodyMethodProcessor",
                    "message": "Writing [com.zbkj.common.result.CommonResult@19c1e490]" }
                    
{
                    "app": "Crmeb",
                    "timestamp":"2026-06-16 15:37:56.043",
                    "level": "DEBUG",
                    "thread": "http-nio-8169-exec-15",
                    "class": "o.s.web.servlet.DispatcherServlet",
                    "message": "Completed 200 OK" }
                    
{
                    "app": "Crmeb",
                    "timestamp":"2026-06-16 15:37:56.114",
                    "level": "DEBUG",
                    "thread": "http-nio-8169-exec-27",
                    "class": "o.s.web.client.RestTemplate",
                    "message": "Response 200 OK" }
                    
{
                    "app": "Crmeb",
                    "timestamp":"2026-06-16 15:37:56.114",
                    "level": "DEBUG",
                    "thread": "http-nio-8169-exec-27",
                    "class": "o.s.web.client.RestTemplate",
                    "message": "Reading to [com.alibaba.fastjson.JSONObject]" }
                    
{
                    "app": "Crmeb",
                    "timestamp":"2026-06-16 15:37:56.116",
                    "level": "DEBUG",
                    "thread": "http-nio-8169-exec-27",
                    "class": "o.s.w.s.m.m.a.RequestResponseBodyMethodProcessor",
                    "message": "Using 'application/json', given [application/json, text/plain, */*] and supported [application/json, application/*+json, application/json, application/*+json, application/cbor]" }
                    
{
                    "app": "Crmeb",
                    "timestamp":"2026-06-16 15:37:56.116",
                    "level": "DEBUG",
                    "thread": "http-nio-8169-exec-27",
                    "class": "o.s.w.s.m.m.a.RequestResponseBodyMethodProcessor",
                    "message": "Writing [com.zbkj.common.result.CommonResult@166c8275]" }
                    
{
                    "app": "Crmeb",
                    "timestamp":"2026-06-16 15:37:56.117",
                    "level": "DEBUG",
                    "thread": "http-nio-8169-exec-27",
                    "class": "o.s.web.servlet.DispatcherServlet",
                    "message": "Completed 200 OK" }
                    
{
                    "app": "Crmeb",
                    "timestamp":"2026-06-16 15:37:56.400",
                    "level": "DEBUG",
                    "thread": "http-nio-8169-exec-26",
                    "class": "o.s.w.s.m.m.a.RequestResponseBodyMethodProcessor",
                    "message": "Using 'application/json', given [application/json, text/plain, */*] and supported [application/json, application/*+json, application/json, application/*+json, application/cbor]" }
                    
{
                    "app": "Crmeb",
                    "timestamp":"2026-06-16 15:37:56.400",
                    "level": "DEBUG",
                    "thread": "http-nio-8169-exec-26",
                    "class": "o.s.w.s.m.m.a.RequestResponseBodyMethodProcessor",
                    "message": "Writing [com.zbkj.common.result.CommonResult@423f40ca]" }
                    
{
                    "app": "Crmeb",
                    "timestamp":"2026-06-16 15:37:56.400",
                    "level": "DEBUG",
                    "thread": "http-nio-8169-exec-26",
                    "class": "o.s.web.servlet.DispatcherServlet",
                    "message": "Completed 200 OK" }
                    
{
                    "app": "Crmeb",
                    "timestamp":"2026-06-16 15:37:56.915",
                    "level": "DEBUG",
                    "thread": "http-nio-8169-exec-6",
                    "class": "o.s.web.servlet.DispatcherServlet",
                    "message": "GET "/api/admin/store/product/tabs/headers?page=1&limit=20&cateId=&keywords=&type=1&temp=1781595476", parameters={masked}" }
                    
{
                    "app": "Crmeb",
                    "timestamp":"2026-06-16 15:37:56.916",
                    "level": "DEBUG",
                    "thread": "http-nio-8169-exec-6",
                    "class": "o.s.w.s.m.m.a.RequestMappingHandlerMapping",
                    "message": "Mapped to com.zbkj.admin.controller.StoreProductController#getTabsHeader(StoreProductHeaderRequest)" }
                    
{
                    "app": "Crmeb",
                    "timestamp":"2026-06-16 15:37:56.937",
                    "level": "DEBUG",
                    "thread": "http-nio-8169-exec-4",
                    "class": "o.s.web.servlet.DispatcherServlet",
                    "message": "GET "/api/admin/category/list/tree?status=-1&type=1&temp=1781595476", parameters={masked}" }
                    
{
                    "app": "Crmeb",
                    "timestamp":"2026-06-16 15:37:56.938",
                    "level": "DEBUG",
                    "thread": "http-nio-8169-exec-4",
                    "class": "o.s.w.s.m.m.a.RequestMappingHandlerMapping",
                    "message": "Mapped to com.zbkj.admin.controller.CategoryController#getListTree(Integer, Integer, String)" }
                    
{
                    "app": "Crmeb",
                    "timestamp":"2026-06-16 15:37:56.946",
                    "level": "DEBUG",
                    "thread": "http-nio-8169-exec-7",
                    "class": "o.s.web.servlet.DispatcherServlet",
                    "message": "GET "/api/admin/store/product/list?page=1&limit=20&cateId=&keywords=&type=1&temp=1781595476", parameters={masked}" }
                    
{
                    "app": "Crmeb",
                    "timestamp":"2026-06-16 15:37:56.947",
                    "level": "DEBUG",
                    "thread": "http-nio-8169-exec-7",
                    "class": "o.s.w.s.m.m.a.RequestMappingHandlerMapping",
                    "message": "Mapped to com.zbkj.admin.controller.StoreProductController#getList(StoreProductSearchRequest, PageParamRequest)" }
                    
{
                    "app": "Crmeb",
                    "timestamp":"2026-06-16 15:37:57.023",
                    "level": "DEBUG",
                    "thread": "http-nio-8169-exec-4",
                    "class": "o.s.w.s.m.m.a.RequestResponseBodyMethodProcessor",
                    "message": "Using 'application/json', given [application/json, text/plain, */*] and supported [application/json, application/*+json, application/json, application/*+json, application/cbor]" }
                    
{
                    "app": "Crmeb",
                    "timestamp":"2026-06-16 15:37:57.023",
                    "level": "DEBUG",
                    "thread": "http-nio-8169-exec-4",
                    "class": "o.s.w.s.m.m.a.RequestResponseBodyMethodProcessor",
                    "message": "Writing [com.zbkj.common.result.CommonResult@19675d04]" }
                    
{
                    "app": "Crmeb",
                    "timestamp":"2026-06-16 15:37:57.025",
                    "level": "DEBUG",
                    "thread": "http-nio-8169-exec-4",
                    "class": "o.s.web.servlet.DispatcherServlet",
                    "message": "Completed 200 OK" }
                    
{
                    "app": "Crmeb",
                    "timestamp":"2026-06-16 15:37:57.295",
                    "level": "DEBUG",
                    "thread": "http-nio-8169-exec-6",
                    "class": "o.s.w.s.m.m.a.RequestResponseBodyMethodProcessor",
                    "message": "Using 'application/json', given [application/json, text/plain, */*] and supported [application/json, application/*+json, application/json, application/*+json, application/cbor]" }
                    
{
                    "app": "Crmeb",
                    "timestamp":"2026-06-16 15:37:57.296",
                    "level": "DEBUG",
                    "thread": "http-nio-8169-exec-6",
                    "class": "o.s.w.s.m.m.a.RequestResponseBodyMethodProcessor",
                    "message": "Writing [com.zbkj.common.result.CommonResult@7eb0dcf5]" }
                    
{
                    "app": "Crmeb",
                    "timestamp":"2026-06-16 15:37:57.296",
                    "level": "DEBUG",
                    "thread": "http-nio-8169-exec-6",
                    "class": "o.s.web.servlet.DispatcherServlet",
                    "message": "Completed 200 OK" }
                    
{
                    "app": "Crmeb",
                    "timestamp":"2026-06-16 15:37:57.446",
                    "level": "DEBUG",
                    "thread": "http-nio-8169-exec-7",
                    "class": "o.s.w.s.m.m.a.RequestResponseBodyMethodProcessor",
                    "message": "Using 'application/json', given [application/json, text/plain, */*] and supported [application/json, application/*+json, application/json, application/*+json, application/cbor]" }
                    
{
                    "app": "Crmeb",
                    "timestamp":"2026-06-16 15:37:57.446",
                    "level": "DEBUG",
                    "thread": "http-nio-8169-exec-7",
                    "class": "o.s.w.s.m.m.a.RequestResponseBodyMethodProcessor",
                    "message": "Writing [com.zbkj.common.result.CommonResult@4796da66]" }
                    
{
                    "app": "Crmeb",
                    "timestamp":"2026-06-16 15:37:57.459",
                    "level": "DEBUG",
                    "thread": "http-nio-8169-exec-7",
                    "class": "o.s.web.servlet.DispatcherServlet",
                    "message": "Completed 200 OK" }
                    
{
                    "app": "Crmeb",
                    "timestamp":"2026-06-16 15:37:59.557",
                    "level": "DEBUG",
                    "thread": "http-nio-8169-exec-14",
                    "class": "o.s.web.servlet.DispatcherServlet",
                    "message": "GET "/api/admin/category/list/tree?type=1&status=-1&name=&temp=1781595479", parameters={masked}" }
                    
{
                    "app": "Crmeb",
                    "timestamp":"2026-06-16 15:37:59.557",
                    "level": "DEBUG",
                    "thread": "http-nio-8169-exec-14",
                    "class": "o.s.w.s.m.m.a.RequestMappingHandlerMapping",
                    "message": "Mapped to com.zbkj.admin.controller.CategoryController#getListTree(Integer, Integer, String)" }
                    
{
                    "app": "Crmeb",
                    "timestamp":"2026-06-16 15:37:59.605",
                    "level": "DEBUG",
                    "thread": "http-nio-8169-exec-14",
                    "class": "o.s.w.s.m.m.a.RequestResponseBodyMethodProcessor",
                    "message": "Using 'application/json', given [application/json, text/plain, */*] and supported [application/json, application/*+json, application/json, application/*+json, application/cbor]" }
                    
{
                    "app": "Crmeb",
                    "timestamp":"2026-06-16 15:37:59.606",
                    "level": "DEBUG",
                    "thread": "http-nio-8169-exec-14",
                    "class": "o.s.w.s.m.m.a.RequestResponseBodyMethodProcessor",
                    "message": "Writing [com.zbkj.common.result.CommonResult@751a8a4]" }
                    
{
                    "app": "Crmeb",
                    "timestamp":"2026-06-16 15:37:59.606",
                    "level": "DEBUG",
                    "thread": "http-nio-8169-exec-14",
                    "class": "o.s.web.servlet.DispatcherServlet",
                    "message": "Completed 200 OK" }
                    
{
                    "app": "Crmeb",
                    "timestamp":"2026-06-16 15:38:00.266",
                    "level": "DEBUG",
                    "thread": "http-nio-8169-exec-8",
                    "class": "o.s.web.servlet.DispatcherServlet",
                    "message": "GET "/api/admin/store/product/rule/list?page=1&limit=20&keywords=&temp=1781595480", parameters={masked}" }
                    
{
                    "app": "Crmeb",
                    "timestamp":"2026-06-16 15:38:00.267",
                    "level": "DEBUG",
                    "thread": "http-nio-8169-exec-8",
                    "class": "o.s.w.s.m.m.a.RequestMappingHandlerMapping",
                    "message": "Mapped to com.zbkj.admin.controller.StoreProductRuleController#getList(StoreProductRuleSearchRequest, PageParamRequest)" }
                    
{
                    "app": "Crmeb",
                    "timestamp":"2026-06-16 15:38:00.377",
                    "level": "DEBUG",
                    "thread": "http-nio-8169-exec-8",
                    "class": "o.s.w.s.m.m.a.RequestResponseBodyMethodProcessor",
                    "message": "Using 'application/json', given [application/json, text/plain, */*] and supported [application/json, application/*+json, application/json, application/*+json, application/cbor]" }
                    
{
                    "app": "Crmeb",
                    "timestamp":"2026-06-16 15:38:00.377",
                    "level": "DEBUG",
                    "thread": "http-nio-8169-exec-8",
                    "class": "o.s.w.s.m.m.a.RequestResponseBodyMethodProcessor",
                    "message": "Writing [com.zbkj.common.result.CommonResult@1b3e85e2]" }
                    
{
                    "app": "Crmeb",
                    "timestamp":"2026-06-16 15:38:00.379",
                    "level": "DEBUG",
                    "thread": "http-nio-8169-exec-8",
                    "class": "o.s.web.servlet.DispatcherServlet",
                    "message": "Completed 200 OK" }
                    
{
                    "app": "Crmeb",
                    "timestamp":"2026-06-16 15:38:03.461",
                    "level": "DEBUG",
                    "thread": "http-nio-8169-exec-25",
                    "class": "o.s.web.servlet.DispatcherServlet",
                    "message": "GET "/api/admin/store/product/reply/list?page=1&limit=20&isReply=&dateLimit=&nickname=&productSearch=&isDel=false&uid=&temp=1781595483", parameters={masked}" }
                    
{
                    "app": "Crmeb",
                    "timestamp":"2026-06-16 15:38:03.461",
                    "level": "DEBUG",
                    "thread": "http-nio-8169-exec-25",
                    "class": "o.s.w.s.m.m.a.RequestMappingHandlerMapping",
                    "message": "Mapped to com.zbkj.admin.controller.StoreProductReplyController#getList(StoreProductReplySearchRequest, PageParamRequest)" }
                    
{
                    "app": "Crmeb",
                    "timestamp":"2026-06-16 15:38:03.469",
                    "level": "DEBUG",
                    "thread": "http-nio-8169-exec-11",
                    "class": "o.s.web.servlet.DispatcherServlet",
                    "message": "GET "/api/admin/category/list/tree?status=-1&type=1&temp=1781595483", parameters={masked}" }
                    
{
                    "app": "Crmeb",
                    "timestamp":"2026-06-16 15:38:03.470",
                    "level": "DEBUG",
                    "thread": "http-nio-8169-exec-11",
                    "class": "o.s.w.s.m.m.a.RequestMappingHandlerMapping",
                    "message": "Mapped to com.zbkj.admin.controller.CategoryController#getListTree(Integer, Integer, String)" }
                    
{
                    "app": "Crmeb",
                    "timestamp":"2026-06-16 15:38:03.521",
                    "level": "DEBUG",
                    "thread": "http-nio-8169-exec-11",
                    "class": "o.s.w.s.m.m.a.RequestResponseBodyMethodProcessor",
                    "message": "Using 'application/json', given [application/json, text/plain, */*] and supported [application/json, application/*+json, application/json, application/*+json, application/cbor]" }
                    
{
                    "app": "Crmeb",
                    "timestamp":"2026-06-16 15:38:03.522",
                    "level": "DEBUG",
                    "thread": "http-nio-8169-exec-11",
                    "class": "o.s.w.s.m.m.a.RequestResponseBodyMethodProcessor",
                    "message": "Writing [com.zbkj.common.result.CommonResult@16316f2e]" }
                    
{
                    "app": "Crmeb",
                    "timestamp":"2026-06-16 15:38:03.522",
                    "level": "DEBUG",
                    "thread": "http-nio-8169-exec-11",
                    "class": "o.s.web.servlet.DispatcherServlet",
                    "message": "Completed 200 OK" }
                    
{
                    "app": "Crmeb",
                    "timestamp":"2026-06-16 15:38:04.078",
                    "level": "DEBUG",
                    "thread": "http-nio-8169-exec-25",
                    "class": "o.s.w.s.m.m.a.RequestResponseBodyMethodProcessor",
                    "message": "Using 'application/json', given [application/json, text/plain, */*] and supported [application/json, application/*+json, application/json, application/*+json, application/cbor]" }
                    
{
                    "app": "Crmeb",
                    "timestamp":"2026-06-16 15:38:04.078",
                    "level": "DEBUG",
                    "thread": "http-nio-8169-exec-25",
                    "class": "o.s.w.s.m.m.a.RequestResponseBodyMethodProcessor",
                    "message": "Writing [com.zbkj.common.result.CommonResult@e7c7ac0]" }
                    
{
                    "app": "Crmeb",
                    "timestamp":"2026-06-16 15:38:04.081",
                    "level": "DEBUG",
                    "thread": "http-nio-8169-exec-25",
                    "class": "o.s.web.servlet.DispatcherServlet",
                    "message": "Completed 200 OK" }
                    
{
                    "app": "Crmeb",
                    "timestamp":"2026-06-16 15:38:04.954",
                    "level": "DEBUG",
                    "thread": "http-nio-8169-exec-20",
                    "class": "o.s.web.servlet.DispatcherServlet",
                    "message": "GET "/api/admin/store/product/rule/list?page=1&limit=20&keywords=&temp=1781595484", parameters={masked}" }
                    
{
                    "app": "Crmeb",
                    "timestamp":"2026-06-16 15:38:04.955",
                    "level": "DEBUG",
                    "thread": "http-nio-8169-exec-20",
                    "class": "o.s.w.s.m.m.a.RequestMappingHandlerMapping",
                    "message": "Mapped to com.zbkj.admin.controller.StoreProductRuleController#getList(StoreProductRuleSearchRequest, PageParamRequest)" }
                    
{
                    "app": "Crmeb",
                    "timestamp":"2026-06-16 15:38:05.051",
                    "level": "DEBUG",
                    "thread": "http-nio-8169-exec-20",
                    "class": "o.s.w.s.m.m.a.RequestResponseBodyMethodProcessor",
                    "message": "Using 'application/json', given [application/json, text/plain, */*] and supported [application/json, application/*+json, application/json, application/*+json, application/cbor]" }
                    
{
                    "app": "Crmeb",
                    "timestamp":"2026-06-16 15:38:05.051",
                    "level": "DEBUG",
                    "thread": "http-nio-8169-exec-20",
                    "class": "o.s.w.s.m.m.a.RequestResponseBodyMethodProcessor",
                    "message": "Writing [com.zbkj.common.result.CommonResult@2f789be4]" }
                    
{
                    "app": "Crmeb",
                    "timestamp":"2026-06-16 15:38:05.052",
                    "level": "DEBUG",
                    "thread": "http-nio-8169-exec-20",
                    "class": "o.s.web.servlet.DispatcherServlet",
                    "message": "Completed 200 OK" }
                    
{
                    "app": "Crmeb",
                    "timestamp":"2026-06-16 15:38:19.043",
                    "level": "DEBUG",
                    "thread": "http-nio-8169-exec-10",
                    "class": "o.s.web.servlet.DispatcherServlet",
                    "message": "GET "/api/admin/category/list/tree?status=-1&type=1&temp=1781595498", parameters={masked}" }
                    
{
                    "app": "Crmeb",
                    "timestamp":"2026-06-16 15:38:19.044",
                    "level": "DEBUG",
                    "thread": "http-nio-8169-exec-10",
                    "class": "o.s.w.s.m.m.a.RequestMappingHandlerMapping",
                    "message": "Mapped to com.zbkj.admin.controller.CategoryController#getListTree(Integer, Integer, String)" }
                    
{
                    "app": "Crmeb",
                    "timestamp":"2026-06-16 15:38:19.056",
                    "level": "DEBUG",
                    "thread": "http-nio-8169-exec-18",
                    "class": "o.s.web.servlet.DispatcherServlet",
                    "message": "GET "/api/admin/store/product/reply/list?page=1&limit=20&isReply=&dateLimit=&nickname=&productSearch=&isDel=false&uid=&temp=1781595498", parameters={masked}" }
                    
{
                    "app": "Crmeb",
                    "timestamp":"2026-06-16 15:38:19.056",
                    "level": "DEBUG",
                    "thread": "http-nio-8169-exec-18",
                    "class": "o.s.w.s.m.m.a.RequestMappingHandlerMapping",
                    "message": "Mapped to com.zbkj.admin.controller.StoreProductReplyController#getList(StoreProductReplySearchRequest, PageParamRequest)" }
                    
{
                    "app": "Crmeb",
                    "timestamp":"2026-06-16 15:38:19.093",
                    "level": "DEBUG",
                    "thread": "http-nio-8169-exec-10",
                    "class": "o.s.w.s.m.m.a.RequestResponseBodyMethodProcessor",
                    "message": "Using 'application/json', given [application/json, text/plain, */*] and supported [application/json, application/*+json, application/json, application/*+json, application/cbor]" }
                    
{
                    "app": "Crmeb",
                    "timestamp":"2026-06-16 15:38:19.093",
                    "level": "DEBUG",
                    "thread": "http-nio-8169-exec-10",
                    "class": "o.s.w.s.m.m.a.RequestResponseBodyMethodProcessor",
                    "message": "Writing [com.zbkj.common.result.CommonResult@12d4ea8f]" }
                    
{
                    "app": "Crmeb",
                    "timestamp":"2026-06-16 15:38:19.094",
                    "level": "DEBUG",
                    "thread": "http-nio-8169-exec-10",
                    "class": "o.s.web.servlet.DispatcherServlet",
                    "message": "Completed 200 OK" }
                    
{
                    "app": "Crmeb",
                    "timestamp":"2026-06-16 15:38:19.633",
                    "level": "DEBUG",
                    "thread": "http-nio-8169-exec-18",
                    "class": "o.s.w.s.m.m.a.RequestResponseBodyMethodProcessor",
                    "message": "Using 'application/json', given [application/json, text/plain, */*] and supported [application/json, application/*+json, application/json, application/*+json, application/cbor]" }
                    
{
                    "app": "Crmeb",
                    "timestamp":"2026-06-16 15:38:19.634",
                    "level": "DEBUG",
                    "thread": "http-nio-8169-exec-18",
                    "class": "o.s.w.s.m.m.a.RequestResponseBodyMethodProcessor",
                    "message": "Writing [com.zbkj.common.result.CommonResult@5517d403]" }
                    
{
                    "app": "Crmeb",
                    "timestamp":"2026-06-16 15:38:19.640",
                    "level": "DEBUG",
                    "thread": "http-nio-8169-exec-18",
                    "class": "o.s.web.servlet.DispatcherServlet",
                    "message": "Completed 200 OK" }
                    
{
                    "app": "Crmeb",
                    "timestamp":"2026-06-16 15:38:26.786",
                    "level": "DEBUG",
                    "thread": "http-nio-8169-exec-15",
                    "class": "o.s.web.servlet.DispatcherServlet",
                    "message": "GET "/api/admin/store/product/reply/delete/13?temp=1781595506", parameters={masked}" }
                    
{
                    "app": "Crmeb",
                    "timestamp":"2026-06-16 15:38:26.788",
                    "level": "DEBUG",
                    "thread": "http-nio-8169-exec-15",
                    "class": "o.s.w.s.m.m.a.RequestMappingHandlerMapping",
                    "message": "Mapped to com.zbkj.admin.controller.StoreProductReplyController#delete(Integer)" }
                    
{
                    "app": "Crmeb",
                    "timestamp":"2026-06-16 15:38:26.843",
                    "level": "DEBUG",
                    "thread": "http-nio-8169-exec-15",
                    "class": "o.s.w.s.m.m.a.RequestResponseBodyMethodProcessor",
                    "message": "Using 'application/json', given [application/json, text/plain, */*] and supported [application/json, application/*+json, application/json, application/*+json, application/cbor]" }
                    
{
                    "app": "Crmeb",
                    "timestamp":"2026-06-16 15:38:26.843",
                    "level": "DEBUG",
                    "thread": "http-nio-8169-exec-15",
                    "class": "o.s.w.s.m.m.a.RequestResponseBodyMethodProcessor",
                    "message": "Writing [com.zbkj.common.result.CommonResult@36577d36]" }
                    
{
                    "app": "Crmeb",
                    "timestamp":"2026-06-16 15:38:26.843",
                    "level": "DEBUG",
                    "thread": "http-nio-8169-exec-15",
                    "class": "o.s.web.servlet.DispatcherServlet",
                    "message": "Completed 200 OK" }
                    
{
                    "app": "Crmeb",
                    "timestamp":"2026-06-16 15:38:26.923",
                    "level": "DEBUG",
                    "thread": "http-nio-8169-exec-26",
                    "class": "o.s.web.servlet.DispatcherServlet",
                    "message": "GET "/api/admin/store/product/reply/list?page=1&limit=20&isReply=&dateLimit=&nickname=&productSearch=&isDel=false&uid=&temp=1781595506", parameters={masked}" }
                    
{
                    "app": "Crmeb",
                    "timestamp":"2026-06-16 15:38:26.924",
                    "level": "DEBUG",
                    "thread": "http-nio-8169-exec-26",
                    "class": "o.s.w.s.m.m.a.RequestMappingHandlerMapping",
                    "message": "Mapped to com.zbkj.admin.controller.StoreProductReplyController#getList(StoreProductReplySearchRequest, PageParamRequest)" }
                    
{
                    "app": "Crmeb",
                    "timestamp":"2026-06-16 15:38:27.468",
                    "level": "DEBUG",
                    "thread": "http-nio-8169-exec-26",
                    "class": "o.s.w.s.m.m.a.RequestResponseBodyMethodProcessor",
                    "message": "Using 'application/json', given [application/json, text/plain, */*] and supported [application/json, application/*+json, application/json, application/*+json, application/cbor]" }
                    
{
                    "app": "Crmeb",
                    "timestamp":"2026-06-16 15:38:27.468",
                    "level": "DEBUG",
                    "thread": "http-nio-8169-exec-26",
                    "class": "o.s.w.s.m.m.a.RequestResponseBodyMethodProcessor",
                    "message": "Writing [com.zbkj.common.result.CommonResult@5bb8ba2a]" }
                    
{
                    "app": "Crmeb",
                    "timestamp":"2026-06-16 15:38:27.469",
                    "level": "DEBUG",
                    "thread": "http-nio-8169-exec-26",
                    "class": "o.s.web.servlet.DispatcherServlet",
                    "message": "Completed 200 OK" }
                    
{
                    "app": "Crmeb",
                    "timestamp":"2026-06-16 15:38:29.254",
                    "level": "DEBUG",
                    "thread": "http-nio-8169-exec-3",
                    "class": "o.s.web.servlet.DispatcherServlet",
                    "message": "GET "/api/admin/store/product/reply/delete/12?temp=1781595509", parameters={masked}" }
                    
{
                    "app": "Crmeb",
                    "timestamp":"2026-06-16 15:38:29.255",
                    "level": "DEBUG",
                    "thread": "http-nio-8169-exec-3",
                    "class": "o.s.w.s.m.m.a.RequestMappingHandlerMapping",
                    "message": "Mapped to com.zbkj.admin.controller.StoreProductReplyController#delete(Integer)" }
                    
{
                    "app": "Crmeb",
                    "timestamp":"2026-06-16 15:38:29.305",
                    "level": "DEBUG",
                    "thread": "http-nio-8169-exec-3",
                    "class": "o.s.w.s.m.m.a.RequestResponseBodyMethodProcessor",
                    "message": "Using 'application/json', given [application/json, text/plain, */*] and supported [application/json, application/*+json, application/json, application/*+json, application/cbor]" }
                    
{
                    "app": "Crmeb",
                    "timestamp":"2026-06-16 15:38:29.306",
                    "level": "DEBUG",
                    "thread": "http-nio-8169-exec-3",
                    "class": "o.s.w.s.m.m.a.RequestResponseBodyMethodProcessor",
                    "message": "Writing [com.zbkj.common.result.CommonResult@2953399b]" }
                    
{
                    "app": "Crmeb",
                    "timestamp":"2026-06-16 15:38:29.306",
                    "level": "DEBUG",
                    "thread": "http-nio-8169-exec-3",
                    "class": "o.s.web.servlet.DispatcherServlet",
                    "message": "Completed 200 OK" }
                    
{
                    "app": "Crmeb",
                    "timestamp":"2026-06-16 15:38:29.382",
                    "level": "DEBUG",
                    "thread": "http-nio-8169-exec-4",
                    "class": "o.s.web.servlet.DispatcherServlet",
                    "message": "GET "/api/admin/store/product/reply/list?page=1&limit=20&isReply=&dateLimit=&nickname=&productSearch=&isDel=false&uid=&temp=1781595509", parameters={masked}" }
                    
{
                    "app": "Crmeb",
                    "timestamp":"2026-06-16 15:38:29.382",
                    "level": "DEBUG",
                    "thread": "http-nio-8169-exec-4",
                    "class": "o.s.w.s.m.m.a.RequestMappingHandlerMapping",
                    "message": "Mapped to com.zbkj.admin.controller.StoreProductReplyController#getList(StoreProductReplySearchRequest, PageParamRequest)" }
                    
{
                    "app": "Crmeb",
                    "timestamp":"2026-06-16 15:38:29.842",
                    "level": "DEBUG",
                    "thread": "http-nio-8169-exec-4",
                    "class": "o.s.w.s.m.m.a.RequestResponseBodyMethodProcessor",
                    "message": "Using 'application/json', given [application/json, text/plain, */*] and supported [application/json, application/*+json, application/json, application/*+json, application/cbor]" }
                    
{
                    "app": "Crmeb",
                    "timestamp":"2026-06-16 15:38:29.842",
                    "level": "DEBUG",
                    "thread": "http-nio-8169-exec-4",
                    "class": "o.s.w.s.m.m.a.RequestResponseBodyMethodProcessor",
                    "message": "Writing [com.zbkj.common.result.CommonResult@726ef1f8]" }
                    
{
                    "app": "Crmeb",
                    "timestamp":"2026-06-16 15:38:29.842",
                    "level": "DEBUG",
                    "thread": "http-nio-8169-exec-4",
                    "class": "o.s.web.servlet.DispatcherServlet",
                    "message": "Completed 200 OK" }
                    
{
                    "app": "Crmeb",
                    "timestamp":"2026-06-16 15:38:32.849",
                    "level": "DEBUG",
                    "thread": "http-nio-8169-exec-7",
                    "class": "o.s.web.servlet.DispatcherServlet",
                    "message": "GET "/api/admin/store/product/reply/delete/11?temp=1781595512", parameters={masked}" }
                    
{
                    "app": "Crmeb",
                    "timestamp":"2026-06-16 15:38:32.851",
                    "level": "DEBUG",
                    "thread": "http-nio-8169-exec-7",
                    "class": "o.s.w.s.m.m.a.RequestMappingHandlerMapping",
                    "message": "Mapped to com.zbkj.admin.controller.StoreProductReplyController#delete(Integer)" }
                    
{
                    "app": "Crmeb",
                    "timestamp":"2026-06-16 15:38:32.900",
                    "level": "DEBUG",
                    "thread": "http-nio-8169-exec-7",
                    "class": "o.s.w.s.m.m.a.RequestResponseBodyMethodProcessor",
                    "message": "Using 'application/json', given [application/json, text/plain, */*] and supported [application/json, application/*+json, application/json, application/*+json, application/cbor]" }
                    
{
                    "app": "Crmeb",
                    "timestamp":"2026-06-16 15:38:32.900",
                    "level": "DEBUG",
                    "thread": "http-nio-8169-exec-7",
                    "class": "o.s.w.s.m.m.a.RequestResponseBodyMethodProcessor",
                    "message": "Writing [com.zbkj.common.result.CommonResult@1fd0b512]" }
                    
{
                    "app": "Crmeb",
                    "timestamp":"2026-06-16 15:38:32.900",
                    "level": "DEBUG",
                    "thread": "http-nio-8169-exec-7",
                    "class": "o.s.web.servlet.DispatcherServlet",
                    "message": "Completed 200 OK" }
                    
{
                    "app": "Crmeb",
                    "timestamp":"2026-06-16 15:38:32.978",
                    "level": "DEBUG",
                    "thread": "http-nio-8169-exec-14",
                    "class": "o.s.web.servlet.DispatcherServlet",
                    "message": "GET "/api/admin/store/product/reply/list?page=1&limit=20&isReply=&dateLimit=&nickname=&productSearch=&isDel=false&uid=&temp=1781595512", parameters={masked}" }
                    
{
                    "app": "Crmeb",
                    "timestamp":"2026-06-16 15:38:32.979",
                    "level": "DEBUG",
                    "thread": "http-nio-8169-exec-14",
                    "class": "o.s.w.s.m.m.a.RequestMappingHandlerMapping",
                    "message": "Mapped to com.zbkj.admin.controller.StoreProductReplyController#getList(StoreProductReplySearchRequest, PageParamRequest)" }
                    
{
                    "app": "Crmeb",
                    "timestamp":"2026-06-16 15:38:33.402",
                    "level": "DEBUG",
                    "thread": "http-nio-8169-exec-14",
                    "class": "o.s.w.s.m.m.a.RequestResponseBodyMethodProcessor",
                    "message": "Using 'application/json', given [application/json, text/plain, */*] and supported [application/json, application/*+json, application/json, application/*+json, application/cbor]" }
                    
{
                    "app": "Crmeb",
                    "timestamp":"2026-06-16 15:38:33.403",
                    "level": "DEBUG",
                    "thread": "http-nio-8169-exec-14",
                    "class": "o.s.w.s.m.m.a.RequestResponseBodyMethodProcessor",
                    "message": "Writing [com.zbkj.common.result.CommonResult@107656a1]" }
                    
{
                    "app": "Crmeb",
                    "timestamp":"2026-06-16 15:38:33.403",
                    "level": "DEBUG",
                    "thread": "http-nio-8169-exec-14",
                    "class": "o.s.web.servlet.DispatcherServlet",
                    "message": "Completed 200 OK" }
                    
{
                    "app": "Crmeb",
                    "timestamp":"2026-06-16 15:38:36.180",
                    "level": "DEBUG",
                    "thread": "http-nio-8169-exec-8",
                    "class": "o.s.web.servlet.DispatcherServlet",
                    "message": "GET "/api/admin/store/product/reply/delete/10?temp=1781595516", parameters={masked}" }
                    
{
                    "app": "Crmeb",
                    "timestamp":"2026-06-16 15:38:36.182",
                    "level": "DEBUG",
                    "thread": "http-nio-8169-exec-8",
                    "class": "o.s.w.s.m.m.a.RequestMappingHandlerMapping",
                    "message": "Mapped to com.zbkj.admin.controller.StoreProductReplyController#delete(Integer)" }
                    
{
                    "app": "Crmeb",
                    "timestamp":"2026-06-16 15:38:36.230",
                    "level": "DEBUG",
                    "thread": "http-nio-8169-exec-8",
                    "class": "o.s.w.s.m.m.a.RequestResponseBodyMethodProcessor",
                    "message": "Using 'application/json', given [application/json, text/plain, */*] and supported [application/json, application/*+json, application/json, application/*+json, application/cbor]" }
                    
{
                    "app": "Crmeb",
                    "timestamp":"2026-06-16 15:38:36.230",
                    "level": "DEBUG",
                    "thread": "http-nio-8169-exec-8",
                    "class": "o.s.w.s.m.m.a.RequestResponseBodyMethodProcessor",
                    "message": "Writing [com.zbkj.common.result.CommonResult@165bc440]" }
                    
{
                    "app": "Crmeb",
                    "timestamp":"2026-06-16 15:38:36.231",
                    "level": "DEBUG",
                    "thread": "http-nio-8169-exec-8",
                    "class": "o.s.web.servlet.DispatcherServlet",
                    "message": "Completed 200 OK" }
                    
{
                    "app": "Crmeb",
                    "timestamp":"2026-06-16 15:38:36.286",
                    "level": "DEBUG",
                    "thread": "http-nio-8169-exec-17",
                    "class": "o.s.web.servlet.DispatcherServlet",
                    "message": "GET "/api/admin/store/product/reply/list?page=1&limit=20&isReply=&dateLimit=&nickname=&productSearch=&isDel=false&uid=&temp=1781595516", parameters={masked}" }
                    
{
                    "app": "Crmeb",
                    "timestamp":"2026-06-16 15:38:36.286",
                    "level": "DEBUG",
                    "thread": "http-nio-8169-exec-17",
                    "class": "o.s.w.s.m.m.a.RequestMappingHandlerMapping",
                    "message": "Mapped to com.zbkj.admin.controller.StoreProductReplyController#getList(StoreProductReplySearchRequest, PageParamRequest)" }
                    
{
                    "app": "Crmeb",
                    "timestamp":"2026-06-16 15:38:36.660",
                    "level": "DEBUG",
                    "thread": "http-nio-8169-exec-17",
                    "class": "o.s.w.s.m.m.a.RequestResponseBodyMethodProcessor",
                    "message": "Using 'application/json', given [application/json, text/plain, */*] and supported [application/json, application/*+json, application/json, application/*+json, application/cbor]" }
                    
{
                    "app": "Crmeb",
                    "timestamp":"2026-06-16 15:38:36.660",
                    "level": "DEBUG",
                    "thread": "http-nio-8169-exec-17",
                    "class": "o.s.w.s.m.m.a.RequestResponseBodyMethodProcessor",
                    "message": "Writing [com.zbkj.common.result.CommonResult@63e93b25]" }
                    
{
                    "app": "Crmeb",
                    "timestamp":"2026-06-16 15:38:36.660",
                    "level": "DEBUG",
                    "thread": "http-nio-8169-exec-17",
                    "class": "o.s.web.servlet.DispatcherServlet",
                    "message": "Completed 200 OK" }
                    
{
                    "app": "Crmeb",
                    "timestamp":"2026-06-16 15:38:42.496",
                    "level": "DEBUG",
                    "thread": "http-nio-8169-exec-25",
                    "class": "o.s.web.servlet.DispatcherServlet",
                    "message": "GET "/api/admin/store/product/reply/delete/9?temp=1781595522", parameters={masked}" }
                    
{
                    "app": "Crmeb",
                    "timestamp":"2026-06-16 15:38:42.497",
                    "level": "DEBUG",
                    "thread": "http-nio-8169-exec-25",
                    "class": "o.s.w.s.m.m.a.RequestMappingHandlerMapping",
                    "message": "Mapped to com.zbkj.admin.controller.StoreProductReplyController#delete(Integer)" }
                    
{
                    "app": "Crmeb",
                    "timestamp":"2026-06-16 15:38:42.546",
                    "level": "DEBUG",
                    "thread": "http-nio-8169-exec-25",
                    "class": "o.s.w.s.m.m.a.RequestResponseBodyMethodProcessor",
                    "message": "Using 'application/json', given [application/json, text/plain, */*] and supported [application/json, application/*+json, application/json, application/*+json, application/cbor]" }
                    
{
                    "app": "Crmeb",
                    "timestamp":"2026-06-16 15:38:42.546",
                    "level": "DEBUG",
                    "thread": "http-nio-8169-exec-25",
                    "class": "o.s.w.s.m.m.a.RequestResponseBodyMethodProcessor",
                    "message": "Writing [com.zbkj.common.result.CommonResult@3550bd78]" }
                    
{
                    "app": "Crmeb",
                    "timestamp":"2026-06-16 15:38:42.547",
                    "level": "DEBUG",
                    "thread": "http-nio-8169-exec-25",
                    "class": "o.s.web.servlet.DispatcherServlet",
                    "message": "Completed 200 OK" }
                    
{
                    "app": "Crmeb",
                    "timestamp":"2026-06-16 15:38:42.603",
                    "level": "DEBUG",
                    "thread": "http-nio-8169-exec-20",
                    "class": "o.s.web.servlet.DispatcherServlet",
                    "message": "GET "/api/admin/store/product/reply/list?page=1&limit=20&isReply=&dateLimit=&nickname=&productSearch=&isDel=false&uid=&temp=1781595522", parameters={masked}" }
                    
{
                    "app": "Crmeb",
                    "timestamp":"2026-06-16 15:38:42.603",
                    "level": "DEBUG",
                    "thread": "http-nio-8169-exec-20",
                    "class": "o.s.w.s.m.m.a.RequestMappingHandlerMapping",
                    "message": "Mapped to com.zbkj.admin.controller.StoreProductReplyController#getList(StoreProductReplySearchRequest, PageParamRequest)" }
                    
{
                    "app": "Crmeb",
                    "timestamp":"2026-06-16 15:38:42.933",
                    "level": "DEBUG",
                    "thread": "http-nio-8169-exec-20",
                    "class": "o.s.w.s.m.m.a.RequestResponseBodyMethodProcessor",
                    "message": "Using 'application/json', given [application/json, text/plain, */*] and supported [application/json, application/*+json, application/json, application/*+json, application/cbor]" }
                    
{
                    "app": "Crmeb",
                    "timestamp":"2026-06-16 15:38:42.934",
                    "level": "DEBUG",
                    "thread": "http-nio-8169-exec-20",
                    "class": "o.s.w.s.m.m.a.RequestResponseBodyMethodProcessor",
                    "message": "Writing [com.zbkj.common.result.CommonResult@19f670c5]" }
                    
{
                    "app": "Crmeb",
                    "timestamp":"2026-06-16 15:38:42.934",
                    "level": "DEBUG",
                    "thread": "http-nio-8169-exec-20",
                    "class": "o.s.web.servlet.DispatcherServlet",
                    "message": "Completed 200 OK" }
                    
{
                    "app": "Crmeb",
                    "timestamp":"2026-06-16 15:38:48.672",
                    "level": "DEBUG",
                    "thread": "http-nio-8169-exec-22",
                    "class": "o.s.web.servlet.DispatcherServlet",
                    "message": "POST "/api/admin/store/product/reply/comment", parameters={}" }
                    
{
                    "app": "Crmeb",
                    "timestamp":"2026-06-16 15:38:48.673",
                    "level": "DEBUG",
                    "thread": "http-nio-8169-exec-22",
                    "class": "o.s.w.s.m.m.a.RequestMappingHandlerMapping",
                    "message": "Mapped to com.zbkj.admin.controller.StoreProductReplyController#comment(StoreProductReplyCommentRequest)" }
                    
{
                    "app": "Crmeb",
                    "timestamp":"2026-06-16 15:38:48.675",
                    "level": "DEBUG",
                    "thread": "http-nio-8169-exec-22",
                    "class": "o.s.w.s.m.m.a.RequestResponseBodyMethodProcessor",
                    "message": "Read "application/json;charset=UTF-8" to [StoreProductReplyCommentRequest(ids=8, merchantReplyContent=1)]" }
                    
{
                    "app": "Crmeb",
                    "timestamp":"2026-06-16 15:38:48.726",
                    "level": "DEBUG",
                    "thread": "http-nio-8169-exec-22",
                    "class": "o.s.w.s.m.m.a.RequestResponseBodyMethodProcessor",
                    "message": "Using 'application/json', given [application/json, text/plain, */*] and supported [application/json, application/*+json, application/json, application/*+json, application/cbor]" }
                    
{
                    "app": "Crmeb",
                    "timestamp":"2026-06-16 15:38:48.726",
                    "level": "DEBUG",
                    "thread": "http-nio-8169-exec-22",
                    "class": "o.s.w.s.m.m.a.RequestResponseBodyMethodProcessor",
                    "message": "Writing [com.zbkj.common.result.CommonResult@647ec8bc]" }
                    
{
                    "app": "Crmeb",
                    "timestamp":"2026-06-16 15:38:48.727",
                    "level": "DEBUG",
                    "thread": "http-nio-8169-exec-22",
                    "class": "o.s.web.servlet.DispatcherServlet",
                    "message": "Completed 200 OK" }
                    
{
                    "app": "Crmeb",
                    "timestamp":"2026-06-16 15:38:48.780",
                    "level": "DEBUG",
                    "thread": "http-nio-8169-exec-18",
                    "class": "o.s.web.servlet.DispatcherServlet",
                    "message": "GET "/api/admin/store/product/reply/list?page=1&limit=20&isReply=&dateLimit=&nickname=&productSearch=&isDel=false&uid=&temp=1781595528", parameters={masked}" }
                    
{
                    "app": "Crmeb",
                    "timestamp":"2026-06-16 15:38:48.781",
                    "level": "DEBUG",
                    "thread": "http-nio-8169-exec-18",
                    "class": "o.s.w.s.m.m.a.RequestMappingHandlerMapping",
                    "message": "Mapped to com.zbkj.admin.controller.StoreProductReplyController#getList(StoreProductReplySearchRequest, PageParamRequest)" }
                    
{
                    "app": "Crmeb",
                    "timestamp":"2026-06-16 15:38:49.105",
                    "level": "DEBUG",
                    "thread": "http-nio-8169-exec-18",
                    "class": "o.s.w.s.m.m.a.RequestResponseBodyMethodProcessor",
                    "message": "Using 'application/json', given [application/json, text/plain, */*] and supported [application/json, application/*+json, application/json, application/*+json, application/cbor]" }
                    
{
                    "app": "Crmeb",
                    "timestamp":"2026-06-16 15:38:49.106",
                    "level": "DEBUG",
                    "thread": "http-nio-8169-exec-18",
                    "class": "o.s.w.s.m.m.a.RequestResponseBodyMethodProcessor",
                    "message": "Writing [com.zbkj.common.result.CommonResult@3a965807]" }
                    
{
                    "app": "Crmeb",
                    "timestamp":"2026-06-16 15:38:49.106",
                    "level": "DEBUG",
                    "thread": "http-nio-8169-exec-18",
                    "class": "o.s.web.servlet.DispatcherServlet",
                    "message": "Completed 200 OK" }
                    
{
                    "app": "Crmeb",
                    "timestamp":"2026-06-16 15:38:55.077",
                    "level": "DEBUG",
                    "thread": "http-nio-8169-exec-29",
                    "class": "o.s.web.servlet.DispatcherServlet",
                    "message": "GET "/api/admin/store/product/reply/delete/7?temp=1781595535", parameters={masked}" }
                    
{
                    "app": "Crmeb",
                    "timestamp":"2026-06-16 15:38:55.078",
                    "level": "DEBUG",
                    "thread": "http-nio-8169-exec-29",
                    "class": "o.s.w.s.m.m.a.RequestMappingHandlerMapping",
                    "message": "Mapped to com.zbkj.admin.controller.StoreProductReplyController#delete(Integer)" }
                    
{
                    "app": "Crmeb",
                    "timestamp":"2026-06-16 15:38:55.127",
                    "level": "DEBUG",
                    "thread": "http-nio-8169-exec-29",
                    "class": "o.s.w.s.m.m.a.RequestResponseBodyMethodProcessor",
                    "message": "Using 'application/json', given [application/json, text/plain, */*] and supported [application/json, application/*+json, application/json, application/*+json, application/cbor]" }
                    
{
                    "app": "Crmeb",
                    "timestamp":"2026-06-16 15:38:55.127",
                    "level": "DEBUG",
                    "thread": "http-nio-8169-exec-29",
                    "class": "o.s.w.s.m.m.a.RequestResponseBodyMethodProcessor",
                    "message": "Writing [com.zbkj.common.result.CommonResult@1b34c822]" }
                    
{
                    "app": "Crmeb",
                    "timestamp":"2026-06-16 15:38:55.128",
                    "level": "DEBUG",
                    "thread": "http-nio-8169-exec-29",
                    "class": "o.s.web.servlet.DispatcherServlet",
                    "message": "Completed 200 OK" }
                    
{
                    "app": "Crmeb",
                    "timestamp":"2026-06-16 15:38:55.202",
                    "level": "DEBUG",
                    "thread": "http-nio-8169-exec-1",
                    "class": "o.s.web.servlet.DispatcherServlet",
                    "message": "GET "/api/admin/store/product/reply/list?page=1&limit=20&isReply=&dateLimit=&nickname=&productSearch=&isDel=false&uid=&temp=1781595535", parameters={masked}" }
                    
{
                    "app": "Crmeb",
                    "timestamp":"2026-06-16 15:38:55.202",
                    "level": "DEBUG",
                    "thread": "http-nio-8169-exec-1",
                    "class": "o.s.w.s.m.m.a.RequestMappingHandlerMapping",
                    "message": "Mapped to com.zbkj.admin.controller.StoreProductReplyController#getList(StoreProductReplySearchRequest, PageParamRequest)" }
                    
{
                    "app": "Crmeb",
                    "timestamp":"2026-06-16 15:38:55.486",
                    "level": "DEBUG",
                    "thread": "http-nio-8169-exec-1",
                    "class": "o.s.w.s.m.m.a.RequestResponseBodyMethodProcessor",
                    "message": "Using 'application/json', given [application/json, text/plain, */*] and supported [application/json, application/*+json, application/json, application/*+json, application/cbor]" }
                    
{
                    "app": "Crmeb",
                    "timestamp":"2026-06-16 15:38:55.486",
                    "level": "DEBUG",
                    "thread": "http-nio-8169-exec-1",
                    "class": "o.s.w.s.m.m.a.RequestResponseBodyMethodProcessor",
                    "message": "Writing [com.zbkj.common.result.CommonResult@6d0a6bf3]" }
                    
{
                    "app": "Crmeb",
                    "timestamp":"2026-06-16 15:38:55.487",
                    "level": "DEBUG",
                    "thread": "http-nio-8169-exec-1",
                    "class": "o.s.web.servlet.DispatcherServlet",
                    "message": "Completed 200 OK" }
                    
{
                    "app": "Crmeb",
                    "timestamp":"2026-06-16 15:38:59.137",
                    "level": "DEBUG",
                    "thread": "http-nio-8169-exec-2",
                    "class": "o.s.web.servlet.DispatcherServlet",
                    "message": "GET "/api/admin/store/product/reply/delete/8?temp=1781595539", parameters={masked}" }
                    
{
                    "app": "Crmeb",
                    "timestamp":"2026-06-16 15:38:59.139",
                    "level": "DEBUG",
                    "thread": "http-nio-8169-exec-2",
                    "class": "o.s.w.s.m.m.a.RequestMappingHandlerMapping",
                    "message": "Mapped to com.zbkj.admin.controller.StoreProductReplyController#delete(Integer)" }
                    
{
                    "app": "Crmeb",
                    "timestamp":"2026-06-16 15:38:59.186",
                    "level": "DEBUG",
                    "thread": "http-nio-8169-exec-2",
                    "class": "o.s.w.s.m.m.a.RequestResponseBodyMethodProcessor",
                    "message": "Using 'application/json', given [application/json, text/plain, */*] and supported [application/json, application/*+json, application/json, application/*+json, application/cbor]" }
                    
{
                    "app": "Crmeb",
                    "timestamp":"2026-06-16 15:38:59.186",
                    "level": "DEBUG",
                    "thread": "http-nio-8169-exec-2",
                    "class": "o.s.w.s.m.m.a.RequestResponseBodyMethodProcessor",
                    "message": "Writing [com.zbkj.common.result.CommonResult@2eb5beb9]" }
                    
{
                    "app": "Crmeb",
                    "timestamp":"2026-06-16 15:38:59.186",
                    "level": "DEBUG",
                    "thread": "http-nio-8169-exec-2",
                    "class": "o.s.web.servlet.DispatcherServlet",
                    "message": "Completed 200 OK" }
                    
{
                    "app": "Crmeb",
                    "timestamp":"2026-06-16 15:38:59.239",
                    "level": "DEBUG",
                    "thread": "http-nio-8169-exec-15",
                    "class": "o.s.web.servlet.DispatcherServlet",
                    "message": "GET "/api/admin/store/product/reply/list?page=1&limit=20&isReply=&dateLimit=&nickname=&productSearch=&isDel=false&uid=&temp=1781595539", parameters={masked}" }
                    
{
                    "app": "Crmeb",
                    "timestamp":"2026-06-16 15:38:59.239",
                    "level": "DEBUG",
                    "thread": "http-nio-8169-exec-15",
                    "class": "o.s.w.s.m.m.a.RequestMappingHandlerMapping",
                    "message": "Mapped to com.zbkj.admin.controller.StoreProductReplyController#getList(StoreProductReplySearchRequest, PageParamRequest)" }
                    
{
                    "app": "Crmeb",
                    "timestamp":"2026-06-16 15:38:59.469",
                    "level": "DEBUG",
                    "thread": "http-nio-8169-exec-15",
                    "class": "o.s.w.s.m.m.a.RequestResponseBodyMethodProcessor",
                    "message": "Using 'application/json', given [application/json, text/plain, */*] and supported [application/json, application/*+json, application/json, application/*+json, application/cbor]" }
                    
{
                    "app": "Crmeb",
                    "timestamp":"2026-06-16 15:38:59.469",
                    "level": "DEBUG",
                    "thread": "http-nio-8169-exec-15",
                    "class": "o.s.w.s.m.m.a.RequestResponseBodyMethodProcessor",
                    "message": "Writing [com.zbkj.common.result.CommonResult@2152aac7]" }
                    
{
                    "app": "Crmeb",
                    "timestamp":"2026-06-16 15:38:59.470",
                    "level": "DEBUG",
                    "thread": "http-nio-8169-exec-15",
                    "class": "o.s.web.servlet.DispatcherServlet",
                    "message": "Completed 200 OK" }
                    
{
                    "app": "Crmeb",
                    "timestamp":"2026-06-16 15:39:01.867",
                    "level": "DEBUG",
                    "thread": "http-nio-8169-exec-26",
                    "class": "o.s.web.servlet.DispatcherServlet",
                    "message": "GET "/api/admin/store/product/reply/delete/6?temp=1781595541", parameters={masked}" }
                    
{
                    "app": "Crmeb",
                    "timestamp":"2026-06-16 15:39:01.868",
                    "level": "DEBUG",
                    "thread": "http-nio-8169-exec-26",
                    "class": "o.s.w.s.m.m.a.RequestMappingHandlerMapping",
                    "message": "Mapped to com.zbkj.admin.controller.StoreProductReplyController#delete(Integer)" }
                    
{
                    "app": "Crmeb",
                    "timestamp":"2026-06-16 15:39:01.914",
                    "level": "DEBUG",
                    "thread": "http-nio-8169-exec-26",
                    "class": "o.s.w.s.m.m.a.RequestResponseBodyMethodProcessor",
                    "message": "Using 'application/json', given [application/json, text/plain, */*] and supported [application/json, application/*+json, application/json, application/*+json, application/cbor]" }
                    
{
                    "app": "Crmeb",
                    "timestamp":"2026-06-16 15:39:01.914",
                    "level": "DEBUG",
                    "thread": "http-nio-8169-exec-26",
                    "class": "o.s.w.s.m.m.a.RequestResponseBodyMethodProcessor",
                    "message": "Writing [com.zbkj.common.result.CommonResult@7f8aaacc]" }
                    
{
                    "app": "Crmeb",
                    "timestamp":"2026-06-16 15:39:01.914",
                    "level": "DEBUG",
                    "thread": "http-nio-8169-exec-26",
                    "class": "o.s.web.servlet.DispatcherServlet",
                    "message": "Completed 200 OK" }
                    
{
                    "app": "Crmeb",
                    "timestamp":"2026-06-16 15:39:01.970",
                    "level": "DEBUG",
                    "thread": "http-nio-8169-exec-3",
                    "class": "o.s.web.servlet.DispatcherServlet",
                    "message": "GET "/api/admin/store/product/reply/list?page=1&limit=20&isReply=&dateLimit=&nickname=&productSearch=&isDel=false&uid=&temp=1781595541", parameters={masked}" }
                    
{
                    "app": "Crmeb",
                    "timestamp":"2026-06-16 15:39:01.971",
                    "level": "DEBUG",
                    "thread": "http-nio-8169-exec-3",
                    "class": "o.s.w.s.m.m.a.RequestMappingHandlerMapping",
                    "message": "Mapped to com.zbkj.admin.controller.StoreProductReplyController#getList(StoreProductReplySearchRequest, PageParamRequest)" }
                    
{
                    "app": "Crmeb",
                    "timestamp":"2026-06-16 15:39:02.152",
                    "level": "DEBUG",
                    "thread": "http-nio-8169-exec-3",
                    "class": "o.s.w.s.m.m.a.RequestResponseBodyMethodProcessor",
                    "message": "Using 'application/json', given [application/json, text/plain, */*] and supported [application/json, application/*+json, application/json, application/*+json, application/cbor]" }
                    
{
                    "app": "Crmeb",
                    "timestamp":"2026-06-16 15:39:02.152",
                    "level": "DEBUG",
                    "thread": "http-nio-8169-exec-3",
                    "class": "o.s.w.s.m.m.a.RequestResponseBodyMethodProcessor",
                    "message": "Writing [com.zbkj.common.result.CommonResult@14609489]" }
                    
{
                    "app": "Crmeb",
                    "timestamp":"2026-06-16 15:39:02.152",
                    "level": "DEBUG",
                    "thread": "http-nio-8169-exec-3",
                    "class": "o.s.web.servlet.DispatcherServlet",
                    "message": "Completed 200 OK" }
                    
{
                    "app": "Crmeb",
                    "timestamp":"2026-06-16 15:39:03.702",
                    "level": "DEBUG",
                    "thread": "http-nio-8169-exec-4",
                    "class": "o.s.web.servlet.DispatcherServlet",
                    "message": "GET "/api/admin/store/product/reply/delete/5?temp=1781595543", parameters={masked}" }
                    
{
                    "app": "Crmeb",
                    "timestamp":"2026-06-16 15:39:03.703",
                    "level": "DEBUG",
                    "thread": "http-nio-8169-exec-4",
                    "class": "o.s.w.s.m.m.a.RequestMappingHandlerMapping",
                    "message": "Mapped to com.zbkj.admin.controller.StoreProductReplyController#delete(Integer)" }
                    
{
                    "app": "Crmeb",
                    "timestamp":"2026-06-16 15:39:03.748",
                    "level": "DEBUG",
                    "thread": "http-nio-8169-exec-4",
                    "class": "o.s.w.s.m.m.a.RequestResponseBodyMethodProcessor",
                    "message": "Using 'application/json', given [application/json, text/plain, */*] and supported [application/json, application/*+json, application/json, application/*+json, application/cbor]" }
                    
{
                    "app": "Crmeb",
                    "timestamp":"2026-06-16 15:39:03.749",
                    "level": "DEBUG",
                    "thread": "http-nio-8169-exec-4",
                    "class": "o.s.w.s.m.m.a.RequestResponseBodyMethodProcessor",
                    "message": "Writing [com.zbkj.common.result.CommonResult@67fc3f45]" }
                    
{
                    "app": "Crmeb",
                    "timestamp":"2026-06-16 15:39:03.749",
                    "level": "DEBUG",
                    "thread": "http-nio-8169-exec-4",
                    "class": "o.s.web.servlet.DispatcherServlet",
                    "message": "Completed 200 OK" }
                    
{
                    "app": "Crmeb",
                    "timestamp":"2026-06-16 15:39:03.803",
                    "level": "DEBUG",
                    "thread": "http-nio-8169-exec-7",
                    "class": "o.s.web.servlet.DispatcherServlet",
                    "message": "GET "/api/admin/store/product/reply/list?page=1&limit=20&isReply=&dateLimit=&nickname=&productSearch=&isDel=false&uid=&temp=1781595543", parameters={masked}" }
                    
{
                    "app": "Crmeb",
                    "timestamp":"2026-06-16 15:39:03.803",
                    "level": "DEBUG",
                    "thread": "http-nio-8169-exec-7",
                    "class": "o.s.w.s.m.m.a.RequestMappingHandlerMapping",
                    "message": "Mapped to com.zbkj.admin.controller.StoreProductReplyController#getList(StoreProductReplySearchRequest, PageParamRequest)" }
                    
{
                    "app": "Crmeb",
                    "timestamp":"2026-06-16 15:39:03.939",
                    "level": "DEBUG",
                    "thread": "http-nio-8169-exec-7",
                    "class": "o.s.w.s.m.m.a.RequestResponseBodyMethodProcessor",
                    "message": "Using 'application/json', given [application/json, text/plain, */*] and supported [application/json, application/*+json, application/json, application/*+json, application/cbor]" }
                    
{
                    "app": "Crmeb",
                    "timestamp":"2026-06-16 15:39:03.939",
                    "level": "DEBUG",
                    "thread": "http-nio-8169-exec-7",
                    "class": "o.s.w.s.m.m.a.RequestResponseBodyMethodProcessor",
                    "message": "Writing [com.zbkj.common.result.CommonResult@3b6c47a]" }
                    
{
                    "app": "Crmeb",
                    "timestamp":"2026-06-16 15:39:03.940",
                    "level": "DEBUG",
                    "thread": "http-nio-8169-exec-7",
                    "class": "o.s.web.servlet.DispatcherServlet",
                    "message": "Completed 200 OK" }
                    
{
                    "app": "Crmeb",
                    "timestamp":"2026-06-16 15:39:09.007",
                    "level": "DEBUG",
                    "thread": "http-nio-8169-exec-14",
                    "class": "o.s.web.servlet.DispatcherServlet",
                    "message": "GET "/api/admin/store/product/reply/delete/1?temp=1781595548", parameters={masked}" }
                    
{
                    "app": "Crmeb",
                    "timestamp":"2026-06-16 15:39:09.009",
                    "level": "DEBUG",
                    "thread": "http-nio-8169-exec-14",
                    "class": "o.s.w.s.m.m.a.RequestMappingHandlerMapping",
                    "message": "Mapped to com.zbkj.admin.controller.StoreProductReplyController#delete(Integer)" }
                    
{
                    "app": "Crmeb",
                    "timestamp":"2026-06-16 15:39:09.055",
                    "level": "DEBUG",
                    "thread": "http-nio-8169-exec-14",
                    "class": "o.s.w.s.m.m.a.RequestResponseBodyMethodProcessor",
                    "message": "Using 'application/json', given [application/json, text/plain, */*] and supported [application/json, application/*+json, application/json, application/*+json, application/cbor]" }
                    
{
                    "app": "Crmeb",
                    "timestamp":"2026-06-16 15:39:09.056",
                    "level": "DEBUG",
                    "thread": "http-nio-8169-exec-14",
                    "class": "o.s.w.s.m.m.a.RequestResponseBodyMethodProcessor",
                    "message": "Writing [com.zbkj.common.result.CommonResult@78dc351b]" }
                    
{
                    "app": "Crmeb",
                    "timestamp":"2026-06-16 15:39:09.056",
                    "level": "DEBUG",
                    "thread": "http-nio-8169-exec-14",
                    "class": "o.s.web.servlet.DispatcherServlet",
                    "message": "Completed 200 OK" }
                    
{
                    "app": "Crmeb",
                    "timestamp":"2026-06-16 15:39:09.113",
                    "level": "DEBUG",
                    "thread": "http-nio-8169-exec-8",
                    "class": "o.s.web.servlet.DispatcherServlet",
                    "message": "GET "/api/admin/store/product/reply/list?page=1&limit=20&isReply=&dateLimit=&nickname=&productSearch=&isDel=false&uid=&temp=1781595549", parameters={masked}" }
                    
{
                    "app": "Crmeb",
                    "timestamp":"2026-06-16 15:39:09.113",
                    "level": "DEBUG",
                    "thread": "http-nio-8169-exec-8",
                    "class": "o.s.w.s.m.m.a.RequestMappingHandlerMapping",
                    "message": "Mapped to com.zbkj.admin.controller.StoreProductReplyController#getList(StoreProductReplySearchRequest, PageParamRequest)" }
                    
{
                    "app": "Crmeb",
                    "timestamp":"2026-06-16 15:39:09.161",
                    "level": "DEBUG",
                    "thread": "http-nio-8169-exec-8",
                    "class": "o.s.w.s.m.m.a.RequestResponseBodyMethodProcessor",
                    "message": "Using 'application/json', given [application/json, text/plain, */*] and supported [application/json, application/*+json, application/json, application/*+json, application/cbor]" }
                    
{
                    "app": "Crmeb",
                    "timestamp":"2026-06-16 15:39:09.161",
                    "level": "DEBUG",
                    "thread": "http-nio-8169-exec-8",
                    "class": "o.s.w.s.m.m.a.RequestResponseBodyMethodProcessor",
                    "message": "Writing [com.zbkj.common.result.CommonResult@275e88f0]" }
                    
{
                    "app": "Crmeb",
                    "timestamp":"2026-06-16 15:39:09.162",
                    "level": "DEBUG",
                    "thread": "http-nio-8169-exec-8",
                    "class": "o.s.web.servlet.DispatcherServlet",
                    "message": "Completed 200 OK" }
                    
{
                    "app": "Crmeb",
                    "timestamp":"2026-06-16 15:39:11.026",
                    "level": "DEBUG",
                    "thread": "http-nio-8169-exec-17",
                    "class": "o.s.web.servlet.DispatcherServlet",
                    "message": "GET "/api/admin/store/product/rule/list?page=1&limit=20&keywords=&temp=1781595550", parameters={masked}" }
                    
{
                    "app": "Crmeb",
                    "timestamp":"2026-06-16 15:39:11.027",
                    "level": "DEBUG",
                    "thread": "http-nio-8169-exec-17",
                    "class": "o.s.w.s.m.m.a.RequestMappingHandlerMapping",
                    "message": "Mapped to com.zbkj.admin.controller.StoreProductRuleController#getList(StoreProductRuleSearchRequest, PageParamRequest)" }
                    
{
                    "app": "Crmeb",
                    "timestamp":"2026-06-16 15:39:11.135",
                    "level": "DEBUG",
                    "thread": "http-nio-8169-exec-17",
                    "class": "o.s.w.s.m.m.a.RequestResponseBodyMethodProcessor",
                    "message": "Using 'application/json', given [application/json, text/plain, */*] and supported [application/json, application/*+json, application/json, application/*+json, application/cbor]" }
                    
{
                    "app": "Crmeb",
                    "timestamp":"2026-06-16 15:39:11.135",
                    "level": "DEBUG",
                    "thread": "http-nio-8169-exec-17",
                    "class": "o.s.w.s.m.m.a.RequestResponseBodyMethodProcessor",
                    "message": "Writing [com.zbkj.common.result.CommonResult@9a4d499]" }
                    
{
                    "app": "Crmeb",
                    "timestamp":"2026-06-16 15:39:11.135",
                    "level": "DEBUG",
                    "thread": "http-nio-8169-exec-17",
                    "class": "o.s.web.servlet.DispatcherServlet",
                    "message": "Completed 200 OK" }
                    
{
                    "app": "Crmeb",
                    "timestamp":"2026-06-16 15:39:14.488",
                    "level": "DEBUG",
                    "thread": "http-nio-8169-exec-25",
                    "class": "o.s.web.servlet.DispatcherServlet",
                    "message": "GET "/api/admin/category/list/tree?type=1&status=-1&name=&temp=1781595554", parameters={masked}" }
                    
{
                    "app": "Crmeb",
                    "timestamp":"2026-06-16 15:39:14.489",
                    "level": "DEBUG",
                    "thread": "http-nio-8169-exec-25",
                    "class": "o.s.w.s.m.m.a.RequestMappingHandlerMapping",
                    "message": "Mapped to com.zbkj.admin.controller.CategoryController#getListTree(Integer, Integer, String)" }
                    
{
                    "app": "Crmeb",
                    "timestamp":"2026-06-16 15:39:14.545",
                    "level": "DEBUG",
                    "thread": "http-nio-8169-exec-25",
                    "class": "o.s.w.s.m.m.a.RequestResponseBodyMethodProcessor",
                    "message": "Using 'application/json', given [application/json, text/plain, */*] and supported [application/json, application/*+json, application/json, application/*+json, application/cbor]" }
                    
{
                    "app": "Crmeb",
                    "timestamp":"2026-06-16 15:39:14.545",
                    "level": "DEBUG",
                    "thread": "http-nio-8169-exec-25",
                    "class": "o.s.w.s.m.m.a.RequestResponseBodyMethodProcessor",
                    "message": "Writing [com.zbkj.common.result.CommonResult@23cc2b41]" }
                    
{
                    "app": "Crmeb",
                    "timestamp":"2026-06-16 15:39:14.546",
                    "level": "DEBUG",
                    "thread": "http-nio-8169-exec-25",
                    "class": "o.s.web.servlet.DispatcherServlet",
                    "message": "Completed 200 OK" }
                    
{
                    "app": "Crmeb",
                    "timestamp":"2026-06-16 15:39:17.029",
                    "level": "DEBUG",
                    "thread": "http-nio-8169-exec-22",
                    "class": "o.s.web.servlet.DispatcherServlet",
                    "message": "GET "/api/admin/category/list/tree?status=-1&type=1&temp=1781595556", parameters={masked}" }
                    
{
                    "app": "Crmeb",
                    "timestamp":"2026-06-16 15:39:17.030",
                    "level": "DEBUG",
                    "thread": "http-nio-8169-exec-22",
                    "class": "o.s.w.s.m.m.a.RequestMappingHandlerMapping",
                    "message": "Mapped to com.zbkj.admin.controller.CategoryController#getListTree(Integer, Integer, String)" }
                    
{
                    "app": "Crmeb",
                    "timestamp":"2026-06-16 15:39:17.080",
                    "level": "DEBUG",
                    "thread": "http-nio-8169-exec-22",
                    "class": "o.s.w.s.m.m.a.RequestResponseBodyMethodProcessor",
                    "message": "Using 'application/json', given [application/json, text/plain, */*] and supported [application/json, application/*+json, application/json, application/*+json, application/cbor]" }
                    
{
                    "app": "Crmeb",
                    "timestamp":"2026-06-16 15:39:17.080",
                    "level": "DEBUG",
                    "thread": "http-nio-8169-exec-22",
                    "class": "o.s.w.s.m.m.a.RequestResponseBodyMethodProcessor",
                    "message": "Writing [com.zbkj.common.result.CommonResult@1db9f921]" }
                    
{
                    "app": "Crmeb",
                    "timestamp":"2026-06-16 15:39:17.081",
                    "level": "DEBUG",
                    "thread": "http-nio-8169-exec-22",
                    "class": "o.s.web.servlet.DispatcherServlet",
                    "message": "Completed 200 OK" }
                    
{
                    "app": "Crmeb",
                    "timestamp":"2026-06-16 15:39:17.082",
                    "level": "DEBUG",
                    "thread": "http-nio-8169-exec-24",
                    "class": "o.s.web.servlet.DispatcherServlet",
                    "message": "GET "/api/admin/store/product/reply/list?page=1&limit=20&isReply=&dateLimit=&nickname=&productSearch=&isDel=false&uid=&temp=1781595556", parameters={masked}" }
                    
{
                    "app": "Crmeb",
                    "timestamp":"2026-06-16 15:39:17.083",
                    "level": "DEBUG",
                    "thread": "http-nio-8169-exec-24",
                    "class": "o.s.w.s.m.m.a.RequestMappingHandlerMapping",
                    "message": "Mapped to com.zbkj.admin.controller.StoreProductReplyController#getList(StoreProductReplySearchRequest, PageParamRequest)" }
                    
{
                    "app": "Crmeb",
                    "timestamp":"2026-06-16 15:39:17.129",
                    "level": "DEBUG",
                    "thread": "http-nio-8169-exec-24",
                    "class": "o.s.w.s.m.m.a.RequestResponseBodyMethodProcessor",
                    "message": "Using 'application/json', given [application/json, text/plain, */*] and supported [application/json, application/*+json, application/json, application/*+json, application/cbor]" }
                    
{
                    "app": "Crmeb",
                    "timestamp":"2026-06-16 15:39:17.129",
                    "level": "DEBUG",
                    "thread": "http-nio-8169-exec-24",
                    "class": "o.s.w.s.m.m.a.RequestResponseBodyMethodProcessor",
                    "message": "Writing [com.zbkj.common.result.CommonResult@73fd3a0b]" }
                    
{
                    "app": "Crmeb",
                    "timestamp":"2026-06-16 15:39:17.129",
                    "level": "DEBUG",
                    "thread": "http-nio-8169-exec-24",
                    "class": "o.s.web.servlet.DispatcherServlet",
                    "message": "Completed 200 OK" }
                    
{
                    "app": "Crmeb",
                    "timestamp":"2026-06-16 15:39:57.251",
                    "level": "DEBUG",
                    "thread": "http-nio-8169-exec-28",
                    "class": "o.s.web.servlet.DispatcherServlet",
                    "message": "GET "/api/admin/store/order/status/num?dateLimit=&type=2&orderId=&temp=1781595597", parameters={masked}" }
                    
{
                    "app": "Crmeb",
                    "timestamp":"2026-06-16 15:39:57.252",
                    "level": "DEBUG",
                    "thread": "http-nio-8169-exec-28",
                    "class": "o.s.w.s.m.m.a.RequestMappingHandlerMapping",
                    "message": "Mapped to com.zbkj.admin.controller.StoreOrderController#getOrderStatusNum(String, Integer, String)" }
                    
{
                    "app": "Crmeb",
                    "timestamp":"2026-06-16 15:39:57.255",
                    "level": "DEBUG",
                    "thread": "http-nio-8169-exec-21",
                    "class": "o.s.web.servlet.DispatcherServlet",
                    "message": "GET "/api/admin/pass/shipment/express?temp=1781595597", parameters={masked}" }
                    
{
                    "app": "Crmeb",
                    "timestamp":"2026-06-16 15:39:57.256",
                    "level": "DEBUG",
                    "thread": "http-nio-8169-exec-21",
                    "class": "o.s.w.s.m.m.a.RequestMappingHandlerMapping",
                    "message": "Mapped to com.zbkj.admin.controller.OnePassController#onePassShipmentExpress()" }
                    
{
                    "app": "Crmeb",
                    "timestamp":"2026-06-16 15:39:57.273",
                    "level": "DEBUG",
                    "thread": "http-nio-8169-exec-2",
                    "class": "o.s.web.servlet.DispatcherServlet",
                    "message": "GET "/api/admin/express/all?type=normal&temp=1781595597", parameters={masked}" }
                    
{
                    "app": "Crmeb",
                    "timestamp":"2026-06-16 15:39:57.274",
                    "level": "DEBUG",
                    "thread": "http-nio-8169-exec-2",
                    "class": "o.s.w.s.m.m.a.RequestMappingHandlerMapping",
                    "message": "Mapped to com.zbkj.admin.controller.ExpressController#all(String)" }
                    
{
                    "app": "Crmeb",
                    "timestamp":"2026-06-16 15:39:57.278",
                    "level": "DEBUG",
                    "thread": "http-nio-8169-exec-1",
                    "class": "o.s.web.servlet.DispatcherServlet",
                    "message": "GET "/api/admin/store/order/list?status=all&dateLimit=&orderNo=&page=1&limit=20&type=2&temp=1781595597", parameters={masked}" }
                    
{
                    "app": "Crmeb",
                    "timestamp":"2026-06-16 15:39:57.280",
                    "level": "DEBUG",
                    "thread": "http-nio-8169-exec-1",
                    "class": "o.s.w.s.m.m.a.RequestMappingHandlerMapping",
                    "message": "Mapped to com.zbkj.admin.controller.StoreOrderController#getList(StoreOrderSearchRequest, PageParamRequest)" }
                    
{
                    "app": "Crmeb",
                    "timestamp":"2026-06-16 15:39:57.348",
                    "level": "DEBUG",
                    "thread": "http-nio-8169-exec-21",
                    "class": "o.s.web.client.RestTemplate",
                    "message": "HTTP POST https://sms.crmeb.net/api/v2/user/login" }
                    
{
                    "app": "Crmeb",
                    "timestamp":"2026-06-16 15:39:57.349",
                    "level": "DEBUG",
                    "thread": "http-nio-8169-exec-21",
                    "class": "o.s.web.client.RestTemplate",
                    "message": "Accept=[text/plain, application/json, application/cbor, application/*+json, text/html, */*]" }
                    
{
                    "app": "Crmeb",
                    "timestamp":"2026-06-16 15:39:57.350",
                    "level": "DEBUG",
                    "thread": "http-nio-8169-exec-21",
                    "class": "o.s.web.client.RestTemplate",
                    "message": "Writing [{access_key=[11111], secret_key=[11111]}] as "application/x-www-form-urlencoded"" }
                    
{
                    "app": "Crmeb",
                    "timestamp":"2026-06-16 15:39:57.397",
                    "level": "DEBUG",
                    "thread": "http-nio-8169-exec-2",
                    "class": "o.s.w.s.m.m.a.RequestResponseBodyMethodProcessor",
                    "message": "Using 'application/json', given [application/json, text/plain, */*] and supported [application/json, application/*+json, application/json, application/*+json, application/cbor]" }
                    
{
                    "app": "Crmeb",
                    "timestamp":"2026-06-16 15:39:57.397",
                    "level": "DEBUG",
                    "thread": "http-nio-8169-exec-2",
                    "class": "o.s.w.s.m.m.a.RequestResponseBodyMethodProcessor",
                    "message": "Writing [com.zbkj.common.result.CommonResult@426146b0]" }
                    
{
                    "app": "Crmeb",
                    "timestamp":"2026-06-16 15:39:57.404",
                    "level": "DEBUG",
                    "thread": "http-nio-8169-exec-2",
                    "class": "o.s.web.servlet.DispatcherServlet",
                    "message": "Completed 200 OK" }
                    
{
                    "app": "Crmeb",
                    "timestamp":"2026-06-16 15:39:57.467",
                    "level": "DEBUG",
                    "thread": "http-nio-8169-exec-15",
                    "class": "o.s.web.servlet.DispatcherServlet",
                    "message": "GET "/api/admin/express/all?type=elec&temp=1781595597", parameters={masked}" }
                    
{
                    "app": "Crmeb",
                    "timestamp":"2026-06-16 15:39:57.468",
                    "level": "DEBUG",
                    "thread": "http-nio-8169-exec-15",
                    "class": "o.s.w.s.m.m.a.RequestMappingHandlerMapping",
                    "message": "Mapped to com.zbkj.admin.controller.ExpressController#all(String)" }
                    
{
                    "app": "Crmeb",
                    "timestamp":"2026-06-16 15:39:57.555",
                    "level": "DEBUG",
                    "thread": "http-nio-8169-exec-15",
                    "class": "o.s.w.s.m.m.a.RequestResponseBodyMethodProcessor",
                    "message": "Using 'application/json', given [application/json, text/plain, */*] and supported [application/json, application/*+json, application/json, application/*+json, application/cbor]" }
                    
{
                    "app": "Crmeb",
                    "timestamp":"2026-06-16 15:39:57.555",
                    "level": "DEBUG",
                    "thread": "http-nio-8169-exec-15",
                    "class": "o.s.w.s.m.m.a.RequestResponseBodyMethodProcessor",
                    "message": "Writing [com.zbkj.common.result.CommonResult@717f5152]" }
                    
{
                    "app": "Crmeb",
                    "timestamp":"2026-06-16 15:39:57.558",
                    "level": "DEBUG",
                    "thread": "http-nio-8169-exec-15",
                    "class": "o.s.web.servlet.DispatcherServlet",
                    "message": "Completed 200 OK" }
                    
{
                    "app": "Crmeb",
                    "timestamp":"2026-06-16 15:39:57.597",
                    "level": "DEBUG",
                    "thread": "http-nio-8169-exec-21",
                    "class": "o.s.web.client.RestTemplate",
                    "message": "Response 200 OK" }
                    
{
                    "app": "Crmeb",
                    "timestamp":"2026-06-16 15:39:57.597",
                    "level": "DEBUG",
                    "thread": "http-nio-8169-exec-21",
                    "class": "o.s.web.client.RestTemplate",
                    "message": "Reading to [java.lang.String] as "application/json"" }
                    
{
                    "app": "Crmeb",
                    "timestamp":"2026-06-16 15:39:57.607",
                    "level": "DEBUG",
                    "thread": "http-nio-8169-exec-21",
                    "class": "o.s.w.s.m.m.a.ExceptionHandlerExceptionResolver",
                    "message": "Using @ExceptionHandler com.zbkj.service.exception.GlobalExceptionHandler#defaultExceptionHandler(HttpServletRequest, Exception)" }
                    
{
                    "app": "Crmeb",
                    "timestamp":"2026-06-16 15:39:57.682",
                    "level": "DEBUG",
                    "thread": "http-nio-8169-exec-1",
                    "class": "o.s.w.s.m.m.a.RequestResponseBodyMethodProcessor",
                    "message": "Using 'application/json', given [application/json, text/plain, */*] and supported [application/json, application/*+json, application/json, application/*+json, application/cbor]" }
                    
{
                    "app": "Crmeb",
                    "timestamp":"2026-06-16 15:39:57.682",
                    "level": "DEBUG",
                    "thread": "http-nio-8169-exec-1",
                    "class": "o.s.w.s.m.m.a.RequestResponseBodyMethodProcessor",
                    "message": "Writing [com.zbkj.common.result.CommonResult@25facbf0]" }
                    
{
                    "app": "Crmeb",
                    "timestamp":"2026-06-16 15:39:57.689",
                    "level": "DEBUG",
                    "thread": "http-nio-8169-exec-1",
                    "class": "o.s.web.servlet.DispatcherServlet",
                    "message": "Completed 200 OK" }
                    
{
                    "app": "Crmeb",
                    "timestamp":"2026-06-16 15:39:57.718",
                    "level": "DEBUG",
                    "thread": "http-nio-8169-exec-21",
                    "class": "o.s.w.s.m.m.a.RequestResponseBodyMethodProcessor",
                    "message": "Using 'application/json', given [application/json, text/plain, */*] and supported [application/json, application/*+json, application/json, application/*+json, application/cbor]" }
                    
{
                    "app": "Crmeb",
                    "timestamp":"2026-06-16 15:39:57.718",
                    "level": "DEBUG",
                    "thread": "http-nio-8169-exec-21",
                    "class": "o.s.w.s.m.m.a.RequestResponseBodyMethodProcessor",
                    "message": "Writing [com.zbkj.common.result.CommonResult@57bda886]" }
                    
{
                    "app": "Crmeb",
                    "timestamp":"2026-06-16 15:39:57.719",
                    "level": "DEBUG",
                    "thread": "http-nio-8169-exec-21",
                    "class": "o.s.w.s.m.m.a.ExceptionHandlerExceptionResolver",
                    "message": "Resolved [com.zbkj.common.exception.CrmebException: 一号通平台接口接口请求失败:accessKey或者secretKey不正确]" }
                    
{
                    "app": "Crmeb",
                    "timestamp":"2026-06-16 15:39:57.720",
                    "level": "DEBUG",
                    "thread": "http-nio-8169-exec-21",
                    "class": "o.s.web.servlet.DispatcherServlet",
                    "message": "Completed 200 OK" }
                    
{
                    "app": "Crmeb",
                    "timestamp":"2026-06-16 15:39:57.721",
                    "level": "DEBUG",
                    "thread": "http-nio-8169-exec-28",
                    "class": "o.s.w.s.m.m.a.RequestResponseBodyMethodProcessor",
                    "message": "Using 'application/json', given [application/json, text/plain, */*] and supported [application/json, application/*+json, application/json, application/*+json, application/cbor]" }
                    
{
                    "app": "Crmeb",
                    "timestamp":"2026-06-16 15:39:57.722",
                    "level": "DEBUG",
                    "thread": "http-nio-8169-exec-28",
                    "class": "o.s.w.s.m.m.a.RequestResponseBodyMethodProcessor",
                    "message": "Writing [com.zbkj.common.result.CommonResult@49fb8843]" }
                    
{
                    "app": "Crmeb",
                    "timestamp":"2026-06-16 15:39:57.724",
                    "level": "DEBUG",
                    "thread": "http-nio-8169-exec-28",
                    "class": "o.s.web.servlet.DispatcherServlet",
                    "message": "Completed 200 OK" }
                    
{
                    "app": "Crmeb",
                    "timestamp":"2026-06-16 15:40:48.075",
                    "level": "DEBUG",
                    "thread": "http-nio-8169-exec-4",
                    "class": "o.s.web.servlet.DispatcherServlet",
                    "message": "GET "/api/admin/getAdminInfoByToken?token=9a097e69405442a894d1bc018a1be1d8&temp=1781595647", parameters={masked}" }
                    
{
                    "app": "Crmeb",
                    "timestamp":"2026-06-16 15:40:48.076",
                    "level": "DEBUG",
                    "thread": "http-nio-8169-exec-4",
                    "class": "o.s.w.s.m.m.a.RequestMappingHandlerMapping",
                    "message": "Mapped to com.zbkj.admin.controller.AdminLoginController#getAdminInfo()" }
                    
{
                    "app": "Crmeb",
                    "timestamp":"2026-06-16 15:40:48.076",
                    "level": "DEBUG",
                    "thread": "http-nio-8169-exec-4",
                    "class": "o.s.w.s.m.m.a.RequestResponseBodyMethodProcessor",
                    "message": "Using 'application/json', given [application/json, text/plain, */*] and supported [application/json, application/*+json, application/json, application/*+json, application/cbor]" }
                    
{
                    "app": "Crmeb",
                    "timestamp":"2026-06-16 15:40:48.077",
                    "level": "DEBUG",
                    "thread": "http-nio-8169-exec-4",
                    "class": "o.s.w.s.m.m.a.RequestResponseBodyMethodProcessor",
                    "message": "Writing [com.zbkj.common.result.CommonResult@240d275d]" }
                    
{
                    "app": "Crmeb",
                    "timestamp":"2026-06-16 15:40:48.077",
                    "level": "DEBUG",
                    "thread": "http-nio-8169-exec-4",
                    "class": "o.s.web.servlet.DispatcherServlet",
                    "message": "Completed 200 OK" }
                    
{
                    "app": "Crmeb",
                    "timestamp":"2026-06-16 15:40:48.171",
                    "level": "DEBUG",
                    "thread": "http-nio-8169-exec-7",
                    "class": "o.s.web.servlet.DispatcherServlet",
                    "message": "GET "/api/admin/getMenus?temp=1781595648", parameters={masked}" }
                    
{
                    "app": "Crmeb",
                    "timestamp":"2026-06-16 15:40:48.172",
                    "level": "DEBUG",
                    "thread": "http-nio-8169-exec-7",
                    "class": "o.s.w.s.m.m.a.RequestMappingHandlerMapping",
                    "message": "Mapped to com.zbkj.admin.controller.AdminLoginController#getMenus()" }
                    
{
                    "app": "Crmeb",
                    "timestamp":"2026-06-16 15:40:48.220",
                    "level": "DEBUG",
                    "thread": "http-nio-8169-exec-7",
                    "class": "o.s.w.s.m.m.a.RequestResponseBodyMethodProcessor",
                    "message": "Using 'application/json', given [application/json, text/plain, */*] and supported [application/json, application/*+json, application/json, application/*+json, application/cbor]" }
                    
{
                    "app": "Crmeb",
                    "timestamp":"2026-06-16 15:40:48.220",
                    "level": "DEBUG",
                    "thread": "http-nio-8169-exec-7",
                    "class": "o.s.w.s.m.m.a.RequestResponseBodyMethodProcessor",
                    "message": "Writing [com.zbkj.common.result.CommonResult@2ec53440]" }
                    
{
                    "app": "Crmeb",
                    "timestamp":"2026-06-16 15:40:48.221",
                    "level": "DEBUG",
                    "thread": "http-nio-8169-exec-7",
                    "class": "o.s.web.servlet.DispatcherServlet",
                    "message": "Completed 200 OK" }
                    
{
                    "app": "Crmeb",
                    "timestamp":"2026-06-16 15:40:48.448",
                    "level": "DEBUG",
                    "thread": "http-nio-8169-exec-19",
                    "class": "o.s.web.servlet.DispatcherServlet",
                    "message": "GET "/api/admin/express/all?type=normal&temp=1781595648", parameters={masked}" }
                    
{
                    "app": "Crmeb",
                    "timestamp":"2026-06-16 15:40:48.448",
                    "level": "DEBUG",
                    "thread": "http-nio-8169-exec-25",
                    "class": "o.s.web.servlet.DispatcherServlet",
                    "message": "GET "/api/admin/store/order/status/num?dateLimit=&type=2&orderId=&temp=1781595648", parameters={masked}" }
                    
{
                    "app": "Crmeb",
                    "timestamp":"2026-06-16 15:40:48.448",
                    "level": "DEBUG",
                    "thread": "http-nio-8169-exec-13",
                    "class": "o.s.web.servlet.DispatcherServlet",
                    "message": "GET "/api/admin/pass/shipment/express?temp=1781595648", parameters={masked}" }
                    
{
                    "app": "Crmeb",
                    "timestamp":"2026-06-16 15:40:48.449",
                    "level": "DEBUG",
                    "thread": "http-nio-8169-exec-19",
                    "class": "o.s.w.s.m.m.a.RequestMappingHandlerMapping",
                    "message": "Mapped to com.zbkj.admin.controller.ExpressController#all(String)" }
                    
{
                    "app": "Crmeb",
                    "timestamp":"2026-06-16 15:40:48.449",
                    "level": "DEBUG",
                    "thread": "http-nio-8169-exec-25",
                    "class": "o.s.w.s.m.m.a.RequestMappingHandlerMapping",
                    "message": "Mapped to com.zbkj.admin.controller.StoreOrderController#getOrderStatusNum(String, Integer, String)" }
                    
{
                    "app": "Crmeb",
                    "timestamp":"2026-06-16 15:40:48.449",
                    "level": "DEBUG",
                    "thread": "http-nio-8169-exec-13",
                    "class": "o.s.w.s.m.m.a.RequestMappingHandlerMapping",
                    "message": "Mapped to com.zbkj.admin.controller.OnePassController#onePassShipmentExpress()" }
                    
{
                    "app": "Crmeb",
                    "timestamp":"2026-06-16 15:40:48.469",
                    "level": "DEBUG",
                    "thread": "http-nio-8169-exec-20",
                    "class": "o.s.web.servlet.DispatcherServlet",
                    "message": "GET "/api/admin/copyright/get/info?temp=1781595648", parameters={masked}" }
                    
{
                    "app": "Crmeb",
                    "timestamp":"2026-06-16 15:40:48.470",
                    "level": "DEBUG",
                    "thread": "http-nio-8169-exec-20",
                    "class": "o.s.w.s.m.m.a.RequestMappingHandlerMapping",
                    "message": "Mapped to com.zbkj.admin.controller.CopyrightController#getInfo()" }
                    
{
                    "app": "Crmeb",
                    "timestamp":"2026-06-16 15:40:48.478",
                    "level": "DEBUG",
                    "thread": "http-nio-8169-exec-17",
                    "class": "o.s.web.servlet.DispatcherServlet",
                    "message": "GET "/api/admin/store/order/list?status=all&dateLimit=&orderNo=&page=1&limit=20&type=2&temp=1781595648", parameters={masked}" }
                    
{
                    "app": "Crmeb",
                    "timestamp":"2026-06-16 15:40:48.479",
                    "level": "DEBUG",
                    "thread": "http-nio-8169-exec-17",
                    "class": "o.s.w.s.m.m.a.RequestMappingHandlerMapping",
                    "message": "Mapped to com.zbkj.admin.controller.StoreOrderController#getList(StoreOrderSearchRequest, PageParamRequest)" }
                    
{
                    "app": "Crmeb",
                    "timestamp":"2026-06-16 15:40:48.560",
                    "level": "DEBUG",
                    "thread": "http-nio-8169-exec-19",
                    "class": "o.s.w.s.m.m.a.RequestResponseBodyMethodProcessor",
                    "message": "Using 'application/json', given [application/json, text/plain, */*] and supported [application/json, application/*+json, application/json, application/*+json, application/cbor]" }
                    
{
                    "app": "Crmeb",
                    "timestamp":"2026-06-16 15:40:48.561",
                    "level": "DEBUG",
                    "thread": "http-nio-8169-exec-19",
                    "class": "o.s.w.s.m.m.a.RequestResponseBodyMethodProcessor",
                    "message": "Writing [com.zbkj.common.result.CommonResult@1fbe609a]" }
                    
{
                    "app": "Crmeb",
                    "timestamp":"2026-06-16 15:40:48.564",
                    "level": "DEBUG",
                    "thread": "http-nio-8169-exec-19",
                    "class": "o.s.web.servlet.DispatcherServlet",
                    "message": "Completed 200 OK" }
                    
{
                    "app": "Crmeb",
                    "timestamp":"2026-06-16 15:40:48.565",
                    "level": "DEBUG",
                    "thread": "http-nio-8169-exec-20",
                    "class": "o.s.web.client.RestTemplate",
                    "message": "HTTP POST https://authorize.crmeb.net/api/auth_cert_query?domain_name=https://localhost:8169&label=22&version=CRMEB-JAVA-KY-v1.4" }
                    
{
                    "app": "Crmeb",
                    "timestamp":"2026-06-16 15:40:48.565",
                    "level": "DEBUG",
                    "thread": "http-nio-8169-exec-13",
                    "class": "o.s.web.client.RestTemplate",
                    "message": "HTTP POST https://sms.crmeb.net/api/v2/user/login" }
                    
{
                    "app": "Crmeb",
                    "timestamp":"2026-06-16 15:40:48.566",
                    "level": "DEBUG",
                    "thread": "http-nio-8169-exec-20",
                    "class": "o.s.web.client.RestTemplate",
                    "message": "Accept=[application/json, application/cbor, application/*+json, text/plain, text/html]" }
                    
{
                    "app": "Crmeb",
                    "timestamp":"2026-06-16 15:40:48.566",
                    "level": "DEBUG",
                    "thread": "http-nio-8169-exec-13",
                    "class": "o.s.web.client.RestTemplate",
                    "message": "Accept=[text/plain, application/json, application/cbor, application/*+json, text/html, */*]" }
                    
{
                    "app": "Crmeb",
                    "timestamp":"2026-06-16 15:40:48.566",
                    "level": "DEBUG",
                    "thread": "http-nio-8169-exec-13",
                    "class": "o.s.web.client.RestTemplate",
                    "message": "Writing [{access_key=[11111], secret_key=[11111]}] as "application/x-www-form-urlencoded"" }
                    
{
                    "app": "Crmeb",
                    "timestamp":"2026-06-16 15:40:48.639",
                    "level": "DEBUG",
                    "thread": "http-nio-8169-exec-22",
                    "class": "o.s.web.servlet.DispatcherServlet",
                    "message": "GET "/api/admin/express/all?type=elec&temp=1781595648", parameters={masked}" }
                    
{
                    "app": "Crmeb",
                    "timestamp":"2026-06-16 15:40:48.641",
                    "level": "DEBUG",
                    "thread": "http-nio-8169-exec-22",
                    "class": "o.s.w.s.m.m.a.RequestMappingHandlerMapping",
                    "message": "Mapped to com.zbkj.admin.controller.ExpressController#all(String)" }
                    
{
                    "app": "Crmeb",
                    "timestamp":"2026-06-16 15:40:48.705",
                    "level": "DEBUG",
                    "thread": "http-nio-8169-exec-22",
                    "class": "o.s.w.s.m.m.a.RequestResponseBodyMethodProcessor",
                    "message": "Using 'application/json', given [application/json, text/plain, */*] and supported [application/json, application/*+json, application/json, application/*+json, application/cbor]" }
                    
{
                    "app": "Crmeb",
                    "timestamp":"2026-06-16 15:40:48.706",
                    "level": "DEBUG",
                    "thread": "http-nio-8169-exec-22",
                    "class": "o.s.w.s.m.m.a.RequestResponseBodyMethodProcessor",
                    "message": "Writing [com.zbkj.common.result.CommonResult@2eeae518]" }
                    
{
                    "app": "Crmeb",
                    "timestamp":"2026-06-16 15:40:48.709",
                    "level": "DEBUG",
                    "thread": "http-nio-8169-exec-22",
                    "class": "o.s.web.servlet.DispatcherServlet",
                    "message": "Completed 200 OK" }
                    
{
                    "app": "Crmeb",
                    "timestamp":"2026-06-16 15:40:48.733",
                    "level": "DEBUG",
                    "thread": "http-nio-8169-exec-13",
                    "class": "o.s.web.client.RestTemplate",
                    "message": "Response 200 OK" }
                    
{
                    "app": "Crmeb",
                    "timestamp":"2026-06-16 15:40:48.733",
                    "level": "DEBUG",
                    "thread": "http-nio-8169-exec-13",
                    "class": "o.s.web.client.RestTemplate",
                    "message": "Reading to [java.lang.String] as "application/json"" }
                    
{
                    "app": "Crmeb",
                    "timestamp":"2026-06-16 15:40:48.735",
                    "level": "DEBUG",
                    "thread": "http-nio-8169-exec-13",
                    "class": "o.s.w.s.m.m.a.ExceptionHandlerExceptionResolver",
                    "message": "Using @ExceptionHandler com.zbkj.service.exception.GlobalExceptionHandler#defaultExceptionHandler(HttpServletRequest, Exception)" }
                    
{
                    "app": "Crmeb",
                    "timestamp":"2026-06-16 15:40:48.764",
                    "level": "DEBUG",
                    "thread": "http-nio-8169-exec-20",
                    "class": "o.s.web.client.RestTemplate",
                    "message": "Response 200 OK" }
                    
{
                    "app": "Crmeb",
                    "timestamp":"2026-06-16 15:40:48.765",
                    "level": "DEBUG",
                    "thread": "http-nio-8169-exec-20",
                    "class": "o.s.web.client.RestTemplate",
                    "message": "Reading to [com.alibaba.fastjson.JSONObject]" }
                    
{
                    "app": "Crmeb",
                    "timestamp":"2026-06-16 15:40:48.766",
                    "level": "DEBUG",
                    "thread": "http-nio-8169-exec-20",
                    "class": "o.s.w.s.m.m.a.RequestResponseBodyMethodProcessor",
                    "message": "Using 'application/json', given [application/json, text/plain, */*] and supported [application/json, application/*+json, application/json, application/*+json, application/cbor]" }
                    
{
                    "app": "Crmeb",
                    "timestamp":"2026-06-16 15:40:48.766",
                    "level": "DEBUG",
                    "thread": "http-nio-8169-exec-20",
                    "class": "o.s.w.s.m.m.a.RequestResponseBodyMethodProcessor",
                    "message": "Writing [com.zbkj.common.result.CommonResult@4bb82e7b]" }
                    
{
                    "app": "Crmeb",
                    "timestamp":"2026-06-16 15:40:48.768",
                    "level": "DEBUG",
                    "thread": "http-nio-8169-exec-20",
                    "class": "o.s.web.servlet.DispatcherServlet",
                    "message": "Completed 200 OK" }
                    
{
                    "app": "Crmeb",
                    "timestamp":"2026-06-16 15:40:48.786",
                    "level": "DEBUG",
                    "thread": "http-nio-8169-exec-13",
                    "class": "o.s.w.s.m.m.a.RequestResponseBodyMethodProcessor",
                    "message": "Using 'application/json', given [application/json, text/plain, */*] and supported [application/json, application/*+json, application/json, application/*+json, application/cbor]" }
                    
{
                    "app": "Crmeb",
                    "timestamp":"2026-06-16 15:40:48.786",
                    "level": "DEBUG",
                    "thread": "http-nio-8169-exec-13",
                    "class": "o.s.w.s.m.m.a.RequestResponseBodyMethodProcessor",
                    "message": "Writing [com.zbkj.common.result.CommonResult@6e9ced5b]" }
                    
{
                    "app": "Crmeb",
                    "timestamp":"2026-06-16 15:40:48.787",
                    "level": "DEBUG",
                    "thread": "http-nio-8169-exec-13",
                    "class": "o.s.w.s.m.m.a.ExceptionHandlerExceptionResolver",
                    "message": "Resolved [com.zbkj.common.exception.CrmebException: 一号通平台接口接口请求失败:accessKey或者secretKey不正确]" }
                    
{
                    "app": "Crmeb",
                    "timestamp":"2026-06-16 15:40:48.787",
                    "level": "DEBUG",
                    "thread": "http-nio-8169-exec-13",
                    "class": "o.s.web.servlet.DispatcherServlet",
                    "message": "Completed 200 OK" }
                    
{
                    "app": "Crmeb",
                    "timestamp":"2026-06-16 15:40:48.844",
                    "level": "DEBUG",
                    "thread": "http-nio-8169-exec-17",
                    "class": "o.s.w.s.m.m.a.RequestResponseBodyMethodProcessor",
                    "message": "Using 'application/json', given [application/json, text/plain, */*] and supported [application/json, application/*+json, application/json, application/*+json, application/cbor]" }
                    
{
                    "app": "Crmeb",
                    "timestamp":"2026-06-16 15:40:48.844",
                    "level": "DEBUG",
                    "thread": "http-nio-8169-exec-17",
                    "class": "o.s.w.s.m.m.a.RequestResponseBodyMethodProcessor",
                    "message": "Writing [com.zbkj.common.result.CommonResult@46e7e81a]" }
                    
{
                    "app": "Crmeb",
                    "timestamp":"2026-06-16 15:40:48.845",
                    "level": "DEBUG",
                    "thread": "http-nio-8169-exec-17",
                    "class": "o.s.web.servlet.DispatcherServlet",
                    "message": "Completed 200 OK" }
                    
{
                    "app": "Crmeb",
                    "timestamp":"2026-06-16 15:40:48.884",
                    "level": "DEBUG",
                    "thread": "http-nio-8169-exec-25",
                    "class": "o.s.w.s.m.m.a.RequestResponseBodyMethodProcessor",
                    "message": "Using 'application/json', given [application/json, text/plain, */*] and supported [application/json, application/*+json, application/json, application/*+json, application/cbor]" }
                    
{
                    "app": "Crmeb",
                    "timestamp":"2026-06-16 15:40:48.884",
                    "level": "DEBUG",
                    "thread": "http-nio-8169-exec-25",
                    "class": "o.s.w.s.m.m.a.RequestResponseBodyMethodProcessor",
                    "message": "Writing [com.zbkj.common.result.CommonResult@381ec00b]" }
                    
{
                    "app": "Crmeb",
                    "timestamp":"2026-06-16 15:40:48.884",
                    "level": "DEBUG",
                    "thread": "http-nio-8169-exec-25",
                    "class": "o.s.web.servlet.DispatcherServlet",
                    "message": "Completed 200 OK" }
                    
{
                    "app": "Crmeb",
                    "timestamp":"2026-06-16 15:40:54.337",
                    "level": "DEBUG",
                    "thread": "http-nio-8169-exec-30",
                    "class": "o.s.web.servlet.DispatcherServlet",
                    "message": "GET "/api/admin/store/product/list?page=1&limit=20&cateId=&keywords=&type=1&temp=1781595654", parameters={masked}" }
                    
{
                    "app": "Crmeb",
                    "timestamp":"2026-06-16 15:40:54.337",
                    "level": "DEBUG",
                    "thread": "http-nio-8169-exec-29",
                    "class": "o.s.web.servlet.DispatcherServlet",
                    "message": "GET "/api/admin/category/list/tree?status=-1&type=1&temp=1781595654", parameters={masked}" }
                    
{
                    "app": "Crmeb",
                    "timestamp":"2026-06-16 15:40:54.337",
                    "level": "DEBUG",
                    "thread": "http-nio-8169-exec-30",
                    "class": "o.s.w.s.m.m.a.RequestMappingHandlerMapping",
                    "message": "Mapped to com.zbkj.admin.controller.StoreProductController#getList(StoreProductSearchRequest, PageParamRequest)" }
                    
{
                    "app": "Crmeb",
                    "timestamp":"2026-06-16 15:40:54.337",
                    "level": "DEBUG",
                    "thread": "http-nio-8169-exec-29",
                    "class": "o.s.w.s.m.m.a.RequestMappingHandlerMapping",
                    "message": "Mapped to com.zbkj.admin.controller.CategoryController#getListTree(Integer, Integer, String)" }
                    
{
                    "app": "Crmeb",
                    "timestamp":"2026-06-16 15:40:54.365",
                    "level": "DEBUG",
                    "thread": "http-nio-8169-exec-2",
                    "class": "o.s.web.servlet.DispatcherServlet",
                    "message": "GET "/api/admin/store/product/tabs/headers?page=1&limit=20&cateId=&keywords=&type=1&temp=1781595654", parameters={masked}" }
                    
{
                    "app": "Crmeb",
                    "timestamp":"2026-06-16 15:40:54.366",
                    "level": "DEBUG",
                    "thread": "http-nio-8169-exec-2",
                    "class": "o.s.w.s.m.m.a.RequestMappingHandlerMapping",
                    "message": "Mapped to com.zbkj.admin.controller.StoreProductController#getTabsHeader(StoreProductHeaderRequest)" }
                    
{
                    "app": "Crmeb",
                    "timestamp":"2026-06-16 15:40:54.381",
                    "level": "DEBUG",
                    "thread": "http-nio-8169-exec-29",
                    "class": "o.s.w.s.m.m.a.RequestResponseBodyMethodProcessor",
                    "message": "Using 'application/json', given [application/json, text/plain, */*] and supported [application/json, application/*+json, application/json, application/*+json, application/cbor]" }
                    
{
                    "app": "Crmeb",
                    "timestamp":"2026-06-16 15:40:54.382",
                    "level": "DEBUG",
                    "thread": "http-nio-8169-exec-29",
                    "class": "o.s.w.s.m.m.a.RequestResponseBodyMethodProcessor",
                    "message": "Writing [com.zbkj.common.result.CommonResult@20692ef1]" }
                    
{
                    "app": "Crmeb",
                    "timestamp":"2026-06-16 15:40:54.382",
                    "level": "DEBUG",
                    "thread": "http-nio-8169-exec-29",
                    "class": "o.s.web.servlet.DispatcherServlet",
                    "message": "Completed 200 OK" }
                    
{
                    "app": "Crmeb",
                    "timestamp":"2026-06-16 15:40:54.666",
                    "level": "DEBUG",
                    "thread": "http-nio-8169-exec-30",
                    "class": "o.s.w.s.m.m.a.RequestResponseBodyMethodProcessor",
                    "message": "Using 'application/json', given [application/json, text/plain, */*] and supported [application/json, application/*+json, application/json, application/*+json, application/cbor]" }
                    
{
                    "app": "Crmeb",
                    "timestamp":"2026-06-16 15:40:54.666",
                    "level": "DEBUG",
                    "thread": "http-nio-8169-exec-30",
                    "class": "o.s.w.s.m.m.a.RequestResponseBodyMethodProcessor",
                    "message": "Writing [com.zbkj.common.result.CommonResult@f88abe9]" }
                    
{
                    "app": "Crmeb",
                    "timestamp":"2026-06-16 15:40:54.667",
                    "level": "DEBUG",
                    "thread": "http-nio-8169-exec-30",
                    "class": "o.s.web.servlet.DispatcherServlet",
                    "message": "Completed 200 OK" }
                    
{
                    "app": "Crmeb",
                    "timestamp":"2026-06-16 15:40:54.673",
                    "level": "DEBUG",
                    "thread": "http-nio-8169-exec-2",
                    "class": "o.s.w.s.m.m.a.RequestResponseBodyMethodProcessor",
                    "message": "Using 'application/json', given [application/json, text/plain, */*] and supported [application/json, application/*+json, application/json, application/*+json, application/cbor]" }
                    
{
                    "app": "Crmeb",
                    "timestamp":"2026-06-16 15:40:54.674",
                    "level": "DEBUG",
                    "thread": "http-nio-8169-exec-2",
                    "class": "o.s.w.s.m.m.a.RequestResponseBodyMethodProcessor",
                    "message": "Writing [com.zbkj.common.result.CommonResult@6f8c65bf]" }
                    
{
                    "app": "Crmeb",
                    "timestamp":"2026-06-16 15:40:54.674",
                    "level": "DEBUG",
                    "thread": "http-nio-8169-exec-2",
                    "class": "o.s.web.servlet.DispatcherServlet",
                    "message": "Completed 200 OK" }
                    
{
                    "app": "Crmeb",
                    "timestamp":"2026-06-16 15:40:56.470",
                    "level": "DEBUG",
                    "thread": "http-nio-8169-exec-3",
                    "class": "o.s.web.servlet.DispatcherServlet",
                    "message": "GET "/api/admin/store/order/status/num?dateLimit=&type=2&orderId=&temp=1781595656", parameters={masked}" }
                    
{
                    "app": "Crmeb",
                    "timestamp":"2026-06-16 15:40:56.470",
                    "level": "DEBUG",
                    "thread": "http-nio-8169-exec-3",
                    "class": "o.s.w.s.m.m.a.RequestMappingHandlerMapping",
                    "message": "Mapped to com.zbkj.admin.controller.StoreOrderController#getOrderStatusNum(String, Integer, String)" }
                    
{
                    "app": "Crmeb",
                    "timestamp":"2026-06-16 15:40:56.474",
                    "level": "DEBUG",
                    "thread": "http-nio-8169-exec-5",
                    "class": "o.s.web.servlet.DispatcherServlet",
                    "message": "GET "/api/admin/store/order/list?status=all&dateLimit=&orderNo=&page=1&limit=20&type=2&temp=1781595656", parameters={masked}" }
                    
{
                    "app": "Crmeb",
                    "timestamp":"2026-06-16 15:40:56.475",
                    "level": "DEBUG",
                    "thread": "http-nio-8169-exec-5",
                    "class": "o.s.w.s.m.m.a.RequestMappingHandlerMapping",
                    "message": "Mapped to com.zbkj.admin.controller.StoreOrderController#getList(StoreOrderSearchRequest, PageParamRequest)" }
                    
{
                    "app": "Crmeb",
                    "timestamp":"2026-06-16 15:40:56.493",
                    "level": "DEBUG",
                    "thread": "http-nio-8169-exec-26",
                    "class": "o.s.web.servlet.DispatcherServlet",
                    "message": "GET "/api/admin/express/all?type=normal&temp=1781595656", parameters={masked}" }
                    
{
                    "app": "Crmeb",
                    "timestamp":"2026-06-16 15:40:56.493",
                    "level": "DEBUG",
                    "thread": "http-nio-8169-exec-26",
                    "class": "o.s.w.s.m.m.a.RequestMappingHandlerMapping",
                    "message": "Mapped to com.zbkj.admin.controller.ExpressController#all(String)" }
                    
{
                    "app": "Crmeb",
                    "timestamp":"2026-06-16 15:40:56.502",
                    "level": "DEBUG",
                    "thread": "http-nio-8169-exec-27",
                    "class": "o.s.web.servlet.DispatcherServlet",
                    "message": "GET "/api/admin/pass/shipment/express?temp=1781595656", parameters={masked}" }
                    
{
                    "app": "Crmeb",
                    "timestamp":"2026-06-16 15:40:56.503",
                    "level": "DEBUG",
                    "thread": "http-nio-8169-exec-27",
                    "class": "o.s.w.s.m.m.a.RequestMappingHandlerMapping",
                    "message": "Mapped to com.zbkj.admin.controller.OnePassController#onePassShipmentExpress()" }
                    
{
                    "app": "Crmeb",
                    "timestamp":"2026-06-16 15:40:56.599",
                    "level": "DEBUG",
                    "thread": "http-nio-8169-exec-26",
                    "class": "o.s.w.s.m.m.a.RequestResponseBodyMethodProcessor",
                    "message": "Using 'application/json', given [application/json, text/plain, */*] and supported [application/json, application/*+json, application/json, application/*+json, application/cbor]" }
                    
{
                    "app": "Crmeb",
                    "timestamp":"2026-06-16 15:40:56.600",
                    "level": "DEBUG",
                    "thread": "http-nio-8169-exec-26",
                    "class": "o.s.w.s.m.m.a.RequestResponseBodyMethodProcessor",
                    "message": "Writing [com.zbkj.common.result.CommonResult@6304fd6c]" }
                    
{
                    "app": "Crmeb",
                    "timestamp":"2026-06-16 15:40:56.602",
                    "level": "DEBUG",
                    "thread": "http-nio-8169-exec-26",
                    "class": "o.s.web.servlet.DispatcherServlet",
                    "message": "Completed 200 OK" }
                    
{
                    "app": "Crmeb",
                    "timestamp":"2026-06-16 15:40:56.628",
                    "level": "DEBUG",
                    "thread": "http-nio-8169-exec-27",
                    "class": "o.s.web.client.RestTemplate",
                    "message": "HTTP POST https://sms.crmeb.net/api/v2/user/login" }
                    
{
                    "app": "Crmeb",
                    "timestamp":"2026-06-16 15:40:56.628",
                    "level": "DEBUG",
                    "thread": "http-nio-8169-exec-27",
                    "class": "o.s.web.client.RestTemplate",
                    "message": "Accept=[text/plain, application/json, application/cbor, application/*+json, text/html, */*]" }
                    
{
                    "app": "Crmeb",
                    "timestamp":"2026-06-16 15:40:56.628",
                    "level": "DEBUG",
                    "thread": "http-nio-8169-exec-27",
                    "class": "o.s.web.client.RestTemplate",
                    "message": "Writing [{access_key=[11111], secret_key=[11111]}] as "application/x-www-form-urlencoded"" }
                    
{
                    "app": "Crmeb",
                    "timestamp":"2026-06-16 15:40:56.696",
                    "level": "DEBUG",
                    "thread": "http-nio-8169-exec-4",
                    "class": "o.s.web.servlet.DispatcherServlet",
                    "message": "GET "/api/admin/express/all?type=elec&temp=1781595656", parameters={masked}" }
                    
{
                    "app": "Crmeb",
                    "timestamp":"2026-06-16 15:40:56.696",
                    "level": "DEBUG",
                    "thread": "http-nio-8169-exec-4",
                    "class": "o.s.w.s.m.m.a.RequestMappingHandlerMapping",
                    "message": "Mapped to com.zbkj.admin.controller.ExpressController#all(String)" }
                    
{
                    "app": "Crmeb",
                    "timestamp":"2026-06-16 15:40:56.758",
                    "level": "DEBUG",
                    "thread": "http-nio-8169-exec-4",
                    "class": "o.s.w.s.m.m.a.RequestResponseBodyMethodProcessor",
                    "message": "Using 'application/json', given [application/json, text/plain, */*] and supported [application/json, application/*+json, application/json, application/*+json, application/cbor]" }
                    
{
                    "app": "Crmeb",
                    "timestamp":"2026-06-16 15:40:56.759",
                    "level": "DEBUG",
                    "thread": "http-nio-8169-exec-4",
                    "class": "o.s.w.s.m.m.a.RequestResponseBodyMethodProcessor",
                    "message": "Writing [com.zbkj.common.result.CommonResult@3fd402cc]" }
                    
{
                    "app": "Crmeb",
                    "timestamp":"2026-06-16 15:40:56.762",
                    "level": "DEBUG",
                    "thread": "http-nio-8169-exec-4",
                    "class": "o.s.web.servlet.DispatcherServlet",
                    "message": "Completed 200 OK" }
                    
{
                    "app": "Crmeb",
                    "timestamp":"2026-06-16 15:40:56.794",
                    "level": "DEBUG",
                    "thread": "http-nio-8169-exec-27",
                    "class": "o.s.web.client.RestTemplate",
                    "message": "Response 200 OK" }
                    
{
                    "app": "Crmeb",
                    "timestamp":"2026-06-16 15:40:56.795",
                    "level": "DEBUG",
                    "thread": "http-nio-8169-exec-27",
                    "class": "o.s.web.client.RestTemplate",
                    "message": "Reading to [java.lang.String] as "application/json"" }
                    
{
                    "app": "Crmeb",
                    "timestamp":"2026-06-16 15:40:56.795",
                    "level": "DEBUG",
                    "thread": "http-nio-8169-exec-27",
                    "class": "o.s.w.s.m.m.a.ExceptionHandlerExceptionResolver",
                    "message": "Using @ExceptionHandler com.zbkj.service.exception.GlobalExceptionHandler#defaultExceptionHandler(HttpServletRequest, Exception)" }
                    
{
                    "app": "Crmeb",
                    "timestamp":"2026-06-16 15:40:56.844",
                    "level": "DEBUG",
                    "thread": "http-nio-8169-exec-5",
                    "class": "o.s.w.s.m.m.a.RequestResponseBodyMethodProcessor",
                    "message": "Using 'application/json', given [application/json, text/plain, */*] and supported [application/json, application/*+json, application/json, application/*+json, application/cbor]" }
                    
{
                    "app": "Crmeb",
                    "timestamp":"2026-06-16 15:40:56.844",
                    "level": "DEBUG",
                    "thread": "http-nio-8169-exec-5",
                    "class": "o.s.w.s.m.m.a.RequestResponseBodyMethodProcessor",
                    "message": "Writing [com.zbkj.common.result.CommonResult@52218a1b]" }
                    
{
                    "app": "Crmeb",
                    "timestamp":"2026-06-16 15:40:56.845",
                    "level": "DEBUG",
                    "thread": "http-nio-8169-exec-5",
                    "class": "o.s.web.servlet.DispatcherServlet",
                    "message": "Completed 200 OK" }
                    
{
                    "app": "Crmeb",
                    "timestamp":"2026-06-16 15:40:56.847",
                    "level": "DEBUG",
                    "thread": "http-nio-8169-exec-27",
                    "class": "o.s.w.s.m.m.a.RequestResponseBodyMethodProcessor",
                    "message": "Using 'application/json', given [application/json, text/plain, */*] and supported [application/json, application/*+json, application/json, application/*+json, application/cbor]" }
                    
{
                    "app": "Crmeb",
                    "timestamp":"2026-06-16 15:40:56.847",
                    "level": "DEBUG",
                    "thread": "http-nio-8169-exec-27",
                    "class": "o.s.w.s.m.m.a.RequestResponseBodyMethodProcessor",
                    "message": "Writing [com.zbkj.common.result.CommonResult@5c3da31f]" }
                    
{
                    "app": "Crmeb",
                    "timestamp":"2026-06-16 15:40:56.848",
                    "level": "DEBUG",
                    "thread": "http-nio-8169-exec-27",
                    "class": "o.s.w.s.m.m.a.ExceptionHandlerExceptionResolver",
                    "message": "Resolved [com.zbkj.common.exception.CrmebException: 一号通平台接口接口请求失败:accessKey或者secretKey不正确]" }
                    
{
                    "app": "Crmeb",
                    "timestamp":"2026-06-16 15:40:56.848",
                    "level": "DEBUG",
                    "thread": "http-nio-8169-exec-27",
                    "class": "o.s.web.servlet.DispatcherServlet",
                    "message": "Completed 200 OK" }
                    
{
                    "app": "Crmeb",
                    "timestamp":"2026-06-16 15:40:56.921",
                    "level": "DEBUG",
                    "thread": "http-nio-8169-exec-3",
                    "class": "o.s.w.s.m.m.a.RequestResponseBodyMethodProcessor",
                    "message": "Using 'application/json', given [application/json, text/plain, */*] and supported [application/json, application/*+json, application/json, application/*+json, application/cbor]" }
                    
{
                    "app": "Crmeb",
                    "timestamp":"2026-06-16 15:40:56.921",
                    "level": "DEBUG",
                    "thread": "http-nio-8169-exec-3",
                    "class": "o.s.w.s.m.m.a.RequestResponseBodyMethodProcessor",
                    "message": "Writing [com.zbkj.common.result.CommonResult@7e7a3789]" }
                    
{
                    "app": "Crmeb",
                    "timestamp":"2026-06-16 15:40:56.921",
                    "level": "DEBUG",
                    "thread": "http-nio-8169-exec-3",
                    "class": "o.s.web.servlet.DispatcherServlet",
                    "message": "Completed 200 OK" }
                    
{
                    "app": "Crmeb",
                    "timestamp":"2026-06-16 15:49:18.025",
                    "level": "DEBUG",
                    "thread": "http-nio-8169-exec-20",
                    "class": "o.s.web.servlet.DispatcherServlet",
                    "message": "GET "/api/admin/store/order/list?status=all&dateLimit=&orderNo=&page=1&limit=20&type=2&temp=1781596157", parameters={masked}" }
                    
{
                    "app": "Crmeb",
                    "timestamp":"2026-06-16 15:49:18.026",
                    "level": "DEBUG",
                    "thread": "http-nio-8169-exec-20",
                    "class": "o.s.w.s.m.m.a.RequestMappingHandlerMapping",
                    "message": "Mapped to com.zbkj.admin.controller.StoreOrderController#getList(StoreOrderSearchRequest, PageParamRequest)" }
                    
{
                    "app": "Crmeb",
                    "timestamp":"2026-06-16 15:49:18.028",
                    "level": "DEBUG",
                    "thread": "http-nio-8169-exec-22",
                    "class": "o.s.web.servlet.DispatcherServlet",
                    "message": "GET "/api/admin/pass/shipment/express?temp=1781596157", parameters={masked}" }
                    
{
                    "app": "Crmeb",
                    "timestamp":"2026-06-16 15:49:18.028",
                    "level": "DEBUG",
                    "thread": "http-nio-8169-exec-22",
                    "class": "o.s.w.s.m.m.a.RequestMappingHandlerMapping",
                    "message": "Mapped to com.zbkj.admin.controller.OnePassController#onePassShipmentExpress()" }
                    
{
                    "app": "Crmeb",
                    "timestamp":"2026-06-16 15:49:18.054",
                    "level": "DEBUG",
                    "thread": "http-nio-8169-exec-24",
                    "class": "o.s.web.servlet.DispatcherServlet",
                    "message": "GET "/api/admin/store/order/status/num?dateLimit=&type=2&orderId=&temp=1781596157", parameters={masked}" }
                    
{
                    "app": "Crmeb",
                    "timestamp":"2026-06-16 15:49:18.054",
                    "level": "DEBUG",
                    "thread": "http-nio-8169-exec-24",
                    "class": "o.s.w.s.m.m.a.RequestMappingHandlerMapping",
                    "message": "Mapped to com.zbkj.admin.controller.StoreOrderController#getOrderStatusNum(String, Integer, String)" }
                    
{
                    "app": "Crmeb",
                    "timestamp":"2026-06-16 15:49:18.119",
                    "level": "DEBUG",
                    "thread": "http-nio-8169-exec-22",
                    "class": "o.s.web.client.RestTemplate",
                    "message": "HTTP POST https://sms.crmeb.net/api/v2/user/login" }
                    
{
                    "app": "Crmeb",
                    "timestamp":"2026-06-16 15:49:18.119",
                    "level": "DEBUG",
                    "thread": "http-nio-8169-exec-22",
                    "class": "o.s.web.client.RestTemplate",
                    "message": "Accept=[text/plain, application/json, application/cbor, application/*+json, text/html, */*]" }
                    
{
                    "app": "Crmeb",
                    "timestamp":"2026-06-16 15:49:18.119",
                    "level": "DEBUG",
                    "thread": "http-nio-8169-exec-22",
                    "class": "o.s.web.client.RestTemplate",
                    "message": "Writing [{access_key=[11111], secret_key=[11111]}] as "application/x-www-form-urlencoded"" }
                    
{
                    "app": "Crmeb",
                    "timestamp":"2026-06-16 15:49:18.299",
                    "level": "DEBUG",
                    "thread": "http-nio-8169-exec-22",
                    "class": "o.s.web.client.RestTemplate",
                    "message": "Response 200 OK" }
                    
{
                    "app": "Crmeb",
                    "timestamp":"2026-06-16 15:49:18.299",
                    "level": "DEBUG",
                    "thread": "http-nio-8169-exec-22",
                    "class": "o.s.web.client.RestTemplate",
                    "message": "Reading to [java.lang.String] as "application/json"" }
                    
{
                    "app": "Crmeb",
                    "timestamp":"2026-06-16 15:49:18.299",
                    "level": "DEBUG",
                    "thread": "http-nio-8169-exec-22",
                    "class": "o.s.w.s.m.m.a.ExceptionHandlerExceptionResolver",
                    "message": "Using @ExceptionHandler com.zbkj.service.exception.GlobalExceptionHandler#defaultExceptionHandler(HttpServletRequest, Exception)" }
                    
{
                    "app": "Crmeb",
                    "timestamp":"2026-06-16 15:49:18.352",
                    "level": "DEBUG",
                    "thread": "http-nio-8169-exec-22",
                    "class": "o.s.w.s.m.m.a.RequestResponseBodyMethodProcessor",
                    "message": "Using 'application/json', given [application/json, text/plain, */*] and supported [application/json, application/*+json, application/json, application/*+json, application/cbor]" }
                    
{
                    "app": "Crmeb",
                    "timestamp":"2026-06-16 15:49:18.352",
                    "level": "DEBUG",
                    "thread": "http-nio-8169-exec-22",
                    "class": "o.s.w.s.m.m.a.RequestResponseBodyMethodProcessor",
                    "message": "Writing [com.zbkj.common.result.CommonResult@424fb022]" }
                    
{
                    "app": "Crmeb",
                    "timestamp":"2026-06-16 15:49:18.352",
                    "level": "DEBUG",
                    "thread": "http-nio-8169-exec-22",
                    "class": "o.s.w.s.m.m.a.ExceptionHandlerExceptionResolver",
                    "message": "Resolved [com.zbkj.common.exception.CrmebException: 一号通平台接口接口请求失败:accessKey或者secretKey不正确]" }
                    
{
                    "app": "Crmeb",
                    "timestamp":"2026-06-16 15:49:18.352",
                    "level": "DEBUG",
                    "thread": "http-nio-8169-exec-22",
                    "class": "o.s.web.servlet.DispatcherServlet",
                    "message": "Completed 200 OK" }
                    
{
                    "app": "Crmeb",
                    "timestamp":"2026-06-16 15:49:18.366",
                    "level": "DEBUG",
                    "thread": "http-nio-8169-exec-20",
                    "class": "o.s.w.s.m.m.a.RequestResponseBodyMethodProcessor",
                    "message": "Using 'application/json', given [application/json, text/plain, */*] and supported [application/json, application/*+json, application/json, application/*+json, application/cbor]" }
                    
{
                    "app": "Crmeb",
                    "timestamp":"2026-06-16 15:49:18.366",
                    "level": "DEBUG",
                    "thread": "http-nio-8169-exec-20",
                    "class": "o.s.w.s.m.m.a.RequestResponseBodyMethodProcessor",
                    "message": "Writing [com.zbkj.common.result.CommonResult@2d574ece]" }
                    
{
                    "app": "Crmeb",
                    "timestamp":"2026-06-16 15:49:18.367",
                    "level": "DEBUG",
                    "thread": "http-nio-8169-exec-20",
                    "class": "o.s.web.servlet.DispatcherServlet",
                    "message": "Completed 200 OK" }
                    
{
                    "app": "Crmeb",
                    "timestamp":"2026-06-16 15:49:18.500",
                    "level": "DEBUG",
                    "thread": "http-nio-8169-exec-24",
                    "class": "o.s.w.s.m.m.a.RequestResponseBodyMethodProcessor",
                    "message": "Using 'application/json', given [application/json, text/plain, */*] and supported [application/json, application/*+json, application/json, application/*+json, application/cbor]" }
                    
{
                    "app": "Crmeb",
                    "timestamp":"2026-06-16 15:49:18.500",
                    "level": "DEBUG",
                    "thread": "http-nio-8169-exec-24",
                    "class": "o.s.w.s.m.m.a.RequestResponseBodyMethodProcessor",
                    "message": "Writing [com.zbkj.common.result.CommonResult@6cfc4b91]" }
                    
{
                    "app": "Crmeb",
                    "timestamp":"2026-06-16 15:49:18.500",
                    "level": "DEBUG",
                    "thread": "http-nio-8169-exec-24",
                    "class": "o.s.web.servlet.DispatcherServlet",
                    "message": "Completed 200 OK" }
                    
{
                    "app": "Crmeb",
                    "timestamp":"2026-06-16 16:42:11.050",
                    "level": "DEBUG",
                    "thread": "http-nio-8169-exec-18",
                    "class": "o.s.web.servlet.DispatcherServlet",
                    "message": "GET "/api/admin/getAdminInfoByToken?token=9a097e69405442a894d1bc018a1be1d8&temp=1781599330", parameters={masked}" }
                    
{
                    "app": "Crmeb",
                    "timestamp":"2026-06-16 16:42:11.050",
                    "level": "DEBUG",
                    "thread": "http-nio-8169-exec-18",
                    "class": "o.s.w.s.m.m.a.RequestMappingHandlerMapping",
                    "message": "Mapped to com.zbkj.admin.controller.AdminLoginController#getAdminInfo()" }
                    
{
                    "app": "Crmeb",
                    "timestamp":"2026-06-16 16:42:11.051",
                    "level": "DEBUG",
                    "thread": "http-nio-8169-exec-18",
                    "class": "o.s.w.s.m.m.a.RequestResponseBodyMethodProcessor",
                    "message": "Using 'application/json', given [application/json, text/plain, */*] and supported [application/json, application/*+json, application/json, application/*+json, application/cbor]" }
                    
{
                    "app": "Crmeb",
                    "timestamp":"2026-06-16 16:42:11.051",
                    "level": "DEBUG",
                    "thread": "http-nio-8169-exec-18",
                    "class": "o.s.w.s.m.m.a.RequestResponseBodyMethodProcessor",
                    "message": "Writing [com.zbkj.common.result.CommonResult@1ed8af5f]" }
                    
{
                    "app": "Crmeb",
                    "timestamp":"2026-06-16 16:42:11.052",
                    "level": "DEBUG",
                    "thread": "http-nio-8169-exec-18",
                    "class": "o.s.web.servlet.DispatcherServlet",
                    "message": "Completed 200 OK" }
                    
{
                    "app": "Crmeb",
                    "timestamp":"2026-06-16 16:42:11.149",
                    "level": "DEBUG",
                    "thread": "http-nio-8169-exec-29",
                    "class": "o.s.web.servlet.DispatcherServlet",
                    "message": "GET "/api/admin/getMenus?temp=1781599331", parameters={masked}" }
                    
{
                    "app": "Crmeb",
                    "timestamp":"2026-06-16 16:42:11.149",
                    "level": "DEBUG",
                    "thread": "http-nio-8169-exec-29",
                    "class": "o.s.w.s.m.m.a.RequestMappingHandlerMapping",
                    "message": "Mapped to com.zbkj.admin.controller.AdminLoginController#getMenus()" }
                    
{
                    "app": "Crmeb",
                    "timestamp":"2026-06-16 16:42:11.199",
                    "level": "DEBUG",
                    "thread": "http-nio-8169-exec-29",
                    "class": "o.s.w.s.m.m.a.RequestResponseBodyMethodProcessor",
                    "message": "Using 'application/json', given [application/json, text/plain, */*] and supported [application/json, application/*+json, application/json, application/*+json, application/cbor]" }
                    
{
                    "app": "Crmeb",
                    "timestamp":"2026-06-16 16:42:11.199",
                    "level": "DEBUG",
                    "thread": "http-nio-8169-exec-29",
                    "class": "o.s.w.s.m.m.a.RequestResponseBodyMethodProcessor",
                    "message": "Writing [com.zbkj.common.result.CommonResult@6fe4c781]" }
                    
{
                    "app": "Crmeb",
                    "timestamp":"2026-06-16 16:42:11.200",
                    "level": "DEBUG",
                    "thread": "http-nio-8169-exec-29",
                    "class": "o.s.web.servlet.DispatcherServlet",
                    "message": "Completed 200 OK" }
                    
{
                    "app": "Crmeb",
                    "timestamp":"2026-06-16 16:42:11.409",
                    "level": "DEBUG",
                    "thread": "http-nio-8169-exec-26",
                    "class": "o.s.web.servlet.DispatcherServlet",
                    "message": "GET "/api/admin/store/order/status/num?dateLimit=&type=2&orderId=&temp=1781599331", parameters={masked}" }
                    
{
                    "app": "Crmeb",
                    "timestamp":"2026-06-16 16:42:11.410",
                    "level": "DEBUG",
                    "thread": "http-nio-8169-exec-26",
                    "class": "o.s.w.s.m.m.a.RequestMappingHandlerMapping",
                    "message": "Mapped to com.zbkj.admin.controller.StoreOrderController#getOrderStatusNum(String, Integer, String)" }
                    
{
                    "app": "Crmeb",
                    "timestamp":"2026-06-16 16:42:11.410",
                    "level": "DEBUG",
                    "thread": "http-nio-8169-exec-1",
                    "class": "o.s.web.servlet.DispatcherServlet",
                    "message": "GET "/api/admin/store/order/list?status=all&dateLimit=&orderNo=&page=1&limit=20&type=2&temp=1781599331", parameters={masked}" }
                    
{
                    "app": "Crmeb",
                    "timestamp":"2026-06-16 16:42:11.411",
                    "level": "DEBUG",
                    "thread": "http-nio-8169-exec-1",
                    "class": "o.s.w.s.m.m.a.RequestMappingHandlerMapping",
                    "message": "Mapped to com.zbkj.admin.controller.StoreOrderController#getList(StoreOrderSearchRequest, PageParamRequest)" }
                    
{
                    "app": "Crmeb",
                    "timestamp":"2026-06-16 16:42:11.427",
                    "level": "DEBUG",
                    "thread": "http-nio-8169-exec-9",
                    "class": "o.s.web.servlet.DispatcherServlet",
                    "message": "GET "/api/admin/copyright/get/info?temp=1781599331", parameters={masked}" }
                    
{
                    "app": "Crmeb",
                    "timestamp":"2026-06-16 16:42:11.428",
                    "level": "DEBUG",
                    "thread": "http-nio-8169-exec-9",
                    "class": "o.s.w.s.m.m.a.RequestMappingHandlerMapping",
                    "message": "Mapped to com.zbkj.admin.controller.CopyrightController#getInfo()" }
                    
{
                    "app": "Crmeb",
                    "timestamp":"2026-06-16 16:42:11.461",
                    "level": "DEBUG",
                    "thread": "http-nio-8169-exec-28",
                    "class": "o.s.web.servlet.DispatcherServlet",
                    "message": "GET "/api/admin/pass/shipment/express?temp=1781599331", parameters={masked}" }
                    
{
                    "app": "Crmeb",
                    "timestamp":"2026-06-16 16:42:11.461",
                    "level": "DEBUG",
                    "thread": "http-nio-8169-exec-28",
                    "class": "o.s.w.s.m.m.a.RequestMappingHandlerMapping",
                    "message": "Mapped to com.zbkj.admin.controller.OnePassController#onePassShipmentExpress()" }
                    
{
                    "app": "Crmeb",
                    "timestamp":"2026-06-16 16:42:11.510",
                    "level": "DEBUG",
                    "thread": "http-nio-8169-exec-9",
                    "class": "o.s.web.client.RestTemplate",
                    "message": "HTTP POST https://authorize.crmeb.net/api/auth_cert_query?domain_name=https://localhost:8169&label=22&version=CRMEB-JAVA-KY-v1.4" }
                    
{
                    "app": "Crmeb",
                    "timestamp":"2026-06-16 16:42:11.510",
                    "level": "DEBUG",
                    "thread": "http-nio-8169-exec-9",
                    "class": "o.s.web.client.RestTemplate",
                    "message": "Accept=[application/json, application/cbor, application/*+json, text/plain, text/html]" }
                    
{
                    "app": "Crmeb",
                    "timestamp":"2026-06-16 16:42:11.577",
                    "level": "DEBUG",
                    "thread": "http-nio-8169-exec-28",
                    "class": "o.s.web.client.RestTemplate",
                    "message": "HTTP POST https://sms.crmeb.net/api/v2/user/login" }
                    
{
                    "app": "Crmeb",
                    "timestamp":"2026-06-16 16:42:11.577",
                    "level": "DEBUG",
                    "thread": "http-nio-8169-exec-28",
                    "class": "o.s.web.client.RestTemplate",
                    "message": "Accept=[text/plain, application/json, application/cbor, application/*+json, text/html, */*]" }
                    
{
                    "app": "Crmeb",
                    "timestamp":"2026-06-16 16:42:11.578",
                    "level": "DEBUG",
                    "thread": "http-nio-8169-exec-28",
                    "class": "o.s.web.client.RestTemplate",
                    "message": "Writing [{access_key=[11111], secret_key=[11111]}] as "application/x-www-form-urlencoded"" }
                    
{
                    "app": "Crmeb",
                    "timestamp":"2026-06-16 16:42:11.752",
                    "level": "DEBUG",
                    "thread": "http-nio-8169-exec-1",
                    "class": "o.s.w.s.m.m.a.RequestResponseBodyMethodProcessor",
                    "message": "Using 'application/json', given [application/json, text/plain, */*] and supported [application/json, application/*+json, application/json, application/*+json, application/cbor]" }
                    
{
                    "app": "Crmeb",
                    "timestamp":"2026-06-16 16:42:11.752",
                    "level": "DEBUG",
                    "thread": "http-nio-8169-exec-1",
                    "class": "o.s.w.s.m.m.a.RequestResponseBodyMethodProcessor",
                    "message": "Writing [com.zbkj.common.result.CommonResult@3eec2c1e]" }
                    
{
                    "app": "Crmeb",
                    "timestamp":"2026-06-16 16:42:11.753",
                    "level": "DEBUG",
                    "thread": "http-nio-8169-exec-1",
                    "class": "o.s.web.servlet.DispatcherServlet",
                    "message": "Completed 200 OK" }
                    
{
                    "app": "Crmeb",
                    "timestamp":"2026-06-16 16:42:11.773",
                    "level": "DEBUG",
                    "thread": "http-nio-8169-exec-9",
                    "class": "o.s.web.client.RestTemplate",
                    "message": "Response 200 OK" }
                    
{
                    "app": "Crmeb",
                    "timestamp":"2026-06-16 16:42:11.773",
                    "level": "DEBUG",
                    "thread": "http-nio-8169-exec-9",
                    "class": "o.s.web.client.RestTemplate",
                    "message": "Reading to [com.alibaba.fastjson.JSONObject]" }
                    
{
                    "app": "Crmeb",
                    "timestamp":"2026-06-16 16:42:11.773",
                    "level": "DEBUG",
                    "thread": "http-nio-8169-exec-9",
                    "class": "o.s.w.s.m.m.a.RequestResponseBodyMethodProcessor",
                    "message": "Using 'application/json', given [application/json, text/plain, */*] and supported [application/json, application/*+json, application/json, application/*+json, application/cbor]" }
                    
{
                    "app": "Crmeb",
                    "timestamp":"2026-06-16 16:42:11.774",
                    "level": "DEBUG",
                    "thread": "http-nio-8169-exec-9",
                    "class": "o.s.w.s.m.m.a.RequestResponseBodyMethodProcessor",
                    "message": "Writing [com.zbkj.common.result.CommonResult@17e14d78]" }
                    
{
                    "app": "Crmeb",
                    "timestamp":"2026-06-16 16:42:11.774",
                    "level": "DEBUG",
                    "thread": "http-nio-8169-exec-9",
                    "class": "o.s.web.servlet.DispatcherServlet",
                    "message": "Completed 200 OK" }
                    
{
                    "app": "Crmeb",
                    "timestamp":"2026-06-16 16:42:11.817",
                    "level": "DEBUG",
                    "thread": "http-nio-8169-exec-28",
                    "class": "o.s.web.client.RestTemplate",
                    "message": "Response 200 OK" }
                    
{
                    "app": "Crmeb",
                    "timestamp":"2026-06-16 16:42:11.817",
                    "level": "DEBUG",
                    "thread": "http-nio-8169-exec-28",
                    "class": "o.s.web.client.RestTemplate",
                    "message": "Reading to [java.lang.String] as "application/json"" }
                    
{
                    "app": "Crmeb",
                    "timestamp":"2026-06-16 16:42:11.818",
                    "level": "DEBUG",
                    "thread": "http-nio-8169-exec-28",
                    "class": "o.s.w.s.m.m.a.ExceptionHandlerExceptionResolver",
                    "message": "Using @ExceptionHandler com.zbkj.service.exception.GlobalExceptionHandler#defaultExceptionHandler(HttpServletRequest, Exception)" }
                    
{
                    "app": "Crmeb",
                    "timestamp":"2026-06-16 16:42:11.829",
                    "level": "DEBUG",
                    "thread": "http-nio-8169-exec-26",
                    "class": "o.s.w.s.m.m.a.RequestResponseBodyMethodProcessor",
                    "message": "Using 'application/json', given [application/json, text/plain, */*] and supported [application/json, application/*+json, application/json, application/*+json, application/cbor]" }
                    
{
                    "app": "Crmeb",
                    "timestamp":"2026-06-16 16:42:11.829",
                    "level": "DEBUG",
                    "thread": "http-nio-8169-exec-26",
                    "class": "o.s.w.s.m.m.a.RequestResponseBodyMethodProcessor",
                    "message": "Writing [com.zbkj.common.result.CommonResult@3c84678e]" }
                    
{
                    "app": "Crmeb",
                    "timestamp":"2026-06-16 16:42:11.829",
                    "level": "DEBUG",
                    "thread": "http-nio-8169-exec-26",
                    "class": "o.s.web.servlet.DispatcherServlet",
                    "message": "Completed 200 OK" }
                    
{
                    "app": "Crmeb",
                    "timestamp":"2026-06-16 16:42:11.871",
                    "level": "DEBUG",
                    "thread": "http-nio-8169-exec-28",
                    "class": "o.s.w.s.m.m.a.RequestResponseBodyMethodProcessor",
                    "message": "Using 'application/json', given [application/json, text/plain, */*] and supported [application/json, application/*+json, application/json, application/*+json, application/cbor]" }
                    
{
                    "app": "Crmeb",
                    "timestamp":"2026-06-16 16:42:11.871",
                    "level": "DEBUG",
                    "thread": "http-nio-8169-exec-28",
                    "class": "o.s.w.s.m.m.a.RequestResponseBodyMethodProcessor",
                    "message": "Writing [com.zbkj.common.result.CommonResult@3ce57456]" }
                    
{
                    "app": "Crmeb",
                    "timestamp":"2026-06-16 16:42:11.871",
                    "level": "DEBUG",
                    "thread": "http-nio-8169-exec-28",
                    "class": "o.s.w.s.m.m.a.ExceptionHandlerExceptionResolver",
                    "message": "Resolved [com.zbkj.common.exception.CrmebException: 一号通平台接口接口请求失败:accessKey或者secretKey不正确]" }
                    
{
                    "app": "Crmeb",
                    "timestamp":"2026-06-16 16:42:11.871",
                    "level": "DEBUG",
                    "thread": "http-nio-8169-exec-28",
                    "class": "o.s.web.servlet.DispatcherServlet",
                    "message": "Completed 200 OK" }
                    
{
                    "app": "Crmeb",
                    "timestamp":"2026-06-16 16:42:28.934",
                    "level": "DEBUG",
                    "thread": "http-nio-8169-exec-27",
                    "class": "o.s.web.servlet.DispatcherServlet",
                    "message": "GET "/api/admin/store/order/status/list?page=1&limit=10&orderNo=order96230175066471646892698&temp=1781599348", parameters={masked}" }
                    
{
                    "app": "Crmeb",
                    "timestamp":"2026-06-16 16:42:28.934",
                    "level": "DEBUG",
                    "thread": "http-nio-8169-exec-27",
                    "class": "o.s.w.s.m.m.a.RequestMappingHandlerMapping",
                    "message": "Mapped to com.zbkj.admin.controller.StoreOrderStatusController#getList(StoreOrderStatusSearchRequest, PageParamRequest)" }
                    
{
                    "app": "Crmeb",
                    "timestamp":"2026-06-16 16:42:29.082",
                    "level": "DEBUG",
                    "thread": "http-nio-8169-exec-27",
                    "class": "o.s.w.s.m.m.a.RequestResponseBodyMethodProcessor",
                    "message": "Using 'application/json', given [application/json, text/plain, */*] and supported [application/json, application/*+json, application/json, application/*+json, application/cbor]" }
                    
{
                    "app": "Crmeb",
                    "timestamp":"2026-06-16 16:42:29.082",
                    "level": "DEBUG",
                    "thread": "http-nio-8169-exec-27",
                    "class": "o.s.w.s.m.m.a.RequestResponseBodyMethodProcessor",
                    "message": "Writing [com.zbkj.common.result.CommonResult@35eeb88]" }
                    
{
                    "app": "Crmeb",
                    "timestamp":"2026-06-16 16:42:29.084",
                    "level": "DEBUG",
                    "thread": "http-nio-8169-exec-27",
                    "class": "o.s.web.servlet.DispatcherServlet",
                    "message": "Completed 200 OK" }
                    
{
                    "app": "Crmeb",
                    "timestamp":"2026-06-16 16:42:35.369",
                    "level": "DEBUG",
                    "thread": "http-nio-8169-exec-3",
                    "class": "o.s.web.servlet.DispatcherServlet",
                    "message": "GET "/api/admin/store/order/status/list?page=1&limit=10&orderNo=order78390175066375716155693&temp=1781599355", parameters={masked}" }
                    
{
                    "app": "Crmeb",
                    "timestamp":"2026-06-16 16:42:35.369",
                    "level": "DEBUG",
                    "thread": "http-nio-8169-exec-3",
                    "class": "o.s.w.s.m.m.a.RequestMappingHandlerMapping",
                    "message": "Mapped to com.zbkj.admin.controller.StoreOrderStatusController#getList(StoreOrderStatusSearchRequest, PageParamRequest)" }
                    
{
                    "app": "Crmeb",
                    "timestamp":"2026-06-16 16:42:35.512",
                    "level": "DEBUG",
                    "thread": "http-nio-8169-exec-3",
                    "class": "o.s.w.s.m.m.a.RequestResponseBodyMethodProcessor",
                    "message": "Using 'application/json', given [application/json, text/plain, */*] and supported [application/json, application/*+json, application/json, application/*+json, application/cbor]" }
                    
{
                    "app": "Crmeb",
                    "timestamp":"2026-06-16 16:42:35.512",
                    "level": "DEBUG",
                    "thread": "http-nio-8169-exec-3",
                    "class": "o.s.w.s.m.m.a.RequestResponseBodyMethodProcessor",
                    "message": "Writing [com.zbkj.common.result.CommonResult@5cb21b9d]" }
                    
{
                    "app": "Crmeb",
                    "timestamp":"2026-06-16 16:42:35.513",
                    "level": "DEBUG",
                    "thread": "http-nio-8169-exec-3",
                    "class": "o.s.web.servlet.DispatcherServlet",
                    "message": "Completed 200 OK" }
                    
{
                    "app": "Crmeb",
                    "timestamp":"2026-06-16 16:42:48.742",
                    "level": "DEBUG",
                    "thread": "http-nio-8169-exec-19",
                    "class": "o.s.web.servlet.DispatcherServlet",
                    "message": "GET "/api/admin/yly/print/order78390175066375716155693?temp=1781599368", parameters={masked}" }
                    
{
                    "app": "Crmeb",
                    "timestamp":"2026-06-16 16:42:48.743",
                    "level": "DEBUG",
                    "thread": "http-nio-8169-exec-19",
                    "class": "o.s.w.s.m.m.a.RequestMappingHandlerMapping",
                    "message": "Mapped to com.zbkj.admin.controller.YlyPrintController#updateStatus(String)" }
                    
{
                    "app": "Crmeb",
                    "timestamp":"2026-06-16 16:42:48.787",
                    "level": "DEBUG",
                    "thread": "http-nio-8169-exec-19",
                    "class": "o.s.w.s.m.m.a.ExceptionHandlerExceptionResolver",
                    "message": "Using @ExceptionHandler com.zbkj.service.exception.GlobalExceptionHandler#defaultExceptionHandler(HttpServletRequest, Exception)" }
                    
{
                    "app": "Crmeb",
                    "timestamp":"2026-06-16 16:42:48.844",
                    "level": "DEBUG",
                    "thread": "http-nio-8169-exec-19",
                    "class": "o.s.w.s.m.m.a.RequestResponseBodyMethodProcessor",
                    "message": "Using 'application/json', given [application/json, text/plain, */*] and supported [application/json, application/*+json, application/json, application/*+json, application/cbor]" }
                    
{
                    "app": "Crmeb",
                    "timestamp":"2026-06-16 16:42:48.844",
                    "level": "DEBUG",
                    "thread": "http-nio-8169-exec-19",
                    "class": "o.s.w.s.m.m.a.RequestResponseBodyMethodProcessor",
                    "message": "Writing [com.zbkj.common.result.CommonResult@1d0c09d1]" }
                    
{
                    "app": "Crmeb",
                    "timestamp":"2026-06-16 16:42:48.844",
                    "level": "DEBUG",
                    "thread": "http-nio-8169-exec-19",
                    "class": "o.s.w.s.m.m.a.ExceptionHandlerExceptionResolver",
                    "message": "Resolved [com.zbkj.common.exception.CrmebException: 易联云 未开启打印]" }
                    
{
                    "app": "Crmeb",
                    "timestamp":"2026-06-16 16:42:48.845",
                    "level": "DEBUG",
                    "thread": "http-nio-8169-exec-19",
                    "class": "o.s.web.servlet.DispatcherServlet",
                    "message": "Completed 200 OK" }
                    
{
                    "app": "Crmeb",
                    "timestamp":"2026-06-16 16:43:42.873",
                    "level": "DEBUG",
                    "thread": "http-nio-8169-exec-22",
                    "class": "o.s.web.servlet.DispatcherServlet",
                    "message": "GET "/api/admin/store/order/list?status=notShipped&dateLimit=&orderNo=&page=1&limit=20&type=2&temp=1781599422", parameters={masked}" }
                    
{
                    "app": "Crmeb",
                    "timestamp":"2026-06-16 16:43:42.875",
                    "level": "DEBUG",
                    "thread": "http-nio-8169-exec-22",
                    "class": "o.s.w.s.m.m.a.RequestMappingHandlerMapping",
                    "message": "Mapped to com.zbkj.admin.controller.StoreOrderController#getList(StoreOrderSearchRequest, PageParamRequest)" }
                    
{
                    "app": "Crmeb",
                    "timestamp":"2026-06-16 16:43:42.884",
                    "level": "DEBUG",
                    "thread": "http-nio-8169-exec-20",
                    "class": "o.s.web.servlet.DispatcherServlet",
                    "message": "GET "/api/admin/store/order/status/num?dateLimit=&type=2&orderId=&temp=1781599422", parameters={masked}" }
                    
{
                    "app": "Crmeb",
                    "timestamp":"2026-06-16 16:43:42.885",
                    "level": "DEBUG",
                    "thread": "http-nio-8169-exec-20",
                    "class": "o.s.w.s.m.m.a.RequestMappingHandlerMapping",
                    "message": "Mapped to com.zbkj.admin.controller.StoreOrderController#getOrderStatusNum(String, Integer, String)" }
                    
{
                    "app": "Crmeb",
                    "timestamp":"2026-06-16 16:43:43.023",
                    "level": "DEBUG",
                    "thread": "http-nio-8169-exec-22",
                    "class": "o.s.w.s.m.m.a.RequestResponseBodyMethodProcessor",
                    "message": "Using 'application/json', given [application/json, text/plain, */*] and supported [application/json, application/*+json, application/json, application/*+json, application/cbor]" }
                    
{
                    "app": "Crmeb",
                    "timestamp":"2026-06-16 16:43:43.023",
                    "level": "DEBUG",
                    "thread": "http-nio-8169-exec-22",
                    "class": "o.s.w.s.m.m.a.RequestResponseBodyMethodProcessor",
                    "message": "Writing [com.zbkj.common.result.CommonResult@30a28ffa]" }
                    
{
                    "app": "Crmeb",
                    "timestamp":"2026-06-16 16:43:43.024",
                    "level": "DEBUG",
                    "thread": "http-nio-8169-exec-22",
                    "class": "o.s.web.servlet.DispatcherServlet",
                    "message": "Completed 200 OK" }
                    
{
                    "app": "Crmeb",
                    "timestamp":"2026-06-16 16:43:43.357",
                    "level": "DEBUG",
                    "thread": "http-nio-8169-exec-20",
                    "class": "o.s.w.s.m.m.a.RequestResponseBodyMethodProcessor",
                    "message": "Using 'application/json', given [application/json, text/plain, */*] and supported [application/json, application/*+json, application/json, application/*+json, application/cbor]" }
                    
{
                    "app": "Crmeb",
                    "timestamp":"2026-06-16 16:43:43.357",
                    "level": "DEBUG",
                    "thread": "http-nio-8169-exec-20",
                    "class": "o.s.w.s.m.m.a.RequestResponseBodyMethodProcessor",
                    "message": "Writing [com.zbkj.common.result.CommonResult@2652b1b3]" }
                    
{
                    "app": "Crmeb",
                    "timestamp":"2026-06-16 16:43:43.358",
                    "level": "DEBUG",
                    "thread": "http-nio-8169-exec-20",
                    "class": "o.s.web.servlet.DispatcherServlet",
                    "message": "Completed 200 OK" }
                    
{
                    "app": "Crmeb",
                    "timestamp":"2026-06-16 16:43:43.577",
                    "level": "DEBUG",
                    "thread": "http-nio-8169-exec-18",
                    "class": "o.s.web.servlet.DispatcherServlet",
                    "message": "GET "/api/admin/store/order/list?status=refunded&dateLimit=&orderNo=&page=1&limit=20&type=2&temp=1781599423", parameters={masked}" }
                    
{
                    "app": "Crmeb",
                    "timestamp":"2026-06-16 16:43:43.577",
                    "level": "DEBUG",
                    "thread": "http-nio-8169-exec-18",
                    "class": "o.s.w.s.m.m.a.RequestMappingHandlerMapping",
                    "message": "Mapped to com.zbkj.admin.controller.StoreOrderController#getList(StoreOrderSearchRequest, PageParamRequest)" }
                    
{
                    "app": "Crmeb",
                    "timestamp":"2026-06-16 16:43:43.610",
                    "level": "DEBUG",
                    "thread": "http-nio-8169-exec-12",
                    "class": "o.s.web.servlet.DispatcherServlet",
                    "message": "GET "/api/admin/store/order/status/num?dateLimit=&type=2&orderId=&temp=1781599423", parameters={masked}" }
                    
{
                    "app": "Crmeb",
                    "timestamp":"2026-06-16 16:43:43.610",
                    "level": "DEBUG",
                    "thread": "http-nio-8169-exec-12",
                    "class": "o.s.w.s.m.m.a.RequestMappingHandlerMapping",
                    "message": "Mapped to com.zbkj.admin.controller.StoreOrderController#getOrderStatusNum(String, Integer, String)" }
                    
{
                    "app": "Crmeb",
                    "timestamp":"2026-06-16 16:43:43.720",
                    "level": "DEBUG",
                    "thread": "http-nio-8169-exec-18",
                    "class": "o.s.w.s.m.m.a.RequestResponseBodyMethodProcessor",
                    "message": "Using 'application/json', given [application/json, text/plain, */*] and supported [application/json, application/*+json, application/json, application/*+json, application/cbor]" }
                    
{
                    "app": "Crmeb",
                    "timestamp":"2026-06-16 16:43:43.720",
                    "level": "DEBUG",
                    "thread": "http-nio-8169-exec-18",
                    "class": "o.s.w.s.m.m.a.RequestResponseBodyMethodProcessor",
                    "message": "Writing [com.zbkj.common.result.CommonResult@7f1f2c98]" }
                    
{
                    "app": "Crmeb",
                    "timestamp":"2026-06-16 16:43:43.720",
                    "level": "DEBUG",
                    "thread": "http-nio-8169-exec-18",
                    "class": "o.s.web.servlet.DispatcherServlet",
                    "message": "Completed 200 OK" }
                    
{
                    "app": "Crmeb",
                    "timestamp":"2026-06-16 16:43:44.058",
                    "level": "DEBUG",
                    "thread": "http-nio-8169-exec-12",
                    "class": "o.s.w.s.m.m.a.RequestResponseBodyMethodProcessor",
                    "message": "Using 'application/json', given [application/json, text/plain, */*] and supported [application/json, application/*+json, application/json, application/*+json, application/cbor]" }
                    
{
                    "app": "Crmeb",
                    "timestamp":"2026-06-16 16:43:44.058",
                    "level": "DEBUG",
                    "thread": "http-nio-8169-exec-12",
                    "class": "o.s.w.s.m.m.a.RequestResponseBodyMethodProcessor",
                    "message": "Writing [com.zbkj.common.result.CommonResult@59634108]" }
                    
{
                    "app": "Crmeb",
                    "timestamp":"2026-06-16 16:43:44.060",
                    "level": "DEBUG",
                    "thread": "http-nio-8169-exec-12",
                    "class": "o.s.web.servlet.DispatcherServlet",
                    "message": "Completed 200 OK" }
                    
{
                    "app": "Crmeb",
                    "timestamp":"2026-06-16 16:43:44.629",
                    "level": "DEBUG",
                    "thread": "http-nio-8169-exec-30",
                    "class": "o.s.web.servlet.DispatcherServlet",
                    "message": "GET "/api/admin/store/order/list?status=deleted&dateLimit=&orderNo=&page=1&limit=20&type=2&temp=1781599424", parameters={masked}" }
                    
{
                    "app": "Crmeb",
                    "timestamp":"2026-06-16 16:43:44.629",
                    "level": "DEBUG",
                    "thread": "http-nio-8169-exec-30",
                    "class": "o.s.w.s.m.m.a.RequestMappingHandlerMapping",
                    "message": "Mapped to com.zbkj.admin.controller.StoreOrderController#getList(StoreOrderSearchRequest, PageParamRequest)" }
                    
{
                    "app": "Crmeb",
                    "timestamp":"2026-06-16 16:43:44.660",
                    "level": "DEBUG",
                    "thread": "http-nio-8169-exec-2",
                    "class": "o.s.web.servlet.DispatcherServlet",
                    "message": "GET "/api/admin/store/order/status/num?dateLimit=&type=2&orderId=&temp=1781599424", parameters={masked}" }
                    
{
                    "app": "Crmeb",
                    "timestamp":"2026-06-16 16:43:44.661",
                    "level": "DEBUG",
                    "thread": "http-nio-8169-exec-2",
                    "class": "o.s.w.s.m.m.a.RequestMappingHandlerMapping",
                    "message": "Mapped to com.zbkj.admin.controller.StoreOrderController#getOrderStatusNum(String, Integer, String)" }
                    
{
                    "app": "Crmeb",
                    "timestamp":"2026-06-16 16:43:44.675",
                    "level": "DEBUG",
                    "thread": "http-nio-8169-exec-30",
                    "class": "o.s.w.s.m.m.a.RequestResponseBodyMethodProcessor",
                    "message": "Using 'application/json', given [application/json, text/plain, */*] and supported [application/json, application/*+json, application/json, application/*+json, application/cbor]" }
                    
{
                    "app": "Crmeb",
                    "timestamp":"2026-06-16 16:43:44.675",
                    "level": "DEBUG",
                    "thread": "http-nio-8169-exec-30",
                    "class": "o.s.w.s.m.m.a.RequestResponseBodyMethodProcessor",
                    "message": "Writing [com.zbkj.common.result.CommonResult@439ee565]" }
                    
{
                    "app": "Crmeb",
                    "timestamp":"2026-06-16 16:43:44.675",
                    "level": "DEBUG",
                    "thread": "http-nio-8169-exec-30",
                    "class": "o.s.web.servlet.DispatcherServlet",
                    "message": "Completed 200 OK" }
                    
{
                    "app": "Crmeb",
                    "timestamp":"2026-06-16 16:43:45.139",
                    "level": "DEBUG",
                    "thread": "http-nio-8169-exec-2",
                    "class": "o.s.w.s.m.m.a.RequestResponseBodyMethodProcessor",
                    "message": "Using 'application/json', given [application/json, text/plain, */*] and supported [application/json, application/*+json, application/json, application/*+json, application/cbor]" }
                    
{
                    "app": "Crmeb",
                    "timestamp":"2026-06-16 16:43:45.139",
                    "level": "DEBUG",
                    "thread": "http-nio-8169-exec-2",
                    "class": "o.s.w.s.m.m.a.RequestResponseBodyMethodProcessor",
                    "message": "Writing [com.zbkj.common.result.CommonResult@3df1f3f]" }
                    
{
                    "app": "Crmeb",
                    "timestamp":"2026-06-16 16:43:45.139",
                    "level": "DEBUG",
                    "thread": "http-nio-8169-exec-2",
                    "class": "o.s.web.servlet.DispatcherServlet",
                    "message": "Completed 200 OK" }
                    
{
                    "app": "Crmeb",
                    "timestamp":"2026-06-16 16:43:45.684",
                    "level": "DEBUG",
                    "thread": "http-nio-8169-exec-9",
                    "class": "o.s.web.servlet.DispatcherServlet",
                    "message": "GET "/api/admin/store/order/status/num?dateLimit=&type=2&orderId=&temp=1781599425", parameters={masked}" }
                    
{
                    "app": "Crmeb",
                    "timestamp":"2026-06-16 16:43:45.685",
                    "level": "DEBUG",
                    "thread": "http-nio-8169-exec-9",
                    "class": "o.s.w.s.m.m.a.RequestMappingHandlerMapping",
                    "message": "Mapped to com.zbkj.admin.controller.StoreOrderController#getOrderStatusNum(String, Integer, String)" }
                    
{
                    "app": "Crmeb",
                    "timestamp":"2026-06-16 16:43:45.717",
                    "level": "DEBUG",
                    "thread": "http-nio-8169-exec-26",
                    "class": "o.s.web.servlet.DispatcherServlet",
                    "message": "GET "/api/admin/store/order/list?status=refunded&dateLimit=&orderNo=&page=1&limit=20&type=2&temp=1781599425", parameters={masked}" }
                    
{
                    "app": "Crmeb",
                    "timestamp":"2026-06-16 16:43:45.717",
                    "level": "DEBUG",
                    "thread": "http-nio-8169-exec-26",
                    "class": "o.s.w.s.m.m.a.RequestMappingHandlerMapping",
                    "message": "Mapped to com.zbkj.admin.controller.StoreOrderController#getList(StoreOrderSearchRequest, PageParamRequest)" }
                    
{
                    "app": "Crmeb",
                    "timestamp":"2026-06-16 16:43:45.861",
                    "level": "DEBUG",
                    "thread": "http-nio-8169-exec-26",
                    "class": "o.s.w.s.m.m.a.RequestResponseBodyMethodProcessor",
                    "message": "Using 'application/json', given [application/json, text/plain, */*] and supported [application/json, application/*+json, application/json, application/*+json, application/cbor]" }
                    
{
                    "app": "Crmeb",
                    "timestamp":"2026-06-16 16:43:45.862",
                    "level": "DEBUG",
                    "thread": "http-nio-8169-exec-26",
                    "class": "o.s.w.s.m.m.a.RequestResponseBodyMethodProcessor",
                    "message": "Writing [com.zbkj.common.result.CommonResult@1673c0d0]" }
                    
{
                    "app": "Crmeb",
                    "timestamp":"2026-06-16 16:43:45.863",
                    "level": "DEBUG",
                    "thread": "http-nio-8169-exec-26",
                    "class": "o.s.web.servlet.DispatcherServlet",
                    "message": "Completed 200 OK" }
                    
{
                    "app": "Crmeb",
                    "timestamp":"2026-06-16 16:43:46.146",
                    "level": "DEBUG",
                    "thread": "http-nio-8169-exec-9",
                    "class": "o.s.w.s.m.m.a.RequestResponseBodyMethodProcessor",
                    "message": "Using 'application/json', given [application/json, text/plain, */*] and supported [application/json, application/*+json, application/json, application/*+json, application/cbor]" }
                    
{
                    "app": "Crmeb",
                    "timestamp":"2026-06-16 16:43:46.146",
                    "level": "DEBUG",
                    "thread": "http-nio-8169-exec-9",
                    "class": "o.s.w.s.m.m.a.RequestResponseBodyMethodProcessor",
                    "message": "Writing [com.zbkj.common.result.CommonResult@54d39acb]" }
                    
{
                    "app": "Crmeb",
                    "timestamp":"2026-06-16 16:43:46.147",
                    "level": "DEBUG",
                    "thread": "http-nio-8169-exec-9",
                    "class": "o.s.web.servlet.DispatcherServlet",
                    "message": "Completed 200 OK" }
                    
{
                    "app": "Crmeb",
                    "timestamp":"2026-06-16 16:43:46.270",
                    "level": "DEBUG",
                    "thread": "http-nio-8169-exec-27",
                    "class": "o.s.web.servlet.DispatcherServlet",
                    "message": "GET "/api/admin/store/order/status/num?dateLimit=&type=2&orderId=&temp=1781599426", parameters={masked}" }
                    
{
                    "app": "Crmeb",
                    "timestamp":"2026-06-16 16:43:46.270",
                    "level": "DEBUG",
                    "thread": "http-nio-8169-exec-27",
                    "class": "o.s.w.s.m.m.a.RequestMappingHandlerMapping",
                    "message": "Mapped to com.zbkj.admin.controller.StoreOrderController#getOrderStatusNum(String, Integer, String)" }
                    
{
                    "app": "Crmeb",
                    "timestamp":"2026-06-16 16:43:46.302",
                    "level": "DEBUG",
                    "thread": "http-nio-8169-exec-4",
                    "class": "o.s.web.servlet.DispatcherServlet",
                    "message": "GET "/api/admin/store/order/list?status=refunding&dateLimit=&orderNo=&page=1&limit=20&type=2&temp=1781599426", parameters={masked}" }
                    
{
                    "app": "Crmeb",
                    "timestamp":"2026-06-16 16:43:46.302",
                    "level": "DEBUG",
                    "thread": "http-nio-8169-exec-4",
                    "class": "o.s.w.s.m.m.a.RequestMappingHandlerMapping",
                    "message": "Mapped to com.zbkj.admin.controller.StoreOrderController#getList(StoreOrderSearchRequest, PageParamRequest)" }
                    
{
                    "app": "Crmeb",
                    "timestamp":"2026-06-16 16:43:46.611",
                    "level": "DEBUG",
                    "thread": "http-nio-8169-exec-4",
                    "class": "o.s.w.s.m.m.a.RequestResponseBodyMethodProcessor",
                    "message": "Using 'application/json', given [application/json, text/plain, */*] and supported [application/json, application/*+json, application/json, application/*+json, application/cbor]" }
                    
{
                    "app": "Crmeb",
                    "timestamp":"2026-06-16 16:43:46.611",
                    "level": "DEBUG",
                    "thread": "http-nio-8169-exec-4",
                    "class": "o.s.w.s.m.m.a.RequestResponseBodyMethodProcessor",
                    "message": "Writing [com.zbkj.common.result.CommonResult@39657bbb]" }
                    
{
                    "app": "Crmeb",
                    "timestamp":"2026-06-16 16:43:46.611",
                    "level": "DEBUG",
                    "thread": "http-nio-8169-exec-4",
                    "class": "o.s.web.servlet.DispatcherServlet",
                    "message": "Completed 200 OK" }
                    
{
                    "app": "Crmeb",
                    "timestamp":"2026-06-16 16:43:46.692",
                    "level": "DEBUG",
                    "thread": "http-nio-8169-exec-27",
                    "class": "o.s.w.s.m.m.a.RequestResponseBodyMethodProcessor",
                    "message": "Using 'application/json', given [application/json, text/plain, */*] and supported [application/json, application/*+json, application/json, application/*+json, application/cbor]" }
                    
{
                    "app": "Crmeb",
                    "timestamp":"2026-06-16 16:43:46.692",
                    "level": "DEBUG",
                    "thread": "http-nio-8169-exec-27",
                    "class": "o.s.w.s.m.m.a.RequestResponseBodyMethodProcessor",
                    "message": "Writing [com.zbkj.common.result.CommonResult@39cbeee0]" }
                    
{
                    "app": "Crmeb",
                    "timestamp":"2026-06-16 16:43:46.693",
                    "level": "DEBUG",
                    "thread": "http-nio-8169-exec-27",
                    "class": "o.s.web.servlet.DispatcherServlet",
                    "message": "Completed 200 OK" }
                    
{
                    "app": "Crmeb",
                    "timestamp":"2026-06-16 16:43:46.801",
                    "level": "DEBUG",
                    "thread": "http-nio-8169-exec-7",
                    "class": "o.s.web.servlet.DispatcherServlet",
                    "message": "GET "/api/admin/store/order/list?status=toBeWrittenOff&dateLimit=&orderNo=&page=1&limit=20&type=2&temp=1781599426", parameters={masked}" }
                    
{
                    "app": "Crmeb",
                    "timestamp":"2026-06-16 16:43:46.802",
                    "level": "DEBUG",
                    "thread": "http-nio-8169-exec-7",
                    "class": "o.s.w.s.m.m.a.RequestMappingHandlerMapping",
                    "message": "Mapped to com.zbkj.admin.controller.StoreOrderController#getList(StoreOrderSearchRequest, PageParamRequest)" }
                    
{
                    "app": "Crmeb",
                    "timestamp":"2026-06-16 16:43:46.833",
                    "level": "DEBUG",
                    "thread": "http-nio-8169-exec-3",
                    "class": "o.s.web.servlet.DispatcherServlet",
                    "message": "GET "/api/admin/store/order/status/num?dateLimit=&type=2&orderId=&temp=1781599426", parameters={masked}" }
                    
{
                    "app": "Crmeb",
                    "timestamp":"2026-06-16 16:43:46.834",
                    "level": "DEBUG",
                    "thread": "http-nio-8169-exec-3",
                    "class": "o.s.w.s.m.m.a.RequestMappingHandlerMapping",
                    "message": "Mapped to com.zbkj.admin.controller.StoreOrderController#getOrderStatusNum(String, Integer, String)" }
                    
{
                    "app": "Crmeb",
                    "timestamp":"2026-06-16 16:43:46.845",
                    "level": "DEBUG",
                    "thread": "http-nio-8169-exec-7",
                    "class": "o.s.w.s.m.m.a.RequestResponseBodyMethodProcessor",
                    "message": "Using 'application/json', given [application/json, text/plain, */*] and supported [application/json, application/*+json, application/json, application/*+json, application/cbor]" }
                    
{
                    "app": "Crmeb",
                    "timestamp":"2026-06-16 16:43:46.845",
                    "level": "DEBUG",
                    "thread": "http-nio-8169-exec-7",
                    "class": "o.s.w.s.m.m.a.RequestResponseBodyMethodProcessor",
                    "message": "Writing [com.zbkj.common.result.CommonResult@43d580e0]" }
                    
{
                    "app": "Crmeb",
                    "timestamp":"2026-06-16 16:43:46.845",
                    "level": "DEBUG",
                    "thread": "http-nio-8169-exec-7",
                    "class": "o.s.web.servlet.DispatcherServlet",
                    "message": "Completed 200 OK" }
                    
{
                    "app": "Crmeb",
                    "timestamp":"2026-06-16 16:43:47.277",
                    "level": "DEBUG",
                    "thread": "http-nio-8169-exec-3",
                    "class": "o.s.w.s.m.m.a.RequestResponseBodyMethodProcessor",
                    "message": "Using 'application/json', given [application/json, text/plain, */*] and supported [application/json, application/*+json, application/json, application/*+json, application/cbor]" }
                    
{
                    "app": "Crmeb",
                    "timestamp":"2026-06-16 16:43:47.277",
                    "level": "DEBUG",
                    "thread": "http-nio-8169-exec-3",
                    "class": "o.s.w.s.m.m.a.RequestResponseBodyMethodProcessor",
                    "message": "Writing [com.zbkj.common.result.CommonResult@697d79e5]" }
                    
{
                    "app": "Crmeb",
                    "timestamp":"2026-06-16 16:43:47.278",
                    "level": "DEBUG",
                    "thread": "http-nio-8169-exec-3",
                    "class": "o.s.web.servlet.DispatcherServlet",
                    "message": "Completed 200 OK" }
                    
{
                    "app": "Crmeb",
                    "timestamp":"2026-06-16 16:43:47.796",
                    "level": "DEBUG",
                    "thread": "http-nio-8169-exec-16",
                    "class": "o.s.web.servlet.DispatcherServlet",
                    "message": "GET "/api/admin/store/order/list?status=complete&dateLimit=&orderNo=&page=1&limit=20&type=2&temp=1781599427", parameters={masked}" }
                    
{
                    "app": "Crmeb",
                    "timestamp":"2026-06-16 16:43:47.796",
                    "level": "DEBUG",
                    "thread": "http-nio-8169-exec-16",
                    "class": "o.s.w.s.m.m.a.RequestMappingHandlerMapping",
                    "message": "Mapped to com.zbkj.admin.controller.StoreOrderController#getList(StoreOrderSearchRequest, PageParamRequest)" }
                    
{
                    "app": "Crmeb",
                    "timestamp":"2026-06-16 16:43:47.825",
                    "level": "DEBUG",
                    "thread": "http-nio-8169-exec-8",
                    "class": "o.s.web.servlet.DispatcherServlet",
                    "message": "GET "/api/admin/store/order/status/num?dateLimit=&type=2&orderId=&temp=1781599427", parameters={masked}" }
                    
{
                    "app": "Crmeb",
                    "timestamp":"2026-06-16 16:43:47.825",
                    "level": "DEBUG",
                    "thread": "http-nio-8169-exec-8",
                    "class": "o.s.w.s.m.m.a.RequestMappingHandlerMapping",
                    "message": "Mapped to com.zbkj.admin.controller.StoreOrderController#getOrderStatusNum(String, Integer, String)" }
                    
{
                    "app": "Crmeb",
                    "timestamp":"2026-06-16 16:43:47.929",
                    "level": "DEBUG",
                    "thread": "http-nio-8169-exec-16",
                    "class": "o.s.w.s.m.m.a.RequestResponseBodyMethodProcessor",
                    "message": "Using 'application/json', given [application/json, text/plain, */*] and supported [application/json, application/*+json, application/json, application/*+json, application/cbor]" }
                    
{
                    "app": "Crmeb",
                    "timestamp":"2026-06-16 16:43:47.929",
                    "level": "DEBUG",
                    "thread": "http-nio-8169-exec-16",
                    "class": "o.s.w.s.m.m.a.RequestResponseBodyMethodProcessor",
                    "message": "Writing [com.zbkj.common.result.CommonResult@369cc880]" }
                    
{
                    "app": "Crmeb",
                    "timestamp":"2026-06-16 16:43:47.929",
                    "level": "DEBUG",
                    "thread": "http-nio-8169-exec-16",
                    "class": "o.s.web.servlet.DispatcherServlet",
                    "message": "Completed 200 OK" }
                    
{
                    "app": "Crmeb",
                    "timestamp":"2026-06-16 16:43:48.238",
                    "level": "DEBUG",
                    "thread": "http-nio-8169-exec-8",
                    "class": "o.s.w.s.m.m.a.RequestResponseBodyMethodProcessor",
                    "message": "Using 'application/json', given [application/json, text/plain, */*] and supported [application/json, application/*+json, application/json, application/*+json, application/cbor]" }
                    
{
                    "app": "Crmeb",
                    "timestamp":"2026-06-16 16:43:48.238",
                    "level": "DEBUG",
                    "thread": "http-nio-8169-exec-8",
                    "class": "o.s.w.s.m.m.a.RequestResponseBodyMethodProcessor",
                    "message": "Writing [com.zbkj.common.result.CommonResult@52ba7dbb]" }
                    
{
                    "app": "Crmeb",
                    "timestamp":"2026-06-16 16:43:48.238",
                    "level": "DEBUG",
                    "thread": "http-nio-8169-exec-8",
                    "class": "o.s.web.servlet.DispatcherServlet",
                    "message": "Completed 200 OK" }
                    
{
                    "app": "Crmeb",
                    "timestamp":"2026-06-16 16:43:48.738",
                    "level": "DEBUG",
                    "thread": "http-nio-8169-exec-22",
                    "class": "o.s.web.servlet.DispatcherServlet",
                    "message": "GET "/api/admin/store/order/status/num?dateLimit=&type=2&orderId=&temp=1781599428", parameters={masked}" }
                    
{
                    "app": "Crmeb",
                    "timestamp":"2026-06-16 16:43:48.739",
                    "level": "DEBUG",
                    "thread": "http-nio-8169-exec-22",
                    "class": "o.s.w.s.m.m.a.RequestMappingHandlerMapping",
                    "message": "Mapped to com.zbkj.admin.controller.StoreOrderController#getOrderStatusNum(String, Integer, String)" }
                    
{
                    "app": "Crmeb",
                    "timestamp":"2026-06-16 16:43:48.771",
                    "level": "DEBUG",
                    "thread": "http-nio-8169-exec-23",
                    "class": "o.s.web.servlet.DispatcherServlet",
                    "message": "GET "/api/admin/store/order/list?status=bargain&dateLimit=&orderNo=&page=1&limit=20&type=2&temp=1781599428", parameters={masked}" }
                    
{
                    "app": "Crmeb",
                    "timestamp":"2026-06-16 16:43:48.772",
                    "level": "DEBUG",
                    "thread": "http-nio-8169-exec-23",
                    "class": "o.s.w.s.m.m.a.RequestMappingHandlerMapping",
                    "message": "Mapped to com.zbkj.admin.controller.StoreOrderController#getList(StoreOrderSearchRequest, PageParamRequest)" }
                    
{
                    "app": "Crmeb",
                    "timestamp":"2026-06-16 16:43:48.907",
                    "level": "DEBUG",
                    "thread": "http-nio-8169-exec-23",
                    "class": "o.s.w.s.m.m.a.RequestResponseBodyMethodProcessor",
                    "message": "Using 'application/json', given [application/json, text/plain, */*] and supported [application/json, application/*+json, application/json, application/*+json, application/cbor]" }
                    
{
                    "app": "Crmeb",
                    "timestamp":"2026-06-16 16:43:48.907",
                    "level": "DEBUG",
                    "thread": "http-nio-8169-exec-23",
                    "class": "o.s.w.s.m.m.a.RequestResponseBodyMethodProcessor",
                    "message": "Writing [com.zbkj.common.result.CommonResult@feeb111]" }
                    
{
                    "app": "Crmeb",
                    "timestamp":"2026-06-16 16:43:48.907",
                    "level": "DEBUG",
                    "thread": "http-nio-8169-exec-23",
                    "class": "o.s.web.servlet.DispatcherServlet",
                    "message": "Completed 200 OK" }
                    
{
                    "app": "Crmeb",
                    "timestamp":"2026-06-16 16:43:49.157",
                    "level": "DEBUG",
                    "thread": "http-nio-8169-exec-22",
                    "class": "o.s.w.s.m.m.a.RequestResponseBodyMethodProcessor",
                    "message": "Using 'application/json', given [application/json, text/plain, */*] and supported [application/json, application/*+json, application/json, application/*+json, application/cbor]" }
                    
{
                    "app": "Crmeb",
                    "timestamp":"2026-06-16 16:43:49.157",
                    "level": "DEBUG",
                    "thread": "http-nio-8169-exec-22",
                    "class": "o.s.w.s.m.m.a.RequestResponseBodyMethodProcessor",
                    "message": "Writing [com.zbkj.common.result.CommonResult@2313039f]" }
                    
{
                    "app": "Crmeb",
                    "timestamp":"2026-06-16 16:43:49.158",
                    "level": "DEBUG",
                    "thread": "http-nio-8169-exec-22",
                    "class": "o.s.web.servlet.DispatcherServlet",
                    "message": "Completed 200 OK" }
                    
{
                    "app": "Crmeb",
                    "timestamp":"2026-06-16 16:43:49.525",
                    "level": "DEBUG",
                    "thread": "http-nio-8169-exec-24",
                    "class": "o.s.web.servlet.DispatcherServlet",
                    "message": "GET "/api/admin/store/order/list?status=spike&dateLimit=&orderNo=&page=1&limit=20&type=2&temp=1781599429", parameters={masked}" }
                    
{
                    "app": "Crmeb",
                    "timestamp":"2026-06-16 16:43:49.525",
                    "level": "DEBUG",
                    "thread": "http-nio-8169-exec-24",
                    "class": "o.s.w.s.m.m.a.RequestMappingHandlerMapping",
                    "message": "Mapped to com.zbkj.admin.controller.StoreOrderController#getList(StoreOrderSearchRequest, PageParamRequest)" }
                    
{
                    "app": "Crmeb",
                    "timestamp":"2026-06-16 16:43:49.556",
                    "level": "DEBUG",
                    "thread": "http-nio-8169-exec-17",
                    "class": "o.s.web.servlet.DispatcherServlet",
                    "message": "GET "/api/admin/store/order/status/num?dateLimit=&type=2&orderId=&temp=1781599429", parameters={masked}" }
                    
{
                    "app": "Crmeb",
                    "timestamp":"2026-06-16 16:43:49.556",
                    "level": "DEBUG",
                    "thread": "http-nio-8169-exec-17",
                    "class": "o.s.w.s.m.m.a.RequestMappingHandlerMapping",
                    "message": "Mapped to com.zbkj.admin.controller.StoreOrderController#getOrderStatusNum(String, Integer, String)" }
                    
{
                    "app": "Crmeb",
                    "timestamp":"2026-06-16 16:43:49.568",
                    "level": "DEBUG",
                    "thread": "http-nio-8169-exec-24",
                    "class": "o.s.w.s.m.m.a.RequestResponseBodyMethodProcessor",
                    "message": "Using 'application/json', given [application/json, text/plain, */*] and supported [application/json, application/*+json, application/json, application/*+json, application/cbor]" }
                    
{
                    "app": "Crmeb",
                    "timestamp":"2026-06-16 16:43:49.569",
                    "level": "DEBUG",
                    "thread": "http-nio-8169-exec-24",
                    "class": "o.s.w.s.m.m.a.RequestResponseBodyMethodProcessor",
                    "message": "Writing [com.zbkj.common.result.CommonResult@3f4448e]" }
                    
{
                    "app": "Crmeb",
                    "timestamp":"2026-06-16 16:43:49.569",
                    "level": "DEBUG",
                    "thread": "http-nio-8169-exec-24",
                    "class": "o.s.web.servlet.DispatcherServlet",
                    "message": "Completed 200 OK" }
                    
{
                    "app": "Crmeb",
                    "timestamp":"2026-06-16 16:43:50.004",
                    "level": "DEBUG",
                    "thread": "http-nio-8169-exec-17",
                    "class": "o.s.w.s.m.m.a.RequestResponseBodyMethodProcessor",
                    "message": "Using 'application/json', given [application/json, text/plain, */*] and supported [application/json, application/*+json, application/json, application/*+json, application/cbor]" }
                    
{
                    "app": "Crmeb",
                    "timestamp":"2026-06-16 16:43:50.004",
                    "level": "DEBUG",
                    "thread": "http-nio-8169-exec-17",
                    "class": "o.s.w.s.m.m.a.RequestResponseBodyMethodProcessor",
                    "message": "Writing [com.zbkj.common.result.CommonResult@4253b453]" }
                    
{
                    "app": "Crmeb",
                    "timestamp":"2026-06-16 16:43:50.004",
                    "level": "DEBUG",
                    "thread": "http-nio-8169-exec-17",
                    "class": "o.s.web.servlet.DispatcherServlet",
                    "message": "Completed 200 OK" }
                    
{
                    "app": "Crmeb",
                    "timestamp":"2026-06-16 16:43:50.065",
                    "level": "DEBUG",
                    "thread": "http-nio-8169-exec-12",
                    "class": "o.s.web.servlet.DispatcherServlet",
                    "message": "GET "/api/admin/store/order/list?status=notShipped&dateLimit=&orderNo=&page=1&limit=20&type=2&temp=1781599430", parameters={masked}" }
                    
{
                    "app": "Crmeb",
                    "timestamp":"2026-06-16 16:43:50.065",
                    "level": "DEBUG",
                    "thread": "http-nio-8169-exec-12",
                    "class": "o.s.w.s.m.m.a.RequestMappingHandlerMapping",
                    "message": "Mapped to com.zbkj.admin.controller.StoreOrderController#getList(StoreOrderSearchRequest, PageParamRequest)" }
                    
{
                    "app": "Crmeb",
                    "timestamp":"2026-06-16 16:43:50.096",
                    "level": "DEBUG",
                    "thread": "http-nio-8169-exec-10",
                    "class": "o.s.web.servlet.DispatcherServlet",
                    "message": "GET "/api/admin/store/order/status/num?dateLimit=&type=2&orderId=&temp=1781599430", parameters={masked}" }
                    
{
                    "app": "Crmeb",
                    "timestamp":"2026-06-16 16:43:50.097",
                    "level": "DEBUG",
                    "thread": "http-nio-8169-exec-10",
                    "class": "o.s.w.s.m.m.a.RequestMappingHandlerMapping",
                    "message": "Mapped to com.zbkj.admin.controller.StoreOrderController#getOrderStatusNum(String, Integer, String)" }
                    
{
                    "app": "Crmeb",
                    "timestamp":"2026-06-16 16:43:50.208",
                    "level": "DEBUG",
                    "thread": "http-nio-8169-exec-12",
                    "class": "o.s.w.s.m.m.a.RequestResponseBodyMethodProcessor",
                    "message": "Using 'application/json', given [application/json, text/plain, */*] and supported [application/json, application/*+json, application/json, application/*+json, application/cbor]" }
                    
{
                    "app": "Crmeb",
                    "timestamp":"2026-06-16 16:43:50.208",
                    "level": "DEBUG",
                    "thread": "http-nio-8169-exec-12",
                    "class": "o.s.w.s.m.m.a.RequestResponseBodyMethodProcessor",
                    "message": "Writing [com.zbkj.common.result.CommonResult@2cc5f097]" }
                    
{
                    "app": "Crmeb",
                    "timestamp":"2026-06-16 16:43:50.209",
                    "level": "DEBUG",
                    "thread": "http-nio-8169-exec-12",
                    "class": "o.s.web.servlet.DispatcherServlet",
                    "message": "Completed 200 OK" }
                    
{
                    "app": "Crmeb",
                    "timestamp":"2026-06-16 16:43:50.519",
                    "level": "DEBUG",
                    "thread": "http-nio-8169-exec-10",
                    "class": "o.s.w.s.m.m.a.RequestResponseBodyMethodProcessor",
                    "message": "Using 'application/json', given [application/json, text/plain, */*] and supported [application/json, application/*+json, application/json, application/*+json, application/cbor]" }
                    
{
                    "app": "Crmeb",
                    "timestamp":"2026-06-16 16:43:50.519",
                    "level": "DEBUG",
                    "thread": "http-nio-8169-exec-10",
                    "class": "o.s.w.s.m.m.a.RequestResponseBodyMethodProcessor",
                    "message": "Writing [com.zbkj.common.result.CommonResult@6ae8ed6]" }
                    
{
                    "app": "Crmeb",
                    "timestamp":"2026-06-16 16:43:50.520",
                    "level": "DEBUG",
                    "thread": "http-nio-8169-exec-10",
                    "class": "o.s.web.servlet.DispatcherServlet",
                    "message": "Completed 200 OK" }
                    
{
                    "app": "Crmeb",
                    "timestamp":"2026-06-16 16:43:50.589",
                    "level": "DEBUG",
                    "thread": "http-nio-8169-exec-2",
                    "class": "o.s.web.servlet.DispatcherServlet",
                    "message": "GET "/api/admin/store/order/list?status=unPaid&dateLimit=&orderNo=&page=1&limit=20&type=2&temp=1781599430", parameters={masked}" }
                    
{
                    "app": "Crmeb",
                    "timestamp":"2026-06-16 16:43:50.589",
                    "level": "DEBUG",
                    "thread": "http-nio-8169-exec-2",
                    "class": "o.s.w.s.m.m.a.RequestMappingHandlerMapping",
                    "message": "Mapped to com.zbkj.admin.controller.StoreOrderController#getList(StoreOrderSearchRequest, PageParamRequest)" }
                    
{
                    "app": "Crmeb",
                    "timestamp":"2026-06-16 16:43:50.620",
                    "level": "DEBUG",
                    "thread": "http-nio-8169-exec-30",
                    "class": "o.s.web.servlet.DispatcherServlet",
                    "message": "GET "/api/admin/store/order/status/num?dateLimit=&type=2&orderId=&temp=1781599430", parameters={masked}" }
                    
{
                    "app": "Crmeb",
                    "timestamp":"2026-06-16 16:43:50.621",
                    "level": "DEBUG",
                    "thread": "http-nio-8169-exec-30",
                    "class": "o.s.w.s.m.m.a.RequestMappingHandlerMapping",
                    "message": "Mapped to com.zbkj.admin.controller.StoreOrderController#getOrderStatusNum(String, Integer, String)" }
                    
{
                    "app": "Crmeb",
                    "timestamp":"2026-06-16 16:43:50.633",
                    "level": "DEBUG",
                    "thread": "http-nio-8169-exec-2",
                    "class": "o.s.w.s.m.m.a.RequestResponseBodyMethodProcessor",
                    "message": "Using 'application/json', given [application/json, text/plain, */*] and supported [application/json, application/*+json, application/json, application/*+json, application/cbor]" }
                    
{
                    "app": "Crmeb",
                    "timestamp":"2026-06-16 16:43:50.633",
                    "level": "DEBUG",
                    "thread": "http-nio-8169-exec-2",
                    "class": "o.s.w.s.m.m.a.RequestResponseBodyMethodProcessor",
                    "message": "Writing [com.zbkj.common.result.CommonResult@79784339]" }
                    
{
                    "app": "Crmeb",
                    "timestamp":"2026-06-16 16:43:50.633",
                    "level": "DEBUG",
                    "thread": "http-nio-8169-exec-2",
                    "class": "o.s.web.servlet.DispatcherServlet",
                    "message": "Completed 200 OK" }
                    
{
                    "app": "Crmeb",
                    "timestamp":"2026-06-16 16:43:51.067",
                    "level": "DEBUG",
                    "thread": "http-nio-8169-exec-30",
                    "class": "o.s.w.s.m.m.a.RequestResponseBodyMethodProcessor",
                    "message": "Using 'application/json', given [application/json, text/plain, */*] and supported [application/json, application/*+json, application/json, application/*+json, application/cbor]" }
                    
{
                    "app": "Crmeb",
                    "timestamp":"2026-06-16 16:43:51.067",
                    "level": "DEBUG",
                    "thread": "http-nio-8169-exec-30",
                    "class": "o.s.w.s.m.m.a.RequestResponseBodyMethodProcessor",
                    "message": "Writing [com.zbkj.common.result.CommonResult@71cceba8]" }
                    
{
                    "app": "Crmeb",
                    "timestamp":"2026-06-16 16:43:51.068",
                    "level": "DEBUG",
                    "thread": "http-nio-8169-exec-30",
                    "class": "o.s.web.servlet.DispatcherServlet",
                    "message": "Completed 200 OK" }
                    
{
                    "app": "Crmeb",
                    "timestamp":"2026-06-16 16:43:51.170",
                    "level": "DEBUG",
                    "thread": "http-nio-8169-exec-26",
                    "class": "o.s.web.servlet.DispatcherServlet",
                    "message": "GET "/api/admin/store/order/list?status=all&dateLimit=&orderNo=&page=1&limit=20&type=2&temp=1781599431", parameters={masked}" }
                    
{
                    "app": "Crmeb",
                    "timestamp":"2026-06-16 16:43:51.171",
                    "level": "DEBUG",
                    "thread": "http-nio-8169-exec-26",
                    "class": "o.s.w.s.m.m.a.RequestMappingHandlerMapping",
                    "message": "Mapped to com.zbkj.admin.controller.StoreOrderController#getList(StoreOrderSearchRequest, PageParamRequest)" }
                    
{
                    "app": "Crmeb",
                    "timestamp":"2026-06-16 16:43:51.202",
                    "level": "DEBUG",
                    "thread": "http-nio-8169-exec-9",
                    "class": "o.s.web.servlet.DispatcherServlet",
                    "message": "GET "/api/admin/store/order/status/num?dateLimit=&type=2&orderId=&temp=1781599431", parameters={masked}" }
                    
{
                    "app": "Crmeb",
                    "timestamp":"2026-06-16 16:43:51.202",
                    "level": "DEBUG",
                    "thread": "http-nio-8169-exec-9",
                    "class": "o.s.w.s.m.m.a.RequestMappingHandlerMapping",
                    "message": "Mapped to com.zbkj.admin.controller.StoreOrderController#getOrderStatusNum(String, Integer, String)" }
                    
{
                    "app": "Crmeb",
                    "timestamp":"2026-06-16 16:43:51.491",
                    "level": "DEBUG",
                    "thread": "http-nio-8169-exec-26",
                    "class": "o.s.w.s.m.m.a.RequestResponseBodyMethodProcessor",
                    "message": "Using 'application/json', given [application/json, text/plain, */*] and supported [application/json, application/*+json, application/json, application/*+json, application/cbor]" }
                    
{
                    "app": "Crmeb",
                    "timestamp":"2026-06-16 16:43:51.492",
                    "level": "DEBUG",
                    "thread": "http-nio-8169-exec-26",
                    "class": "o.s.w.s.m.m.a.RequestResponseBodyMethodProcessor",
                    "message": "Writing [com.zbkj.common.result.CommonResult@7e196436]" }
                    
{
                    "app": "Crmeb",
                    "timestamp":"2026-06-16 16:43:51.493",
                    "level": "DEBUG",
                    "thread": "http-nio-8169-exec-26",
                    "class": "o.s.web.servlet.DispatcherServlet",
                    "message": "Completed 200 OK" }
                    
{
                    "app": "Crmeb",
                    "timestamp":"2026-06-16 16:43:51.632",
                    "level": "DEBUG",
                    "thread": "http-nio-8169-exec-9",
                    "class": "o.s.w.s.m.m.a.RequestResponseBodyMethodProcessor",
                    "message": "Using 'application/json', given [application/json, text/plain, */*] and supported [application/json, application/*+json, application/json, application/*+json, application/cbor]" }
                    
{
                    "app": "Crmeb",
                    "timestamp":"2026-06-16 16:43:51.632",
                    "level": "DEBUG",
                    "thread": "http-nio-8169-exec-9",
                    "class": "o.s.w.s.m.m.a.RequestResponseBodyMethodProcessor",
                    "message": "Writing [com.zbkj.common.result.CommonResult@7272b140]" }
                    
{
                    "app": "Crmeb",
                    "timestamp":"2026-06-16 16:43:51.632",
                    "level": "DEBUG",
                    "thread": "http-nio-8169-exec-9",
                    "class": "o.s.web.servlet.DispatcherServlet",
                    "message": "Completed 200 OK" }
                    
{
                    "app": "Crmeb",
                    "timestamp":"2026-06-16 16:44:18.734",
                    "level": "DEBUG",
                    "thread": "http-nio-8169-exec-28",
                    "class": "o.s.web.servlet.DispatcherServlet",
                    "message": "GET "/api/admin/store/order/sheet/info?temp=1781599458", parameters={masked}" }
                    
{
                    "app": "Crmeb",
                    "timestamp":"2026-06-16 16:44:18.735",
                    "level": "DEBUG",
                    "thread": "http-nio-8169-exec-28",
                    "class": "o.s.w.s.m.m.a.RequestMappingHandlerMapping",
                    "message": "Mapped to com.zbkj.admin.controller.StoreOrderController#getDeliveryInfo()" }
                    
{
                    "app": "Crmeb",
                    "timestamp":"2026-06-16 16:44:19.121",
                    "level": "DEBUG",
                    "thread": "http-nio-8169-exec-28",
                    "class": "o.s.w.s.m.m.a.RequestResponseBodyMethodProcessor",
                    "message": "Using 'application/json', given [application/json, text/plain, */*] and supported [application/json, application/*+json, application/json, application/*+json, application/cbor]" }
                    
{
                    "app": "Crmeb",
                    "timestamp":"2026-06-16 16:44:19.121",
                    "level": "DEBUG",
                    "thread": "http-nio-8169-exec-28",
                    "class": "o.s.w.s.m.m.a.RequestResponseBodyMethodProcessor",
                    "message": "Writing [com.zbkj.common.result.CommonResult@3be5092b]" }
                    
{
                    "app": "Crmeb",
                    "timestamp":"2026-06-16 16:44:19.122",
                    "level": "DEBUG",
                    "thread": "http-nio-8169-exec-28",
                    "class": "o.s.web.servlet.DispatcherServlet",
                    "message": "Completed 200 OK" }
                    
{
                    "app": "Crmeb",
                    "timestamp":"2026-06-16 16:44:43.769",
                    "level": "DEBUG",
                    "thread": "http-nio-8169-exec-4",
                    "class": "o.s.web.servlet.DispatcherServlet",
                    "message": "POST "/api/admin/store/order/send", parameters={}" }
                    
{
                    "app": "Crmeb",
                    "timestamp":"2026-06-16 16:44:43.769",
                    "level": "DEBUG",
                    "thread": "http-nio-8169-exec-4",
                    "class": "o.s.w.s.m.m.a.RequestMappingHandlerMapping",
                    "message": "Mapped to com.zbkj.admin.controller.StoreOrderController#send(StoreOrderSendRequest)" }
                    
{
                    "app": "Crmeb",
                    "timestamp":"2026-06-16 16:44:43.771",
                    "level": "DEBUG",
                    "thread": "http-nio-8169-exec-4",
                    "class": "o.s.w.s.m.m.a.RequestResponseBodyMethodProcessor",
                    "message": "Read "application/json;charset=UTF-8" to [StoreOrderSendRequest(id=null, orderNo=order90785175049729033128469, deliveryType=fictitious, expres (truncated)...]" }
                    
{
                    "app": "Crmeb",
                    "timestamp":"2026-06-16 16:44:43.997",
                    "level": "DEBUG",
                    "thread": "http-nio-8169-exec-4",
                    "class": "o.s.w.s.m.m.a.RequestResponseBodyMethodProcessor",
                    "message": "Using 'application/json', given [application/json, text/plain, */*] and supported [application/json, application/*+json, application/json, application/*+json, application/cbor]" }
                    
{
                    "app": "Crmeb",
                    "timestamp":"2026-06-16 16:44:43.997",
                    "level": "DEBUG",
                    "thread": "http-nio-8169-exec-4",
                    "class": "o.s.w.s.m.m.a.RequestResponseBodyMethodProcessor",
                    "message": "Writing [com.zbkj.common.result.CommonResult@4ebdd7e7]" }
                    
{
                    "app": "Crmeb",
                    "timestamp":"2026-06-16 16:44:43.997",
                    "level": "DEBUG",
                    "thread": "http-nio-8169-exec-4",
                    "class": "o.s.web.servlet.DispatcherServlet",
                    "message": "Completed 200 OK" }
                    
{
                    "app": "Crmeb",
                    "timestamp":"2026-06-16 16:44:44.129",
                    "level": "DEBUG",
                    "thread": "http-nio-8169-exec-7",
                    "class": "o.s.web.servlet.DispatcherServlet",
                    "message": "GET "/api/admin/store/order/list?status=all&dateLimit=&orderNo=&page=1&limit=20&type=2&temp=1781599484", parameters={masked}" }
                    
{
                    "app": "Crmeb",
                    "timestamp":"2026-06-16 16:44:44.130",
                    "level": "DEBUG",
                    "thread": "http-nio-8169-exec-7",
                    "class": "o.s.w.s.m.m.a.RequestMappingHandlerMapping",
                    "message": "Mapped to com.zbkj.admin.controller.StoreOrderController#getList(StoreOrderSearchRequest, PageParamRequest)" }
                    
{
                    "app": "Crmeb",
                    "timestamp":"2026-06-16 16:44:44.458",
                    "level": "DEBUG",
                    "thread": "http-nio-8169-exec-7",
                    "class": "o.s.w.s.m.m.a.RequestResponseBodyMethodProcessor",
                    "message": "Using 'application/json', given [application/json, text/plain, */*] and supported [application/json, application/*+json, application/json, application/*+json, application/cbor]" }
                    
{
                    "app": "Crmeb",
                    "timestamp":"2026-06-16 16:44:44.459",
                    "level": "DEBUG",
                    "thread": "http-nio-8169-exec-7",
                    "class": "o.s.w.s.m.m.a.RequestResponseBodyMethodProcessor",
                    "message": "Writing [com.zbkj.common.result.CommonResult@5d1c6dc6]" }
                    
{
                    "app": "Crmeb",
                    "timestamp":"2026-06-16 16:44:44.459",
                    "level": "DEBUG",
                    "thread": "http-nio-8169-exec-7",
                    "class": "o.s.web.servlet.DispatcherServlet",
                    "message": "Completed 200 OK" }
                    
{
                    "app": "Crmeb",
                    "timestamp":"2026-06-16 16:44:49.868",
                    "level": "DEBUG",
                    "thread": "http-nio-8169-exec-6",
                    "class": "o.s.web.servlet.DispatcherServlet",
                    "message": "GET "/api/admin/store/order/info?orderNo=order90785175049729033128469&temp=1781599489", parameters={masked}" }
                    
{
                    "app": "Crmeb",
                    "timestamp":"2026-06-16 16:44:49.869",
                    "level": "DEBUG",
                    "thread": "http-nio-8169-exec-6",
                    "class": "o.s.w.s.m.m.a.RequestMappingHandlerMapping",
                    "message": "Mapped to com.zbkj.admin.controller.StoreOrderController#info(String)" }
                    
{
                    "app": "Crmeb",
                    "timestamp":"2026-06-16 16:44:50.120",
                    "level": "DEBUG",
                    "thread": "http-nio-8169-exec-6",
                    "class": "o.s.w.s.m.m.a.RequestResponseBodyMethodProcessor",
                    "message": "Using 'application/json', given [application/json, text/plain, */*] and supported [application/json, application/*+json, application/json, application/*+json, application/cbor]" }
                    
{
                    "app": "Crmeb",
                    "timestamp":"2026-06-16 16:44:50.120",
                    "level": "DEBUG",
                    "thread": "http-nio-8169-exec-6",
                    "class": "o.s.w.s.m.m.a.RequestResponseBodyMethodProcessor",
                    "message": "Writing [com.zbkj.common.result.CommonResult@1b9b9844]" }
                    
{
                    "app": "Crmeb",
                    "timestamp":"2026-06-16 16:44:50.123",
                    "level": "DEBUG",
                    "thread": "http-nio-8169-exec-6",
                    "class": "o.s.web.servlet.DispatcherServlet",
                    "message": "Completed 200 OK" }
                    
{
                    "app": "Crmeb",
                    "timestamp":"2026-06-16 17:47:23.631",
                    "level": "DEBUG",
                    "thread": "http-nio-8169-exec-11",
                    "class": "o.s.web.servlet.DispatcherServlet",
                    "message": "GET "/api/admin/system/config/info?formId=109&temp=1781603243", parameters={masked}" }
                    
{
                    "app": "Crmeb",
                    "timestamp":"2026-06-16 17:47:23.632",
                    "level": "DEBUG",
                    "thread": "http-nio-8169-exec-11",
                    "class": "o.s.w.s.m.m.a.RequestMappingHandlerMapping",
                    "message": "Mapped to com.zbkj.admin.controller.SystemConfigController#info(Integer)" }
                    
{
                    "app": "Crmeb",
                    "timestamp":"2026-06-16 17:47:23.697",
                    "level": "DEBUG",
                    "thread": "http-nio-8169-exec-11",
                    "class": "o.s.w.s.m.m.a.RequestResponseBodyMethodProcessor",
                    "message": "Using 'application/json', given [application/json, text/plain, */*] and supported [application/json, application/*+json, application/json, application/*+json, application/cbor]" }
                    
{
                    "app": "Crmeb",
                    "timestamp":"2026-06-16 17:47:23.698",
                    "level": "DEBUG",
                    "thread": "http-nio-8169-exec-11",
                    "class": "o.s.w.s.m.m.a.RequestResponseBodyMethodProcessor",
                    "message": "Writing [com.zbkj.common.result.CommonResult@41b574e4]" }
                    
{
                    "app": "Crmeb",
                    "timestamp":"2026-06-16 17:47:23.698",
                    "level": "DEBUG",
                    "thread": "http-nio-8169-exec-11",
                    "class": "o.s.web.servlet.DispatcherServlet",
                    "message": "Completed 200 OK" }
                    
{
                    "app": "Crmeb",
                    "timestamp":"2026-06-16 17:47:23.856",
                    "level": "DEBUG",
                    "thread": "http-nio-8169-exec-22",
                    "class": "o.s.web.servlet.DispatcherServlet",
                    "message": "GET "/api/admin/system/form/temp/info?id=109&temp=1781603243", parameters={masked}" }
                    
{
                    "app": "Crmeb",
                    "timestamp":"2026-06-16 17:47:23.856",
                    "level": "DEBUG",
                    "thread": "http-nio-8169-exec-22",
                    "class": "o.s.w.s.m.m.a.RequestMappingHandlerMapping",
                    "message": "Mapped to com.zbkj.admin.controller.SystemFormTempController#info(Integer)" }
                    
{
                    "app": "Crmeb",
                    "timestamp":"2026-06-16 17:47:23.916",
                    "level": "DEBUG",
                    "thread": "http-nio-8169-exec-22",
                    "class": "o.s.w.s.m.m.a.RequestResponseBodyMethodProcessor",
                    "message": "Using 'application/json', given [application/json, text/plain, */*] and supported [application/json, application/*+json, application/json, application/*+json, application/cbor]" }
                    
{
                    "app": "Crmeb",
                    "timestamp":"2026-06-16 17:47:23.916",
                    "level": "DEBUG",
                    "thread": "http-nio-8169-exec-22",
                    "class": "o.s.w.s.m.m.a.RequestResponseBodyMethodProcessor",
                    "message": "Writing [com.zbkj.common.result.CommonResult@61cb98d9]" }
                    
{
                    "app": "Crmeb",
                    "timestamp":"2026-06-16 17:47:23.917",
                    "level": "DEBUG",
                    "thread": "http-nio-8169-exec-22",
                    "class": "o.s.web.servlet.DispatcherServlet",
                    "message": "Completed 200 OK" }
                    
{
                    "app": "Crmeb",
                    "timestamp":"2026-06-16 17:47:24.186",
                    "level": "DEBUG",
                    "thread": "http-nio-8169-exec-20",
                    "class": "o.s.web.servlet.DispatcherServlet",
                    "message": "GET "/api/admin/store/retail/spread/manage/get?temp=1781603244", parameters={masked}" }
                    
{
                    "app": "Crmeb",
                    "timestamp":"2026-06-16 17:47:24.187",
                    "level": "DEBUG",
                    "thread": "http-nio-8169-exec-20",
                    "class": "o.s.w.s.m.m.a.RequestMappingHandlerMapping",
                    "message": "Mapped to com.zbkj.admin.controller.RetailShopController#getSpreadInfo()" }
                    
{
                    "app": "Crmeb",
                    "timestamp":"2026-06-16 17:47:24.637",
                    "level": "DEBUG",
                    "thread": "http-nio-8169-exec-20",
                    "class": "o.s.w.s.m.m.a.RequestResponseBodyMethodProcessor",
                    "message": "Using 'application/json', given [application/json, text/plain, */*] and supported [application/json, application/*+json, application/json, application/*+json, application/cbor]" }
                    
{
                    "app": "Crmeb",
                    "timestamp":"2026-06-16 17:47:24.637",
                    "level": "DEBUG",
                    "thread": "http-nio-8169-exec-20",
                    "class": "o.s.w.s.m.m.a.RequestResponseBodyMethodProcessor",
                    "message": "Writing [com.zbkj.common.result.CommonResult@136308ac]" }
                    
{
                    "app": "Crmeb",
                    "timestamp":"2026-06-16 17:47:24.637",
                    "level": "DEBUG",
                    "thread": "http-nio-8169-exec-20",
                    "class": "o.s.web.servlet.DispatcherServlet",
                    "message": "Completed 200 OK" }
                    
{
                    "app": "Crmeb",
                    "timestamp":"2026-06-16 17:47:25.204",
                    "level": "DEBUG",
                    "thread": "http-nio-8169-exec-13",
                    "class": "o.s.web.servlet.DispatcherServlet",
                    "message": "GET "/api/admin/store/retail/list?dateLimit=&keywords=&page=1&limit=20&temp=1781603245", parameters={masked}" }
                    
{
                    "app": "Crmeb",
                    "timestamp":"2026-06-16 17:47:25.205",
                    "level": "DEBUG",
                    "thread": "http-nio-8169-exec-13",
                    "class": "o.s.w.s.m.m.a.RequestMappingHandlerMapping",
                    "message": "Mapped to com.zbkj.admin.controller.RetailShopController#getList(String, String, PageParamRequest)" }
                    
{
                    "app": "Crmeb",
                    "timestamp":"2026-06-16 17:47:25.407",
                    "level": "DEBUG",
                    "thread": "http-nio-8169-exec-13",
                    "class": "o.s.w.s.m.m.a.RequestResponseBodyMethodProcessor",
                    "message": "Using 'application/json', given [application/json, text/plain, */*] and supported [application/json, application/*+json, application/json, application/*+json, application/cbor]" }
                    
{
                    "app": "Crmeb",
                    "timestamp":"2026-06-16 17:47:25.407",
                    "level": "DEBUG",
                    "thread": "http-nio-8169-exec-13",
                    "class": "o.s.w.s.m.m.a.RequestResponseBodyMethodProcessor",
                    "message": "Writing [com.zbkj.common.result.CommonResult@79f6e09b]" }
                    
{
                    "app": "Crmeb",
                    "timestamp":"2026-06-16 17:47:25.407",
                    "level": "DEBUG",
                    "thread": "http-nio-8169-exec-13",
                    "class": "o.s.web.servlet.DispatcherServlet",
                    "message": "Completed 200 OK" }
                    
{
                    "app": "Crmeb",
                    "timestamp":"2026-06-16 17:47:27.766",
                    "level": "DEBUG",
                    "thread": "http-nio-8169-exec-17",
                    "class": "o.s.web.servlet.DispatcherServlet",
                    "message": "POST "/api/admin/store/retail/spread/userlist?page=1&limit=10", parameters={masked}" }
                    
{
                    "app": "Crmeb",
                    "timestamp":"2026-06-16 17:47:27.766",
                    "level": "DEBUG",
                    "thread": "http-nio-8169-exec-17",
                    "class": "o.s.w.s.m.m.a.RequestMappingHandlerMapping",
                    "message": "Mapped to com.zbkj.admin.controller.RetailShopController#getUserListBySpreadLevel(RetailShopStairUserRequest, PageParamRequest)" }
                    
{
                    "app": "Crmeb",
                    "timestamp":"2026-06-16 17:47:27.768",
                    "level": "DEBUG",
                    "thread": "http-nio-8169-exec-17",
                    "class": "o.s.w.s.m.m.a.RequestResponseBodyMethodProcessor",
                    "message": "Read "application/json;charset=UTF-8" to [RetailShopStairUserRequest(nickName=, dateLimit=, type=0, uid=42)]" }
                    
{
                    "app": "Crmeb",
                    "timestamp":"2026-06-16 17:47:27.819",
                    "level": "DEBUG",
                    "thread": "http-nio-8169-exec-17",
                    "class": "o.s.w.s.m.m.a.RequestResponseBodyMethodProcessor",
                    "message": "Using 'application/json', given [application/json, text/plain, */*] and supported [application/json, application/*+json, application/json, application/*+json, application/cbor]" }
                    
{
                    "app": "Crmeb",
                    "timestamp":"2026-06-16 17:47:27.819",
                    "level": "DEBUG",
                    "thread": "http-nio-8169-exec-17",
                    "class": "o.s.w.s.m.m.a.RequestResponseBodyMethodProcessor",
                    "message": "Writing [com.zbkj.common.result.CommonResult@169842e5]" }
                    
{
                    "app": "Crmeb",
                    "timestamp":"2026-06-16 17:47:27.819",
                    "level": "DEBUG",
                    "thread": "http-nio-8169-exec-17",
                    "class": "o.s.web.servlet.DispatcherServlet",
                    "message": "Completed 200 OK" }
                    
{
                    "app": "Crmeb",
                    "timestamp":"2026-06-16 17:47:32.576",
                    "level": "DEBUG",
                    "thread": "http-nio-8169-exec-12",
                    "class": "o.s.web.servlet.DispatcherServlet",
                    "message": "POST "/api/admin/store/retail/spread/userlist?page=1&limit=10", parameters={masked}" }
                    
{
                    "app": "Crmeb",
                    "timestamp":"2026-06-16 17:47:32.576",
                    "level": "DEBUG",
                    "thread": "http-nio-8169-exec-12",
                    "class": "o.s.w.s.m.m.a.RequestMappingHandlerMapping",
                    "message": "Mapped to com.zbkj.admin.controller.RetailShopController#getUserListBySpreadLevel(RetailShopStairUserRequest, PageParamRequest)" }
                    
{
                    "app": "Crmeb",
                    "timestamp":"2026-06-16 17:47:32.576",
                    "level": "DEBUG",
                    "thread": "http-nio-8169-exec-12",
                    "class": "o.s.w.s.m.m.a.RequestResponseBodyMethodProcessor",
                    "message": "Read "application/json;charset=UTF-8" to [RetailShopStairUserRequest(nickName=, dateLimit=, type=1, uid=42)]" }
                    
{
                    "app": "Crmeb",
                    "timestamp":"2026-06-16 17:47:32.624",
                    "level": "DEBUG",
                    "thread": "http-nio-8169-exec-12",
                    "class": "o.s.w.s.m.m.a.RequestResponseBodyMethodProcessor",
                    "message": "Using 'application/json', given [application/json, text/plain, */*] and supported [application/json, application/*+json, application/json, application/*+json, application/cbor]" }
                    
{
                    "app": "Crmeb",
                    "timestamp":"2026-06-16 17:47:32.624",
                    "level": "DEBUG",
                    "thread": "http-nio-8169-exec-12",
                    "class": "o.s.w.s.m.m.a.RequestResponseBodyMethodProcessor",
                    "message": "Writing [com.zbkj.common.result.CommonResult@3ab1ec35]" }
                    
{
                    "app": "Crmeb",
                    "timestamp":"2026-06-16 17:47:32.624",
                    "level": "DEBUG",
                    "thread": "http-nio-8169-exec-12",
                    "class": "o.s.web.servlet.DispatcherServlet",
                    "message": "Completed 200 OK" }
                    
{
                    "app": "Crmeb",
                    "timestamp":"2026-06-16 17:47:33.489",
                    "level": "DEBUG",
                    "thread": "http-nio-8169-exec-29",
                    "class": "o.s.web.servlet.DispatcherServlet",
                    "message": "POST "/api/admin/store/retail/spread/userlist?page=1&limit=10", parameters={masked}" }
                    
{
                    "app": "Crmeb",
                    "timestamp":"2026-06-16 17:47:33.490",
                    "level": "DEBUG",
                    "thread": "http-nio-8169-exec-29",
                    "class": "o.s.w.s.m.m.a.RequestMappingHandlerMapping",
                    "message": "Mapped to com.zbkj.admin.controller.RetailShopController#getUserListBySpreadLevel(RetailShopStairUserRequest, PageParamRequest)" }
                    
{
                    "app": "Crmeb",
                    "timestamp":"2026-06-16 17:47:33.490",
                    "level": "DEBUG",
                    "thread": "http-nio-8169-exec-29",
                    "class": "o.s.w.s.m.m.a.RequestResponseBodyMethodProcessor",
                    "message": "Read "application/json;charset=UTF-8" to [RetailShopStairUserRequest(nickName=, dateLimit=, type=2, uid=42)]" }
                    
{
                    "app": "Crmeb",
                    "timestamp":"2026-06-16 17:47:33.532",
                    "level": "DEBUG",
                    "thread": "http-nio-8169-exec-29",
                    "class": "o.s.w.s.m.m.a.RequestResponseBodyMethodProcessor",
                    "message": "Using 'application/json', given [application/json, text/plain, */*] and supported [application/json, application/*+json, application/json, application/*+json, application/cbor]" }
                    
{
                    "app": "Crmeb",
                    "timestamp":"2026-06-16 17:47:33.532",
                    "level": "DEBUG",
                    "thread": "http-nio-8169-exec-29",
                    "class": "o.s.w.s.m.m.a.RequestResponseBodyMethodProcessor",
                    "message": "Writing [com.zbkj.common.result.CommonResult@7db74864]" }
                    
{
                    "app": "Crmeb",
                    "timestamp":"2026-06-16 17:47:33.533",
                    "level": "DEBUG",
                    "thread": "http-nio-8169-exec-29",
                    "class": "o.s.web.servlet.DispatcherServlet",
                    "message": "Completed 200 OK" }
                    
{
                    "app": "Crmeb",
                    "timestamp":"2026-06-16 17:47:34.525",
                    "level": "DEBUG",
                    "thread": "http-nio-8169-exec-2",
                    "class": "o.s.web.servlet.DispatcherServlet",
                    "message": "POST "/api/admin/store/retail/spread/userlist?page=1&limit=10", parameters={masked}" }
                    
{
                    "app": "Crmeb",
                    "timestamp":"2026-06-16 17:47:34.526",
                    "level": "DEBUG",
                    "thread": "http-nio-8169-exec-2",
                    "class": "o.s.w.s.m.m.a.RequestMappingHandlerMapping",
                    "message": "Mapped to com.zbkj.admin.controller.RetailShopController#getUserListBySpreadLevel(RetailShopStairUserRequest, PageParamRequest)" }
                    
{
                    "app": "Crmeb",
                    "timestamp":"2026-06-16 17:47:34.527",
                    "level": "DEBUG",
                    "thread": "http-nio-8169-exec-2",
                    "class": "o.s.w.s.m.m.a.RequestResponseBodyMethodProcessor",
                    "message": "Read "application/json;charset=UTF-8" to [RetailShopStairUserRequest(nickName=, dateLimit=, type=0, uid=42)]" }
                    
{
                    "app": "Crmeb",
                    "timestamp":"2026-06-16 17:47:34.572",
                    "level": "DEBUG",
                    "thread": "http-nio-8169-exec-2",
                    "class": "o.s.w.s.m.m.a.RequestResponseBodyMethodProcessor",
                    "message": "Using 'application/json', given [application/json, text/plain, */*] and supported [application/json, application/*+json, application/json, application/*+json, application/cbor]" }
                    
{
                    "app": "Crmeb",
                    "timestamp":"2026-06-16 17:47:34.572",
                    "level": "DEBUG",
                    "thread": "http-nio-8169-exec-2",
                    "class": "o.s.w.s.m.m.a.RequestResponseBodyMethodProcessor",
                    "message": "Writing [com.zbkj.common.result.CommonResult@6f0158c9]" }
                    
{
                    "app": "Crmeb",
                    "timestamp":"2026-06-16 17:47:34.573",
                    "level": "DEBUG",
                    "thread": "http-nio-8169-exec-2",
                    "class": "o.s.web.servlet.DispatcherServlet",
                    "message": "Completed 200 OK" }
                    
{
                    "app": "Crmeb",
                    "timestamp":"2026-06-16 17:47:40.562",
                    "level": "DEBUG",
                    "thread": "http-nio-8169-exec-21",
                    "class": "o.s.web.servlet.DispatcherServlet",
                    "message": "GET "/api/admin/store/retail/spread/manage/get?temp=1781603260", parameters={masked}" }
                    
{
                    "app": "Crmeb",
                    "timestamp":"2026-06-16 17:47:40.562",
                    "level": "DEBUG",
                    "thread": "http-nio-8169-exec-21",
                    "class": "o.s.w.s.m.m.a.RequestMappingHandlerMapping",
                    "message": "Mapped to com.zbkj.admin.controller.RetailShopController#getSpreadInfo()" }
                    
{
                    "app": "Crmeb",
                    "timestamp":"2026-06-16 17:47:41.000",
                    "level": "DEBUG",
                    "thread": "http-nio-8169-exec-21",
                    "class": "o.s.w.s.m.m.a.RequestResponseBodyMethodProcessor",
                    "message": "Using 'application/json', given [application/json, text/plain, */*] and supported [application/json, application/*+json, application/json, application/*+json, application/cbor]" }
                    
{
                    "app": "Crmeb",
                    "timestamp":"2026-06-16 17:47:41.000",
                    "level": "DEBUG",
                    "thread": "http-nio-8169-exec-21",
                    "class": "o.s.w.s.m.m.a.RequestResponseBodyMethodProcessor",
                    "message": "Writing [com.zbkj.common.result.CommonResult@378b0b78]" }
                    
{
                    "app": "Crmeb",
                    "timestamp":"2026-06-16 17:47:41.000",
                    "level": "DEBUG",
                    "thread": "http-nio-8169-exec-21",
                    "class": "o.s.web.servlet.DispatcherServlet",
                    "message": "Completed 200 OK" }
                    
{
                    "app": "Crmeb",
                    "timestamp":"2026-06-16 17:47:43.092",
                    "level": "DEBUG",
                    "thread": "http-nio-8169-exec-26",
                    "class": "o.s.web.servlet.DispatcherServlet",
                    "message": "GET "/api/admin/store/retail/list?dateLimit=&keywords=&page=1&limit=20&temp=1781603262", parameters={masked}" }
                    
{
                    "app": "Crmeb",
                    "timestamp":"2026-06-16 17:47:43.092",
                    "level": "DEBUG",
                    "thread": "http-nio-8169-exec-26",
                    "class": "o.s.w.s.m.m.a.RequestMappingHandlerMapping",
                    "message": "Mapped to com.zbkj.admin.controller.RetailShopController#getList(String, String, PageParamRequest)" }
                    
{
                    "app": "Crmeb",
                    "timestamp":"2026-06-16 17:47:43.276",
                    "level": "DEBUG",
                    "thread": "http-nio-8169-exec-26",
                    "class": "o.s.w.s.m.m.a.RequestResponseBodyMethodProcessor",
                    "message": "Using 'application/json', given [application/json, text/plain, */*] and supported [application/json, application/*+json, application/json, application/*+json, application/cbor]" }
                    
{
                    "app": "Crmeb",
                    "timestamp":"2026-06-16 17:47:43.276",
                    "level": "DEBUG",
                    "thread": "http-nio-8169-exec-26",
                    "class": "o.s.w.s.m.m.a.RequestResponseBodyMethodProcessor",
                    "message": "Writing [com.zbkj.common.result.CommonResult@7937f153]" }
                    
{
                    "app": "Crmeb",
                    "timestamp":"2026-06-16 17:47:43.276",
                    "level": "DEBUG",
                    "thread": "http-nio-8169-exec-26",
                    "class": "o.s.web.servlet.DispatcherServlet",
                    "message": "Completed 200 OK" }
                    
{
                    "app": "Crmeb",
                    "timestamp":"2026-06-16 17:47:52.125",
                    "level": "DEBUG",
                    "thread": "http-nio-8169-exec-28",
                    "class": "o.s.web.servlet.DispatcherServlet",
                    "message": "GET "/api/admin/category/list/tree?type=6&status=1&temp=1781603272", parameters={masked}" }
                    
{
                    "app": "Crmeb",
                    "timestamp":"2026-06-16 17:47:52.125",
                    "level": "DEBUG",
                    "thread": "http-nio-8169-exec-28",
                    "class": "o.s.w.s.m.m.a.RequestMappingHandlerMapping",
                    "message": "Mapped to com.zbkj.admin.controller.CategoryController#getListTree(Integer, Integer, String)" }
                    
{
                    "app": "Crmeb",
                    "timestamp":"2026-06-16 17:47:52.138",
                    "level": "DEBUG",
                    "thread": "http-nio-8169-exec-27",
                    "class": "o.s.web.servlet.DispatcherServlet",
                    "message": "GET "/api/admin/system/config/get/upload/type?temp=1781603272", parameters={masked}" }
                    
{
                    "app": "Crmeb",
                    "timestamp":"2026-06-16 17:47:52.139",
                    "level": "DEBUG",
                    "thread": "http-nio-8169-exec-27",
                    "class": "o.s.w.s.m.m.a.RequestMappingHandlerMapping",
                    "message": "Mapped to com.zbkj.admin.controller.SystemConfigController#getFileUploadType()" }
                    
{
                    "app": "Crmeb",
                    "timestamp":"2026-06-16 17:47:52.176",
                    "level": "DEBUG",
                    "thread": "http-nio-8169-exec-28",
                    "class": "o.s.w.s.m.m.a.RequestResponseBodyMethodProcessor",
                    "message": "Using 'application/json', given [application/json, text/plain, */*] and supported [application/json, application/*+json, application/json, application/*+json, application/cbor]" }
                    
{
                    "app": "Crmeb",
                    "timestamp":"2026-06-16 17:47:52.176",
                    "level": "DEBUG",
                    "thread": "http-nio-8169-exec-28",
                    "class": "o.s.w.s.m.m.a.RequestResponseBodyMethodProcessor",
                    "message": "Writing [com.zbkj.common.result.CommonResult@656ecb6]" }
                    
{
                    "app": "Crmeb",
                    "timestamp":"2026-06-16 17:47:52.176",
                    "level": "DEBUG",
                    "thread": "http-nio-8169-exec-28",
                    "class": "o.s.web.servlet.DispatcherServlet",
                    "message": "Completed 200 OK" }
                    
{
                    "app": "Crmeb",
                    "timestamp":"2026-06-16 17:47:52.189",
                    "level": "DEBUG",
                    "thread": "http-nio-8169-exec-27",
                    "class": "o.s.w.s.m.m.a.RequestResponseBodyMethodProcessor",
                    "message": "Using 'application/json', given [application/json, text/plain, */*] and supported [application/json, application/*+json, application/json, application/*+json, application/cbor]" }
                    
{
                    "app": "Crmeb",
                    "timestamp":"2026-06-16 17:47:52.190",
                    "level": "DEBUG",
                    "thread": "http-nio-8169-exec-27",
                    "class": "o.s.w.s.m.m.a.RequestResponseBodyMethodProcessor",
                    "message": "Writing [com.zbkj.common.result.CommonResult@25147338]" }
                    
{
                    "app": "Crmeb",
                    "timestamp":"2026-06-16 17:47:52.191",
                    "level": "DEBUG",
                    "thread": "http-nio-8169-exec-27",
                    "class": "o.s.web.servlet.DispatcherServlet",
                    "message": "Completed 200 OK" }
                    
{
                    "app": "Crmeb",
                    "timestamp":"2026-06-16 17:47:52.266",
                    "level": "DEBUG",
                    "thread": "http-nio-8169-exec-5",
                    "class": "o.s.web.servlet.DispatcherServlet",
                    "message": "GET "/api/admin/system/form/temp/info?id=77&temp=1781603272", parameters={masked}" }
                    
{
                    "app": "Crmeb",
                    "timestamp":"2026-06-16 17:47:52.266",
                    "level": "DEBUG",
                    "thread": "http-nio-8169-exec-5",
                    "class": "o.s.w.s.m.m.a.RequestMappingHandlerMapping",
                    "message": "Mapped to com.zbkj.admin.controller.SystemFormTempController#info(Integer)" }
                    
{
                    "app": "Crmeb",
                    "timestamp":"2026-06-16 17:47:52.313",
                    "level": "DEBUG",
                    "thread": "http-nio-8169-exec-5",
                    "class": "o.s.w.s.m.m.a.RequestResponseBodyMethodProcessor",
                    "message": "Using 'application/json', given [application/json, text/plain, */*] and supported [application/json, application/*+json, application/json, application/*+json, application/cbor]" }
                    
{
                    "app": "Crmeb",
                    "timestamp":"2026-06-16 17:47:52.314",
                    "level": "DEBUG",
                    "thread": "http-nio-8169-exec-5",
                    "class": "o.s.w.s.m.m.a.RequestResponseBodyMethodProcessor",
                    "message": "Writing [com.zbkj.common.result.CommonResult@1a0efe80]" }
                    
{
                    "app": "Crmeb",
                    "timestamp":"2026-06-16 17:47:52.314",
                    "level": "DEBUG",
                    "thread": "http-nio-8169-exec-5",
                    "class": "o.s.web.servlet.DispatcherServlet",
                    "message": "Completed 200 OK" }
                    
{
                    "app": "Crmeb",
                    "timestamp":"2026-06-16 17:47:52.365",
                    "level": "DEBUG",
                    "thread": "http-nio-8169-exec-3",
                    "class": "o.s.web.servlet.DispatcherServlet",
                    "message": "GET "/api/admin/system/config/info?formId=77&temp=1781603272", parameters={masked}" }
                    
{
                    "app": "Crmeb",
                    "timestamp":"2026-06-16 17:47:52.367",
                    "level": "DEBUG",
                    "thread": "http-nio-8169-exec-3",
                    "class": "o.s.w.s.m.m.a.RequestMappingHandlerMapping",
                    "message": "Mapped to com.zbkj.admin.controller.SystemConfigController#info(Integer)" }
                    
{
                    "app": "Crmeb",
                    "timestamp":"2026-06-16 17:47:52.413",
                    "level": "DEBUG",
                    "thread": "http-nio-8169-exec-3",
                    "class": "o.s.w.s.m.m.a.RequestResponseBodyMethodProcessor",
                    "message": "Using 'application/json', given [application/json, text/plain, */*] and supported [application/json, application/*+json, application/json, application/*+json, application/cbor]" }
                    
{
                    "app": "Crmeb",
                    "timestamp":"2026-06-16 17:47:52.413",
                    "level": "DEBUG",
                    "thread": "http-nio-8169-exec-3",
                    "class": "o.s.w.s.m.m.a.RequestResponseBodyMethodProcessor",
                    "message": "Writing [com.zbkj.common.result.CommonResult@109521ad]" }
                    
{
                    "app": "Crmeb",
                    "timestamp":"2026-06-16 17:47:52.413",
                    "level": "DEBUG",
                    "thread": "http-nio-8169-exec-3",
                    "class": "o.s.web.servlet.DispatcherServlet",
                    "message": "Completed 200 OK" }
                    
{
                    "app": "Crmeb",
                    "timestamp":"2026-06-16 17:47:54.844",
                    "level": "DEBUG",
                    "thread": "http-nio-8169-exec-14",
                    "class": "o.s.web.servlet.DispatcherServlet",
                    "message": "GET "/api/admin/category/list/tree?type=6&status=-1&temp=1781603274", parameters={masked}" }
                    
{
                    "app": "Crmeb",
                    "timestamp":"2026-06-16 17:47:54.845",
                    "level": "DEBUG",
                    "thread": "http-nio-8169-exec-14",
                    "class": "o.s.w.s.m.m.a.RequestMappingHandlerMapping",
                    "message": "Mapped to com.zbkj.admin.controller.CategoryController#getListTree(Integer, Integer, String)" }
                    
{
                    "app": "Crmeb",
                    "timestamp":"2026-06-16 17:47:54.895",
                    "level": "DEBUG",
                    "thread": "http-nio-8169-exec-14",
                    "class": "o.s.w.s.m.m.a.RequestResponseBodyMethodProcessor",
                    "message": "Using 'application/json', given [application/json, text/plain, */*] and supported [application/json, application/*+json, application/json, application/*+json, application/cbor]" }
                    
{
                    "app": "Crmeb",
                    "timestamp":"2026-06-16 17:47:54.895",
                    "level": "DEBUG",
                    "thread": "http-nio-8169-exec-14",
                    "class": "o.s.w.s.m.m.a.RequestResponseBodyMethodProcessor",
                    "message": "Writing [com.zbkj.common.result.CommonResult@2ff8fea0]" }
                    
{
                    "app": "Crmeb",
                    "timestamp":"2026-06-16 17:47:54.895",
                    "level": "DEBUG",
                    "thread": "http-nio-8169-exec-14",
                    "class": "o.s.web.servlet.DispatcherServlet",
                    "message": "Completed 200 OK" }
                    
{
                    "app": "Crmeb",
                    "timestamp":"2026-06-16 17:47:58.383",
                    "level": "DEBUG",
                    "thread": "http-nio-8169-exec-22",
                    "class": "o.s.web.servlet.DispatcherServlet",
                    "message": "GET "/api/admin/user/group/list?page=1&limit=9999&temp=1781603278", parameters={masked}" }
                    
{
                    "app": "Crmeb",
                    "timestamp":"2026-06-16 17:47:58.383",
                    "level": "DEBUG",
                    "thread": "http-nio-8169-exec-22",
                    "class": "o.s.w.s.m.m.a.RequestMappingHandlerMapping",
                    "message": "Mapped to com.zbkj.admin.controller.UserGroupController#getList(PageParamRequest)" }
                    
{
                    "app": "Crmeb",
                    "timestamp":"2026-06-16 17:47:58.385",
                    "level": "DEBUG",
                    "thread": "http-nio-8169-exec-25",
                    "class": "o.s.web.servlet.DispatcherServlet",
                    "message": "GET "/api/admin/system/user/level/list?temp=1781603278", parameters={masked}" }
                    
{
                    "app": "Crmeb",
                    "timestamp":"2026-06-16 17:47:58.386",
                    "level": "DEBUG",
                    "thread": "http-nio-8169-exec-25",
                    "class": "o.s.w.s.m.m.a.RequestMappingHandlerMapping",
                    "message": "Mapped to com.zbkj.admin.controller.SystemUserLevelController#getList()" }
                    
{
                    "app": "Crmeb",
                    "timestamp":"2026-06-16 17:47:58.386",
                    "level": "DEBUG",
                    "thread": "http-nio-8169-exec-13",
                    "class": "o.s.web.servlet.DispatcherServlet",
                    "message": "GET "/api/admin/system/city/list/tree?temp=1781603278", parameters={masked}" }
                    
{
                    "app": "Crmeb",
                    "timestamp":"2026-06-16 17:47:58.386",
                    "level": "DEBUG",
                    "thread": "http-nio-8169-exec-13",
                    "class": "o.s.w.s.m.m.a.RequestMappingHandlerMapping",
                    "message": "Mapped to com.zbkj.admin.controller.SystemCityController#getListTree()" }
                    
{
                    "app": "Crmeb",
                    "timestamp":"2026-06-16 17:47:58.390",
                    "level": "DEBUG",
                    "thread": "http-nio-8169-exec-20",
                    "class": "o.s.web.servlet.DispatcherServlet",
                    "message": "GET "/api/admin/user/tag/list?page=1&limit=9999&temp=1781603278", parameters={masked}" }
                    
{
                    "app": "Crmeb",
                    "timestamp":"2026-06-16 17:47:58.390",
                    "level": "DEBUG",
                    "thread": "http-nio-8169-exec-20",
                    "class": "o.s.w.s.m.m.a.RequestMappingHandlerMapping",
                    "message": "Mapped to com.zbkj.admin.controller.UserTagController#getList(PageParamRequest)" }
                    
{
                    "app": "Crmeb",
                    "timestamp":"2026-06-16 17:47:58.391",
                    "level": "DEBUG",
                    "thread": "http-nio-8169-exec-23",
                    "class": "o.s.web.servlet.DispatcherServlet",
                    "message": "GET "/api/admin/user/list?labelId=&userType=&sex=&isPromoter=&country=&payCount=&accessType=0&dateLimit=&keywords=&province=&city=&page=1&limit=20&level=&groupId=&temp=1781603278", parameters={masked}" }
                    
{
                    "app": "Crmeb",
                    "timestamp":"2026-06-16 17:47:58.391",
                    "level": "DEBUG",
                    "thread": "http-nio-8169-exec-23",
                    "class": "o.s.w.s.m.m.a.RequestMappingHandlerMapping",
                    "message": "Mapped to com.zbkj.admin.controller.UserController#getList(UserSearchRequest, PageParamRequest)" }
                    
{
                    "app": "Crmeb",
                    "timestamp":"2026-06-16 17:47:58.441",
                    "level": "DEBUG",
                    "thread": "http-nio-8169-exec-25",
                    "class": "o.s.w.s.m.m.a.RequestResponseBodyMethodProcessor",
                    "message": "Using 'application/json', given [application/json, text/plain, */*] and supported [application/json, application/*+json, application/json, application/*+json, application/cbor]" }
                    
{
                    "app": "Crmeb",
                    "timestamp":"2026-06-16 17:47:58.441",
                    "level": "DEBUG",
                    "thread": "http-nio-8169-exec-25",
                    "class": "o.s.w.s.m.m.a.RequestResponseBodyMethodProcessor",
                    "message": "Writing [com.zbkj.common.result.CommonResult@344bca47]" }
                    
{
                    "app": "Crmeb",
                    "timestamp":"2026-06-16 17:47:58.442",
                    "level": "DEBUG",
                    "thread": "http-nio-8169-exec-25",
                    "class": "o.s.web.servlet.DispatcherServlet",
                    "message": "Completed 200 OK" }
                    
{
                    "app": "Crmeb",
                    "timestamp":"2026-06-16 17:47:58.476",
                    "level": "DEBUG",
                    "thread": "http-nio-8169-exec-22",
                    "class": "o.s.w.s.m.m.a.RequestResponseBodyMethodProcessor",
                    "message": "Using 'application/json', given [application/json, text/plain, */*] and supported [application/json, application/*+json, application/json, application/*+json, application/cbor]" }
                    
{
                    "app": "Crmeb",
                    "timestamp":"2026-06-16 17:47:58.476",
                    "level": "DEBUG",
                    "thread": "http-nio-8169-exec-22",
                    "class": "o.s.w.s.m.m.a.RequestResponseBodyMethodProcessor",
                    "message": "Writing [com.zbkj.common.result.CommonResult@7e6d2f36]" }
                    
{
                    "app": "Crmeb",
                    "timestamp":"2026-06-16 17:47:58.478",
                    "level": "DEBUG",
                    "thread": "http-nio-8169-exec-22",
                    "class": "o.s.web.servlet.DispatcherServlet",
                    "message": "Completed 200 OK" }
                    
{
                    "app": "Crmeb",
                    "timestamp":"2026-06-16 17:47:58.491",
                    "level": "DEBUG",
                    "thread": "http-nio-8169-exec-20",
                    "class": "o.s.w.s.m.m.a.RequestResponseBodyMethodProcessor",
                    "message": "Using 'application/json', given [application/json, text/plain, */*] and supported [application/json, application/*+json, application/json, application/*+json, application/cbor]" }
                    
{
                    "app": "Crmeb",
                    "timestamp":"2026-06-16 17:47:58.491",
                    "level": "DEBUG",
                    "thread": "http-nio-8169-exec-20",
                    "class": "o.s.w.s.m.m.a.RequestResponseBodyMethodProcessor",
                    "message": "Writing [com.zbkj.common.result.CommonResult@49f309fb]" }
                    
{
                    "app": "Crmeb",
                    "timestamp":"2026-06-16 17:47:58.491",
                    "level": "DEBUG",
                    "thread": "http-nio-8169-exec-20",
                    "class": "o.s.web.servlet.DispatcherServlet",
                    "message": "Completed 200 OK" }
                    
{
                    "app": "Crmeb",
                    "timestamp":"2026-06-16 17:47:58.699",
                    "level": "DEBUG",
                    "thread": "http-nio-8169-exec-23",
                    "class": "o.s.w.s.m.m.a.RequestResponseBodyMethodProcessor",
                    "message": "Using 'application/json', given [application/json, text/plain, */*] and supported [application/json, application/*+json, application/json, application/*+json, application/cbor]" }
                    
{
                    "app": "Crmeb",
                    "timestamp":"2026-06-16 17:47:58.699",
                    "level": "DEBUG",
                    "thread": "http-nio-8169-exec-23",
                    "class": "o.s.w.s.m.m.a.RequestResponseBodyMethodProcessor",
                    "message": "Writing [com.zbkj.common.result.CommonResult@7fb072fa]" }
                    
{
                    "app": "Crmeb",
                    "timestamp":"2026-06-16 17:47:58.701",
                    "level": "DEBUG",
                    "thread": "http-nio-8169-exec-23",
                    "class": "o.s.web.servlet.DispatcherServlet",
                    "message": "Completed 200 OK" }
                    
{
                    "app": "Crmeb",
                    "timestamp":"2026-06-16 17:47:59.309",
                    "level": "DEBUG",
                    "thread": "http-nio-8169-exec-17",
                    "class": "o.s.web.servlet.DispatcherServlet",
                    "message": "GET "/api/admin/user/tag/list?page=1&limit=20&temp=1781603279", parameters={masked}" }
                    
{
                    "app": "Crmeb",
                    "timestamp":"2026-06-16 17:47:59.309",
                    "level": "DEBUG",
                    "thread": "http-nio-8169-exec-17",
                    "class": "o.s.w.s.m.m.a.RequestMappingHandlerMapping",
                    "message": "Mapped to com.zbkj.admin.controller.UserTagController#getList(PageParamRequest)" }
                    
{
                    "app": "Crmeb",
                    "timestamp":"2026-06-16 17:47:59.349",
                    "level": "DEBUG",
                    "thread": "http-nio-8169-exec-13",
                    "class": "o.s.w.s.m.m.a.RequestResponseBodyMethodProcessor",
                    "message": "Using 'application/json', given [application/json, text/plain, */*] and supported [application/json, application/*+json, application/json, application/*+json, application/cbor]" }
                    
{
                    "app": "Crmeb",
                    "timestamp":"2026-06-16 17:47:59.349",
                    "level": "DEBUG",
                    "thread": "http-nio-8169-exec-13",
                    "class": "o.s.w.s.m.m.a.RequestResponseBodyMethodProcessor",
                    "message": "Writing [com.zbkj.common.result.CommonResult@79a92fb]" }
                    
{
                    "app": "Crmeb",
                    "timestamp":"2026-06-16 17:47:59.358",
                    "level": "DEBUG",
                    "thread": "http-nio-8169-exec-13",
                    "class": "o.s.web.servlet.DispatcherServlet",
                    "message": "Completed 200 OK" }
                    
{
                    "app": "Crmeb",
                    "timestamp":"2026-06-16 17:47:59.395",
                    "level": "DEBUG",
                    "thread": "http-nio-8169-exec-17",
                    "class": "o.s.w.s.m.m.a.RequestResponseBodyMethodProcessor",
                    "message": "Using 'application/json', given [application/json, text/plain, */*] and supported [application/json, application/*+json, application/json, application/*+json, application/cbor]" }
                    
{
                    "app": "Crmeb",
                    "timestamp":"2026-06-16 17:47:59.395",
                    "level": "DEBUG",
                    "thread": "http-nio-8169-exec-17",
                    "class": "o.s.w.s.m.m.a.RequestResponseBodyMethodProcessor",
                    "message": "Writing [com.zbkj.common.result.CommonResult@74935752]" }
                    
{
                    "app": "Crmeb",
                    "timestamp":"2026-06-16 17:47:59.395",
                    "level": "DEBUG",
                    "thread": "http-nio-8169-exec-17",
                    "class": "o.s.web.servlet.DispatcherServlet",
                    "message": "Completed 200 OK" }
                    
{
                    "app": "Crmeb",
                    "timestamp":"2026-06-16 17:48:00.486",
                    "level": "DEBUG",
                    "thread": "http-nio-8169-exec-21",
                    "class": "o.s.web.servlet.DispatcherServlet",
                    "message": "GET "/api/admin/user/tag/list?page=1&limit=9999&temp=1781603280", parameters={masked}" }
                    
{
                    "app": "Crmeb",
                    "timestamp":"2026-06-16 17:48:00.486",
                    "level": "DEBUG",
                    "thread": "http-nio-8169-exec-21",
                    "class": "o.s.w.s.m.m.a.RequestMappingHandlerMapping",
                    "message": "Mapped to com.zbkj.admin.controller.UserTagController#getList(PageParamRequest)" }
                    
{
                    "app": "Crmeb",
                    "timestamp":"2026-06-16 17:48:00.494",
                    "level": "DEBUG",
                    "thread": "http-nio-8169-exec-30",
                    "class": "o.s.web.servlet.DispatcherServlet",
                    "message": "GET "/api/admin/user/list?labelId=&userType=&sex=&isPromoter=&country=&payCount=&accessType=0&dateLimit=&keywords=&province=&city=&page=1&limit=20&level=&groupId=&temp=1781603280", parameters={masked}" }
                    
{
                    "app": "Crmeb",
                    "timestamp":"2026-06-16 17:48:00.494",
                    "level": "DEBUG",
                    "thread": "http-nio-8169-exec-30",
                    "class": "o.s.w.s.m.m.a.RequestMappingHandlerMapping",
                    "message": "Mapped to com.zbkj.admin.controller.UserController#getList(UserSearchRequest, PageParamRequest)" }
                    
{
                    "app": "Crmeb",
                    "timestamp":"2026-06-16 17:48:00.496",
                    "level": "DEBUG",
                    "thread": "http-nio-8169-exec-1",
                    "class": "o.s.web.servlet.DispatcherServlet",
                    "message": "GET "/api/admin/system/city/list/tree?temp=1781603280", parameters={masked}" }
                    
{
                    "app": "Crmeb",
                    "timestamp":"2026-06-16 17:48:00.496",
                    "level": "DEBUG",
                    "thread": "http-nio-8169-exec-1",
                    "class": "o.s.w.s.m.m.a.RequestMappingHandlerMapping",
                    "message": "Mapped to com.zbkj.admin.controller.SystemCityController#getListTree()" }
                    
{
                    "app": "Crmeb",
                    "timestamp":"2026-06-16 17:48:00.498",
                    "level": "DEBUG",
                    "thread": "http-nio-8169-exec-26",
                    "class": "o.s.web.servlet.DispatcherServlet",
                    "message": "GET "/api/admin/system/user/level/list?temp=1781603280", parameters={masked}" }
                    
{
                    "app": "Crmeb",
                    "timestamp":"2026-06-16 17:48:00.498",
                    "level": "DEBUG",
                    "thread": "http-nio-8169-exec-26",
                    "class": "o.s.w.s.m.m.a.RequestMappingHandlerMapping",
                    "message": "Mapped to com.zbkj.admin.controller.SystemUserLevelController#getList()" }
                    
{
                    "app": "Crmeb",
                    "timestamp":"2026-06-16 17:48:00.503",
                    "level": "DEBUG",
                    "thread": "http-nio-8169-exec-15",
                    "class": "o.s.web.servlet.DispatcherServlet",
                    "message": "GET "/api/admin/user/group/list?page=1&limit=9999&temp=1781603280", parameters={masked}" }
                    
{
                    "app": "Crmeb",
                    "timestamp":"2026-06-16 17:48:00.504",
                    "level": "DEBUG",
                    "thread": "http-nio-8169-exec-15",
                    "class": "o.s.w.s.m.m.a.RequestMappingHandlerMapping",
                    "message": "Mapped to com.zbkj.admin.controller.UserGroupController#getList(PageParamRequest)" }
                    
{
                    "app": "Crmeb",
                    "timestamp":"2026-06-16 17:48:00.573",
                    "level": "DEBUG",
                    "thread": "http-nio-8169-exec-21",
                    "class": "o.s.w.s.m.m.a.RequestResponseBodyMethodProcessor",
                    "message": "Using 'application/json', given [application/json, text/plain, */*] and supported [application/json, application/*+json, application/json, application/*+json, application/cbor]" }
                    
{
                    "app": "Crmeb",
                    "timestamp":"2026-06-16 17:48:00.573",
                    "level": "DEBUG",
                    "thread": "http-nio-8169-exec-21",
                    "class": "o.s.w.s.m.m.a.RequestResponseBodyMethodProcessor",
                    "message": "Writing [com.zbkj.common.result.CommonResult@246b0c57]" }
                    
{
                    "app": "Crmeb",
                    "timestamp":"2026-06-16 17:48:00.573",
                    "level": "DEBUG",
                    "thread": "http-nio-8169-exec-21",
                    "class": "o.s.web.servlet.DispatcherServlet",
                    "message": "Completed 200 OK" }
                    
{
                    "app": "Crmeb",
                    "timestamp":"2026-06-16 17:48:00.613",
                    "level": "DEBUG",
                    "thread": "http-nio-8169-exec-26",
                    "class": "o.s.w.s.m.m.a.RequestResponseBodyMethodProcessor",
                    "message": "Using 'application/json', given [application/json, text/plain, */*] and supported [application/json, application/*+json, application/json, application/*+json, application/cbor]" }
                    
{
                    "app": "Crmeb",
                    "timestamp":"2026-06-16 17:48:00.613",
                    "level": "DEBUG",
                    "thread": "http-nio-8169-exec-26",
                    "class": "o.s.w.s.m.m.a.RequestResponseBodyMethodProcessor",
                    "message": "Writing [com.zbkj.common.result.CommonResult@4b45dbe9]" }
                    
{
                    "app": "Crmeb",
                    "timestamp":"2026-06-16 17:48:00.613",
                    "level": "DEBUG",
                    "thread": "http-nio-8169-exec-26",
                    "class": "o.s.web.servlet.DispatcherServlet",
                    "message": "Completed 200 OK" }
                    
{
                    "app": "Crmeb",
                    "timestamp":"2026-06-16 17:48:00.659",
                    "level": "DEBUG",
                    "thread": "http-nio-8169-exec-1",
                    "class": "o.s.w.s.m.m.a.RequestResponseBodyMethodProcessor",
                    "message": "Using 'application/json', given [application/json, text/plain, */*] and supported [application/json, application/*+json, application/json, application/*+json, application/cbor]" }
                    
{
                    "app": "Crmeb",
                    "timestamp":"2026-06-16 17:48:00.659",
                    "level": "DEBUG",
                    "thread": "http-nio-8169-exec-1",
                    "class": "o.s.w.s.m.m.a.RequestResponseBodyMethodProcessor",
                    "message": "Writing [com.zbkj.common.result.CommonResult@511a8591]" }
                    
{
                    "app": "Crmeb",
                    "timestamp":"2026-06-16 17:48:00.667",
                    "level": "DEBUG",
                    "thread": "http-nio-8169-exec-1",
                    "class": "o.s.web.servlet.DispatcherServlet",
                    "message": "Completed 200 OK" }
                    
{
                    "app": "Crmeb",
                    "timestamp":"2026-06-16 17:48:00.698",
                    "level": "DEBUG",
                    "thread": "http-nio-8169-exec-15",
                    "class": "o.s.w.s.m.m.a.RequestResponseBodyMethodProcessor",
                    "message": "Using 'application/json', given [application/json, text/plain, */*] and supported [application/json, application/*+json, application/json, application/*+json, application/cbor]" }
                    
{
                    "app": "Crmeb",
                    "timestamp":"2026-06-16 17:48:00.698",
                    "level": "DEBUG",
                    "thread": "http-nio-8169-exec-15",
                    "class": "o.s.w.s.m.m.a.RequestResponseBodyMethodProcessor",
                    "message": "Writing [com.zbkj.common.result.CommonResult@42b458cc]" }
                    
{
                    "app": "Crmeb",
                    "timestamp":"2026-06-16 17:48:00.699",
                    "level": "DEBUG",
                    "thread": "http-nio-8169-exec-15",
                    "class": "o.s.web.servlet.DispatcherServlet",
                    "message": "Completed 200 OK" }
                    
{
                    "app": "Crmeb",
                    "timestamp":"2026-06-16 17:48:00.819",
                    "level": "DEBUG",
                    "thread": "http-nio-8169-exec-30",
                    "class": "o.s.w.s.m.m.a.RequestResponseBodyMethodProcessor",
                    "message": "Using 'application/json', given [application/json, text/plain, */*] and supported [application/json, application/*+json, application/json, application/*+json, application/cbor]" }
                    
{
                    "app": "Crmeb",
                    "timestamp":"2026-06-16 17:48:00.819",
                    "level": "DEBUG",
                    "thread": "http-nio-8169-exec-30",
                    "class": "o.s.w.s.m.m.a.RequestResponseBodyMethodProcessor",
                    "message": "Writing [com.zbkj.common.result.CommonResult@4a8c229d]" }
                    
{
                    "app": "Crmeb",
                    "timestamp":"2026-06-16 17:48:00.820",
                    "level": "DEBUG",
                    "thread": "http-nio-8169-exec-30",
                    "class": "o.s.web.servlet.DispatcherServlet",
                    "message": "Completed 200 OK" }
                    
{
                    "app": "Crmeb",
                    "timestamp":"2026-06-16 17:49:19.818",
                    "level": "DEBUG",
                    "thread": "http-nio-8169-exec-6",
                    "class": "o.s.web.servlet.DispatcherServlet",
                    "message": "GET "/api/admin/system/config/info?formId=109&temp=1781603359", parameters={masked}" }
                    
{
                    "app": "Crmeb",
                    "timestamp":"2026-06-16 17:49:19.819",
                    "level": "DEBUG",
                    "thread": "http-nio-8169-exec-6",
                    "class": "o.s.w.s.m.m.a.RequestMappingHandlerMapping",
                    "message": "Mapped to com.zbkj.admin.controller.SystemConfigController#info(Integer)" }
                    
{
                    "app": "Crmeb",
                    "timestamp":"2026-06-16 17:49:19.872",
                    "level": "DEBUG",
                    "thread": "http-nio-8169-exec-6",
                    "class": "o.s.w.s.m.m.a.RequestResponseBodyMethodProcessor",
                    "message": "Using 'application/json', given [application/json, text/plain, */*] and supported [application/json, application/*+json, application/json, application/*+json, application/cbor]" }
                    
{
                    "app": "Crmeb",
                    "timestamp":"2026-06-16 17:49:19.872",
                    "level": "DEBUG",
                    "thread": "http-nio-8169-exec-6",
                    "class": "o.s.w.s.m.m.a.RequestResponseBodyMethodProcessor",
                    "message": "Writing [com.zbkj.common.result.CommonResult@35b869bf]" }
                    
{
                    "app": "Crmeb",
                    "timestamp":"2026-06-16 17:49:19.873",
                    "level": "DEBUG",
                    "thread": "http-nio-8169-exec-6",
                    "class": "o.s.web.servlet.DispatcherServlet",
                    "message": "Completed 200 OK" }
                    
{
                    "app": "Crmeb",
                    "timestamp":"2026-06-16 17:49:20.019",
                    "level": "DEBUG",
                    "thread": "http-nio-8169-exec-16",
                    "class": "o.s.web.servlet.DispatcherServlet",
                    "message": "GET "/api/admin/system/form/temp/info?id=109&temp=1781603359", parameters={masked}" }
                    
{
                    "app": "Crmeb",
                    "timestamp":"2026-06-16 17:49:20.019",
                    "level": "DEBUG",
                    "thread": "http-nio-8169-exec-16",
                    "class": "o.s.w.s.m.m.a.RequestMappingHandlerMapping",
                    "message": "Mapped to com.zbkj.admin.controller.SystemFormTempController#info(Integer)" }
                    
{
                    "app": "Crmeb",
                    "timestamp":"2026-06-16 17:49:20.071",
                    "level": "DEBUG",
                    "thread": "http-nio-8169-exec-16",
                    "class": "o.s.w.s.m.m.a.RequestResponseBodyMethodProcessor",
                    "message": "Using 'application/json', given [application/json, text/plain, */*] and supported [application/json, application/*+json, application/json, application/*+json, application/cbor]" }
                    
{
                    "app": "Crmeb",
                    "timestamp":"2026-06-16 17:49:20.072",
                    "level": "DEBUG",
                    "thread": "http-nio-8169-exec-16",
                    "class": "o.s.w.s.m.m.a.RequestResponseBodyMethodProcessor",
                    "message": "Writing [com.zbkj.common.result.CommonResult@78e99a59]" }
                    
{
                    "app": "Crmeb",
                    "timestamp":"2026-06-16 17:49:20.072",
                    "level": "DEBUG",
                    "thread": "http-nio-8169-exec-16",
                    "class": "o.s.web.servlet.DispatcherServlet",
                    "message": "Completed 200 OK" }
                    
{
                    "app": "Crmeb",
                    "timestamp":"2026-06-16 17:49:20.166",
                    "level": "DEBUG",
                    "thread": "http-nio-8169-exec-19",
                    "class": "o.s.web.servlet.DispatcherServlet",
                    "message": "GET "/api/admin/store/retail/spread/manage/get?temp=1781603360", parameters={masked}" }
                    
{
                    "app": "Crmeb",
                    "timestamp":"2026-06-16 17:49:20.166",
                    "level": "DEBUG",
                    "thread": "http-nio-8169-exec-19",
                    "class": "o.s.w.s.m.m.a.RequestMappingHandlerMapping",
                    "message": "Mapped to com.zbkj.admin.controller.RetailShopController#getSpreadInfo()" }
                    
{
                    "app": "Crmeb",
                    "timestamp":"2026-06-16 17:49:20.612",
                    "level": "DEBUG",
                    "thread": "http-nio-8169-exec-19",
                    "class": "o.s.w.s.m.m.a.RequestResponseBodyMethodProcessor",
                    "message": "Using 'application/json', given [application/json, text/plain, */*] and supported [application/json, application/*+json, application/json, application/*+json, application/cbor]" }
                    
{
                    "app": "Crmeb",
                    "timestamp":"2026-06-16 17:49:20.612",
                    "level": "DEBUG",
                    "thread": "http-nio-8169-exec-19",
                    "class": "o.s.w.s.m.m.a.RequestResponseBodyMethodProcessor",
                    "message": "Writing [com.zbkj.common.result.CommonResult@30cde196]" }
                    
{
                    "app": "Crmeb",
                    "timestamp":"2026-06-16 17:49:20.612",
                    "level": "DEBUG",
                    "thread": "http-nio-8169-exec-19",
                    "class": "o.s.web.servlet.DispatcherServlet",
                    "message": "Completed 200 OK" }
                    
{
                    "app": "Crmeb",
                    "timestamp":"2026-06-16 17:49:20.782",
                    "level": "DEBUG",
                    "thread": "http-nio-8169-exec-24",
                    "class": "o.s.web.servlet.DispatcherServlet",
                    "message": "GET "/api/admin/store/retail/list?dateLimit=&keywords=&page=1&limit=20&temp=1781603360", parameters={masked}" }
                    
{
                    "app": "Crmeb",
                    "timestamp":"2026-06-16 17:49:20.782",
                    "level": "DEBUG",
                    "thread": "http-nio-8169-exec-24",
                    "class": "o.s.w.s.m.m.a.RequestMappingHandlerMapping",
                    "message": "Mapped to com.zbkj.admin.controller.RetailShopController#getList(String, String, PageParamRequest)" }
                    
{
                    "app": "Crmeb",
                    "timestamp":"2026-06-16 17:49:20.964",
                    "level": "DEBUG",
                    "thread": "http-nio-8169-exec-24",
                    "class": "o.s.w.s.m.m.a.RequestResponseBodyMethodProcessor",
                    "message": "Using 'application/json', given [application/json, text/plain, */*] and supported [application/json, application/*+json, application/json, application/*+json, application/cbor]" }
                    
{
                    "app": "Crmeb",
                    "timestamp":"2026-06-16 17:49:20.964",
                    "level": "DEBUG",
                    "thread": "http-nio-8169-exec-24",
                    "class": "o.s.w.s.m.m.a.RequestResponseBodyMethodProcessor",
                    "message": "Writing [com.zbkj.common.result.CommonResult@6a1efa73]" }
                    
{
                    "app": "Crmeb",
                    "timestamp":"2026-06-16 17:49:20.964",
                    "level": "DEBUG",
                    "thread": "http-nio-8169-exec-24",
                    "class": "o.s.web.servlet.DispatcherServlet",
                    "message": "Completed 200 OK" }
                    
{
                    "app": "Crmeb",
                    "timestamp":"2026-06-16 17:49:21.235",
                    "level": "DEBUG",
                    "thread": "http-nio-8169-exec-20",
                    "class": "o.s.web.servlet.DispatcherServlet",
                    "message": "GET "/api/admin/store/retail/spread/manage/get?temp=1781603361", parameters={masked}" }
                    
{
                    "app": "Crmeb",
                    "timestamp":"2026-06-16 17:49:21.235",
                    "level": "DEBUG",
                    "thread": "http-nio-8169-exec-20",
                    "class": "o.s.w.s.m.m.a.RequestMappingHandlerMapping",
                    "message": "Mapped to com.zbkj.admin.controller.RetailShopController#getSpreadInfo()" }
                    
{
                    "app": "Crmeb",
                    "timestamp":"2026-06-16 17:49:21.682",
                    "level": "DEBUG",
                    "thread": "http-nio-8169-exec-20",
                    "class": "o.s.w.s.m.m.a.RequestResponseBodyMethodProcessor",
                    "message": "Using 'application/json', given [application/json, text/plain, */*] and supported [application/json, application/*+json, application/json, application/*+json, application/cbor]" }
                    
{
                    "app": "Crmeb",
                    "timestamp":"2026-06-16 17:49:21.682",
                    "level": "DEBUG",
                    "thread": "http-nio-8169-exec-20",
                    "class": "o.s.w.s.m.m.a.RequestResponseBodyMethodProcessor",
                    "message": "Writing [com.zbkj.common.result.CommonResult@5458339b]" }
                    
{
                    "app": "Crmeb",
                    "timestamp":"2026-06-16 17:49:21.682",
                    "level": "DEBUG",
                    "thread": "http-nio-8169-exec-20",
                    "class": "o.s.web.servlet.DispatcherServlet",
                    "message": "Completed 200 OK" }
                    
{
                    "app": "Crmeb",
                    "timestamp":"2026-06-16 17:49:27.515",
                    "level": "DEBUG",
                    "thread": "http-nio-8169-exec-23",
                    "class": "o.s.web.servlet.DispatcherServlet",
                    "message": "GET "/api/admin/store/retail/list?dateLimit=&keywords=&page=1&limit=20&temp=1781603367", parameters={masked}" }
                    
{
                    "app": "Crmeb",
                    "timestamp":"2026-06-16 17:49:27.516",
                    "level": "DEBUG",
                    "thread": "http-nio-8169-exec-23",
                    "class": "o.s.w.s.m.m.a.RequestMappingHandlerMapping",
                    "message": "Mapped to com.zbkj.admin.controller.RetailShopController#getList(String, String, PageParamRequest)" }
                    
{
                    "app": "Crmeb",
                    "timestamp":"2026-06-16 17:49:27.683",
                    "level": "DEBUG",
                    "thread": "http-nio-8169-exec-23",
                    "class": "o.s.w.s.m.m.a.RequestResponseBodyMethodProcessor",
                    "message": "Using 'application/json', given [application/json, text/plain, */*] and supported [application/json, application/*+json, application/json, application/*+json, application/cbor]" }
                    
{
                    "app": "Crmeb",
                    "timestamp":"2026-06-16 17:49:27.683",
                    "level": "DEBUG",
                    "thread": "http-nio-8169-exec-23",
                    "class": "o.s.w.s.m.m.a.RequestResponseBodyMethodProcessor",
                    "message": "Writing [com.zbkj.common.result.CommonResult@1a573383]" }
                    
{
                    "app": "Crmeb",
                    "timestamp":"2026-06-16 17:49:27.683",
                    "level": "DEBUG",
                    "thread": "http-nio-8169-exec-23",
                    "class": "o.s.web.servlet.DispatcherServlet",
                    "message": "Completed 200 OK" }
                    
{
                    "app": "Crmeb",
                    "timestamp":"2026-06-16 17:49:34.124",
                    "level": "DEBUG",
                    "thread": "http-nio-8169-exec-13",
                    "class": "o.s.web.servlet.DispatcherServlet",
                    "message": "POST "/api/admin/store/retail/spread/orderlist?page=1&limit=10", parameters={masked}" }
                    
{
                    "app": "Crmeb",
                    "timestamp":"2026-06-16 17:49:34.125",
                    "level": "DEBUG",
                    "thread": "http-nio-8169-exec-13",
                    "class": "o.s.w.s.m.m.a.RequestMappingHandlerMapping",
                    "message": "Mapped to com.zbkj.admin.controller.RetailShopController#getOrdersBySpreadLevel(RetailShopStairUserRequest, PageParamRequest)" }
                    
{
                    "app": "Crmeb",
                    "timestamp":"2026-06-16 17:49:34.125",
                    "level": "DEBUG",
                    "thread": "http-nio-8169-exec-13",
                    "class": "o.s.w.s.m.m.a.RequestResponseBodyMethodProcessor",
                    "message": "Read "application/json;charset=UTF-8" to [RetailShopStairUserRequest(nickName=, dateLimit=, type=0, uid=42)]" }
                    
{
                    "app": "Crmeb",
                    "timestamp":"2026-06-16 17:49:34.172",
                    "level": "DEBUG",
                    "thread": "http-nio-8169-exec-13",
                    "class": "o.s.w.s.m.m.a.RequestResponseBodyMethodProcessor",
                    "message": "Using 'application/json', given [application/json, text/plain, */*] and supported [application/json, application/*+json, application/json, application/*+json, application/cbor]" }
                    
{
                    "app": "Crmeb",
                    "timestamp":"2026-06-16 17:49:34.173",
                    "level": "DEBUG",
                    "thread": "http-nio-8169-exec-13",
                    "class": "o.s.w.s.m.m.a.RequestResponseBodyMethodProcessor",
                    "message": "Writing [com.zbkj.common.result.CommonResult@4605ffb5]" }
                    
{
                    "app": "Crmeb",
                    "timestamp":"2026-06-16 17:49:34.173",
                    "level": "DEBUG",
                    "thread": "http-nio-8169-exec-13",
                    "class": "o.s.web.servlet.DispatcherServlet",
                    "message": "Completed 200 OK" }
                    
{
                    "app": "Crmeb",
                    "timestamp":"2026-06-16 17:54:29.582",
                    "level": "DEBUG",
                    "thread": "SpringContextShutdownHook",
                    "class": "o.s.b.w.s.c.AnnotationConfigServletWebServerApplicationContext",
                    "message": "Closing org.springframework.boot.web.servlet.context.AnnotationConfigServletWebServerApplicationContext@10650953, started on Tue Jun 16 14:03:06 CST 2026" }
                    
{
                    "app": "Crmeb",
                    "timestamp":"2026-06-16 17:54:29.589",
                    "level": "DEBUG",
                    "thread": "SpringContextShutdownHook",
                    "class": "o.s.b.a.endpoint.jmx.JmxEndpointExporter",
                    "message": "Unregister endpoint with ObjectName 'org.springframework.boot:type=Endpoint,name=Beans' from the JMX domain" }
                    
{
                    "app": "Crmeb",
                    "timestamp":"2026-06-16 17:54:29.589",
                    "level": "DEBUG",
                    "thread": "SpringContextShutdownHook",
                    "class": "o.s.b.a.endpoint.jmx.JmxEndpointExporter",
                    "message": "Unregister endpoint with ObjectName 'org.springframework.boot:type=Endpoint,name=Caches' from the JMX domain" }
                    
{
                    "app": "Crmeb",
                    "timestamp":"2026-06-16 17:54:29.589",
                    "level": "DEBUG",
                    "thread": "SpringContextShutdownHook",
                    "class": "o.s.b.a.endpoint.jmx.JmxEndpointExporter",
                    "message": "Unregister endpoint with ObjectName 'org.springframework.boot:type=Endpoint,name=Health' from the JMX domain" }
                    
{
                    "app": "Crmeb",
                    "timestamp":"2026-06-16 17:54:29.589",
                    "level": "DEBUG",
                    "thread": "SpringContextShutdownHook",
                    "class": "o.s.b.a.endpoint.jmx.JmxEndpointExporter",
                    "message": "Unregister endpoint with ObjectName 'org.springframework.boot:type=Endpoint,name=Info' from the JMX domain" }
                    
{
                    "app": "Crmeb",
                    "timestamp":"2026-06-16 17:54:29.589",
                    "level": "DEBUG",
                    "thread": "SpringContextShutdownHook",
                    "class": "o.s.b.a.endpoint.jmx.JmxEndpointExporter",
                    "message": "Unregister endpoint with ObjectName 'org.springframework.boot:type=Endpoint,name=Conditions' from the JMX domain" }
                    
{
                    "app": "Crmeb",
                    "timestamp":"2026-06-16 17:54:29.589",
                    "level": "DEBUG",
                    "thread": "SpringContextShutdownHook",
                    "class": "o.s.b.a.endpoint.jmx.JmxEndpointExporter",
                    "message": "Unregister endpoint with ObjectName 'org.springframework.boot:type=Endpoint,name=Configprops' from the JMX domain" }
                    
{
                    "app": "Crmeb",
                    "timestamp":"2026-06-16 17:54:29.589",
                    "level": "DEBUG",
                    "thread": "SpringContextShutdownHook",
                    "class": "o.s.b.a.endpoint.jmx.JmxEndpointExporter",
                    "message": "Unregister endpoint with ObjectName 'org.springframework.boot:type=Endpoint,name=Env' from the JMX domain" }
                    
{
                    "app": "Crmeb",
                    "timestamp":"2026-06-16 17:54:29.589",
                    "level": "DEBUG",
                    "thread": "SpringContextShutdownHook",
                    "class": "o.s.b.a.endpoint.jmx.JmxEndpointExporter",
                    "message": "Unregister endpoint with ObjectName 'org.springframework.boot:type=Endpoint,name=Loggers' from the JMX domain" }
                    
{
                    "app": "Crmeb",
                    "timestamp":"2026-06-16 17:54:29.589",
                    "level": "DEBUG",
                    "thread": "SpringContextShutdownHook",
                    "class": "o.s.b.a.endpoint.jmx.JmxEndpointExporter",
                    "message": "Unregister endpoint with ObjectName 'org.springframework.boot:type=Endpoint,name=Threaddump' from the JMX domain" }
                    
{
                    "app": "Crmeb",
                    "timestamp":"2026-06-16 17:54:29.589",
                    "level": "DEBUG",
                    "thread": "SpringContextShutdownHook",
                    "class": "o.s.b.a.endpoint.jmx.JmxEndpointExporter",
                    "message": "Unregister endpoint with ObjectName 'org.springframework.boot:type=Endpoint,name=Metrics' from the JMX domain" }
                    
{
                    "app": "Crmeb",
                    "timestamp":"2026-06-16 17:54:29.589",
                    "level": "DEBUG",
                    "thread": "SpringContextShutdownHook",
                    "class": "o.s.b.a.endpoint.jmx.JmxEndpointExporter",
                    "message": "Unregister endpoint with ObjectName 'org.springframework.boot:type=Endpoint,name=Scheduledtasks' from the JMX domain" }
                    
{
                    "app": "Crmeb",
                    "timestamp":"2026-06-16 17:54:29.589",
                    "level": "DEBUG",
                    "thread": "SpringContextShutdownHook",
                    "class": "o.s.b.a.endpoint.jmx.JmxEndpointExporter",
                    "message": "Unregister endpoint with ObjectName 'org.springframework.boot:type=Endpoint,name=Mappings' from the JMX domain" }
                    
